price,area_sqft,bhk,bathrooms,parking,location,floor_number,total_floors,furnishing,facing,age_years,possession_category,possession_date,is_under_construction
6500000.0,1074.0,3.0,2,2,"Bisuvanahalli, Bengaluru",4.0,7.0,Unfurnished,North,11.0,Ready to Move,,False
22000000.0,1720.0,3.0,3,1,"RMZ Galleria Residences, Yelahanka Satellite Town",3.0,12.0,Semi Furnished,East,1.0,Ready to Move,,False
28100000.0,1748.0,3.0,3,1,"Pantarapalya, Nayandahalli",2.0,22.0,Semi Furnished,North,4.0,Ready to Move,,False
5400000.0,750.0,2.0,2,1,"Bluejay Ardley, Venkatapura, Kambipura",3.0,3.0,Semi Furnished,North,3.0,Ready to Move,,False
5100000.0,915.0,2.0,2,1,"BEML Cooperative Society Layout, Bengaluru",3.0,3.0,Semi Furnished,South,8.0,Ready to Move,,False
8900000.0,885.0,2.0,2,0,"Chaithanya Samarth, Bommenahalli",5.0,13.0,Unfurnished,East,1.0,Ready to Move,,False
10000000.0,1280.0,2.0,2,1,"Nagnolia Park, Nagondanahalli",2.0,11.0,Fully Furnished,North-East,7.0,Ready to Move,,False
13000000.0,1300.0,2.0,2,1,"Aditya Layout, RR Nagar",2.0,5.0,Semi Furnished,East,1.0,Ready to Move,,False
12500000.0,1052.0,2.0,2,2,"Someshwara Layout, Doddakannelli",5.0,12.0,Semi Furnished,West,8.0,Ready to Move,,False
7000000.0,1092.0,2.0,2,1,"Sai Sree Layout, Parappana Agrahara",4.0,4.0,Semi Furnished,Unknown,10.0,Ready to Move,,False
24200000.0,1828.0,3.0,3,1,"Kodathi, Bengaluru",3.0,13.0,Unfurnished,Unknown,4.0,Ready to Move,,False
13000000.0,1280.0,2.0,2,1,"Halasahalli, Bengaluru",9.0,9.0,Unfurnished,Unknown,7.0,Ready to Move,,False
13400000.0,1204.0,2.0,2,1,"Devasthanagalu, Varthur",10.0,23.0,Semi Furnished,East,5.0,Ready to Move,,False
11500000.0,1415.0,3.0,2,1,"Duo Marvel Layout, Anantapura",4.0,5.0,Semi Furnished,East,10.0,Ready to Move,,False
14600000.0,1401.0,3.0,2,1,"Gummanahalli, Bengaluru",2.0,21.0,Unfurnished,West,11.0,Ready to Move,,False
13500000.0,1430.0,2.0,2,0,"Sri Ammembal Subbarao Pai Nagar, Sahakara Nagar",1.0,4.0,Unfurnished,Unknown,15.0,Ready to Move,,False
12600000.0,960.0,2.0,2,0,"Eastwood Township, Kasavanahalli",2.0,9.0,Semi Furnished,West,7.0,Ready to Move,,False
11000000.0,850.0,2.0,2,1,"Bidare Agraha, Bengaluru",9.0,12.0,Semi Furnished,East,4.0,Ready to Move,,False
9000000.0,972.0,2.0,2,1,"Utsav Raaga, Kannuru",4.0,13.0,Semi Furnished,South,9.0,Ready to Move,,False
15000000.0,1200.0,3.0,3,1,"Bidare Agraha, Bengaluru",1.0,12.0,Semi Furnished,East,4.0,Ready to Move,,False
26000000.0,1400.0,3.0,2,1,"Panathur, Bengaluru",1.0,12.0,Unfurnished,East,1.0,Ready to Move,,False
6300000.0,906.0,2.0,2,1,"Gunjur, Bengaluru",2.0,4.0,Semi Furnished,East,5.0,Ready to Move,,False
5200000.0,904.0,2.0,2,1,"BEML Cooperative Society Layout, Bengaluru",2.0,3.0,Semi Furnished,West,9.0,Ready to Move,,False
14600000.0,1100.0,3.0,3,1,"Gummanahalli, Bengaluru",7.0,21.0,Unfurnished,Unknown,11.0,Ready to Move,,False
12100000.0,970.0,2.0,2,1,"Gummanahalli, Bengaluru",15.0,21.0,Semi Furnished,Unknown,3.0,Ready to Move,,False
11000000.0,1077.0,2.0,2,2,"Phase 5, Chikkanayakanahalli, Choodasandra",6.0,12.0,Unfurnished,North,,Upcoming,2026-08-21,True
36100000.0,2829.0,4.0,4,1,"Venugopal Reddy Layout, Arakere",1.0,17.0,Unfurnished,West,2.0,Ready to Move,,False
8600000.0,1014.0,2.0,2,1,"Gulimangala, Bengaluru",5.0,6.0,Semi Furnished,East,2.0,Ready to Move,,False
8500000.0,950.0,2.0,2,1,"Stage 1, Indira Nagar",2.0,4.0,Semi Furnished,East,25.0,Ready to Move,,False
18500000.0,1380.0,3.0,2,1,"Suma Dhura Eden Garden, Chikkabana Halli",9.0,14.0,Semi Furnished,West,4.0,Ready to Move,,False
14800000.0,1549.0,3.0,3,1,"Varthur, Bengaluru",11.0,12.0,Semi Furnished,West,9.0,Ready to Move,,False
14700000.0,1332.0,3.0,2,1,"Hosahalli, Bengaluru",1.0,13.0,Unfurnished,East,2.0,Ready to Move,,False
11000000.0,1149.0,3.0,3,1,"Kattanallur, Sannatammanahalli",4.0,9.0,Semi Furnished,East,1.0,Ready to Move,,False
12700000.0,1076.0,2.0,2,1,"Gunjur Palya, Bengaluru",7.0,8.0,Semi Furnished,South,3.0,Ready to Move,,False
13500000.0,1150.0,2.0,2,2,"Silver Springs Layout, Munnekollal",1.0,4.0,Semi Furnished,North,8.0,Ready to Move,,False
14900000.0,1245.0,2.0,2,1,"Doddakannelli, Bengaluru",1.0,13.0,Semi Furnished,North,9.0,Ready to Move,,False
13899999.999999998,1006.0,2.0,2,1,"Balagere, Bengaluru",2.0,14.0,Semi Furnished,West,7.0,Ready to Move,,False
14700000.0,1374.0,3.0,3,1,"Hunasamaranahalli, Bengaluru",14.0,14.0,Semi Furnished,North,1.0,Ready to Move,,False
32500000.0,1500.0,3.0,3,1,"Hadosiddapura, Carmelaram",13.0,18.0,Semi Furnished,East,3.0,Ready to Move,,False
13700000.000000002,1247.0,2.0,2,1,"Kaikondrahalli, Bengaluru",1.0,7.0,Semi Furnished,South,18.0,Ready to Move,,False
26000000.0,1864.0,3.0,3,1,"Dommasandra, Bengaluru",17.0,30.0,Semi Furnished,South,1.0,Ready to Move,,False
11399999.999999998,1269.0,2.0,2,1,"Narayanapura, Bengaluru",1.0,12.0,Semi Furnished,West,10.0,Ready to Move,,False
5200000.0,933.0,2.0,2,1,"Dasanapura, Bengaluru",2.0,11.0,Semi Furnished,Unknown,5.0,Ready to Move,,False
9700000.0,976.0,2.0,2,1,"Gummanahalli, Bengaluru",15.0,21.0,Unfurnished,East,3.0,Ready to Move,,False
8500000.0,904.0,2.0,2,1,"Gummanahalli, Bengaluru",23.0,29.0,Unfurnished,West,1.0,Ready to Move,,False
38000000.0,2200.0,4.0,4,2,"Bileshivale, Bengaluru",23.0,29.0,Fully Furnished,East,1.0,Ready to Move,,False
44000000.0,1945.0,3.0,3,1,"Sahakara Nagar, Bengaluru",12.0,14.0,Fully Furnished,East,,Upcoming,2026-09-10,True
11399999.999999998,1259.0,3.0,2,1,"Shriram Sameeksha, Singapura",6.0,7.0,Semi Furnished,East,6.0,Ready to Move,,False
17500000.0,1508.0,3.0,3,1,"Bhoganhalli, Bengaluru",7.0,8.0,Semi Furnished,Unknown,8.0,Ready to Move,,False
6300000.0,1082.0,3.0,2,1,"Kambipura, Bengaluru",3.0,12.0,Semi Furnished,Unknown,9.0,Ready to Move,,False
22000000.0,1843.0,3.0,3,1,"Gunjur Village, Bengaluru",2.0,21.0,Unfurnished,North,,Ready to Move,,False
28500000.0,2113.0,4.0,4,1,"Iblur Village, Bellandur",1.0,10.0,Semi Furnished,West,10.0,Ready to Move,,False
42500000.0,1935.0,3.5,4,1,"Sahakara Nagar, Bengaluru",1.0,14.0,Semi Furnished,West,,Ready to Move,,False
31500000.0,1910.0,4.0,4,1,"Dream Meadows, Brookefield",7.0,13.0,Unfurnished,East,,Upcoming,2029-12-25,True
14000000.0,1250.0,2.0,2,1,"Channasandra Layout, Srinivaspura",11.0,12.0,Unfurnished,North,1.0,Ready to Move,,False
5500000.0,914.0,2.0,2,1,"BEML Cooperative Society Layout, Bengaluru",3.0,4.0,Semi Furnished,South,10.0,Ready to Move,,False
30299999.999999996,2410.0,4.0,3,1,"Kodathi, Bengaluru",7.0,16.0,Unfurnished,West,3.0,Ready to Move,,False
6500000.0,925.0,2.0,2,2,"Vasanthapura, Subramanyapura",1.0,5.0,Semi Furnished,Unknown,7.0,Ready to Move,,False
6200000.0,1034.0,2.0,2,1,"BEML Cooperative Society Layout, Bengaluru",1.0,10.0,Semi Furnished,North,10.0,Ready to Move,,False
5500000.0,914.0,2.0,2,1,"BEML Cooperative Society Layout, Bengaluru",3.0,4.0,Semi Furnished,South,10.0,Ready to Move,,False
7300000.0,1165.0,2.0,2,1,"Nagondanahalli, Bengaluru",0.0,5.0,Semi Furnished,Unknown,10.0,Ready to Move,,False
9400000.0,1164.0,2.0,2,1,"3G Homes Crimson Layout, Kadugodi",2.0,4.0,Semi Furnished,East,10.0,Ready to Move,,False
15000000.0,1300.0,2.0,2,2,"Boodihal, Bengaluru",7.0,8.0,Fully Furnished,Unknown,8.0,Ready to Move,,False
13200000.0,1284.0,2.0,2,1,"Halasahalli, Bengaluru",9.0,9.0,Unfurnished,East,6.0,Ready to Move,,False
58000000.0,3793.0,4.0,5,2,"Chikkabana Halli, Bengaluru",15.0,19.0,Unfurnished,North,,Ready to Move,,False
13000000.0,1260.0,2.0,2,2,"G Muniyappa Garden, Cox Town",2.0,5.0,Semi Furnished,Unknown,10.0,Ready to Move,,False
27599999.999999996,1761.0,3.0,3,2,"3G Homes Crimson Layout, Kadugodi",13.0,19.0,Semi Furnished,East,8.0,Ready to Move,,False
16000000.0,1455.0,3.0,2,1,"Kalena Agrahara, Bengaluru",4.0,13.0,Semi Furnished,East,13.0,Ready to Move,,False
11000000.0,998.0,2.0,2,1,"Gummanahalli, Bengaluru",0.0,20.0,Semi Furnished,North,3.0,Ready to Move,,False
29000000.0,1650.0,3.0,3,1,"Chansandra, Bengaluru",6.0,17.0,Unfurnished,South,,Upcoming,2027-12-27,True
30000000.0,1705.0,3.0,2,1,"Lords Steps Layout, Panathur",7.0,16.0,Unfurnished,East,1.0,Ready to Move,,False
20800000.0,1506.0,3.0,3,1,"Balagere, Bengaluru",7.0,21.0,Unfurnished,East,,Upcoming,2026-11-20,True
25500000.0,1907.0,3.5,3,2,"Konadasapura, Bengaluru",10.0,32.0,Unfurnished,Unknown,,Upcoming,2026-06-25,True
27000000.0,1570.0,3.0,3,1,"Dream Meadows, Brookefield",6.0,13.0,Unfurnished,East,,Upcoming,2029-12-25,True
8500000.0,1250.0,2.0,2,1,"Hennur, Bengaluru",0.0,5.0,Semi Furnished,North,9.0,Ready to Move,,False
15000000.0,1096.0,2.0,2,1,"Suma Dhura Eden Garden, Chikkabana Halli",10.0,14.0,Semi Furnished,South,4.0,Ready to Move,,False
21500000.0,1458.0,3.0,3,1,"Phase 1, Kartik Nagar",7.0,10.0,Semi Furnished,East,11.0,Ready to Move,,False
11100000.000000002,1575.0,3.0,3,0,"Gullakaipura, Bengaluru",2.0,4.0,Unfurnished,East,,Ready to Move,,False
30000000.0,1765.0,3.0,2,1,"Garebhavipalya, GB Palya",19.0,19.0,Semi Furnished,West,3.0,Ready to Move,,False
19900000.0,1700.0,3.0,3,1,"Rohan Iksha, Bhoganhalli",6.0,14.0,Unfurnished,East,,Upcoming,2026-11-19,True
9900000.0,1537.0,3.0,2,2,"Yelenahalli, Akshayanagar",4.0,10.0,Semi Furnished,West,7.0,Ready to Move,,False
14000000.0,1169.0,2.0,2,1,"Buena Vista, Bommenahalli",4.0,21.0,Semi Furnished,South,4.0,Ready to Move,,False
32500000.0,1973.0,3.0,3,2,"BDA Colony, Jeevan Bima Nagar",5.0,9.0,Semi Furnished,North,16.0,Ready to Move,,False
14600000.0,1569.0,3.0,3,1,"Kattanallur, Sannatammanahalli",4.0,9.0,Semi Furnished,East,1.0,Ready to Move,,False
16299999.999999998,1216.0,2.0,2,2,"Gunjur Village, Bengaluru",2.0,28.0,Semi Furnished,East,6.0,Ready to Move,,False
20000000.0,1172.0,2.0,2,1,"Rohan Iksha, Bhoganhalli",2.0,14.0,Semi Furnished,West,5.0,Ready to Move,,False
14300000.0,1259.0,2.0,2,1,"Varthur, Bengaluru",11.0,23.0,Semi Furnished,East,6.0,Ready to Move,,False
32799999.999999996,2370.0,4.0,4,2,"Rachenahalli, Jakkur",4.0,14.0,Unfurnished,North,,Upcoming,2026-09-11,True
14800000.0,1375.0,3.0,3,1,"V S Reddy Colony, Kadugodi",13.0,14.0,Unfurnished,West,,Ready to Move,,False
17000000.0,1200.0,2.0,2,1,"Venugopal Reddy Layout, Arakere",0.0,17.0,Unfurnished,West,2.0,Ready to Move,,False
18700000.0,1660.0,3.0,3,1,"Hosahalli, Bengaluru",14.0,15.0,Unfurnished,East,4.0,Ready to Move,,False
16000000.0,1192.0,3.0,2,1,"Kodathi, Bengaluru",12.0,14.0,Unfurnished,East,3.0,Ready to Move,,False
37500000.0,2646.0,4.0,4,3,"Green Glen Layout, Bellandur",15.0,16.0,Semi Furnished,Unknown,5.0,Ready to Move,,False
21300000.0,1742.0,3.5,2,1,"Cheemasandra, Bengaluru",3.0,18.0,Unfurnished,North,,Upcoming,2027-12-01,True
43900000.0,2195.0,3.0,3,3,"Adarsh Palm Retreat, Bellandur",5.0,13.0,Semi Furnished,South,10.0,Ready to Move,,False
20900000.0,1619.0,3.0,3,2,"V. Kallahalli, Bengaluru",22.0,29.0,Unfurnished,Unknown,,Upcoming,2026-07-23,True
26000000.0,1745.0,4.0,3,1,"Cheemasandra, Bengaluru",14.0,18.0,Unfurnished,East,,Upcoming,2027-12-01,True
13600000.000000002,1329.0,2.5,2,1,"Janatha Colony, Doddakannelli",2.0,4.0,Semi Furnished,East,8.0,Ready to Move,,False
27500000.0,2050.0,3.0,3,1,"Phase 7, Arakere",19.0,19.0,Semi Furnished,Unknown,14.0,Ready to Move,,False
12400000.0,1650.0,3.0,2,1,"Rukmaiah Layout, Hulimavu",5.0,6.0,Fully Furnished,Unknown,12.0,Ready to Move,,False
36000000.0,2500.0,4.0,3,3,"Sri Balaji Krupa Layout, Kothnur Narayanapura",34.0,34.0,Unfurnished,West,,Ready to Move,,False
35000000.0,2420.0,4.0,4,2,"Sri Balaji Krupa Layout, R.K. Hegde Nagar",30.0,35.0,Unfurnished,North,1.0,Ready to Move,,False
12000000.0,1326.0,3.0,3,1,"Dinnuru, KSRTC Colony",0.0,3.0,Semi Furnished,East,2.0,Ready to Move,,False
14200000.0,1106.0,3.0,2,1,"Thirumalashettyhally, Bengaluru",6.0,12.0,Semi Furnished,North,1.0,Ready to Move,,False
21600000.0,1542.0,3.0,3,1,"Uttarahalli -Manavarthekaval, Bengaluru",13.0,14.0,Semi Furnished,West,2.0,Ready to Move,,False
24000000.0,1655.0,3.0,3,1,"Gunjur Village, Bengaluru",8.0,26.0,Semi Furnished,Unknown,6.0,Ready to Move,,False
11000000.0,1081.0,2.0,2,2,"Phase 5, Chikkanayakanahalli, Choodasandra",6.0,12.0,Unfurnished,East,4.0,Ready to Move,,False
26800000.0,1740.0,3.0,3,1,"Glen Classic, Devinagar",6.0,18.0,Semi Furnished,East,,Upcoming,2026-09-08,True
26200000.0,1563.0,3.0,2,1,"Hosapalya, Kudlu Gate",13.0,23.0,Semi Furnished,East,7.0,Ready to Move,,False
35500000.0,1909.0,3.0,3,1,"Panathur, Bengaluru",4.0,12.0,Semi Furnished,West,1.0,Ready to Move,,False
18500000.0,1445.0,3.0,2,1,"MCECHS Layout Phase 1, R.K. Hegde Nagar",17.0,23.0,Semi Furnished,North-West,4.0,Ready to Move,,False
12300000.0,998.0,2.0,2,1,"Gummanahalli, Bengaluru",13.0,20.0,Semi Furnished,East,3.0,Ready to Move,,False
10500000.0,850.0,3.0,3,1,"Boovanahalli, Bengaluru",5.0,18.0,Semi Furnished,West,3.0,Ready to Move,,False
36000000.0,2350.0,4.0,4,2,"Nallurhalli, Whitefield",11.0,23.0,Unfurnished,West,,Upcoming,2028-06-01,True
14500000.0,1508.0,3.0,3,1,"Reliaable Tranquil Layout, Bengaluru",7.0,8.0,Fully Furnished,East,9.0,Ready to Move,,False
38000000.0,2416.0,4.0,4,3,"Ramagondanahalli, Whitefield",7.0,18.0,Unfurnished,Unknown,,Upcoming,2027-12-01,True
31000000.0,2060.0,3.0,3,1,"Chinnapa Garden, Benson Town",3.0,5.0,Semi Furnished,East,8.0,Ready to Move,,False
32000000.0,2081.0,4.0,4,1,"Whitefield, Bengaluru",7.0,16.0,Unfurnished,East,,Upcoming,2030-06-01,True
32000000.0,1748.0,3.0,3,2,"Pantarapalya, Nayandahalli",14.0,21.0,Semi Furnished,North,4.0,Ready to Move,,False
11399999.999999998,1200.0,3.0,2,1,"Shriram Sameeksha, Singapura",6.0,7.0,Semi Furnished,East,8.0,Ready to Move,,False
14500000.0,1317.0,2.0,2,1,"Doddakannelli, Bengaluru",18.0,18.0,Semi Furnished,Unknown,7.0,Ready to Move,,False
17500000.0,1644.0,3.0,3,1,"Ahad Euphoria, Carmelaram",2.0,15.0,Semi Furnished,West,9.0,Ready to Move,,False
39000000.0,2221.0,4.0,4,1,"Ramagondanahalli, Whitefield",8.0,16.0,Unfurnished,Unknown,,Upcoming,2028-12-01,True
28000000.0,1725.0,4.0,4,1,"Phase 2, Whitefield",9.0,18.0,Unfurnished,West,,Upcoming,2026-12-07,True
7500000.0,1017.0,2.0,2,1,"Thirumagondanahalli, Bengaluru",4.0,4.0,Semi Furnished,East,1.0,Ready to Move,,False
25500000.0,1760.0,3.0,3,2,"Nallurhalli, Whitefield",7.0,16.0,Unfurnished,East,,Upcoming,2026-12-24,True
16299999.999999998,1217.0,2.0,2,2,"Gunjur Village, Bengaluru",2.0,28.0,Semi Furnished,East,8.0,Ready to Move,,False
25500000.0,1545.0,3.0,3,1,"Phase 2, Whitefield",7.0,18.0,Unfurnished,East,,Upcoming,2026-12-13,True
6650000.0,849.0,2.0,2,1,"Biotech Park, Chandapura",3.0,3.0,Semi Furnished,North,3.0,Ready to Move,,False
12600000.0,1506.0,3.0,2,1,"Ecolife Elements Of Nature, Balagere",2.0,10.0,Semi Furnished,West,6.0,Ready to Move,,False
6400000.0,912.0,2.0,2,3,"Gunjur, Bengaluru",3.0,4.0,Semi Furnished,North,3.0,Ready to Move,,False
33000000.0,2500.0,4.0,4,3,"Devin Paradise Enclave, Nagareshwara - Nagenahalli",8.0,34.0,Unfurnished,North,,Ready to Move,,False
11900000.0,1247.0,3.0,2,1,"Dommasandra, Bengaluru",10.0,12.0,Semi Furnished,North,3.0,Ready to Move,,False
27500000.0,1365.0,3.0,3,1,"Nallurhalli, Whitefield",7.0,18.0,Unfurnished,West,,Upcoming,2026-12-01,True
69800000.0,5000.0,4.0,5,2,"Meenakunte, Bengaluru",18.0,27.0,Unfurnished,East,,Upcoming,2030-09-30,True
9500000.0,1300.0,2.0,2,1,"St Thomas Town, Kacharakanahalli",2.0,5.0,Semi Furnished,North,5.0,Ready to Move,,False
23000000.0,1887.0,3.0,3,1,"Kodandarama Nagar, KPC Layout",2.0,11.0,Semi Furnished,South,7.0,Ready to Move,,False
69000000.0,4290.0,4.0,4,3,"Byadarahalli, Benson Town",10.0,10.0,Semi Furnished,Unknown,13.0,Ready to Move,,False
24000000.0,1657.0,3.0,3,2,"Gunjur Village, Bengaluru",8.0,26.0,Semi Furnished,Unknown,6.0,Ready to Move,,False
30099999.999999996,1800.0,3.0,3,1,"Hosapalya, Kudlu Gate",3.0,22.0,Semi Furnished,East,7.0,Ready to Move,,False
27300000.0,1995.0,3.0,3,1,"Manayata Tech Park, Thanisandra",4.0,27.0,Semi Furnished,West,9.0,Ready to Move,,False
26000000.0,2100.0,3.0,3,2,"Richmond Town, Bengaluru",1.0,5.0,Semi Furnished,East,20.0,Ready to Move,,False
7500000.0,690.0,2.0,2,1,"Prakruthi Nagar, Kogilu",5.0,9.0,Fully Furnished,East,3.0,Ready to Move,,False
7500000.0,800.0,1.0,1,2,"Devin Paradise Enclave, Tirumanahalli",21.0,33.0,Unfurnished,Unknown,4.0,Ready to Move,,False
12000000.0,841.0,2.0,2,1,"Yadavanahalli, Bengaluru",26.0,33.0,Semi Furnished,East,1.0,Ready to Move,,False
14000000.0,1200.0,2.0,2,1,"Vittasandra, Bengaluru",1.0,4.0,Semi Furnished,West,11.0,Ready to Move,,False
13500000.0,1069.0,2.0,2,3,"Devasthanagalu, Varthur",25.0,26.0,Semi Furnished,East,4.0,Ready to Move,,False
14400000.0,1007.0,2.0,2,1,"Devasthanagalu, Varthur",8.0,13.0,Semi Furnished,Unknown,5.0,Ready to Move,,False
14000000.0,1103.0,2.0,2,1,"Chikkakannalli, Bengaluru",11.0,26.0,Unfurnished,Unknown,1.0,Ready to Move,,False
11000000.0,1150.0,2.0,2,1,"GM Global Techies Town, Thirupalya",24.0,31.0,Unfurnished,North,2.0,Ready to Move,,False
14000000.0,1800.0,3.0,3,2,"Kasavanahalli, Bengaluru",4.0,4.0,Fully Furnished,Unknown,12.0,Ready to Move,,False
9500000.0,1086.0,3.0,3,1,"Dommasandra, Bengaluru",7.0,14.0,Semi Furnished,East,2.0,Ready to Move,,False
5100000.0,916.0,2.0,2,1,"BEML Cooperative Society Layout, Bengaluru",3.0,3.0,Semi Furnished,South,9.0,Ready to Move,,False
28100000.0,1875.0,3.0,3,2,"Sri Balaji Krupa Layout, R.K. Hegde Nagar",31.0,34.0,Unfurnished,West,1.0,Ready to Move,,False
52500000.0,2150.0,3.0,3,2,"Thomas Town, Cooke Town",8.0,12.0,Semi Furnished,Unknown,15.0,Ready to Move,,False
9000000.0,1093.0,2.0,2,0,"Bendre Nagar, Bengaluru",4.0,6.0,Semi Furnished,North,15.0,Ready to Move,,False
13500000.0,1382.0,3.0,2,1,"Gummanahalli, Bengaluru",4.0,22.0,Unfurnished,West,,Upcoming,2026-12-01,True
28500000.0,1707.0,3.0,3,2,"Seetharampalya, Hoodi",10.0,22.0,Unfurnished,East,,Upcoming,2028-09-01,True
13000000.0,1097.0,2.0,2,1,"Medahalli, Bengaluru",3.0,27.0,Unfurnished,Unknown,1.0,Ready to Move,,False
24000000.0,1656.0,3.0,3,1,"Gunjur Village, Bengaluru",8.0,26.0,Semi Furnished,Unknown,7.0,Ready to Move,,False
11600000.0,1101.0,2.0,2,0,"Govinda Reddy Layout, Panduranga Nagar",17.0,19.0,Semi Furnished,North,3.0,Ready to Move,,False
8800000.0,1040.0,2.0,2,1,"Govindayyanapalya, Jalahalli East",3.0,5.0,Semi Furnished,East,15.0,Ready to Move,,False
11700000.0,999.0,2.0,2,1,"Akshaya Vana, Akshayanagar",3.0,4.0,Semi Furnished,North,5.0,Ready to Move,,False
11399999.999999998,1064.0,2.0,2,1,"Kumbalgodu, Bengaluru",3.0,5.0,Semi Furnished,East,,Ready to Move,,False
40000000.0,1900.0,3.0,3,2,"Inasappa Layout, Kammanahalli",16.0,28.0,Semi Furnished,Unknown,4.0,Ready to Move,,False
13600000.000000002,985.0,2.0,2,1,"P&T Layout, Thanisandra",20.0,32.0,Semi Furnished,West,6.0,Ready to Move,,False
8500000.0,605.0,1.0,1,0,"Jyotipuram, Bengaluru",20.0,28.0,Unfurnished,South,1.0,Ready to Move,,False
12600000.0,1237.0,2.0,2,2,"Vittasandra, Bengaluru",2.0,4.0,Semi Furnished,South,11.0,Ready to Move,,False
14900000.0,1142.0,2.0,2,1,"Kannuru, Bengaluru",34.0,38.0,Unfurnished,East,,Upcoming,2026-06-26,True
19400000.0,1650.0,3.0,3,1,"Ardendale, Kannamangala - Whitefield Hoskote Road",20.0,24.0,Unfurnished,Unknown,,Upcoming,2027-01-01,True
25500000.0,1898.0,3.5,4,1,"V. Kallahalli, Bengaluru",16.0,30.0,Unfurnished,East,1.0,Ready to Move,,False
22500000.0,1937.0,3.0,3,1,"Vakil Garden City, Bengaluru",6.0,19.0,Semi Furnished,West,,Upcoming,2026-10-01,True
9500000.0,1050.0,2.0,2,2,"Shirke Layout, Kengeri Satellite Town",0.0,5.0,Fully Furnished,East,6.0,Ready to Move,,False
210000000.0,8900.0,5.0,6,2,"Hebbal, Bengaluru",6.0,20.0,Semi Furnished,North,3.0,Ready to Move,,False
14000000.0,1229.0,2.0,2,2,"Essel Gardens, Bengaluru",5.0,14.0,Unfurnished,Unknown,,Upcoming,2027-10-06,True
12500000.0,1350.0,3.0,2,1,"Uttarahalli -Manavarthekaval, Bengaluru",4.0,14.0,Semi Furnished,East,13.0,Ready to Move,,False
9500000.0,1107.0,2.0,2,1,"Bhoganhalli, Bengaluru",3.0,5.0,Semi Furnished,East,11.0,Ready to Move,,False
8200000.0,1094.0,2.0,2,2,"K R Puram, Bengaluru",4.0,5.0,Semi Furnished,East,10.0,Ready to Move,,False
16900000.0,1477.0,3.0,2,1,"Hosahalli, Bengaluru",12.0,15.0,Unfurnished,East,1.0,Ready to Move,,False
8500000.0,1040.0,2.0,2,1,"Kundalahalli, Brookefield",2.0,4.0,Semi Furnished,North,20.0,Ready to Move,,False
9500000.0,1210.0,2.0,2,1,"DNA Eden View, Whitefield",1.0,4.0,Semi Furnished,South,13.0,Ready to Move,,False
21000000.0,1657.0,3.0,3,1,"V. Kallahalli, Bengaluru",18.0,30.0,Unfurnished,East,1.0,Ready to Move,,False
30000000.0,1616.0,3.0,3,1,"Classic Orchids Layout, Kalena Agrahara",18.0,18.0,Unfurnished,Unknown,3.0,Ready to Move,,False
30000000.0,1515.0,3.0,3,3,"Chikku Lakshmaiah Layout, Adugodi",1.0,7.0,Semi Furnished,Unknown,9.0,Ready to Move,,False
9400000.0,1180.0,2.0,2,1,"DNA Eden View, Whitefield",2.0,4.0,Semi Furnished,South,13.0,Ready to Move,,False
8500000.0,1100.0,2.0,2,1,"Radha Krishna Layout 1st Stage, Padmanabhanagar",2.0,4.0,Semi Furnished,Unknown,15.0,Ready to Move,,False
33400000.0,2004.0,3.0,3,1,"Sri Balaji Krupa Layout, R.K. Hegde Nagar",6.0,20.0,Unfurnished,Unknown,,Upcoming,2026-08-19,True
16200000.000000002,1242.0,3.0,2,1,"Chikkakannalli, Bengaluru",26.0,27.0,Unfurnished,East,1.0,Ready to Move,,False
21000000.0,1660.0,3.0,3,1,"Dommasandra, Bengaluru",15.0,30.0,Unfurnished,East,1.0,Ready to Move,,False
19500000.0,1560.0,3.0,3,1,"Someshwara Layout, Doddakannelli",11.0,12.0,Unfurnished,Unknown,1.0,Ready to Move,,False
16900000.0,1477.0,3.0,3,1,"Hosahalli, Bengaluru",14.0,15.0,Unfurnished,East,1.0,Ready to Move,,False
11000000.0,1428.0,3.0,3,1,"Chikkadunnasandra, Bengaluru",3.0,3.0,Semi Furnished,West,3.0,Ready to Move,,False
32000000.0,2067.0,3.0,3,1,"Green Glen Layout, Bellandur",4.0,10.0,Semi Furnished,West,13.0,Ready to Move,,False
5300000.0,680.0,2.0,2,1,"Bukkasagara, Bengaluru",2.0,4.0,Unfurnished,West,4.0,Ready to Move,,False
14500000.0,1800.0,3.0,2,1,"Narayanapura, Bengaluru",2.0,21.0,Semi Furnished,West,,Ready to Move,,False
11000000.0,1086.0,2.0,2,2,"Phase 5, Chikkanayakanahalli, Choodasandra",6.0,16.0,Unfurnished,North,1.0,Ready to Move,,False
14300000.0,1007.0,2.0,2,1,"Balagere, Bengaluru",11.0,14.0,Semi Furnished,East,5.0,Ready to Move,,False
32000000.0,2460.0,3.0,3,0,"Sadahalli, Chikballapur District",5.0,27.0,Unfurnished,Unknown,3.0,Ready to Move,,False
33000000.0,2023.0,3.0,3,1,"Kadugodi Industrial Area, Bengaluru",12.0,22.0,Semi Furnished,East,10.0,Ready to Move,,False
11000000.0,1505.0,3.0,3,1,"Nehru Nagar, Bengaluru",0.0,5.0,Semi Furnished,West,10.0,Ready to Move,,False
145000000.0,4100.0,3.0,3,2,"Basavanna Nagar, Whitefield",10.0,21.0,Unfurnished,East,,Upcoming,2027-04-16,True
5900000.0,1049.0,2.0,2,1,"Sarjapur, Bengaluru",2.0,7.0,Semi Furnished,East,3.0,Ready to Move,,False
12600000.0,1053.0,2.0,2,1,"Gummanahalli, Bengaluru",12.0,21.0,Semi Furnished,East,3.0,Ready to Move,,False
11000000.0,800.0,2.0,2,1,"Bidare Agraha, Bengaluru",9.0,12.0,Semi Furnished,East,4.0,Ready to Move,,False
17700000.0,1657.0,3.0,3,1,"Bychapura, Bengaluru",4.0,8.0,Unfurnished,Unknown,,Upcoming,2029-03-01,True
33500000.0,2216.0,3.0,3,1,"Sarjapur, Bengaluru",7.0,16.0,Unfurnished,East,,Upcoming,2026-09-26,True
15700000.0,1096.0,2.0,2,1,"Suma Dhura Eden Garden, Chikkabana Halli",1.0,14.0,Semi Furnished,East,4.0,Ready to Move,,False
12100000.0,1144.0,2.0,2,1,"Ambedkar Nagar, Whitefield",1.0,12.0,Semi Furnished,Unknown,8.0,Ready to Move,,False
12400000.0,1010.0,2.0,2,1,"Manayata Tech Park, Thanisandra",18.0,22.0,Unfurnished,East,2.0,Ready to Move,,False
11700000.0,1106.0,3.0,2,1,"Thirumalashettyhally, Bengaluru",8.0,12.0,Unfurnished,Unknown,1.0,Ready to Move,,False
58700000.0,3647.0,3.0,3,1,"Dodsworth Layout, Whitefield",7.0,13.0,Unfurnished,East,,Upcoming,2026-08-16,True
13400000.0,1206.0,2.0,2,1,"Devasthanagalu, Varthur",10.0,23.0,Semi Furnished,East,5.0,Ready to Move,,False
20800000.0,1917.0,3.0,3,1,"Navarathna Agrahara, Bengaluru",14.0,22.0,Semi Furnished,East,9.0,Ready to Move,,False
10300000.0,1229.0,2.0,2,1,"Kaverappa Layout, Kadubeesanahalli",4.0,4.0,Semi Furnished,East,9.0,Ready to Move,,False
7000000.0,1051.0,2.0,2,1,"Sree Narayana Nagar, Kadagrahara",1.0,5.0,Semi Furnished,Unknown,10.0,Ready to Move,,False
12800000.0,1377.0,3.0,2,1,"Bidare Agraha, Bengaluru",1.0,11.0,Semi Furnished,South,5.0,Ready to Move,,False
11000000.0,1075.0,2.0,2,2,"Phase 5, Chikkanayakanahalli, Choodasandra",6.0,12.0,Unfurnished,North,1.0,Ready to Move,,False
14600000.0,970.0,2.0,2,1,"Begur, Bengaluru",18.0,25.0,Unfurnished,North,1.0,Ready to Move,,False
12500000.0,1232.0,2.0,2,1,"Bhoganhalli, Bengaluru",2.0,4.0,Semi Furnished,East,10.0,Ready to Move,,False
7400000.0,1163.0,2.0,2,1,"Lakshmi Layout, Begur",3.0,3.0,Semi Furnished,East,10.0,Ready to Move,,False
11000000.0,1080.0,2.0,2,2,"Phase 5, Chikkanayakanahalli, Choodasandra",6.0,12.0,Unfurnished,East,1.0,Ready to Move,,False
11299999.999999998,1240.0,3.0,2,1,"Chokkanahalli, Bengaluru",8.0,9.0,Semi Furnished,East,10.0,Ready to Move,,False
12000000.0,945.0,2.0,2,1,"Aishwarya Crystal Layout, Begur",15.0,18.0,Unfurnished,West,1.0,Ready to Move,,False
13200000.0,1190.0,2.0,2,0,"Bangalore City Municipal Corporation Layout, Bengaluru",16.0,17.0,Semi Furnished,East,4.0,Ready to Move,,False
12000000.0,1300.0,2.0,2,1,"Rachenahalli, Sampigehalli",4.0,7.0,Unfurnished,East,,Ready to Move,,False
8950000.0,1151.0,2.0,2,1,"Chikkakannalli, Bengaluru",3.0,4.0,Semi Furnished,West,8.0,Ready to Move,,False
18500000.0,1450.0,3.0,3,2,"Cauvery Colony, Koramangala",1.0,11.0,Semi Furnished,Unknown,5.0,Ready to Move,,False
27500000.0,1907.0,3.0,3,2,"Goravigere, Bengaluru",30.0,40.0,Unfurnished,Unknown,,Ready to Move,,False
13400000.0,1221.0,2.0,2,1,"Kodigehalli, Whitefield",6.0,9.0,Semi Furnished,East,7.0,Ready to Move,,False
8000000.0,779.0,2.0,2,1,"Bendiganahalli, Bengaluru",9.0,14.0,Unfurnished,East,1.0,Ready to Move,,False
14500000.0,1103.0,2.0,2,1,"Ambalipura, Harlur",0.0,13.0,Semi Furnished,East,11.0,Ready to Move,,False
15800000.0,1653.0,3.0,3,1,"BDA Layout BTM 4th Stage, Bommanahalli",3.0,10.0,Semi Furnished,East,11.0,Ready to Move,,False
8200000.0,1052.0,2.0,2,1,"Chikkakannalli, Bengaluru",2.0,4.0,Semi Furnished,Unknown,7.0,Ready to Move,,False
29000000.0,1388.0,3.0,2,2,"Mallasandra, Bengaluru",5.0,20.0,Unfurnished,Unknown,,Upcoming,2027-12-01,True
13500000.0,1106.0,3.0,2,1,"Thirumalashettyhally, Bengaluru",7.0,12.0,Semi Furnished,East,1.0,Ready to Move,,False
12500000.0,1077.0,2.0,2,1,"Glass Factory Layout, Electronic City",12.0,14.0,Unfurnished,West,1.0,Ready to Move,,False
9000000.0,972.0,2.0,2,1,"Utsav Raaga, Kannuru",11.0,14.0,Semi Furnished,South,9.0,Ready to Move,,False
7900000.0,982.0,2.0,2,1,"Sompura, Bengaluru",4.0,4.0,Semi Furnished,East,7.0,Ready to Move,,False
11100000.000000002,1030.0,2.0,2,1,"Thirumalashettyhally, Bengaluru",1.0,12.0,Semi Furnished,Unknown,1.0,Ready to Move,,False
8000000.0,650.0,1.0,1,2,"Vijay Nagar, Whitefield",1.0,4.0,Fully Furnished,East,4.0,Ready to Move,,False
13000000.0,1009.0,2.0,2,1,"Balagere, Bengaluru",3.0,14.0,Semi Furnished,Unknown,5.0,Ready to Move,,False
13500000.0,1180.0,2.0,2,1,"Kannuru, Bengaluru",5.0,14.0,Semi Furnished,South,6.0,Ready to Move,,False
16900000.0,1200.0,2.5,2,0,"Maithri Layout, Kadugodi",2.0,17.0,Unfurnished,North,,Upcoming,2030-12-01,True
19800000.0,2127.0,3.0,3,1,"Rachenahalli, Mesthri Palya",1.0,9.0,Semi Furnished,West,8.0,Ready to Move,,False
6400000.0,911.0,2.0,2,1,"Gunjur, Bengaluru",3.0,4.0,Semi Furnished,North,5.0,Ready to Move,,False
11500000.0,1200.0,2.0,2,1,"Hunasamaranahalli, Bengaluru",5.0,14.0,Unfurnished,West,1.0,Ready to Move,,False
7900000.0,1129.0,2.0,2,1,"Choodasandra, Bengaluru",1.0,4.0,Semi Furnished,North,6.0,Ready to Move,,False
13100000.0,1260.0,2.0,2,1,"Sampigehalli, Bengaluru",2.0,4.0,Semi Furnished,North,4.0,Ready to Move,,False
23900000.0,2300.0,4.0,4,2,"Rohan Iksha, Bhoganhalli",7.0,13.0,Unfurnished,East,,Upcoming,2028-09-09,True
17000000.0,1650.0,3.0,3,2,"Kempapura Agrahara, Bengaluru",3.0,14.0,Semi Furnished,North,14.0,Ready to Move,,False
31800000.0,2103.0,3.0,3,2,"Sri Balaji Krupa Layout, R.K. Hegde Nagar",21.0,34.0,Unfurnished,East,,Ready to Move,,False
14000000.0,1506.0,3.0,3,2,"Kattanallur, Sannatammanahalli",,,Unfurnished,North,3.0,Ready to Move,,False
37000000.0,2180.0,4.0,4,1,"Eastwood Township, Kasavanahalli",10.0,18.0,Unfurnished,West,,Upcoming,2027-09-01,True
33000000.0,2189.0,3.0,3,2,"Sri Balaji Krupa Layout, R.K. Hegde Nagar",26.0,34.0,Semi Furnished,Unknown,1.0,Ready to Move,,False
19900000.0,1790.0,3.0,3,1,"Bommenahalli, Bengaluru",4.0,18.0,Unfurnished,East,1.0,Ready to Move,,False
34500000.0,2426.0,3.0,3,2,"Sri Balaji Krupa Layout, R.K. Hegde Nagar",25.0,34.0,Unfurnished,North,,Ready to Move,,False
13600000.000000002,1244.0,2.0,2,1,"Devasthanagalu, Varthur",19.0,23.0,Semi Furnished,East,6.0,Ready to Move,,False
8800000.0,600.0,1.0,1,1,"Goravigere, Bengaluru",7.0,17.0,Semi Furnished,West,5.0,Ready to Move,,False
24000000.0,1400.0,3.0,3,1,"Chikkakannalli, Bengaluru",13.0,18.0,Unfurnished,East,,Upcoming,2030-09-01,True
11000000.0,1058.0,2.0,2,2,"Phase 5, Chikkanayakanahalli, Choodasandra",6.0,12.0,Unfurnished,East,4.0,Ready to Move,,False
24900000.000000004,1690.0,3.0,3,2,"Lakedew Residency- Phase 2, Harlur",2.0,14.0,Semi Furnished,East,4.0,Ready to Move,,False
9500000.0,980.0,2.0,2,1,"Huvinayakanahalli, Bengaluru",7.0,19.0,Unfurnished,East,,Upcoming,2029-03-01,True
14500000.0,984.0,2.0,2,1,"Uttarahalli -Manavarthekaval, Bengaluru",6.0,14.0,Semi Furnished,East,2.0,Ready to Move,,False
9600000.0,1180.0,2.0,2,1,"Varthur, Bengaluru",3.0,3.0,Semi Furnished,West,10.0,Ready to Move,,False
14000000.0,1148.0,2.0,2,1,"Aishwarya Crystal Layout, Begur",2.0,18.0,Unfurnished,East,1.0,Ready to Move,,False
16900000.0,1297.0,2.0,2,1,"Doddakannelli, Bengaluru",5.0,13.0,Semi Furnished,East,8.0,Ready to Move,,False
25000000.0,1899.0,3.0,3,2,"Chikkagubbi Village, Bengaluru",21.0,22.0,Unfurnished,Unknown,,Upcoming,2026-09-11,True
8700000.0,937.0,2.0,2,1,"Gattahalli, Bengaluru",2.0,5.0,Semi Furnished,East,7.0,Ready to Move,,False
19500000.0,1424.0,3.0,2,1,"Thigala Chowdadenahalli, Bengaluru",5.0,27.0,Unfurnished,East,,Upcoming,2028-12-01,True
9800000.0,1394.0,3.0,2,1,"Kattanallur, Goravigere",3.0,4.0,Unfurnished,Unknown,,Ready to Move,,False
33400000.0,2134.0,4.0,3,1,"Gunjur Village, Bengaluru",11.0,20.0,Semi Furnished,Unknown,8.0,Ready to Move,,False
8500000.0,1338.0,3.0,2,1,"Terracon Doctors Enclave, Chandapura",0.0,5.0,Unfurnished,North,,Ready to Move,,False
14200000.0,1276.0,2.0,2,1,"Navarathna Agrahara, Bengaluru",15.0,27.0,Semi Furnished,East,7.0,Ready to Move,,False
21000000.0,1815.0,3.0,3,1,"Nehru Nagar, Bengaluru",1.0,12.0,Semi Furnished,East,4.0,Ready to Move,,False
13400000.0,1267.0,2.0,2,1,"Vignana Kendra, Bengaluru",1.0,14.0,Semi Furnished,South,12.0,Ready to Move,,False
8900000.0,1109.0,3.0,2,1,"Devasthanagalu, Varthur",1.0,6.0,Semi Furnished,Unknown,7.0,Ready to Move,,False
11500000.0,1200.0,2.5,2,1,"Nagavara, Bengaluru",2.0,4.0,Semi Furnished,South,14.0,Ready to Move,,False
8500000.0,1338.0,3.0,2,1,"Terracon Doctors Enclave, Chandapura",4.0,5.0,Unfurnished,North,,Ready to Move,,False
17500000.0,1646.0,3.0,3,1,"Ahad Euphoria, Carmelaram",2.0,15.0,Semi Furnished,West,10.0,Ready to Move,,False
12000000.0,1100.0,2.0,2,2,"Choodasandra, Bengaluru",3.0,4.0,Fully Furnished,East,4.0,Ready to Move,,False
10000000.0,1209.0,2.0,2,1,"Hadosiddapura, Carmelaram",3.0,3.0,Semi Furnished,West,9.0,Ready to Move,,False
10400000.0,1241.0,3.0,2,1,"Hadosiddapura, Carmelaram",1.0,4.0,Semi Furnished,East,9.0,Ready to Move,,False
4000000.0,702.0,2.0,2,0,"Phase 1, Whitefield",,,Semi Furnished,Unknown,,Ready to Move,,False
11000000.0,1050.0,2.0,2,2,"Phase 5, Chikkanayakanahalli, Choodasandra",6.0,12.0,Unfurnished,East,1.0,Ready to Move,,False
13000000.0,1330.0,2.0,2,1,"Vasanthapura, Subramanyapura",0.0,21.0,Unfurnished,South,3.0,Ready to Move,,False
7500000.0,750.0,2.0,2,1,"Yellupura, Bengaluru",3.0,7.0,Semi Furnished,East,3.0,Ready to Move,,False
9500000.0,1252.0,2.0,2,1,"Kodandarama Nagar, Halanayakanahalli",1.0,4.0,Semi Furnished,North,6.0,Ready to Move,,False
27300000.0,1990.0,3.0,3,1,"Manayata Tech Park, Thanisandra",4.0,27.0,Semi Furnished,West,8.0,Ready to Move,,False
45000000.0,3000.0,4.0,4,4,"Gopalapura, Binnipete",24.0,28.0,Semi Furnished,East,8.0,Ready to Move,,False
26500000.0,1500.0,3.0,3,1,"SNN Raj Grandeur, Bommanahalli",14.0,14.0,Semi Furnished,East,5.0,Ready to Move,,False
11700000.0,1064.0,2.0,2,1,"Hosahalli, Bengaluru",7.0,12.0,Unfurnished,East,2.0,Ready to Move,,False
13000000.0,1150.0,2.0,2,1,"Silver Springs Layout, Munnekollal",2.0,4.0,Semi Furnished,East,8.0,Ready to Move,,False
6500000.0,1014.0,2.0,2,1,"Madagondanahalli, Electronic City",4.0,6.0,Semi Furnished,East,6.0,Ready to Move,,False
7500000.0,1139.0,3.0,2,1,"Singena Agrahara, Bommasandra",1.0,4.0,Semi Furnished,East,11.0,Ready to Move,,False
8400000.0,1395.0,3.0,2,1,"BEML Cooperative Society Layout, Bidaraguppe",6.0,7.0,Semi Furnished,West,9.0,Ready to Move,,False
21500000.0,1758.0,3.0,3,1,"Medahalli, Bengaluru",10.0,23.0,Unfurnished,Unknown,1.0,Ready to Move,,False
6659999.999999999,1260.0,2.0,2,2,"Anagalapura, Bengaluru",2.0,8.0,Semi Furnished,North,5.0,Ready to Move,,False
28000000.0,1610.0,3.0,3,1,"Basavanapura, K R Puram",7.0,18.0,Unfurnished,West,,Upcoming,2027-06-01,True
32000000.0,1585.0,3.0,2,1,"Hongasandra, Bengaluru",20.0,22.0,Semi Furnished,East,10.0,Ready to Move,,False
28000000.0,2013.0,3.5,3,2,"RK Gardens, Vajarahalli",1.0,26.0,Semi Furnished,West,1.0,Ready to Move,,False
6450000.0,1070.0,3.0,2,2,"Bisuvanahalli, Bengaluru",4.0,7.0,Unfurnished,North,11.0,Ready to Move,,False
17400000.0,1945.0,3.0,3,1,"Yamare, Bengaluru",13.0,33.0,Unfurnished,East,,Ready to Move,,False
21500000.0,1387.0,3.0,2,1,"Sarjapur, Bengaluru",6.0,31.0,Semi Furnished,North,1.0,Ready to Move,,False
10500000.0,1384.0,2.0,2,1,"Bharthi Nagar, K R Puram",6.0,9.0,Semi Furnished,East,10.0,Ready to Move,,False
7300000.0,860.0,2.0,2,1,"Gulimangala, Bengaluru",3.0,7.0,Semi Furnished,East,1.0,Ready to Move,,False
30099999.999999996,1538.0,3.0,3,1,"Varthur, Bengaluru",3.0,26.0,Unfurnished,West,2.0,Ready to Move,,False
11500000.0,1105.0,2.5,2,1,"Thirumalashettyhally, Bengaluru",8.0,12.0,Unfurnished,Unknown,,Ready to Move,,False
15600000.0,1545.0,3.0,2,1,"Gunjur, Bengaluru",3.0,24.0,Semi Furnished,West,4.0,Ready to Move,,False
8000000.0,750.0,2.0,2,1,"Yelachanayakanapura, Bengaluru",9.0,12.0,Fully Furnished,East,,Ready to Move,,False
12500000.0,1004.0,2.0,2,1,"Manayata Tech Park, Thanisandra",5.0,23.0,Unfurnished,East,2.0,Ready to Move,,False
20500000.0,1500.0,3.0,3,1,"Bellandur, Bengaluru",1.0,6.0,Semi Furnished,Unknown,9.0,Ready to Move,,False
7300000.0,744.0,2.0,2,1,"Chaithanya Samarth, Bommenahalli",7.0,14.0,Unfurnished,East,1.0,Ready to Move,,False
56300000.0,4000.0,4.0,4,2,"Meenakunte, Bengaluru",17.0,27.0,Unfurnished,West,,Upcoming,2030-09-30,True
20500000.0,1506.0,3.0,3,1,"Balagere, Bengaluru",4.0,18.0,Unfurnished,East,,Ready to Move,,False
9700000.0,970.0,2.0,2,1,"Gummanahalli, Bengaluru",0.0,21.0,Semi Furnished,East,3.0,Ready to Move,,False
12000000.0,1700.0,3.0,2,1,"Vaikuntam Layout, Munnekollal",0.0,4.0,Unfurnished,Unknown,20.0,Ready to Move,,False
13600000.000000002,1091.0,2.0,2,1,"Hadosiddapura, Carmelaram",11.0,17.0,Semi Furnished,Unknown,4.0,Ready to Move,,False
39700000.0,2300.0,4.0,4,2,"KIADB Export Promotion Industrial Area, K R Puram",1.0,18.0,Semi Furnished,East,3.0,Ready to Move,,False
25200000.0,1839.0,3.0,3,1,"Kadugodi Industrial Area, Bengaluru",0.0,18.0,Semi Furnished,East,10.0,Ready to Move,,False
11000000.0,2200.0,4.0,5,1,"Banakshankari 6th Stage 11th Block, Srinivaspura",5.0,5.0,Semi Furnished,North,8.0,Ready to Move,,False
14200000.0,1517.0,3.0,3,1,"Rayasandra, Bengaluru",1.0,4.0,Semi Furnished,Unknown,11.0,Ready to Move,,False
7400000.0,1010.0,2.0,2,1,"Dommasandra, Bengaluru",3.0,5.0,Semi Furnished,North,9.0,Ready to Move,,False
28000000.0,1679.0,3.0,3,1,"Sri Balaji Krupa Layout, R.K. Hegde Nagar",6.0,20.0,Unfurnished,Unknown,,Upcoming,2026-08-19,True
8200000.0,1129.0,2.0,2,1,"Sri Balaji Layout, K R Puram",6.0,14.0,Unfurnished,East,1.0,Ready to Move,,False
55700000.0,3571.0,4.0,5,2,"Sagayapura, Richards Town",7.0,15.0,Unfurnished,Unknown,4.0,Ready to Move,,False
9700000.0,1070.0,2.0,2,1,"Kambipura, Bengaluru",4.0,19.0,Semi Furnished,East,7.0,Ready to Move,,False
12500000.0,1495.0,3.0,3,1,"RR Nagar, Bengaluru",4.0,4.0,Semi Furnished,East,12.0,Ready to Move,,False
12600000.0,889.0,2.0,2,1,"Uttarahalli -Manavarthekaval, Bengaluru",9.0,14.0,Semi Furnished,East,1.0,Ready to Move,,False
9700000.0,1330.0,3.0,3,1,"Sonnenahalli, K R Puram",1.0,4.0,Semi Furnished,East,7.0,Ready to Move,,False
11000000.0,1350.0,3.0,2,1,"Abbaiah Reddy Layout, Kaggadasapura",3.0,4.0,Semi Furnished,West,8.0,Ready to Move,,False
14000000.0,1070.0,2.0,2,1,"Devasthanagalu, Varthur",20.0,26.0,Semi Furnished,West,3.0,Ready to Move,,False
23500000.0,1380.0,2.0,2,1,"Shanthala Nagar, Ashok Nagar",3.0,4.0,Semi Furnished,North,28.0,Ready to Move,,False
9000000.0,1185.0,2.0,2,2,"Bommenahalli, Bengaluru",2.0,9.0,Semi Furnished,West,10.0,Ready to Move,,False
12500000.0,1645.0,3.0,3,1,"RR Nagar, Bengaluru",1.0,4.0,Semi Furnished,West,9.0,Ready to Move,,False
9000000.0,1429.0,3.0,2,1,"Kadugodi, Bengaluru",0.0,3.0,Semi Furnished,West,16.0,Ready to Move,,False
11800000.0,1177.0,2.0,2,1,"Parkway Homes, Rayasandra",9.0,14.0,Semi Furnished,West,8.0,Ready to Move,,False
8800000.0,1524.0,3.0,3,1,"BEML Cooperative Society Layout, Bidaraguppe",3.0,7.0,Semi Furnished,South,7.0,Ready to Move,,False
14000000.0,1350.0,3.0,3,1,"Budigere Cross, Bengaluru",2.0,19.0,Semi Furnished,West,6.0,Ready to Move,,False
3100000.0,880.0,2.0,2,1,"Terracon Doctors Enclave, Chandapura",1.0,5.0,Semi Furnished,South,12.0,Ready to Move,,False
16399999.999999998,1303.0,2.0,2,1,"Ali Estate, Yelahanka",12.0,16.0,Semi Furnished,West,8.0,Ready to Move,,False
17800000.0,1759.0,4.0,4,3,"Arge Urban Bloom, Yeswanthpur",7.0,13.0,Semi Furnished,North,7.0,Ready to Move,,False
13700000.000000002,1580.0,3.0,3,1,"Choodasandra, Bengaluru",3.0,4.0,Semi Furnished,North,12.0,Ready to Move,,False
8000000.0,904.0,2.0,2,1,"Goravigere, Bengaluru",3.0,15.0,Semi Furnished,East,3.0,Ready to Move,,False
14200000.0,1300.0,2.0,2,1,"Eastwood Township, Kasavanahalli",6.0,14.0,Semi Furnished,West,12.0,Ready to Move,,False
11900000.0,1251.0,3.0,2,1,"Parkway Homes, Rayasandra",4.0,14.0,Semi Furnished,East,8.0,Ready to Move,,False
27500000.0,1499.0,3.0,3,1,"Jigala, Bengaluru",21.0,34.0,Unfurnished,East,1.0,Ready to Move,,False
8700000.0,1063.0,2.0,2,1,"Chikkakannalli, Bengaluru",2.0,5.0,Semi Furnished,East,7.0,Ready to Move,,False
16500000.0,1489.0,3.0,3,1,"Devasthanagalu, Varthur",19.0,23.0,Semi Furnished,West,5.0,Ready to Move,,False
20000000.0,1027.0,2.5,2,1,"Suma Dhura Eden Garden, Chikkabana Halli",9.0,14.0,Semi Furnished,East,3.0,Ready to Move,,False
16000000.0,1400.0,3.0,3,1,"Prakruthi Nagar, Kogilu",5.0,8.0,Semi Furnished,West,13.0,Ready to Move,,False
6600000.0,925.0,2.0,2,1,"Shriram Surabhi, Mallasandra",3.0,6.0,Semi Furnished,East,15.0,Ready to Move,,False
16000000.0,1161.0,2.0,2,1,"Budigere Cross, Bengaluru",12.0,19.0,Semi Furnished,North,8.0,Ready to Move,,False
23600000.0,3405.0,4.0,4,3,"Anandapura, Battarahalli",5.0,5.0,Semi Furnished,East,3.0,Ready to Move,,False
24000000.0,1300.0,3.0,3,1,"Annaiah Reddy Layout, Dodda Banaswadi",9.0,14.0,Unfurnished,Unknown,15.0,Ready to Move,,False
11200000.000000002,860.0,2.0,2,1,"Markandhaiha Nagar, Agrahara Layout",3.0,4.0,Semi Furnished,Unknown,3.0,Ready to Move,,False
10500000.0,1048.0,2.0,2,1,"HAL 3rd Stage, New Tippasandra",1.0,4.0,Semi Furnished,East,15.0,Ready to Move,,False
14000000.0,1244.0,3.0,3,2,"Dodsworth Layout, Whitefield",2.0,8.0,Semi Furnished,Unknown,1.0,Ready to Move,,False
11800000.0,1050.0,2.0,2,1,"Kannuru, Bengaluru",4.0,23.0,Semi Furnished,Unknown,2.0,Ready to Move,,False
12600000.0,1214.0,2.0,2,1,"SNN Raj Serenity, Akshayanagar",9.0,13.0,Semi Furnished,East,11.0,Ready to Move,,False
22500000.0,1645.0,3.0,3,1,"Ambedkar Nagar, Carmelaram",11.0,18.0,Semi Furnished,North,6.0,Ready to Move,,False
39200000.0,2415.0,3.0,3,0,"1st Phase, JP Nagar",4.0,10.0,Fully Furnished,Unknown,15.0,Ready to Move,,False
11000000.0,1080.0,2.0,2,0,"Phase 5, Chikkanayakanahalli, Choodasandra",6.0,12.0,Unfurnished,East,1.0,Ready to Move,,False
19500000.0,1770.0,3.0,2,1,"Vignana Kendra, Bengaluru",8.0,14.0,Semi Furnished,Unknown,1.0,Ready to Move,,False
12900000.0,1221.0,2.0,2,1,"K R Puram, Bengaluru",11.0,12.0,Semi Furnished,East,7.0,Ready to Move,,False
11000000.0,1250.0,2.0,2,1,"HMT Layout, Mathikere",3.0,3.0,Semi Furnished,East,10.0,Ready to Move,,False
63500000.0,3330.0,4.0,5,2,"Windchimes, Arakere",0.0,25.0,Semi Furnished,Unknown,7.0,Ready to Move,,False
21700000.0,1819.0,3.5,3,1,"Budigere Cross, Bengaluru",4.0,19.0,Semi Furnished,South,10.0,Ready to Move,,False
14000000.0,1147.0,2.0,2,1,"Kyalasanahalli, Bengaluru",18.0,18.0,Semi Furnished,West,2.0,Ready to Move,,False
19800000.0,1324.0,2.0,2,1,"Sri Balaji Krupa Layout, R.K. Hegde Nagar",15.0,32.0,Unfurnished,North,2.0,Ready to Move,,False
13500000.0,1000.0,2.0,2,1,"Devasthanagalu, Varthur",2.0,22.0,Semi Furnished,East,4.0,Ready to Move,,False
8900000.0,934.0,2.0,2,1,"Budigere Cross, Bengaluru",3.0,19.0,Semi Furnished,North,3.0,Ready to Move,,False
30000000.0,1849.0,3.0,3,1,"Hosapalya, Kudlu Gate",3.0,22.0,Semi Furnished,West,7.0,Ready to Move,,False
20400000.0,1565.0,3.0,3,1,"Hadosiddapura, Carmelaram",13.0,15.0,Semi Furnished,East,9.0,Ready to Move,,False
49000000.0,4310.0,4.0,4,2,"Amruthnagar, Byatarayanapura",7.0,13.0,Unfurnished,North,9.0,Ready to Move,,False
84000000.0,3500.0,4.0,4,2,"7th Block, Jayanagar",8.0,23.0,Semi Furnished,West,7.0,Ready to Move,,False
8500000.0,995.0,3.0,2,1,"Gummanahalli, Bengaluru",11.0,29.0,Semi Furnished,North,1.0,Ready to Move,,False
14500000.0,1337.0,3.0,2,1,"Bidare Agraha, Bengaluru",1.0,12.0,Semi Furnished,North,4.0,Ready to Move,,False
62500000.0,2747.0,3.5,4,2,"Nallurhalli, Whitefield",26.0,31.0,Semi Furnished,East,,Upcoming,2029-09-30,True
60000000.0,3100.0,4.0,4,4,"Gopalapura, Binnipete",25.0,37.0,Semi Furnished,North,7.0,Ready to Move,,False
19700000.0,1839.0,3.0,3,1,"Vignana Kendra, Bengaluru",13.0,17.0,Semi Furnished,East,14.0,Ready to Move,,False
12700000.0,1419.0,3.0,2,1,"Block 4B, Bengaluru",4.0,16.0,Semi Furnished,Unknown,16.0,Ready to Move,,False
17900000.0,1498.0,3.0,2,1,"Buena Vista, Bommenahalli",3.0,22.0,Semi Furnished,Unknown,4.0,Ready to Move,,False
12800000.0,1055.0,3.0,2,1,"Chaithanya Samarth, Bommenahalli",14.0,14.0,Unfurnished,East,1.0,Ready to Move,,False
14800000.0,1559.0,3.0,3,1,"Varthur, Bengaluru",3.0,11.0,Semi Furnished,East,8.0,Ready to Move,,False
10300000.0,1325.0,2.0,2,2,"Mullur, Bengaluru",2.0,4.0,Unfurnished,East,1.0,Ready to Move,,False
11900000.0,1076.0,2.0,2,1,"Central Park, Balagere",4.0,8.0,Fully Furnished,North,7.0,Ready to Move,,False
20500000.0,1341.0,3.0,3,0,"Janatha Colony, Carmelaram",5.0,18.0,Fully Furnished,East,6.0,Ready to Move,,False
8000000.0,1050.0,2.0,1,1,"BEML Layout, RR Nagar",4.0,4.0,Semi Furnished,Unknown,10.0,Ready to Move,,False
11200000.000000002,1255.0,2.0,2,3,"Garudachar Palya, Mahadevapura",1.0,5.0,Semi Furnished,East,18.0,Ready to Move,,False
16500000.0,1443.0,2.0,2,1,"Mango Garden Layout, Bikasipura",4.0,9.0,Semi Furnished,East,7.0,Ready to Move,,False
15700000.0,1207.0,2.0,2,1,"Gunjur Village, Bengaluru",20.0,20.0,Unfurnished,West,1.0,Ready to Move,,False
20600000.0,1230.0,2.0,2,1,"Reliaable Lifestyle Layout, Harlur",1.0,22.0,Semi Furnished,East,6.0,Ready to Move,,False
12300000.0,1110.0,2.5,2,1,"Thirumalashettyhally, Bengaluru",6.0,9.0,Semi Furnished,Unknown,1.0,Ready to Move,,False
11000000.0,1079.0,2.0,2,2,"Phase 5, Chikkanayakanahalli, Choodasandra",6.0,16.0,Unfurnished,North,4.0,Ready to Move,,False
8300000.0,887.0,2.0,2,1,"Chaithanya Samarth, Bommenahalli",13.0,14.0,Unfurnished,West,1.0,Ready to Move,,False
29000000.0,2013.0,3.0,4,1,"Jyotipuram, Bengaluru",10.0,23.0,Semi Furnished,North,,Upcoming,2026-08-14,True
17700000.0,1234.0,2.0,2,1,"Akshaya Vana, Begur",1.0,19.0,Semi Furnished,East,6.0,Ready to Move,,False
14500000.0,1318.0,3.0,2,0,"Gollarapalya Hosahalli, Bengaluru",3.0,7.0,Semi Furnished,North,7.0,Ready to Move,,False
28500000.0,1900.0,3.0,3,1,"Devasthanagalu, Varthur",15.0,31.0,Unfurnished,East,,Upcoming,2027-05-01,True
8400000.0,1028.0,3.0,3,1,"Gummanahalli, Bengaluru",15.0,21.0,Unfurnished,East,1.0,Ready to Move,,False
8500000.0,1247.0,2.0,2,1,"Hennur, Bengaluru",0.0,5.0,Semi Furnished,South,6.0,Ready to Move,,False
21600000.0,1290.0,3.0,2,1,"Eastwood Township, Harlur",8.0,16.0,Semi Furnished,North,4.0,Ready to Move,,False
15500000.0,1234.0,3.0,2,1,"Belathur, K R Puram",18.0,27.0,Unfurnished,East,,Ready to Move,,False
21800000.0,2000.0,3.0,3,1,"Ashirvad Colony, Horamavu",3.0,11.0,Unfurnished,North,,Upcoming,2026-09-15,True
13000000.0,1499.0,3.0,3,1,"GM Global Techies Town, Thirupalya",4.0,31.0,Unfurnished,East,3.0,Ready to Move,,False
23000000.0,1665.0,3.0,3,1,"Dommasandra, Bengaluru",26.0,32.0,Unfurnished,East,,Ready to Move,,False
13000000.0,1052.0,2.0,2,0,"Manayata Tech Park, Thanisandra",14.0,23.0,Unfurnished,East,2.0,Ready to Move,,False
18500000.0,1186.0,2.0,2,2,"Seetharampalya, Hoodi",10.0,17.0,Unfurnished,East,,Upcoming,2026-06-25,True
11000000.0,1426.0,2.0,2,1,"Nehru Nagar, Bengaluru",3.0,5.0,Semi Furnished,East,10.0,Ready to Move,,False
27500000.0,1600.0,3.0,3,1,"Akshaya Vana, Begur",11.0,28.0,Semi Furnished,West,5.0,Ready to Move,,False
70000000.0,4290.0,4.0,4,3,"Bangalore Palace Compound, Jayamahal",10.0,10.0,Semi Furnished,Unknown,19.0,Ready to Move,,False
25600000.0,1675.0,3.0,3,1,"Sri Balaji Krupa Layout, R.K. Hegde Nagar",10.0,34.0,Unfurnished,East,1.0,Ready to Move,,False
18500000.0,1386.0,3.0,3,1,"Dommasandra, Bengaluru",10.0,30.0,Unfurnished,East,1.0,Ready to Move,,False
13000000.0,1344.0,3.0,3,2,"Phase 2, Doddakammanahalli",4.0,12.0,Semi Furnished,Unknown,12.0,Ready to Move,,False
10000000.0,1009.0,3.0,2,1,"Boovanahalli, Bengaluru",1.0,11.0,Unfurnished,North,2.0,Ready to Move,,False
28500000.0,1961.0,3.0,3,1,"Ardendale, Kannamangala - Whitefield Hoskote Road",28.0,29.0,Unfurnished,Unknown,,Ready to Move,,False
24000000.0,1851.0,3.0,3,1,"Dommasandra, Bengaluru",4.0,32.0,Unfurnished,East,,Ready to Move,,False
8200000.0,970.0,2.0,2,1,"Lords Steps Layout, Panathur",1.0,4.0,Semi Furnished,North,6.0,Ready to Move,,False
11700000.0,962.0,2.0,2,1,"Aishwarya Crystal Layout, Begur",11.0,18.0,Unfurnished,West,1.0,Ready to Move,,False
12400000.0,1462.0,3.0,3,1,"Kambipura, Bengaluru",9.0,12.0,Unfurnished,East,,Ready to Move,,False
5600000.0,721.0,1.0,1,1,"Chambenahalli, Bengaluru",5.0,22.0,Semi Furnished,Unknown,1.0,Ready to Move,,False
40500000.0,2232.0,4.0,3,2,"Hadosiddapura, Carmelaram",13.0,18.0,Unfurnished,West,3.0,Ready to Move,,False
9900000.0,1420.0,3.0,3,1,"Kachamaranahalli, Bengaluru",4.0,4.0,Semi Furnished,North,10.0,Ready to Move,,False
16000000.0,1472.0,3.0,2,1,"Kumbalgodu, Bengaluru",2.0,9.0,Unfurnished,Unknown,1.0,Ready to Move,,False
16900000.0,1272.0,3.0,3,1,"Aishwarya Crystal Layout, Begur",6.0,18.0,Unfurnished,East,1.0,Ready to Move,,False
17300000.0,1329.0,2.0,2,1,"Doddakannelli, Bengaluru",12.0,13.0,Semi Furnished,West,2.0,Ready to Move,,False
22000000.0,1628.0,3.0,3,2,"Uttarahalli -Manavarthekaval, Bengaluru",5.0,14.0,Semi Furnished,North,1.0,Ready to Move,,False
16100000.000000002,1203.0,2.0,2,1,"Hosahalli, Bengaluru",4.0,13.0,Semi Furnished,North,2.0,Ready to Move,,False
14700000.0,1169.0,2.0,2,0,"Buena Vista, Bommenahalli",11.0,22.0,Semi Furnished,East,6.0,Ready to Move,,False
70000000.0,4290.0,4.0,4,3,"Byadarahalli, Benson Town",8.0,10.0,Semi Furnished,North,10.0,Ready to Move,,False
13200000.0,957.0,2.0,2,1,"Phase I, Electronic City",9.0,21.0,Semi Furnished,East,4.0,Ready to Move,,False
7700000.0,1177.0,2.0,2,0,"Bommenahalli, Bengaluru",3.0,7.0,Semi Furnished,North,8.0,Ready to Move,,False
9000000.0,904.0,2.0,2,1,"Bengaluru Hardware Park, Bengaluru",27.0,28.0,Unfurnished,East,,Ready to Move,,False
7000000.0,1149.0,2.0,2,1,"BEML Cooperative Society Layout, Bengaluru",1.0,7.0,Semi Furnished,East,9.0,Ready to Move,,False
7400000.0,744.0,2.0,2,1,"Chaithanya Samarth, Bommenahalli",0.0,14.0,Unfurnished,West,1.0,Ready to Move,,False
23500000.0,1936.0,3.0,3,1,"Sannatammanahalli, Battarahalli",36.0,38.0,Semi Furnished,West,7.0,Ready to Move,,False
11600000.0,999.0,2.0,2,1,"Akshaya Vana, Akshayanagar",1.0,5.0,Semi Furnished,South,4.0,Ready to Move,,False
13000000.0,1480.0,3.0,2,3,"Varthur, Bengaluru",1.0,4.0,Fully Furnished,Unknown,9.0,Ready to Move,,False
24000000.0,1809.0,3.0,3,2,"Bhoganhalli, Bengaluru",14.0,14.0,Unfurnished,East,1.0,Ready to Move,,False
12000000.0,1092.0,2.0,2,1,"Bengaluru Hardware Park, Bengaluru",1.0,28.0,Unfurnished,East,,Ready to Move,,False
18500000.0,1415.0,2.0,2,1,"Raghuvanahalli, Subramanyapura",7.0,14.0,Unfurnished,East,1.0,Ready to Move,,False
13300000.0,984.0,2.0,2,1,"Kodathi, Bengaluru",10.0,13.0,Semi Furnished,Unknown,1.0,Ready to Move,,False
20500000.0,1656.0,3.0,3,1,"Dommasandra, Bengaluru",2.0,32.0,Unfurnished,East,,Ready to Move,,False
8400000.0,911.0,2.0,2,1,"Laxminarayana Layout, Whitefield",3.0,4.0,Semi Furnished,East,6.0,Ready to Move,,False
11500000.0,1120.0,2.0,2,1,"Excellencia, Choodasandra",2.0,4.0,Semi Furnished,East,5.0,Ready to Move,,False
32000000.0,2031.0,3.5,3,2,"Sri Balaji Layout, K R Puram",8.0,27.0,Unfurnished,East,4.0,Ready to Move,,False
7300000.0,883.0,2.0,2,1,"Sompura, Bengaluru",2.0,4.0,Semi Furnished,East,7.0,Ready to Move,,False
37600000.0,2350.0,3.0,3,2,"Sanjeevini Nagar, Bengaluru",1.0,9.0,Semi Furnished,West,18.0,Ready to Move,,False
7200000.0,650.0,1.0,1,1,"Gummanahalli, Bengaluru",5.0,14.0,Semi Furnished,East,3.0,Ready to Move,,False
9800000.0,1055.0,3.0,2,1,"Chaithanya Samarth, Bommenahalli",11.0,13.0,Unfurnished,North,1.0,Ready to Move,,False
26500000.0,1500.0,3.0,3,2,"HAL 3rd Stage, Kodihalli",5.0,6.0,Fully Furnished,Unknown,26.0,Ready to Move,,False
35000000.0,1931.0,3.0,3,1,"Shanthala Nagar, Ashok Nagar",2.0,4.0,Semi Furnished,North,35.0,Ready to Move,,False
28000000.0,1685.0,3.0,3,2,"Doddakallasandra, Bengaluru",3.0,6.0,Fully Furnished,East,4.0,Ready to Move,,False
26500000.0,1501.0,3.0,3,2,"HAL 3rd Stage, Kodihalli",5.0,6.0,Fully Furnished,East,26.0,Ready to Move,,False
22900000.0,1916.0,3.0,3,1,"Navarathna Agrahara, Bengaluru",14.0,22.0,Semi Furnished,East,9.0,Ready to Move,,False
6200000.0,849.0,2.0,2,1,"Biotech Park, Chandapura",3.0,3.0,Semi Furnished,North,3.0,Ready to Move,,False
8700000.0,887.0,2.0,2,1,"Chaithanya Samarth, Bommenahalli",2.0,14.0,Unfurnished,North,1.0,Ready to Move,,False
27000000.0,1771.0,3.0,3,1,"Jyotipuram, Bengaluru",0.0,27.0,Unfurnished,East,1.0,Ready to Move,,False
39600000.0,2240.0,4.0,4,3,"Haralur, Bengaluru",2.0,19.0,Fully Furnished,South,7.0,Ready to Move,,False
8900000.0,933.0,2.0,2,1,"Budigere Cross, Bengaluru",4.0,19.0,Unfurnished,North,3.0,Ready to Move,,False
26200000.0,1940.0,3.0,3,2,"K R Puram, Bengaluru",6.0,19.0,Unfurnished,East,,Upcoming,2026-06-25,True
8900000.0,935.0,2.0,2,1,"Budigere Cross, Bengaluru",5.0,19.0,Semi Furnished,North,3.0,Ready to Move,,False
14000000.0,1600.0,3.0,3,2,"Tatanagar, Devinagar",2.0,4.0,Semi Furnished,North,12.0,Ready to Move,,False
11500000.0,1332.0,3.0,3,1,"Panathur, Bengaluru",4.0,4.0,Semi Furnished,Unknown,10.0,Ready to Move,,False
15500000.0,1530.0,3.0,3,0,"Bharath Housing Society Layout, RR Nagar",1.0,4.0,Semi Furnished,Unknown,5.0,Ready to Move,,False
16600000.0,1209.0,2.0,2,1,"Balagere, Bengaluru",9.0,14.0,Semi Furnished,West,1.0,Ready to Move,,False
25000000.0,1864.0,3.0,3,1,"Dommasandra, Bengaluru",12.0,30.0,Unfurnished,East,1.0,Ready to Move,,False
19300000.0,1550.0,3.0,2,1,"CQAL Layout, Sahakara Nagar",8.0,14.0,Fully Furnished,West,1.0,Ready to Move,,False
30000000.0,2043.0,3.5,4,2,"Chansandra, Bengaluru",10.0,17.0,Unfurnished,East,,Upcoming,2026-06-25,True
11000000.0,1094.0,2.0,2,1,"Orchid Piccadilly, Chokkanahalli",7.0,14.0,Semi Furnished,East,9.0,Ready to Move,,False
14900000.0,1142.0,2.0,2,2,"Kannuru, Bengaluru",34.0,38.0,Unfurnished,East,,Upcoming,2026-08-03,True
11600000.0,1225.0,3.0,2,1,"Budigere Cross, Bengaluru",17.0,19.0,Semi Furnished,Unknown,7.0,Ready to Move,,False
5900000.0,1020.0,2.0,2,1,"Chikka Abbaiah Layout, Hongasandra",4.0,5.0,Semi Furnished,West,14.0,Ready to Move,,False
18300000.0,1482.0,3.0,3,2,"Nehru Nagar, Bengaluru",9.0,9.0,Semi Furnished,West,6.0,Ready to Move,,False
6000000.0,1034.0,2.0,2,1,"BEML Cooperative Society Layout, Bengaluru",3.0,7.0,Unfurnished,East,10.0,Ready to Move,,False
9000000.0,990.0,2.0,2,1,"GM Global Techies Town, Thirupalya",28.0,31.0,Semi Furnished,North,3.0,Ready to Move,,False
9300000.0,934.0,2.0,2,1,"Bendiganahalli, Bengaluru",14.0,14.0,Semi Furnished,West,5.0,Ready to Move,,False
7300000.0,860.0,2.0,2,0,"Glass Factory Layout, Electronic City",5.0,7.0,Semi Furnished,East,1.0,Ready to Move,,False
11000000.0,1082.0,3.0,2,0,"Rays Of Dawn, Kambipura",9.0,10.0,Fully Furnished,Unknown,7.0,Ready to Move,,False
17900000.0,1498.0,3.0,2,1,"Buena Vista, Bommenahalli",3.0,22.0,Semi Furnished,Unknown,5.0,Ready to Move,,False
14900000.0,1139.0,2.0,2,2,"Kannuru, Bengaluru",34.0,38.0,Unfurnished,East,,Upcoming,2029-03-01,True
13000000.0,1092.0,2.0,2,1,"Bengaluru Hardware Park, Bengaluru",3.0,28.0,Unfurnished,West,,Ready to Move,,False
32000000.0,2225.0,4.0,4,2,"Devasthanagalu, Varthur",3.0,31.0,Unfurnished,West,,Upcoming,2027-05-01,True
49500000.0,2024.0,3.0,3,2,"Nallurhalli, Whitefield",18.0,31.0,Semi Furnished,East,,Upcoming,2029-09-30,True
8400000.0,1338.0,3.0,2,1,"Terracon Doctors Enclave, Chandapura",1.0,5.0,Unfurnished,North,,Ready to Move,,False
10500000.0,980.0,2.0,2,1,"Kolur, Bengaluru",10.0,14.0,Semi Furnished,North,2.0,Ready to Move,,False
32000000.0,2013.0,3.0,3,1,"Jyotipuram, Bengaluru",5.0,23.0,Semi Furnished,North,,Upcoming,2026-08-06,True
6000000.0,874.0,2.0,2,1,"Shanthi Pura, Electronic City Phase 2",2.0,7.0,Unfurnished,West,10.0,Ready to Move,,False
7600000.0,1195.0,2.0,2,0,"Veer Sandra, Electronic City",1.0,5.0,Unfurnished,East,,Ready to Move,,False
15700000.0,1395.0,3.0,2,1,"Doddakannelli, Bengaluru",2.0,4.0,Semi Furnished,East,3.0,Ready to Move,,False
6600000.0,679.0,2.0,2,2,"Koralur, Samethanahalli",1.0,9.0,Semi Furnished,East,1.0,Ready to Move,,False
15000000.0,1450.0,3.0,3,1,"Rachenahalli, Thanisandra",13.0,14.0,Semi Furnished,East,5.0,Ready to Move,,False
8000000.0,799.0,2.0,2,1,"Gummanahalli, Bengaluru",19.0,23.0,Unfurnished,Unknown,1.0,Ready to Move,,False
9700000.0,1055.0,3.0,2,1,"Chaithanya Samarth, Bommenahalli",4.0,14.0,Unfurnished,Unknown,1.0,Ready to Move,,False
10000000.0,1249.0,2.0,2,0,"3G Homes Crimson Layout, Kadugodi",4.0,4.0,Semi Furnished,West,11.0,Ready to Move,,False
11800000.0,1177.0,2.0,2,1,"Parkway Homes, Rayasandra",9.0,14.0,Semi Furnished,West,8.0,Ready to Move,,False
62000000.0,2200.0,3.0,3,1,"Iblur Village, Bellandur",2.0,16.0,Fully Furnished,North,9.0,Ready to Move,,False
31800000.0,1981.0,3.0,3,1,"Sathya Sai Layout, Whitefield",10.0,28.0,Unfurnished,North,,Upcoming,2027-08-01,True
20000000.0,1490.0,3.0,3,1,"Thigala Chowdadenahalli, Bengaluru",12.0,27.0,Unfurnished,East,,Upcoming,2026-09-17,True
29500000.0,2240.0,3.5,3,1,"Nandi Durga Road Extension, Jayamahal",2.0,5.0,Semi Furnished,Unknown,3.0,Ready to Move,,False
12000000.0,1064.0,2.0,2,1,"Kumbalgodu, Bengaluru",2.0,9.0,Unfurnished,East,1.0,Ready to Move,,False
3100000.0,880.0,2.0,2,1,"Terracon Doctors Enclave, Chandapura",2.0,5.0,Semi Furnished,South,12.0,Ready to Move,,False
17100000.0,1754.0,2.0,2,1,"Madhura Nagar, Bengaluru",11.0,17.0,Semi Furnished,West,7.0,Ready to Move,,False
45000000.0,2500.0,4.0,4,2,"Ranganatha Colony, Jagajeevanram Nagar",9.0,30.0,Semi Furnished,East,7.0,Ready to Move,,False
9800000.0,960.0,2.0,2,1,"Yelenahalli, Akshayanagar",11.0,13.0,Semi Furnished,East,10.0,Ready to Move,,False
11000000.0,730.0,2.0,2,1,"Bengaluru Hardware Park, Bengaluru",7.0,30.0,Unfurnished,Unknown,,Ready to Move,,False
16900000.0,1096.0,2.0,2,1,"Varthur, Bengaluru",6.0,26.0,Semi Furnished,West,2.0,Ready to Move,,False
12500000.0,1349.0,3.0,3,1,"Budigere Cross, Bengaluru",4.0,19.0,Semi Furnished,South,6.0,Ready to Move,,False
42500000.0,1900.0,3.0,3,2,"Inasappa Layout, Kammanahalli",10.0,27.0,Semi Furnished,West,4.0,Ready to Move,,False
18300000.0,1620.0,3.0,3,1,"Gunjur Village, Bengaluru",10.0,14.0,Unfurnished,East,,Upcoming,2027-12-01,True
8400000.0,896.0,2.0,2,1,"Bengaluru Hardware Park, Bengaluru",28.0,28.0,Unfurnished,East,,Ready to Move,,False
120000000.0,3000.0,2.0,2,2,"Dena Bank Colony, Ganganagar",26.0,40.0,Semi Furnished,South,5.0,Ready to Move,,False
32500000.0,1645.0,3.0,3,1,"Shabhari Nagar, Sahakara Nagar",7.0,14.0,Semi Furnished,East,5.0,Ready to Move,,False
19000000.0,1599.0,3.0,3,1,"Devasthanagalu, Varthur",4.0,27.0,Semi Furnished,East,5.0,Ready to Move,,False
28000000.0,1800.0,3.0,3,2,"Ranganatha Colony, Jagajeevanram Nagar",15.0,31.0,Semi Furnished,North,7.0,Ready to Move,,False
7600000.0,1174.0,2.0,2,1,"Belathur, K R Puram",5.0,6.0,Semi Furnished,East,9.0,Ready to Move,,False
15200000.0,1172.0,2.0,2,1,"Ambedkar Nagar, Whitefield",5.0,13.0,Semi Furnished,North,5.0,Ready to Move,,False
21800000.0,1394.0,3.0,2,1,"Phase 2, Doddanagamangala",3.0,9.0,Semi Furnished,West,6.0,Ready to Move,,False
19000000.0,1515.0,3.0,2,1,"Seetharampalya, Hoodi",0.0,4.0,Unfurnished,East,13.0,Ready to Move,,False
7800000.0,676.0,2.0,2,2,"Gummanahalli, Bengaluru",4.0,21.0,Semi Furnished,East,2.0,Ready to Move,,False
11000000.0,1295.0,3.0,2,1,"Chikkabana Halli, Bengaluru",2.0,4.0,Semi Furnished,East,2.0,Ready to Move,,False
10400000.0,1099.0,2.0,2,1,"Bidare Agraha, Bengaluru",9.0,11.0,Semi Furnished,East,5.0,Ready to Move,,False
14800000.0,1549.0,3.0,2,1,"Varthur, Bengaluru",11.0,12.0,Semi Furnished,West,9.0,Ready to Move,,False
12400000.0,1009.0,2.0,2,1,"Manayata Tech Park, Thanisandra",18.0,23.0,Semi Furnished,West,2.0,Ready to Move,,False
30000000.0,1849.0,3.0,3,1,"Hosapalya, Kudlu Gate",3.0,22.0,Semi Furnished,East,8.0,Ready to Move,,False
12400000.0,1490.0,2.0,2,1,"Aishwarya Crystal Layout, Begur",4.0,7.0,Semi Furnished,South,9.0,Ready to Move,,False
8700000.0,949.0,2.0,2,1,"Boovanahalli, Bengaluru",2.0,18.0,Semi Furnished,East,1.0,Ready to Move,,False
9150000.0,1307.0,2.0,2,0,"Hoskote, Bengaluru",,,Semi Furnished,Unknown,,Ready to Move,,False
21500000.0,1956.0,3.0,3,1,"Balaji Layout, Chokkanahalli",6.0,14.0,Semi Furnished,West,,Upcoming,2026-08-05,True
16500000.0,1272.0,3.0,3,1,"Aishwarya Crystal Layout, Begur",3.0,18.0,Unfurnished,West,1.0,Ready to Move,,False
21100000.0,1387.0,3.0,3,1,"Dommasandra, Bengaluru",18.0,30.0,Unfurnished,East,1.0,Ready to Move,,False
13200000.0,1057.0,2.0,2,1,"Manayata Tech Park, Thanisandra",22.0,23.0,Semi Furnished,East,2.0,Ready to Move,,False
10900000.0,1003.0,2.0,2,1,"Somasundarapalya, Bengaluru",0.0,7.0,Semi Furnished,South,13.0,Ready to Move,,False
14000000.0,1235.0,2.0,2,2,"Rammana Layout, Byrathi",9.0,12.0,Semi Furnished,East,8.0,Ready to Move,,False
25600000.0,1679.0,3.0,3,2,"Sri Balaji Krupa Layout, R.K. Hegde Nagar",2.0,34.0,Semi Furnished,South,2.0,Ready to Move,,False
8500000.0,1075.0,2.0,2,1,"SBI Bank Colony, Battarahalli",1.0,4.0,Semi Furnished,East,3.0,Ready to Move,,False
9000000.0,904.0,2.0,2,1,"Bengaluru Hardware Park, Bengaluru",3.0,28.0,Unfurnished,East,,Ready to Move,,False
17300000.0,1200.0,2.0,2,2,"Kattanallur, Sannatammanahalli",1.0,14.0,Semi Furnished,Unknown,4.0,Ready to Move,,False
16000000.0,1209.0,2.0,2,2,"Kattanallur, Sannatammanahalli",9.0,14.0,Semi Furnished,East,8.0,Ready to Move,,False
12000000.0,1245.0,2.0,2,1,"Prasanth Extension, Whitefield",12.0,12.0,Semi Furnished,West,3.0,Ready to Move,,False
25500000.0,1679.0,3.0,3,1,"Sri Balaji Krupa Layout, R.K. Hegde Nagar",1.0,34.0,Unfurnished,North,7.0,Ready to Move,,False
12300000.0,1209.0,2.0,2,1,"K R Puram, Bengaluru",2.0,15.0,Semi Furnished,Unknown,9.0,Ready to Move,,False
11600000.0,1650.0,3.0,3,1,"Palm Peak Layout, NRI Layout",1.0,5.0,Unfurnished,North,,Upcoming,2025-12-30,True
12200000.0,1098.0,2.0,2,1,"Devin Paradise Enclave, Tirumanahalli",15.0,26.0,Unfurnished,East,5.0,Ready to Move,,False
65000000.0,3434.0,4.0,5,4,"Basavanna Nagar, K R Puram",22.0,30.0,Fully Furnished,East,1.0,Ready to Move,,False
8700000.0,995.0,2.0,2,1,"Samethanahalli, Bengaluru",1.0,4.0,Semi Furnished,East,2.0,Ready to Move,,False
13000000.0,1059.0,2.0,2,1,"Hadosiddapura, Carmelaram",12.0,14.0,Semi Furnished,Unknown,9.0,Ready to Move,,False
23000000.0,1146.0,2.0,2,1,"Yemalur, Bengaluru",0.0,5.0,Fully Furnished,West,6.0,Ready to Move,,False
5500000.0,874.0,2.0,2,1,"Shanthi Pura, Electronic City Phase 2",7.0,7.0,Semi Furnished,West,10.0,Ready to Move,,False
19900000.0,1497.0,3.0,3,1,"Aishwarya Crystal Layout, Begur",8.0,18.0,Unfurnished,East,1.0,Ready to Move,,False
9800000.0,1070.0,2.0,2,1,"Sunkalpalya, Bengaluru",0.0,4.0,Semi Furnished,East,1.0,Ready to Move,,False
65800000.0,2800.0,3.0,3,2,"Yemalur, Bengaluru",10.0,14.0,Semi Furnished,West,1.0,Ready to Move,,False
13000000.0,1200.0,2.0,2,1,"Devasthanagalu, Varthur",10.0,18.0,Semi Furnished,East,4.0,Ready to Move,,False
12000000.0,1350.0,2.0,2,1,"Yelahanka, Bengaluru",0.0,4.0,Unfurnished,East,1.0,Ready to Move,,False
28200000.0,1563.0,3.0,2,1,"Hosapalya, Kudlu Gate",5.0,21.0,Semi Furnished,East,7.0,Ready to Move,,False
13500000.0,1230.0,2.0,2,1,"Bommenahalli, Bengaluru",4.0,18.0,Unfurnished,East,1.0,Ready to Move,,False
17500000.0,1336.0,3.0,2,1,"Medahalli, Bengaluru",4.0,28.0,Semi Furnished,East,1.0,Ready to Move,,False
11500000.0,924.0,2.0,2,1,"Uttarahalli -Manavarthekaval, Bengaluru",4.0,14.0,Semi Furnished,North,1.0,Ready to Move,,False
29400000.0,1891.0,3.0,3,1,"Devasthanagalu, Varthur",13.0,31.0,Unfurnished,East,,Upcoming,2026-12-01,True
15200000.0,1206.0,2.0,2,1,"Hosahalli, Bengaluru",3.0,13.0,Semi Furnished,West,2.0,Ready to Move,,False
12000000.0,1150.0,2.0,2,1,"Govinda Reddy Layout, Panduranga Nagar",17.0,21.0,Semi Furnished,North,2.0,Ready to Move,,False
18000000.0,1636.0,3.0,3,2,"Konadasapura, Bengaluru",1.0,15.0,Semi Furnished,Unknown,7.0,Ready to Move,,False
16200000.000000002,1476.0,2.0,3,1,"Anekal, Bengaluru",14.0,14.0,Unfurnished,East,,Upcoming,2026-11-01,True
12600000.0,1050.0,2.0,2,2,"Suncity Gloria, Carmelaram",12.0,12.0,Semi Furnished,West,8.0,Ready to Move,,False
12800000.0,1432.0,3.0,3,1,"Isha Misty Green, Chansandra",2.0,4.0,Semi Furnished,East,10.0,Ready to Move,,False
23300000.0,1850.0,3.0,3,1,"Lakedew Residency- Phase 2, Harlur",9.0,13.0,Semi Furnished,Unknown,5.0,Ready to Move,,False
14900000.0,1000.0,2.0,2,2,"Kannuru, Bengaluru",34.0,38.0,Unfurnished,East,,Upcoming,2026-07-24,True
12500000.0,1055.0,2.0,2,0,"Pai Layout, Mahadevapura",10.0,11.0,Semi Furnished,East,15.0,Ready to Move,,False
10400000.0,1400.0,4.0,3,2,"Bohra Layout, Gottigere",2.0,3.0,Semi Furnished,West,18.0,Ready to Move,,False
16800000.0,1307.0,2.0,2,1,"Doddakannelli, Bengaluru",12.0,13.0,Semi Furnished,North,8.0,Ready to Move,,False
20000000.0,1495.0,3.0,2,1,"Thigala Chowdadenahalli, Bengaluru",10.0,27.0,Unfurnished,East,,Upcoming,2026-09-17,True
17000000.0,2650.0,4.0,4,1,"Ali Estate, Yelahanka",1.0,3.0,Semi Furnished,Unknown,14.0,Ready to Move,,False
10000000.0,1100.0,2.0,2,1,"Chikkagubbi Village, Bengaluru",4.0,4.0,Unfurnished,South,1.0,Ready to Move,,False
24000000.0,1700.0,3.0,3,1,"Vakil Garden City, Bengaluru",20.0,20.0,Unfurnished,East,,Upcoming,2027-12-01,True
26400000.0,1749.0,3.0,3,1,"Stage 2, BTM Layout 2nd Stage",2.0,3.0,Semi Furnished,East,20.0,Ready to Move,,False
60000000.0,2387.0,3.0,4,1,"Pulkeshi Nagar, Frazer Town",3.0,18.0,Semi Furnished,Unknown,7.0,Ready to Move,,False
7200000.0,933.0,2.0,2,1,"Terracon Doctors Enclave, Chandapura",3.0,3.0,Semi Furnished,North,3.0,Ready to Move,,False
12400000.0,1490.0,2.0,2,1,"Aishwarya Crystal Layout, Begur",4.0,7.0,Semi Furnished,South,9.0,Ready to Move,,False
11000000.0,1220.0,2.0,2,1,"Ali Estate, Yelahanka",6.0,12.0,Unfurnished,North,,Upcoming,2029-07-01,True
5841000.0,1200.0,3.0,3,0,"Chikkasandra, Bengaluru",2.0,2.0,Semi Furnished,Unknown,10.0,Ready to Move,,False
14000000.0,985.0,2.0,2,1,"Uttarahalli -Manavarthekaval, Bengaluru",5.0,14.0,Semi Furnished,West,1.0,Ready to Move,,False
52000000.0,2500.0,4.0,4,1,"Sahakara Nagar, Bengaluru",8.0,14.0,Unfurnished,West,1.0,Ready to Move,,False
29000000.0,2080.0,3.0,3,2,"East Of NGEF Layout, Kasturi Nagar",3.0,3.0,Unfurnished,North,2.0,Ready to Move,,False
7800000.0,972.0,2.0,2,1,"Kammasandra, Electronic City",1.0,4.0,Semi Furnished,South,8.0,Ready to Move,,False
28700000.0,1890.0,4.0,3,3,"3G Homes Crimson Layout, Kadugodi",18.0,19.0,Semi Furnished,Unknown,7.0,Ready to Move,,False
17200000.0,1490.0,3.0,2,1,"Bommenahalli, Bengaluru",3.0,18.0,Semi Furnished,North,2.0,Ready to Move,,False
11100000.000000002,986.0,2.0,2,1,"Thirumalashettyhally, Bengaluru",8.0,18.0,Unfurnished,North,,Ready to Move,,False
29500000.0,1774.0,3.0,3,1,"Praghathi Pura, Padmanabhanagar",3.0,17.0,Unfurnished,West,1.0,Ready to Move,,False
16500000.0,1300.0,2.0,2,1,"Mango Garden Layout, Bikasipura",5.0,9.0,Semi Furnished,Unknown,7.0,Ready to Move,,False
20000000.0,1666.0,3.0,3,1,"Munnireddy Layout, Panathur",7.0,8.0,Fully Furnished,Unknown,10.0,Ready to Move,,False
13500000.0,1100.0,2.0,2,1,"Phase I, Electronic City",9.0,19.0,Semi Furnished,East,9.0,Ready to Move,,False
13500000.0,1270.0,2.0,2,1,"Phase I, Electronic City",3.0,13.0,Semi Furnished,West,10.0,Ready to Move,,False
11500000.0,1182.0,2.0,2,1,"Hunasamaranahalli, Bengaluru",5.0,14.0,Semi Furnished,Unknown,2.0,Ready to Move,,False
52500000.0,2000.0,3.0,3,2,"Thomas Town, Cooke Town",6.0,14.0,Semi Furnished,East,15.0,Ready to Move,,False
46000000.0,2250.0,3.0,3,1,"Chikku Lakshmaiah Layout, Adugodi",8.0,12.0,Fully Furnished,West,17.0,Ready to Move,,False
13700000.000000002,1189.0,2.0,2,1,"Agrahara, Bengaluru",1.0,5.0,Semi Furnished,West,4.0,Ready to Move,,False
25000000.0,2345.0,3.0,3,1,"Kuvempu Layout, Visthar",20.0,33.0,Semi Furnished,North,11.0,Ready to Move,,False
8700000.0,1077.0,2.0,2,1,"Belathur, K R Puram",1.0,4.0,Semi Furnished,West,10.0,Ready to Move,,False
71000000.0,4290.0,4.0,4,3,"Byadarahalli, Benson Town",8.0,10.0,Semi Furnished,North,9.0,Ready to Move,,False
12700000.0,1099.0,2.0,2,1,"Bollineni Silas, K R Puram",10.0,12.0,Semi Furnished,West,6.0,Ready to Move,,False
20800000.0,1839.0,3.0,3,1,"Phase 2, Whitefield",5.0,13.0,Unfurnished,East,,Upcoming,2027-06-01,True
9000000.0,1030.0,2.0,2,3,"Devanahalli, Bengaluru",3.0,4.0,Fully Furnished,East,1.0,Ready to Move,,False
9700000.0,1080.0,2.0,2,1,"Shetty Halli, Jalahalli West",5.0,23.0,Semi Furnished,South,9.0,Ready to Move,,False
17000000.0,1197.0,2.0,2,1,"Eastwood Township, Harlur",0.0,15.0,Semi Furnished,West,8.0,Ready to Move,,False
26500000.0,1749.0,3.0,3,1,"Stage 2, BTM Layout 2nd Stage",2.0,3.0,Semi Furnished,East,20.0,Ready to Move,,False
14000000.0,1448.0,2.0,2,1,"Hennur, Bengaluru",2.0,5.0,Unfurnished,East,5.0,Ready to Move,,False
7600000.0,951.0,2.0,2,1,"Sompura, Bengaluru",3.0,4.0,Semi Furnished,North,7.0,Ready to Move,,False
29500000.0,1800.0,3.0,3,1,"Adarsh Palm Retreat, Bellandur",6.0,14.0,Semi Furnished,North,5.0,Ready to Move,,False
23600000.0,1350.0,3.0,3,1,"Bellandur Village, Bellandur",11.0,13.0,Semi Furnished,North,10.0,Ready to Move,,False
15600000.0,1484.0,3.0,3,1,"Devasthanagalu, Varthur",23.0,23.0,Semi Furnished,East,5.0,Ready to Move,,False
12300000.0,1509.0,3.0,3,1,"Shikaripalya, Electronic City",3.0,12.0,Semi Furnished,East,12.0,Ready to Move,,False
24000000.0,1775.0,3.0,3,2,"Gandhi Nagar, Munnekollal",6.0,9.0,Semi Furnished,East,15.0,Ready to Move,,False
9300000.0,1196.0,2.0,2,1,"Thubarahalli, Whitefield",2.0,4.0,Semi Furnished,East,11.0,Ready to Move,,False
8200000.0,744.0,2.0,2,1,"Chaithanya Samarth, Bommenahalli",5.0,14.0,Unfurnished,North,1.0,Ready to Move,,False
16800000.0,1360.0,2.0,2,1,"Devasthanagalu, Varthur",8.0,26.0,Semi Furnished,East,4.0,Ready to Move,,False
8200000.0,1110.0,2.0,2,1,"Horamavu Agara, Horamavu",1.0,5.0,Semi Furnished,East,7.0,Ready to Move,,False
29000000.0,2030.0,3.0,3,1,"Seetharampalya, Hoodi",4.0,10.0,Semi Furnished,North,11.0,Ready to Move,,False
7900000.0,650.0,1.0,1,2,"Vijay Nagar, Whitefield",1.0,4.0,Semi Furnished,Unknown,4.0,Ready to Move,,False
8000000.0,904.0,2.0,2,1,"Gummanahalli, Bengaluru",17.0,27.0,Unfurnished,Unknown,,Upcoming,2026-12-16,True
12800000.0,1062.0,2.0,2,1,"Hosahalli, Bengaluru",8.0,14.0,Semi Furnished,East,2.0,Ready to Move,,False
26500000.0,1675.0,3.0,3,1,"Sri Balaji Krupa Layout, R.K. Hegde Nagar",27.0,34.0,Unfurnished,West,,Ready to Move,,False
12000000.0,1700.0,3.0,3,2,"Government Quarters, C V Raman Nagar",2.0,5.0,Semi Furnished,Unknown,12.0,Ready to Move,,False
8200000.0,850.0,2.0,2,1,"Chaithanya Samarth, Bommenahalli",7.0,18.0,Semi Furnished,North,1.0,Ready to Move,,False
14000000.0,1339.0,2.0,2,2,"Ayyappa Nagar, K R Puram",0.0,5.0,Semi Furnished,West,6.0,Ready to Move,,False
17000000.0,1234.0,2.0,2,1,"Ramanashree Enclave, Bilekahalli",15.0,29.0,Unfurnished,East,,Upcoming,2027-11-01,True
13100000.0,924.0,2.0,2,1,"Block 4B, Bengaluru",10.0,15.0,Semi Furnished,North,2.0,Ready to Move,,False
29000000.0,1700.0,3.0,3,1,"7th Block, Jayanagar",3.0,14.0,Semi Furnished,South,17.0,Ready to Move,,False
13000000.0,1000.0,2.0,2,2,"Glass Factory Layout, Electronic City",12.0,14.0,Unfurnished,West,1.0,Ready to Move,,False
27000000.0,1800.0,3.0,3,2,"Hosapalya, Kudlu Gate",3.0,22.0,Semi Furnished,East,7.0,Ready to Move,,False
9500000.0,660.0,1.0,1,1,"Devasthanagalu, Varthur",5.0,32.0,Unfurnished,West,,Ready to Move,,False
11600000.0,1075.0,2.0,2,1,"Central Park, Balagere",4.0,8.0,Semi Furnished,North,7.0,Ready to Move,,False
10500000.0,1082.0,3.0,2,1,"Kambipura, Bengaluru",8.0,14.0,Semi Furnished,West,4.0,Ready to Move,,False
19000000.0,1880.0,3.0,2,1,"Rachenahalli, Thanisandra",4.0,14.0,Semi Furnished,North,13.0,Ready to Move,,False
15500000.0,1102.0,2.0,2,1,"Varthur, Bengaluru",9.0,26.0,Unfurnished,East,1.0,Ready to Move,,False
11500000.0,1214.0,2.0,2,1,"SNN Raj Serenity, Akshayanagar",3.0,13.0,Semi Furnished,East,9.0,Ready to Move,,False
27000000.0,1602.0,3.0,3,1,"HAL 2nd Stage, Indira Nagar",2.0,4.0,Semi Furnished,Unknown,12.0,Ready to Move,,False
9399000.0,939.0,2.0,2,1,"Dasanayakanahalli, Bengaluru",1.0,22.0,Semi Furnished,West,1.0,Ready to Move,,False
13500000.0,953.0,2.0,2,1,"Sector 1, HSR Layout",3.0,18.0,Semi Furnished,Unknown,12.0,Ready to Move,,False
17800000.0,1490.0,3.0,2,1,"Bommenahalli, Bengaluru",15.0,18.0,Unfurnished,North,1.0,Ready to Move,,False
10000000.0,1099.0,2.0,2,1,"Chikkagubbi Village, Bengaluru",4.0,4.0,Unfurnished,South,1.0,Ready to Move,,False
31000000.0,1960.0,3.0,3,1,"Nallurhalli, Whitefield",18.0,41.0,Unfurnished,East,,Upcoming,2028-12-01,True
22500000.0,1820.0,3.0,3,1,"Budigere Cross, Bengaluru",9.0,27.0,Semi Furnished,North,8.0,Ready to Move,,False
20000000.0,1499.0,3.0,3,1,"Jigala, Bengaluru",7.0,34.0,Unfurnished,West,1.0,Ready to Move,,False
6000000.0,1204.0,2.0,2,0,"Thyvakanahally, Bengaluru",1.0,4.0,Semi Furnished,West,10.0,Ready to Move,,False
32500000.0,1655.0,3.0,3,2,"Shabhari Nagar, Sahakara Nagar",14.0,14.0,Fully Furnished,West,4.0,Ready to Move,,False
100500000.0,3190.0,4.0,4,1,"Mahantara Lay Out, Kempegowda Nagar",10.0,18.0,Unfurnished,North,7.0,Ready to Move,,False
7800000.0,1399.0,3.0,3,1,"Phase I, Electronic City",3.0,4.0,Semi Furnished,North,2.0,Ready to Move,,False
17000000.0,1199.0,2.0,2,1,"Jakkur, Bengaluru",6.0,14.0,Unfurnished,West,1.0,Ready to Move,,False
16800000.0,1361.0,2.0,2,1,"Devasthanagalu, Varthur",8.0,26.0,Semi Furnished,East,4.0,Ready to Move,,False
10900000.0,1345.0,2.0,2,1,"Seegehalli, Whitefield - Hoskote Road, K R Puram",3.0,4.0,Semi Furnished,North,9.0,Ready to Move,,False
29000000.0,1950.0,3.0,3,1,"P&T Layout, Thanisandra",24.0,27.0,Semi Furnished,East,3.0,Ready to Move,,False
16900000.0,1204.0,2.0,2,1,"Phase 2, Electronic City Phase 2",8.0,9.0,Semi Furnished,East,6.0,Ready to Move,,False
15000000.0,1560.0,3.0,3,1,"Mahaveer Varna Whitefield, Kannamangala - Whitefield Hoskote Road",0.0,4.0,Semi Furnished,East,12.0,Ready to Move,,False
8900000.0,904.0,2.0,2,1,"Sampigehalli, Bengaluru",2.0,9.0,Semi Furnished,North,1.0,Ready to Move,,False
19000000.0,1800.0,3.0,3,3,"Sonam Layout, Visthar",10.0,19.0,Unfurnished,Unknown,,Upcoming,2028-12-01,True
27000000.0,1900.0,3.0,3,1,"P&T Layout, Thanisandra",5.0,27.0,Semi Furnished,West,9.0,Ready to Move,,False
13500000.0,1012.0,2.0,2,1,"Balagere, Bengaluru",8.0,13.0,Semi Furnished,East,1.0,Ready to Move,,False
6800000.0,1225.0,3.0,3,2,"Channasandra Layout, Srinivaspura",2.0,5.0,Semi Furnished,East,11.0,Ready to Move,,False
8200000.0,723.0,2.0,2,1,"Gummanahalli, Bengaluru",6.0,29.0,Unfurnished,North,,Upcoming,2026-12-31,True
52500000.0,3739.0,4.0,4,2,"Chikkabana Halli, Bengaluru",0.0,36.0,Unfurnished,East,,Ready to Move,,False
6500000.0,1033.0,2.0,2,1,"Kambipura, Bengaluru",9.0,12.0,Semi Furnished,Unknown,7.0,Ready to Move,,False
19200000.0,1650.0,3.0,3,1,"Kannuru, Bengaluru",4.0,14.0,Unfurnished,East,,Upcoming,2028-03-31,True
11000000.0,1300.0,2.0,2,1,"AECS C Block, Begur",3.0,12.0,Semi Furnished,East,15.0,Ready to Move,,False
23000000.0,1629.0,3.0,3,1,"Hanumanthappa Layout, Kyalasanahalli",7.0,19.0,Semi Furnished,North,7.0,Ready to Move,,False
15400000.0,1728.0,3.0,3,1,"Electronic City, Bengaluru",12.0,14.0,Semi Furnished,North,10.0,Ready to Move,,False
41000000.0,2462.0,4.5,4,1,"Akshaya Vana, Begur",10.0,25.0,Semi Furnished,East,5.0,Ready to Move,,False
12600000.0,1237.0,2.0,2,1,"Vittasandra, Bengaluru",2.0,4.0,Semi Furnished,South,11.0,Ready to Move,,False
6500000.0,1082.0,3.0,2,1,"Kambipura, Bengaluru",6.0,12.0,Semi Furnished,East,9.0,Ready to Move,,False
13500000.0,1027.0,2.0,2,1,"Anchepalya, Bengaluru",15.0,30.0,Semi Furnished,North,5.0,Ready to Move,,False
25500000.0,2100.0,3.5,3,1,"Chikkakannalli, Bengaluru",6.0,25.0,Unfurnished,Unknown,,Upcoming,2030-09-01,True
12000000.0,867.0,2.0,2,1,"Uttarahalli -Manavarthekaval, Bengaluru",10.0,17.0,Semi Furnished,West,1.0,Ready to Move,,False
23100000.0,1583.0,3.0,3,1,"Spice Garden Layout, Munnekollal",7.0,9.0,Semi Furnished,East,14.0,Ready to Move,,False
24000000.0,1665.0,3.0,3,2,"Gunjur Village, Bengaluru",8.0,26.0,Semi Furnished,Unknown,6.0,Ready to Move,,False
6801000.000000001,1068.0,2.0,2,1,"Glass Factory Layout, Electronic City",2.0,5.0,Unfurnished,East,8.0,Ready to Move,,False
15000000.0,1060.0,2.0,2,1,"Gummanahalli, Bengaluru",15.0,21.0,Unfurnished,Unknown,1.0,Ready to Move,,False
18300000.0,1000.0,2.0,2,1,"Venugopal Reddy Layout, Arakere",5.0,19.0,Semi Furnished,East,2.0,Ready to Move,,False
25000000.0,1898.0,3.5,4,1,"V. Kallahalli, Bengaluru",8.0,30.0,Unfurnished,West,1.0,Ready to Move,,False
16500000.0,1285.0,2.0,2,1,"Jyotipuram, Bengaluru",21.0,28.0,Unfurnished,West,,Upcoming,2026-08-10,True
8400000.0,1347.0,3.0,2,1,"Sompura, Bengaluru",1.0,11.0,Semi Furnished,Unknown,11.0,Ready to Move,,False
11100000.000000002,1170.0,2.0,2,1,"Veer Sandra, Electronic City",5.0,15.0,Semi Furnished,North,8.0,Ready to Move,,False
17700000.0,1236.0,2.0,2,1,"Akshaya Vana, Begur",1.0,19.0,Semi Furnished,East,6.0,Ready to Move,,False
45000000.0,1700.0,3.0,3,2,"Stage 3, Indira Nagar",2.0,5.0,Semi Furnished,Unknown,3.0,Ready to Move,,False
7200000.0,784.0,2.0,2,1,"Sree Narayana Nagar, Chikkadunnasandra",1.0,5.0,Semi Furnished,East,3.0,Ready to Move,,False
19400000.0,1173.0,2.0,2,1,"Eastwood Township, Harlur",6.0,20.0,Semi Furnished,East,8.0,Ready to Move,,False
17500000.0,1495.0,3.0,2,1,"RV Vidyaniketan, Mailasandra",6.0,13.0,Fully Furnished,East,2.0,Ready to Move,,False
31400000.0,1589.0,3.0,2,1,"Hongasandra, Bengaluru",20.0,21.0,Semi Furnished,South,9.0,Ready to Move,,False
9000000.0,934.0,2.0,2,2,"Budigere Cross, Bengaluru",5.0,18.0,Semi Furnished,Unknown,6.0,Ready to Move,,False
9500000.0,955.0,2.0,2,1,"Bidare Agraha, Bengaluru",3.0,7.0,Semi Furnished,South,2.0,Ready to Move,,False
28500000.0,1919.0,3.0,3,2,"Varsova Layout, Kaggadasapura",1.0,4.0,Semi Furnished,Unknown,11.0,Ready to Move,,False
11000000.0,1239.0,2.0,2,1,"Alpine Viva, K R Puram",3.0,16.0,Semi Furnished,Unknown,9.0,Ready to Move,,False
24500000.0,1547.0,2.0,2,1,"Hosapalya, Kudlu Gate",3.0,22.0,Semi Furnished,West,7.0,Ready to Move,,False
7900000.0,1333.0,2.0,2,1,"Munnekollal, Bengaluru",2.0,6.0,Unfurnished,North,1.0,Ready to Move,,False
8500000.0,1043.0,3.0,2,1,"Gummanahalli, Bengaluru",16.0,23.0,Unfurnished,Unknown,1.0,Ready to Move,,False
24900000.000000004,1472.0,3.0,2,1,"Ramanjaneyanagar, Chikkalasandra",13.0,25.0,Unfurnished,Unknown,1.0,Ready to Move,,False
11800000.0,1250.0,2.0,2,2,"Silver Springs Layout, Munnekollal",2.0,5.0,Unfurnished,South,13.0,Ready to Move,,False
8100000.0,1229.0,3.0,3,1,"Hennagara, Bommasandra",8.0,12.0,Semi Furnished,West,9.0,Ready to Move,,False
11500000.0,965.0,2.0,2,1,"Aishwarya Crystal Layout, Begur",15.0,18.0,Semi Furnished,Unknown,1.0,Ready to Move,,False
30000000.0,960.0,2.0,2,1,"Sanjeevini Nagar, Bengaluru",6.0,6.0,Semi Furnished,South,26.0,Ready to Move,,False
50000000.0,3373.0,4.0,4,2,"Dodsworth Layout, Whitefield",2.0,4.0,Semi Furnished,Unknown,15.0,Ready to Move,,False
11000000.0,1074.0,2.0,2,1,"Kammasandra, Electronic City",7.0,13.0,Semi Furnished,West,6.0,Ready to Move,,False
13000000.0,970.0,2.0,2,1,"Sarjapur, Bengaluru",10.0,28.0,Unfurnished,East,,Ready to Move,,False
12500000.0,1351.0,3.0,3,1,"Budigere Cross, Bengaluru",4.0,19.0,Semi Furnished,South,6.0,Ready to Move,,False
28000000.0,1960.0,3.0,4,2,"Nallurhalli, Whitefield",23.0,37.0,Unfurnished,Unknown,,Upcoming,2026-06-25,True
18300000.0,1000.0,2.0,2,1,"Sahakara Nagar, Bengaluru",2.0,10.0,Unfurnished,North,2.0,Ready to Move,,False
11000000.0,981.0,2.0,2,0,"G Muniyappa Garden, Cox Town",2.0,4.0,Semi Furnished,Unknown,7.0,Ready to Move,,False
13000000.0,1401.0,3.0,2,1,"Gummanahalli, Bengaluru",3.0,22.0,Semi Furnished,Unknown,2.0,Ready to Move,,False
19600000.0,1323.0,2.0,2,1,"Sri Balaji Krupa Layout, R.K. Hegde Nagar",24.0,33.0,Unfurnished,North,2.0,Ready to Move,,False
7800000.0,639.0,1.0,1,1,"Sarjapur, Bengaluru",15.0,28.0,Unfurnished,West,,Ready to Move,,False
22500000.0,1750.0,3.0,3,1,"EPIP Zone, Brookefield",8.0,8.0,Semi Furnished,North,15.0,Ready to Move,,False
7120000.0,1315.0,2.0,2,1,"BEML Cooperative Society Layout, Bengaluru",6.0,8.0,Semi Furnished,West,12.0,Ready to Move,,False
18500000.0,1280.0,2.0,2,1,"Kariyammana Agrahara, Bellandur",6.0,14.0,Semi Furnished,West,6.0,Ready to Move,,False
9325000.0,1380.0,3.0,2,0,"Kodigehalli, K R Puram",,,Fully Furnished,Unknown,4.0,Ready to Move,,False
25000000.0,2349.0,3.0,3,1,"Kuvempu Layout, Visthar",20.0,32.0,Semi Furnished,North,11.0,Ready to Move,,False
27500000.0,1665.0,3.0,3,1,"Glen Classic, Devinagar",15.0,18.0,Unfurnished,East,5.0,Ready to Move,,False
19000000.0,1600.0,3.0,3,1,"Devasthanagalu, Varthur",4.0,27.0,Semi Furnished,East,4.0,Ready to Move,,False
21200000.0,1368.0,2.0,2,1,"Ambedkar Nagar, Whitefield",14.0,14.0,Semi Furnished,North,11.0,Ready to Move,,False
8100000.0,750.0,2.0,2,1,"Yelachanayakanapura, Bengaluru",3.0,12.0,Fully Furnished,East,,Ready to Move,,False
19000000.0,1100.0,2.0,2,1,"Classic Orchids Layout, Kalena Agrahara",10.0,18.0,Semi Furnished,Unknown,6.0,Ready to Move,,False
8300000.0,1331.0,2.0,2,1,"Madagondanahalli, Electronic City",1.0,7.0,Semi Furnished,South,7.0,Ready to Move,,False
16500000.0,1204.0,3.0,3,1,"Chikkakannalli, Bengaluru",18.0,28.0,Unfurnished,West,1.0,Ready to Move,,False
41500000.0,2130.0,3.0,3,1,"Seetharampalya, Hoodi",8.0,14.0,Unfurnished,East,7.0,Ready to Move,,False
29000000.0,2479.0,3.0,4,2,"Vyalikaval HBCS Layout, Nagavara",9.0,14.0,Semi Furnished,South,15.0,Ready to Move,,False
8500000.0,1362.0,2.0,2,1,"Subramanyapura, Bengaluru",1.0,5.0,Semi Furnished,West,6.0,Ready to Move,,False
7000000.0,756.0,2.0,2,1,"Devasthanagalu, Varthur",0.0,5.0,Semi Furnished,West,10.0,Ready to Move,,False
5850000.0,875.0,2.0,2,1,"Shanthi Pura, Electronic City Phase 2",3.0,7.0,Unfurnished,West,10.0,Ready to Move,,False
42000000.0,3700.0,4.0,5,3,"Shinivagalu Tank Bed Layout, Koramangala",4.0,6.0,Semi Furnished,Unknown,8.0,Ready to Move,,False
12000000.0,999.0,2.0,2,1,"Chikkakannalli, Bengaluru",18.0,24.0,Semi Furnished,Unknown,,Upcoming,2027-02-01,True
9900000.0,1429.0,3.0,3,0,"Samethanahalli, Bengaluru",7.0,10.0,Fully Furnished,East,11.0,Ready to Move,,False
18000000.0,1323.0,2.0,2,1,"Sri Balaji Krupa Layout, R.K. Hegde Nagar",28.0,34.0,Unfurnished,North,1.0,Ready to Move,,False
15700000.0,1295.0,3.0,2,1,"Kyalasanahalli, Bengaluru",4.0,16.0,Semi Furnished,East,4.0,Ready to Move,,False
30000000.0,1765.0,3.0,3,2,"Vidhya Jyothi Nagar, Hongasandra",19.0,19.0,Fully Furnished,West,7.0,Ready to Move,,False
21600000.0,1493.0,2.0,2,1,"Chikkabana Halli, Bengaluru",1.0,35.0,Unfurnished,North-East,,Ready to Move,,False
9600000.0,837.0,2.0,2,1,"Medahalli, Bengaluru",8.0,27.0,Unfurnished,East,1.0,Ready to Move,,False
11000000.0,1026.0,2.5,2,1,"Gummanahalli, Bengaluru",20.0,21.0,Unfurnished,Unknown,,Upcoming,2028-05-01,True
9900000.0,1044.0,2.0,2,1,"Kammasandra, Electronic City",9.0,10.0,Semi Furnished,East,7.0,Ready to Move,,False
14000000.0,1100.0,2.0,2,1,"Iblur Village, Bellandur",1.0,4.0,Semi Furnished,Unknown,10.0,Ready to Move,,False
7500000.0,1100.0,2.0,2,0,"CQAL Layout, Sahakara Nagar",5.0,11.0,Semi Furnished,Unknown,26.0,Ready to Move,,False
26800000.0,1729.0,3.0,3,1,"Basavanna Nagar, Whitefield",10.0,13.0,Semi Furnished,West,6.0,Ready to Move,,False
19500000.0,1600.0,3.0,3,1,"OMBR Layout, Banaswadi",1.0,4.0,Semi Furnished,North,2.0,Ready to Move,,False
9700000.0,1150.0,2.0,2,2,"RR Layout, Padmanabhanagar",1.0,4.0,Fully Furnished,Unknown,3.0,Ready to Move,,False
10000000.0,1600.0,3.0,3,2,"OMBR Layout, Banaswadi",1.0,5.0,Semi Furnished,Unknown,10.0,Ready to Move,,False
56000000.0,2250.0,3.5,3,2,"Gopalapura, Binnipete",27.0,37.0,Semi Furnished,West,7.0,Ready to Move,,False
28000000.0,2039.0,3.0,3,1,"Chikkabana Halli, Bengaluru",7.0,13.0,Unfurnished,East,,Ready to Move,,False
25500000.0,1819.0,3.0,3,1,"Nallurhalli, Whitefield",18.0,38.0,Unfurnished,East,,Upcoming,2026-06-25,True
59500000.0,2747.0,3.0,4,1,"Basavanna Nagar, K R Puram",23.0,31.0,Semi Furnished,West,,Upcoming,2026-09-11,True
12000000.0,1299.0,2.0,2,1,"Gollahalli, Electronic City",13.0,14.0,Semi Furnished,North,9.0,Ready to Move,,False
7500000.0,1125.0,2.0,2,1,"Janatha Colony, Chikkanagamangala",3.0,4.0,Unfurnished,Unknown,2.0,Ready to Move,,False
25000000.0,1629.0,3.0,3,1,"Dommasandra, Bengaluru",23.0,32.0,Unfurnished,East,,Ready to Move,,False
50000000.0,2024.0,3.0,3,2,"Basavanna Nagar, K R Puram",22.0,31.0,Semi Furnished,East,,Upcoming,2029-09-30,True
22000000.0,1665.0,3.0,3,1,"Dommasandra, Bengaluru",23.0,32.0,Unfurnished,West,,Ready to Move,,False
22000000.0,1629.0,3.0,3,1,"Dommasandra, Bengaluru",7.0,32.0,Unfurnished,East,,Ready to Move,,False
21000000.0,1641.0,3.0,3,1,"Dommasandra, Bengaluru",16.0,32.0,Unfurnished,East,,Ready to Move,,False
13300000.0,1275.0,2.0,2,0,"Bhoganhalli, Bengaluru",1.0,5.0,Semi Furnished,Unknown,10.0,Ready to Move,,False
32000000.0,1750.0,3.0,3,1,"Thomas Town, Cooke Town",3.0,3.0,Semi Furnished,South,30.0,Ready to Move,,False
21000000.0,1387.0,3.0,2,1,"Dommasandra, Bengaluru",16.0,32.0,Unfurnished,East,,Ready to Move,,False
16500000.0,1750.0,3.5,2,1,"Kuvempu Layout, Visthar",1.0,14.0,Semi Furnished,North,11.0,Ready to Move,,False
8200000.0,950.0,2.0,2,1,"Sompura, Bengaluru",4.0,4.0,Semi Furnished,Unknown,6.0,Ready to Move,,False
13300000.0,1462.0,2.0,2,1,"Nimbekaipura, Bengaluru",4.0,4.0,Semi Furnished,West,3.0,Ready to Move,,False
9500000.0,955.0,2.0,2,1,"Bidare Agraha, Bengaluru",7.0,7.0,Semi Furnished,East,2.0,Ready to Move,,False
8000000.0,464.0,1.0,1,1,"Uttarahalli -Manavarthekaval, Bengaluru",5.0,15.0,Semi Furnished,North,1.0,Ready to Move,,False
14000000.0,991.0,2.0,2,1,"Phase I, Electronic City",10.0,21.0,Semi Furnished,South,3.0,Ready to Move,,False
13000000.0,1111.0,2.0,2,1,"Chikkakannalli, Bengaluru",10.0,27.0,Unfurnished,East,,Ready to Move,,False
7500000.0,1419.0,3.0,2,1,"V S Reddy Colony, Kadugodi",3.0,4.0,Semi Furnished,East,10.0,Ready to Move,,False
18000000.0,1638.0,3.0,3,0,"Yamare, Bengaluru",4.0,4.0,Unfurnished,Unknown,,Ready to Move,,False
14800000.0,1273.0,3.0,3,1,"Aishwarya Crystal Layout, Begur",9.0,28.0,Unfurnished,East,1.0,Ready to Move,,False
13000000.0,944.0,2.0,2,1,"V. Kallahalli, Bengaluru",1.0,32.0,Semi Furnished,East,,Ready to Move,,False
8900000.0,1054.0,2.0,2,1,"Bommasandra Industrial Area, Bommasandra",4.0,13.0,Semi Furnished,East,4.0,Ready to Move,,False
19000000.0,1674.0,3.0,3,1,"Devasthanagalu, Varthur",5.0,23.0,Semi Furnished,Unknown,5.0,Ready to Move,,False
12800000.0,1389.0,2.0,2,1,"Bharath Housing Society Layout, Subramanyapura",12.0,13.0,Semi Furnished,Unknown,8.0,Ready to Move,,False
40000000.0,1800.0,3.0,3,1,"Inasappa Layout, Kammanahalli",16.0,22.0,Semi Furnished,West,4.0,Ready to Move,,False
10500000.0,906.0,2.0,2,1,"Boovanahalli, Bengaluru",10.0,11.0,Unfurnished,West,,Ready to Move,,False
20400000.0,1248.0,2.0,2,1,"Classic Orchids Layout, Kalena Agrahara",12.0,21.0,Unfurnished,Unknown,,Upcoming,2026-08-19,True
9800000.0,1210.0,2.0,2,1,"Kumbena Agrahara, K R Puram",2.0,4.0,Semi Furnished,West,4.0,Ready to Move,,False
21500000.0,1629.0,3.0,3,1,"Dommasandra, Bengaluru",8.0,32.0,Unfurnished,East,,Ready to Move,,False
11500000.0,1116.0,2.0,2,1,"Rajiv Gandhi Nagar, HSR Layout",1.0,3.0,Fully Furnished,North,11.0,Ready to Move,,False
8900000.0,934.0,2.0,2,1,"Budigere Cross, Bengaluru",4.0,19.0,Semi Furnished,North,3.0,Ready to Move,,False
11600000.0,1225.0,3.0,2,1,"Budigere Cross, Bengaluru",9.0,19.0,Semi Furnished,Unknown,7.0,Ready to Move,,False
13500000.0,1069.0,2.0,2,3,"Devasthanagalu, Varthur",25.0,26.0,Semi Furnished,East,4.0,Ready to Move,,False
9500000.0,650.0,1.0,1,1,"Chikkabana Halli, Bengaluru",14.0,32.0,Unfurnished,North,,Ready to Move,,False
7900000.0,943.0,2.0,2,2,"Sarjapur, Bengaluru",,,Unfurnished,East,,Upcoming,2026-09-24,True
5700000.0,875.0,2.0,2,1,"Phase I, Electronic City",2.0,8.0,Unfurnished,West,10.0,Ready to Move,,False
35000000.0,2565.0,3.0,3,1,"Balaji Layout, Cooke Town",2.0,4.0,Semi Furnished,East,4.0,Ready to Move,,False
19500000.0,1551.0,3.0,3,2,"P&T Layout, Thanisandra",1.0,15.0,Semi Furnished,West,9.0,Ready to Move,,False
25000000.0,1870.0,3.0,3,2,"Nallurhalli, Whitefield",9.0,18.0,Unfurnished,West,,Upcoming,2026-12-01,True
19400000.0,1173.0,2.0,2,1,"Eastwood Township, Harlur",9.0,20.0,Semi Furnished,East,9.0,Ready to Move,,False
10800000.0,1307.0,2.0,2,1,"Shikaripalya, Electronic City",1.0,12.0,Semi Furnished,West,12.0,Ready to Move,,False
7600000.0,949.0,2.0,2,0,"Sompura, Bengaluru",3.0,4.0,Semi Furnished,North,6.0,Ready to Move,,False
6000000.0,510.0,1.0,1,1,"Boodihal, Bengaluru",9.0,13.0,Semi Furnished,East,2.0,Ready to Move,,False
9000000.0,1200.0,2.0,2,1,"AECS C Block, Begur",7.0,7.0,Semi Furnished,North,13.0,Ready to Move,,False
27000000.0,1771.0,3.0,3,1,"Jyotipuram, Bengaluru",1.0,26.0,Unfurnished,East,1.0,Ready to Move,,False
12600000.0,1507.0,3.0,2,1,"Ecolife Elements Of Nature, Balagere",2.0,10.0,Semi Furnished,West,7.0,Ready to Move,,False
48500000.0,2500.0,4.0,4,2,"Agrahara Dasarahalli, Rajajinagar",15.0,31.0,Unfurnished,East,,Ready to Move,,False
8900000.0,885.0,2.0,2,1,"Chaithanya Samarth, Bommenahalli",9.0,14.0,Unfurnished,East,1.0,Ready to Move,,False
8500000.0,1366.0,2.0,2,2,"Subramanyapura, Bengaluru",1.0,5.0,Semi Furnished,West,6.0,Ready to Move,,False
9200000.0,974.0,2.0,2,1,"Gummanahalli, Bengaluru",14.0,20.0,Unfurnished,West,,Upcoming,2026-12-01,True
14000000.0,1059.0,2.0,2,1,"P&T Layout, Thanisandra",22.0,33.0,Semi Furnished,East,3.0,Ready to Move,,False
27500000.0,1865.0,3.5,3,1,"Yadavanahalli, Bengaluru",33.0,33.0,Unfurnished,North,2.0,Ready to Move,,False
8400000.0,1090.0,2.0,2,2,"Pragathi Nagar, Basapura",1.0,4.0,Semi Furnished,North,8.0,Ready to Move,,False
8600000.0,1300.0,3.0,2,1,"Kengeri Satellite Town, Bengaluru",2.0,5.0,Semi Furnished,East,10.0,Ready to Move,,False
28000000.0,1748.0,3.0,3,1,"Akshaya Vana, Begur",17.0,21.0,Semi Furnished,East,6.0,Ready to Move,,False
7600000.0,517.0,1.0,1,1,"Gummanahalli, Bengaluru",5.0,21.0,Semi Furnished,North,3.0,Ready to Move,,False
15000000.0,1308.0,2.0,2,2,"Phase 2, Electronic City Phase 2",10.0,13.0,Unfurnished,North,,Upcoming,2026-08-02,True
17000000.0,1561.0,3.0,3,1,"Gummanahalli, Bengaluru",18.0,23.0,Unfurnished,Unknown,1.0,Ready to Move,,False
16000000.0,1317.0,3.0,3,1,"Anekal, Bengaluru",7.0,14.0,Unfurnished,West,,Upcoming,2026-09-15,True
15500000.0,1282.0,2.0,2,1,"Pragathi Nagar, Basapura",4.0,12.0,Fully Furnished,East,13.0,Ready to Move,,False
53000000.0,2550.0,3.0,3,2,"Kariyammana Agrahara, Bellandur",0.0,14.0,Semi Furnished,East,12.0,Ready to Move,,False
11000000.0,1555.0,3.0,3,1,"Judicial Layout 2nd Phase, Talaghattapura",2.0,4.0,Semi Furnished,East,13.0,Ready to Move,,False
12900000.0,1000.0,2.0,2,1,"Balagere, Bengaluru",10.0,14.0,Unfurnished,Unknown,1.0,Ready to Move,,False
9000000.0,800.0,2.0,2,1,"Chaithanya Samarth, Bommenahalli",14.0,15.0,Unfurnished,West,1.0,Ready to Move,,False
26000000.0,1501.0,3.0,3,2,"HAL 2nd Stage, Indira Nagar",5.0,6.0,Fully Furnished,Unknown,26.0,Ready to Move,,False
5700000.0,1014.0,2.0,2,1,"BEML Cooperative Society Layout, Bengaluru",1.0,5.0,Unfurnished,North,,Ready to Move,,False
8100000.0,1074.0,2.0,2,1,"Sathya Sai Layout, Whitefield",3.0,4.0,Semi Furnished,East,2.0,Ready to Move,,False
5700000.0,521.0,1.0,1,1,"Gummanahalli, Bengaluru",7.0,21.0,Semi Furnished,Unknown,1.0,Ready to Move,,False
13000000.0,1056.0,2.0,2,1,"DLF Newtown, Akshayanagar",2.0,5.0,Semi Furnished,East,2.0,Ready to Move,,False
9089000.0,905.0,2.0,2,0,"Devanahalli, Bengaluru",9.0,12.0,Unfurnished,Unknown,,Ready to Move,,False
13000000.0,1180.0,2.0,2,1,"Plumeria, Kaggalipura",8.0,8.0,Fully Furnished,East,8.0,Ready to Move,,False
25600000.0,1380.0,2.0,2,1,"Bhoganhalli, Bengaluru",6.0,16.0,Semi Furnished,North,9.0,Ready to Move,,False
25500000.0,1380.0,2.0,2,1,"Bhoganhalli, Bengaluru",5.0,16.0,Semi Furnished,North,9.0,Ready to Move,,False
7000000.0,580.0,2.0,2,1,"Gummanahalli, Bengaluru",2.0,20.0,Unfurnished,West,,Ready to Move,,False
26500000.0,2292.0,3.0,3,3,"Silver Springs Layout, Munnekollal",4.0,4.0,Semi Furnished,West,12.0,Ready to Move,,False
32000000.0,1800.0,3.0,3,2,"Hadosiddapura, Carmelaram",7.0,18.0,Unfurnished,Unknown,3.0,Ready to Move,,False
7020000.0,1080.0,2.0,2,1,"1st Block, Bangalore City Municipal Corporation Layout",1.0,4.0,Semi Furnished,West,,Upcoming,2026-06-28,True
8250000.0,890.0,3.0,2,1,"Kacharakanahalli,Bisnahalli, Bengaluru",1.0,5.0,Semi Furnished,Unknown,3.0,Ready to Move,,False
28000000.0,2100.0,3.0,3,3,"Raghuvanahalli, Subramanyapura",2.0,14.0,Semi Furnished,East,1.0,Ready to Move,,False
13600000.000000002,1164.0,2.0,2,1,"Medahalli, Bengaluru",1.0,28.0,Semi Furnished,East,1.0,Ready to Move,,False
9000000.0,1074.0,2.5,2,1,"Shriram Surabhi, Mallasandra",1.0,8.0,Semi Furnished,Unknown,12.0,Ready to Move,,False
7770000.0,1010.0,2.0,2,0,"Sarjapur, Bengaluru",7.0,8.0,Unfurnished,East,,Ready to Move,,False
11000000.0,657.0,1.0,1,1,"Nallurhalli, Whitefield",12.0,29.0,Unfurnished,East,,Upcoming,2027-12-01,True
30000000.0,1851.0,3.0,3,1,"Hosapalya, Kudlu Gate",3.0,22.0,Semi Furnished,West,7.0,Ready to Move,,False
17100000.0,1387.0,2.0,2,1,"Dommasandra, Bengaluru",15.0,30.0,Unfurnished,East,1.0,Ready to Move,,False
15800000.0,1336.0,3.0,2,1,"Medahalli, Bengaluru",25.0,27.0,Unfurnished,Unknown,1.0,Ready to Move,,False
9800000.0,1080.0,2.0,2,1,"Boodihal, Bengaluru",1.0,8.0,Fully Furnished,West,8.0,Ready to Move,,False
24700000.000000004,1750.0,3.0,3,1,"Ardendale, Kannamangala - Whitefield Hoskote Road",23.0,23.0,Unfurnished,East,,Ready to Move,,False
12700000.0,1375.0,3.0,2,1,"Shetty Halli, Jalahalli West",7.0,16.0,Semi Furnished,Unknown,10.0,Ready to Move,,False
35500000.0,2650.0,4.0,4,2,"Stage 1, BTM Layout",2.0,19.0,Semi Furnished,Unknown,16.0,Ready to Move,,False
30000000.0,1851.0,3.0,2,1,"Hosapalya, Kudlu Gate",3.0,22.0,Semi Furnished,East,7.0,Ready to Move,,False
19000000.0,1530.0,3.0,2,2,"Narasimha Reddy Layout, GB Palya",4.0,10.0,Semi Furnished,Unknown,5.0,Ready to Move,,False
5600000.0,883.0,2.0,2,1,"Kambipura, Bengaluru",6.0,12.0,Semi Furnished,Unknown,6.0,Ready to Move,,False
23500000.0,1937.0,3.5,3,1,"Markandhaiha Nagar, Agrahara Layout",18.0,33.0,Fully Furnished,East,11.0,Ready to Move,,False
17500000.0,1397.0,2.0,2,1,"Dommasandra, Bengaluru",15.0,30.0,Unfurnished,North,1.0,Ready to Move,,False
11000000.0,1160.0,2.0,2,1,"East Of NGEF Layout, Kasturi Nagar",2.0,5.0,Semi Furnished,North,4.0,Ready to Move,,False
6200000.0,870.0,2.0,2,1,"Buragunte, B.Hosahalli",2.0,9.0,Unfurnished,North,,Ready to Move,,False
12000000.0,1135.0,2.0,2,1,"Kammasandra, Electronic City",2.0,13.0,Semi Furnished,East,6.0,Ready to Move,,False
5499000.0,521.0,1.0,1,1,"Gummanahalli, Bengaluru",4.0,20.0,Unfurnished,East,1.0,Ready to Move,,False
26000000.0,1839.0,3.0,3,1,"Chikkabana Halli, Bengaluru",6.0,14.0,Unfurnished,West,,Ready to Move,,False
9850000.0,935.0,2.0,2,1,"Kodigehalli, Whitefield",9.0,9.0,Semi Furnished,North,8.0,Ready to Move,,False
31500000.0,1846.0,3.0,3,1,"Chikkabana Halli, Bengaluru",15.0,35.0,Unfurnished,East,,Ready to Move,,False
19400000.0,1173.0,2.0,2,1,"Eastwood Township, Harlur",11.0,20.0,Semi Furnished,East,9.0,Ready to Move,,False
11000000.0,1003.0,2.0,2,2,"Phase 5, Chikkanayakanahalli, Choodasandra",6.0,21.0,Unfurnished,Unknown,,Upcoming,2026-07-31,True
21000000.0,1386.0,3.0,3,1,"Dommasandra, Bengaluru",18.0,30.0,Unfurnished,East,1.0,Ready to Move,,False
11500000.0,851.0,2.0,2,1,"Yadavanahalli, Bengaluru",16.0,33.0,Unfurnished,West,1.0,Ready to Move,,False
9000000.0,800.0,2.0,2,1,"Boovanahalli, Bengaluru",16.0,18.0,Fully Furnished,West,1.0,Ready to Move,,False
5600000.0,689.0,2.0,2,1,"Kengeri Satellite Town, Bengaluru",6.0,11.0,Semi Furnished,South,4.0,Ready to Move,,False
8500000.0,1302.0,2.0,2,2,"Subramanyapura, Bengaluru",2.0,5.0,Semi Furnished,West,10.0,Ready to Move,,False
8000000.0,520.0,1.0,1,2,"Anchepalya, Bengaluru",23.0,30.0,Semi Furnished,Unknown,5.0,Ready to Move,,False
9800000.0,974.0,2.0,2,1,"Parkway Homes, Rayasandra",7.0,19.0,Semi Furnished,West,6.0,Ready to Move,,False
14500000.0,736.0,2.0,2,1,"Uttarahalli -Manavarthekaval, Bengaluru",6.0,15.0,Semi Furnished,Unknown,1.0,Ready to Move,,False
9000000.0,998.0,2.0,2,1,"Sree Narayana Nagar, Chikkadunnasandra",3.0,4.0,Semi Furnished,East,2.0,Ready to Move,,False
8500000.0,1075.0,2.0,2,2,"Parappana Agrahara, Bengaluru",2.0,3.0,Semi Furnished,North,,Ready to Move,,False
32200000.000000004,2067.0,3.0,3,1,"Green Glen Layout, Bellandur",4.0,10.0,Semi Furnished,West,19.0,Ready to Move,,False
49500000.0,3000.0,4.0,3,3,"Sahakara Nagar, Bengaluru",6.0,10.0,Unfurnished,North,2.0,Ready to Move,,False
13799999.999999998,1270.0,2.0,2,1,"Phase I, Electronic City",3.0,14.0,Semi Furnished,East,10.0,Ready to Move,,False
8700000.0,1068.0,2.0,2,2,"Sree Narayana Nagar, Kadagrahara",2.0,4.0,Semi Furnished,West,2.0,Ready to Move,,False
27000000.0,1676.0,3.0,3,1,"Dommasandra, Bengaluru",11.0,17.0,Unfurnished,North,,Upcoming,2030-08-01,True
8100000.0,1250.0,2.0,2,1,"Kumbena Agrahara, Kadugodi",3.0,4.0,Semi Furnished,West,5.0,Ready to Move,,False
13000000.0,1230.0,2.0,2,1,"Bommenahalli, Bengaluru",15.0,18.0,Unfurnished,Unknown,,Ready to Move,,False
16900000.0,1360.0,3.0,2,2,"Devasthanagalu, Varthur",23.0,26.0,Semi Furnished,Unknown,4.0,Ready to Move,,False
39500000.0,2132.0,3.0,3,1,"Ranganatha Colony, Jagajeevanram Nagar",26.0,33.0,Unfurnished,East,,Upcoming,2026-12-31,True
17000000.0,1650.0,3.0,3,1,"Boodihal, Bengaluru",6.0,7.0,Semi Furnished,Unknown,5.0,Ready to Move,,False
15400000.0,1275.0,3.0,3,1,"Shivanahalli 2nd Stage, Nehru Nagar",4.0,12.0,Unfurnished,East,,Upcoming,2027-08-01,True
12100000.0,1204.0,2.0,2,1,"Rachenahalli, Thanisandra",6.0,15.0,Semi Furnished,East,2.0,Ready to Move,,False
21300000.0,1649.0,3.0,3,1,"Kuvempu Layout, Visthar",11.0,13.0,Semi Furnished,East,3.0,Ready to Move,,False
11000000.0,981.0,2.0,2,1,"Belathur, K R Puram",9.0,27.0,Unfurnished,West,,Ready to Move,,False
24500000.0,1342.0,2.0,2,1,"Classic Orchids Layout, Kalena Agrahara",16.0,16.0,Semi Furnished,West,3.0,Ready to Move,,False
14900000.0,1210.0,2.0,2,2,"Sompura, Bengaluru",4.0,9.0,Semi Furnished,East,3.0,Ready to Move,,False
6200000.0,987.0,2.0,2,0,"Hoskote, Bengaluru",1.0,4.0,Semi Furnished,East,2.0,Ready to Move,,False
9900000.0,1268.0,2.0,2,1,"Kaverappa Layout, Panathur",1.0,4.0,Semi Furnished,West,10.0,Ready to Move,,False
13500000.0,1119.0,2.0,2,1,"Nallurhalli, Whitefield",10.0,11.0,Semi Furnished,West,8.0,Ready to Move,,False
11000000.0,1160.0,2.0,2,1,"Gollahalli, Electronic City",5.0,12.0,Semi Furnished,East,7.0,Ready to Move,,False
7300000.0,1315.0,2.0,2,1,"BEML Cooperative Society Layout, Bengaluru",5.0,7.0,Semi Furnished,West,8.0,Ready to Move,,False
11900000.0,1027.0,2.0,2,1,"Doddathoguru, Electronic City",2.0,4.0,Semi Furnished,East,9.0,Ready to Move,,False
34000000.0,1855.0,3.0,3,2,"Chikkabana Halli, Bengaluru",13.0,43.0,Unfurnished,North-East,,Ready to Move,,False
23000000.0,2024.0,3.0,3,2,"Sannatammanahalli, Battarahalli",13.0,38.0,Semi Furnished,North,7.0,Ready to Move,,False
57500000.0,5080.0,4.0,4,4,"Siddapura, Whitefield",8.0,15.0,Fully Furnished,East,9.0,Ready to Move,,False
13000000.0,1415.0,3.0,3,1,"Gummanahalli, Bengaluru",17.0,21.0,Unfurnished,West,,Upcoming,2028-09-01,True
8500000.0,1305.0,2.0,2,1,"Subramanyapura, Bengaluru",2.0,5.0,Semi Furnished,West,10.0,Ready to Move,,False
21000000.0,1760.0,3.0,3,1,"P&T Layout, Thanisandra",24.0,33.0,Semi Furnished,Unknown,4.0,Ready to Move,,False
12800000.0,1172.0,2.0,2,1,"Kaggalipura, Bengaluru",0.0,8.0,Semi Furnished,East,7.0,Ready to Move,,False
210000000.0,8945.0,5.0,6,0,"Hebbal, Bengaluru",4.0,21.0,Semi Furnished,East,3.0,Ready to Move,,False
5500000.0,530.0,1.0,1,0,"Gummanahalli, Bengaluru",7.0,16.0,Unfurnished,East,,Upcoming,2029-06-01,True
25000000.0,1675.0,3.0,3,1,"Sri Balaji Krupa Layout, R.K. Hegde Nagar",27.0,34.0,Unfurnished,West,3.0,Ready to Move,,False
13000000.0,1379.0,3.0,2,1,"Belathur, K R Puram",1.0,3.0,Fully Furnished,North,1.0,Ready to Move,,False
30000000.0,1800.0,3.0,3,1,"NN Farm Layout, Sanjaynagar",2.0,4.0,Semi Furnished,East,4.0,Ready to Move,,False
12400000.0,1250.0,2.0,2,1,"Nagondanahalli, Bengaluru",3.0,4.0,Semi Furnished,North,3.0,Ready to Move,,False
10500000.0,1400.0,3.0,3,1,"Dena Bank Colony, Ganganagar",2.0,4.0,Semi Furnished,North,25.0,Ready to Move,,False
13300000.0,1186.0,2.0,2,1,"Gunjur Palya, Bengaluru",4.0,15.0,Unfurnished,West,,Ready to Move,,False
6801000.000000001,1068.0,2.0,2,1,"Glass Factory Layout, Electronic City",2.0,5.0,Unfurnished,Unknown,8.0,Ready to Move,,False
14000000.0,1422.0,3.0,3,1,"Thirumalashettyhally, Bengaluru",4.0,14.0,Fully Furnished,East,2.0,Ready to Move,,False
14200000.0,1800.0,3.0,3,1,"Duo Marvel Layout, Anantapura",1.0,4.0,Semi Furnished,North,10.0,Ready to Move,,False
24800000.0,1850.0,3.0,3,1,"Lakedew Residency- Phase 2, Harlur",3.0,11.0,Semi Furnished,North,4.0,Ready to Move,,False
17900000.0,1540.0,3.0,2,1,"Devasthanagalu, Varthur",2.0,26.0,Semi Furnished,West,5.0,Ready to Move,,False
16200000.000000002,1704.0,3.0,3,1,"Ambedkar Nagar, Whitefield",8.0,8.0,Semi Furnished,East,10.0,Ready to Move,,False
27500000.0,1910.0,3.5,3,3,"Silver Springs Layout, Munnekollal",4.0,4.0,Semi Furnished,Unknown,16.0,Ready to Move,,False
7600000.0,1000.0,2.0,2,1,"Sorahunase, Bengaluru",3.0,5.0,Semi Furnished,North,7.0,Ready to Move,,False
10000000.0,1024.0,2.0,2,1,"Kodigehalli, Whitefield",2.0,9.0,Semi Furnished,Unknown,6.0,Ready to Move,,False
8000000.0,640.0,1.0,1,1,"Sarjapur, Bengaluru",10.0,28.0,Unfurnished,East,,Ready to Move,,False
9200000.0,1215.0,2.0,2,1,"Hemmigepura Ward 198, RR Nagar",1.0,4.0,Semi Furnished,North,8.0,Ready to Move,,False
25500000.0,1465.0,2.5,2,1,"Eastwood Township, Harlur",18.0,24.0,Semi Furnished,Unknown,6.0,Ready to Move,,False
9500000.0,1150.0,2.0,2,1,"Nandi Woods, Tejaswini Nagar",3.0,5.0,Semi Furnished,South,8.0,Ready to Move,,False
12300000.0,1508.0,3.0,3,1,"Shikaripalya, Electronic City",3.0,12.0,Semi Furnished,East,9.0,Ready to Move,,False
14100000.0,964.0,2.0,2,1,"Aishwarya Crystal Layout, Begur",1.0,20.0,Unfurnished,East,1.0,Ready to Move,,False
5880000.0,1066.0,2.0,2,1,"BEML Cooperative Society Layout, Bengaluru",1.0,5.0,Unfurnished,North,1.0,Ready to Move,,False
8700000.0,1344.0,3.0,2,2,"DNA Eden View, Whitefield",4.0,4.0,Semi Furnished,Unknown,12.0,Ready to Move,,False
18400000.0,1546.0,3.0,3,1,"Phase I, Electronic City",19.0,24.0,Unfurnished,East,,Ready to Move,,False
12500000.0,1700.0,3.0,3,1,"AECS C Block, Begur",1.0,7.0,Semi Furnished,East,13.0,Ready to Move,,False
14200000.0,1517.0,3.0,3,1,"Rayasandra, Bengaluru",1.0,4.0,Semi Furnished,Unknown,10.0,Ready to Move,,False
16399999.999999998,1422.0,3.0,3,1,"Chikkakannalli, Bengaluru",12.0,14.0,Unfurnished,East,6.0,Ready to Move,,False
21900000.0,1300.0,2.0,2,1,"Ilyas Nagar, Kumaraswamy Layout",15.0,19.0,Semi Furnished,East,4.0,Ready to Move,,False
27599999.999999996,1684.0,3.0,3,2,"Vinayaka Extension, Nayandahalli",2.0,8.0,Semi Furnished,Unknown,4.0,Ready to Move,,False
43000000.0,6400.0,10.0,10,0,"Venkataswara Layout, Munnekollal",5.0,5.0,Semi Furnished,East,,Ready to Move,,False
19000000.0,1917.0,3.0,3,1,"Navarathna Agrahara, Bengaluru",16.0,26.0,Semi Furnished,Unknown,5.0,Ready to Move,,False
6600000.0,927.0,2.0,2,1,"Hennagara, Bommasandra",2.0,8.0,Semi Furnished,East,9.0,Ready to Move,,False
25000000.0,1460.0,3.0,3,1,"Thigala Chowdadenahalli, Bengaluru",7.0,14.0,Unfurnished,East,,Upcoming,2028-12-01,True
28500000.0,2100.0,3.0,3,1,"Richmond Town, Bengaluru",1.0,5.0,Semi Furnished,East,20.0,Ready to Move,,False
29500000.0,1760.0,3.0,3,1,"Binny Pete, Jagajeevanram Nagar",9.0,33.0,Semi Furnished,North,3.0,Ready to Move,,False
9500000.0,1277.0,2.0,2,1,"Kattanallur, Katamnallur",4.0,5.0,Unfurnished,East,1.0,Ready to Move,,False
28500000.0,1500.0,3.0,3,1,"Hosapalya, Kudlu Gate",3.0,22.0,Semi Furnished,East,7.0,Ready to Move,,False
20600000.0,1272.0,3.0,3,1,"Aishwarya Crystal Layout, Begur",7.0,18.0,Unfurnished,South,1.0,Ready to Move,,False
19000000.0,1446.0,3.0,3,1,"Anekal, Bengaluru",13.0,33.0,Unfurnished,East,,Upcoming,2026-08-27,True
19000000.0,1050.0,2.0,2,2,"1A Block, Koramangala",0.0,7.0,Semi Furnished,Unknown,12.0,Ready to Move,,False
6200000.0,883.0,2.0,2,1,"Kambipura, Bengaluru",8.0,12.0,Semi Furnished,Unknown,10.0,Ready to Move,,False
15300000.0,1240.0,2.0,2,1,"Konappana Agrahara, Electronic City",21.0,22.0,Semi Furnished,West,2.0,Ready to Move,,False
13899999.999999998,1108.0,2.0,2,1,"Dodsworth Layout, Whitefield",1.0,4.0,Unfurnished,East,,Ready to Move,,False
25500000.0,1851.0,3.5,4,1,"Dommasandra, Bengaluru",19.0,30.0,Unfurnished,West,,Ready to Move,,False
14600000.0,1128.0,2.0,2,1,"Phase I, Electronic City",17.0,19.0,Semi Furnished,West,8.0,Ready to Move,,False
17800000.0,1276.0,3.0,3,1,"Gummanahalli, Bengaluru",16.0,21.0,Unfurnished,North,3.0,Ready to Move,,False
13000000.0,1273.0,3.0,3,1,"Aishwarya Crystal Layout, Begur",18.0,18.0,Semi Furnished,Unknown,2.0,Ready to Move,,False
8500000.0,950.0,2.0,2,1,"Plumeria, Kaggalipura",1.0,9.0,Semi Furnished,East,8.0,Ready to Move,,False
15000000.0,1200.0,3.0,3,1,"Hadosiddapura, Carmelaram",2.0,14.0,Semi Furnished,North,9.0,Ready to Move,,False
25500000.0,1500.0,3.0,3,2,"Stage 3, Indira Nagar",5.0,6.0,Fully Furnished,Unknown,26.0,Ready to Move,,False
21000000.0,1786.0,3.0,3,0,"Kodathi, Bengaluru",,,Unfurnished,Unknown,,Upcoming,2027-06-01,True
5500000.0,681.0,2.0,1,1,"Kacharakanahalli,Bisnahalli, Bengaluru",2.0,5.0,Semi Furnished,Unknown,3.0,Ready to Move,,False
27500000.0,1650.0,3.0,3,2,"Stage 3, Indira Nagar",2.0,3.0,Semi Furnished,Unknown,8.0,Ready to Move,,False
5600000.0,900.0,3.0,3,1,"Attibele, Bengaluru",8.0,15.0,Unfurnished,Unknown,1.0,Ready to Move,,False
28000000.0,1817.0,3.0,3,2,"Vijay Nagar, Whitefield",10.0,18.0,Unfurnished,East,,Upcoming,2026-06-25,True
13000000.0,1245.0,3.0,2,0,"Kacharakanahalli,Bisnahalli, Bengaluru",2.0,8.0,Semi Furnished,Unknown,1.0,Ready to Move,,False
13300000.0,1461.0,2.0,2,1,"Nimbekaipura, Bengaluru",4.0,4.0,Semi Furnished,West,3.0,Ready to Move,,False
25500000.0,1591.0,3.0,3,1,"Akshaya Vana, Begur",6.0,19.0,Unfurnished,Unknown,5.0,Ready to Move,,False
17000000.0,1307.0,2.0,2,1,"Doddakannelli, Bengaluru",12.0,13.0,Semi Furnished,North,6.0,Ready to Move,,False
8500000.0,900.0,2.0,2,1,"AECS Layout, Sanjaynagar",3.0,3.0,Semi Furnished,Unknown,15.0,Ready to Move,,False
17600000.0,1645.0,3.0,2,1,"K R Puram, Bengaluru",3.0,14.0,Semi Furnished,East,6.0,Ready to Move,,False
16200000.000000002,600.0,2.0,2,1,"Venkatala II Division, Yelahanka",6.0,7.0,Unfurnished,Unknown,,Upcoming,2031-04-03,True
32599999.999999996,2307.0,3.0,3,1,"Gattahalli, Bengaluru",2.0,4.0,Unfurnished,North,,Ready to Move,,False
11700000.0,855.0,1.0,1,1,"Raghuvanahalli, Subramanyapura",5.0,14.0,Unfurnished,South,1.0,Ready to Move,,False
17900000.0,1361.0,3.0,2,1,"V. Kallahalli, Bengaluru",8.0,30.0,Unfurnished,North,1.0,Ready to Move,,False
23000000.0,1641.0,3.0,3,1,"Dommasandra, Bengaluru",,,Unfurnished,Unknown,,Upcoming,2026-07-15,True
7000000.0,632.0,1.0,1,1,"Aishwarya Crystal Layout, Begur",18.0,18.0,Unfurnished,East,,Ready to Move,,False
17500000.0,1955.0,3.0,3,2,"Seegehalli, K R Puram",3.0,5.0,Semi Furnished,East,3.0,Ready to Move,,False
15000000.0,1630.0,3.0,3,1,"ITI Employees Housing Colony, Dooravani Nagar",2.0,4.0,Semi Furnished,North,1.0,Ready to Move,,False
5950000.0,1022.0,2.0,2,1,"Horamavu, Bengaluru",2.0,5.0,Semi Furnished,West,13.0,Ready to Move,,False
15500000.0,1196.0,2.5,2,1,"Doddathoguru, Electronic City",4.0,4.0,Semi Furnished,East,,Ready to Move,,False
19000000.0,1279.0,2.0,2,1,"Sri Balaji Krupa Layout, R.K. Hegde Nagar",,,Unfurnished,East,,Ready to Move,,False
24500000.0,1540.0,3.0,2,1,"Sarjapur, Bengaluru",14.0,19.0,Semi Furnished,East,5.0,Ready to Move,,False
19000000.0,1599.0,3.0,3,1,"Devasthanagalu, Varthur",4.0,27.0,Semi Furnished,East,4.0,Ready to Move,,False
6200000.0,978.0,2.0,2,1,"S.Bingipura, Bengaluru",1.0,15.0,Unfurnished,East,,Upcoming,2028-01-01,True
24000000.0,1930.0,3.0,3,2,"Kanakapura, Bengaluru",2.0,18.0,Semi Furnished,East,,Upcoming,2026-08-14,True
8499000.0,970.0,3.0,3,1,"Gummanahalli, Bengaluru",15.0,20.0,Unfurnished,East,,Ready to Move,,False
15600000.0,1585.0,3.0,3,1,"Bidare Agraha, Bengaluru",1.0,11.0,Semi Furnished,Unknown,5.0,Ready to Move,,False
8000000.0,1085.0,2.0,2,1,"Shirdi Sai Baba Nagar, Munnekollal",2.0,4.0,Semi Furnished,West,10.0,Ready to Move,,False
21000000.0,2400.0,3.0,3,2,"Block 3, HMT Layout",2.0,3.0,Semi Furnished,East,5.0,Ready to Move,,False
10800000.0,1084.0,2.0,2,1,"Bollineni Silas, K R Puram",3.0,13.0,Semi Furnished,South,6.0,Ready to Move,,False
21000000.0,1470.0,2.0,2,1,"Bellandur, Bengaluru",1.0,3.0,Semi Furnished,East,21.0,Ready to Move,,False
23000000.0,1775.0,3.0,3,1,"Gandhi Nagar, Munnekollal",8.0,9.0,Semi Furnished,East,15.0,Ready to Move,,False
15000000.0,1273.0,3.0,2,1,"Aishwarya Crystal Layout, Begur",17.0,18.0,Unfurnished,Unknown,1.0,Ready to Move,,False
30000000.0,1800.0,3.0,3,2,"Sri Balaji Krupa Layout, R.K. Hegde Nagar",7.0,31.0,Unfurnished,East,,Ready to Move,,False
11000000.0,744.0,2.0,2,1,"Choodasandra, Bengaluru",6.0,13.0,Unfurnished,East,,Ready to Move,,False
29000000.0,1855.0,3.0,3,1,"Nallurhalli, Whitefield",15.0,35.0,Unfurnished,Unknown,,Upcoming,2027-12-15,True
10500000.0,1512.0,3.0,3,1,"Mallenahalli, Bidaraguppe",6.0,6.0,Unfurnished,East,,Upcoming,2027-04-30,True
23500000.0,3200.0,8.0,8,2,"Nanjundaiah Layout, Devarachikkana Halli",1.0,4.0,Semi Furnished,West,5.0,Ready to Move,,False
8500000.0,1365.0,2.0,2,1,"Subramanyapura, Bengaluru",2.0,5.0,Semi Furnished,West,6.0,Ready to Move,,False
22000000.0,1500.0,3.0,3,1,"Lords Steps Layout, Panathur",18.0,20.0,Unfurnished,Unknown,,Upcoming,2029-12-01,True
16000000.0,1545.0,3.0,3,1,"Chambenahalli, Bengaluru",13.0,22.0,Semi Furnished,Unknown,1.0,Ready to Move,,False
12000000.0,1117.0,2.0,2,1,"Kambipura, Bengaluru",3.0,18.0,Semi Furnished,West,7.0,Ready to Move,,False
35400000.0,2308.0,4.0,4,2,"Devasthanagalu, Varthur",5.0,31.0,Unfurnished,East,,Upcoming,2027-05-01,True
24100000.0,2380.0,4.0,3,1,"Channasandra Layout, Srinivaspura",9.0,12.0,Unfurnished,East,1.0,Ready to Move,,False
7000000.0,615.0,1.0,1,1,"Aishwarya Crystal Layout, Begur",6.0,18.0,Unfurnished,Unknown,1.0,Ready to Move,,False
14500000.0,1471.0,3.0,3,2,"Vayunandana Layout, Hebbal Kempapura",1.0,4.0,Semi Furnished,West,14.0,Ready to Move,,False
7800000.0,1032.0,2.0,2,1,"Seegehalli, Whitefield - Hoskote Road, K R Puram",3.0,5.0,Semi Furnished,East,2.0,Ready to Move,,False
12000000.0,1200.0,3.0,2,1,"Yelahanka, Bengaluru",0.0,4.0,Semi Furnished,West,2.0,Ready to Move,,False
35500000.0,2565.0,3.0,3,1,"Thomas Town, Cooke Town",2.0,4.0,Semi Furnished,North,10.0,Ready to Move,,False
14000000.0,1335.0,2.0,2,1,"Thambu Chetty Palya, Battarahalli",10.0,30.0,Unfurnished,East,1.0,Ready to Move,,False
85000000.0,3400.0,5.0,5,2,"Kariyammana Agrahara, Bellandur",5.0,14.0,Semi Furnished,North,11.0,Ready to Move,,False
36100000.0,2530.0,4.0,4,2,"Chikkabana Halli, Bengaluru",28.0,42.0,Unfurnished,East,,Ready to Move,,False
17500000.0,1599.0,3.0,3,1,"Bollineni Silas, K R Puram",2.0,13.0,Semi Furnished,East,6.0,Ready to Move,,False
22000000.0,1765.0,3.0,3,1,"Budigere, Bengaluru",13.0,18.0,Unfurnished,East,,Ready to Move,,False
13400000.0,1205.0,2.0,2,1,"Devasthanagalu, Varthur",10.0,23.0,Semi Furnished,East,5.0,Ready to Move,,False
6200000.0,944.0,3.0,3,2,"Sree Narayana Nagar, Kadagrahara",2.0,4.0,Semi Furnished,East,4.0,Ready to Move,,False
6600000.0,675.0,2.0,2,2,"Koralur, Samethanahalli",2.0,9.0,Semi Furnished,East,1.0,Ready to Move,,False
16299999.999999998,1215.0,1.0,2,2,"Gunjur Village, Bengaluru",2.0,28.0,Semi Furnished,East,7.0,Ready to Move,,False
7500000.0,572.0,1.0,1,1,"Uttarahalli -Manavarthekaval, Bengaluru",14.0,14.0,Semi Furnished,West,1.0,Ready to Move,,False
18900000.0,1491.0,3.0,2,1,"Choodasandra, Bengaluru",2.0,4.0,Fully Furnished,East,,Ready to Move,,False
7400000.0,952.0,2.0,2,1,"Boovanahalli, Bengaluru",19.0,19.0,Semi Furnished,Unknown,2.0,Ready to Move,,False
25500000.0,1865.0,3.0,3,1,"Sarjapur, Bengaluru",26.0,30.0,Semi Furnished,West,1.0,Ready to Move,,False
10700000.0,970.0,2.0,2,1,"Sarjapur, Bengaluru",24.0,28.0,Unfurnished,East,,Ready to Move,,False
6000000.0,721.0,1.0,1,1,"Chambenahalli, Bengaluru",19.0,22.0,Semi Furnished,Unknown,1.0,Ready to Move,,False
9600000.0,1010.0,2.0,2,1,"Bommasandra Industrial Area, Electronic City",8.0,9.0,Unfurnished,North,,Upcoming,2027-11-15,True
9500000.0,1400.0,3.0,3,1,"Ramanashree California Gardens Layout, Bengaluru",3.0,4.0,Semi Furnished,Unknown,3.0,Ready to Move,,False
14000000.0,1426.0,3.0,2,1,"Nehru Nagar, Bengaluru",3.0,5.0,Fully Furnished,East,1.0,Ready to Move,,False
25000000.0,2349.0,3.0,2,1,"Kuvempu Layout, Visthar",20.0,32.0,Semi Furnished,North,11.0,Ready to Move,,False
8000000.0,665.0,1.0,1,1,"Sarjapur, Bengaluru",25.0,28.0,Unfurnished,North,1.0,Ready to Move,,False
6400000.0,883.0,2.0,2,2,"Kambipura, Bengaluru",12.0,12.0,Semi Furnished,East,7.0,Ready to Move,,False
13300000.0,1531.0,3.0,3,1,"Belathur, K R Puram",3.0,4.0,Semi Furnished,East,10.0,Ready to Move,,False
35000000.0,3698.0,4.0,5,2,"Sarvagnanagar, Bengaluru",4.0,6.0,Semi Furnished,North,18.0,Ready to Move,,False
25000000.0,1839.0,3.0,3,1,"Chikkabana Halli, Bengaluru",9.0,13.0,Unfurnished,East,,Ready to Move,,False
20500000.0,2120.0,3.0,4,1,"Brookefield, Bengaluru",6.0,11.0,Semi Furnished,East,17.0,Ready to Move,,False
15600000.0,1544.0,3.0,2,1,"Gunjur, Bengaluru",3.0,24.0,Semi Furnished,West,2.0,Ready to Move,,False
34000000.0,1655.0,3.0,3,1,"Shabhari Nagar, Sahakara Nagar",11.0,14.0,Fully Furnished,East,3.0,Ready to Move,,False
9500000.0,1282.0,2.0,2,1,"Madagondanahalli, Electronic City",4.0,4.0,Semi Furnished,Unknown,6.0,Ready to Move,,False
17500000.0,1250.0,3.0,3,2,"Phase I, Electronic City",10.0,14.0,Semi Furnished,West,6.0,Ready to Move,,False
12000000.0,940.0,2.0,2,1,"Sarjapur, Bengaluru",12.0,28.0,Unfurnished,East,1.0,Ready to Move,,False
18900000.0,1108.0,2.0,2,1,"Classic Orchids Layout, Kalena Agrahara",12.0,16.0,Semi Furnished,West,2.0,Ready to Move,,False
7498999.999999999,600.0,2.0,2,1,"Gummanahalli, Bengaluru",7.0,20.0,Semi Furnished,East,1.0,Ready to Move,,False
11500000.0,1114.0,3.0,3,1,"Chambenahalli, Bengaluru",10.0,22.0,Semi Furnished,Unknown,1.0,Ready to Move,,False
23000000.0,1918.0,3.0,3,1,"Navarathna Agrahara, Bengaluru",11.0,26.0,Semi Furnished,East,8.0,Ready to Move,,False
30000000.0,1918.0,3.0,3,1,"Binny Pete, Jagajeevanram Nagar",15.0,32.0,Unfurnished,East,1.0,Ready to Move,,False
11500000.0,1525.0,3.0,3,1,"Chowdeshwari Layout, Marathahalli",1.0,5.0,Semi Furnished,East,7.0,Ready to Move,,False
18000000.0,1498.0,3.0,3,0,"Aishwarya Crystal Layout, Begur",14.0,18.0,Unfurnished,West,,Ready to Move,,False
15300000.0,1143.0,2.0,2,1,"Suma Dhura Eden Garden, Chikkabana Halli",9.0,16.0,Semi Furnished,East,3.0,Ready to Move,,False
23000000.0,1748.0,3.0,3,1,"Mallasandra, Bengaluru",8.0,16.0,Unfurnished,South,,Upcoming,2026-04-29,True
15800000.0,1230.0,2.0,2,1,"Hanumanthappa Layout, Kyalasanahalli",17.0,19.0,Semi Furnished,Unknown,7.0,Ready to Move,,False
27300000.0,1997.0,3.0,3,1,"Manayata Tech Park, Thanisandra",4.0,27.0,Semi Furnished,West,9.0,Ready to Move,,False
8500000.0,1304.0,2.0,2,1,"Subramanyapura, Bengaluru",2.0,5.0,Semi Furnished,East,10.0,Ready to Move,,False
62500000.0,3300.0,4.5,4,2,"Venugopal Reddy Layout, Arakere",1.0,25.0,Semi Furnished,East,7.0,Ready to Move,,False
39800000.0,2200.0,4.0,4,2,"Lords Steps Layout, Panathur",6.0,18.0,Unfurnished,North,1.0,Ready to Move,,False
11000000.0,1149.0,2.0,2,1,"Kaverappa Layout, Kadubeesanahalli",1.0,4.0,Semi Furnished,West,9.0,Ready to Move,,False
13000000.0,1030.0,2.0,2,1,"Industrial Layout, Kudlu Gate",3.0,9.0,Semi Furnished,East,11.0,Ready to Move,,False
6990000.000000001,616.0,1.0,1,1,"Halasahalli, Bengaluru",14.0,16.0,Semi Furnished,East,2.0,Ready to Move,,False
23000000.0,1865.0,3.0,3,1,"Dommasandra, Bengaluru",2.0,30.0,Unfurnished,East,3.0,Ready to Move,,False
7500000.0,650.0,2.0,2,1,"Samethanahalli, Bengaluru",3.0,9.0,Semi Furnished,East,1.0,Ready to Move,,False
30000000.0,2130.0,4.0,4,2,"Phase 2, Whitefield",10.0,18.0,Unfurnished,West,1.0,Ready to Move,,False
4900000.0,933.0,2.0,2,1,"Jigani, Bengaluru",2.0,12.0,Semi Furnished,East,10.0,Ready to Move,,False
22000000.0,1729.0,3.0,3,1,"EPIP Zone, Brookefield",9.0,9.0,Semi Furnished,East,14.0,Ready to Move,,False
30000000.0,1856.0,3.0,3,1,"Eastwood Township, Harlur",9.0,10.0,Unfurnished,East,,Ready to Move,,False
7900000.0,1000.0,2.0,2,1,"Seegehalli, Whitefield - Hoskote Road, K R Puram",3.0,4.0,Unfurnished,East,2.0,Ready to Move,,False
18000000.0,1290.0,2.0,2,2,"Ranganatha Colony, Jagajeevanram Nagar",23.0,31.0,Semi Furnished,North,7.0,Ready to Move,,False
28500000.0,1827.0,3.0,3,1,"Varthur, Bengaluru",9.0,26.0,Semi Furnished,East,2.0,Ready to Move,,False
13500000.0,1360.0,3.0,3,1,"Choodasandra, Bengaluru",3.0,19.0,Semi Furnished,North,2.0,Ready to Move,,False
30000000.0,1850.0,3.0,3,1,"Hosapalya, Kudlu Gate",3.0,22.0,Semi Furnished,East,7.0,Ready to Move,,False
9800000.0,975.0,2.0,2,1,"Parkway Homes, Rayasandra",7.0,19.0,Semi Furnished,West,7.0,Ready to Move,,False
9050000.0,1043.0,3.0,2,1,"Gummanahalli, Bengaluru",7.0,25.0,Unfurnished,East,1.0,Ready to Move,,False
24500000.0,1864.0,3.0,3,1,"Dommasandra, Bengaluru",18.0,28.0,Unfurnished,Unknown,1.0,Ready to Move,,False
20500000.0,1664.0,3.0,3,1,"Dommasandra, Bengaluru",17.0,28.0,Unfurnished,Unknown,1.0,Ready to Move,,False
36000000.0,1976.0,3.0,3,1,"MV Garden, Halasuru",1.0,4.0,Semi Furnished,South,20.0,Ready to Move,,False
7400000.0,952.0,2.0,2,1,"Boovanahalli, Bengaluru",18.0,19.0,Semi Furnished,Unknown,1.0,Ready to Move,,False
21900000.0,1426.0,3.0,3,1,"Anchepalya, Bengaluru",19.0,24.0,Semi Furnished,North,5.0,Ready to Move,,False
15400000.0,1154.0,3.0,3,1,"South Avenue Layout, Gottigere",7.0,14.0,Unfurnished,East,,Upcoming,2026-08-19,True
51000000.0,3500.0,3.0,3,4,"Sathya Sai Layout, Whitefield",26.0,27.0,Semi Furnished,East,,Ready to Move,,False
43000000.0,4111.0,4.0,4,4,"Sathya Sai Layout, Whitefield",9.0,27.0,Semi Furnished,Unknown,8.0,Ready to Move,,False
17900000.0,1541.0,3.0,2,1,"Devasthanagalu, Varthur",2.0,26.0,Semi Furnished,West,4.0,Ready to Move,,False
11399999.999999998,1261.0,3.0,2,1,"Shriram Sameeksha, Singapura",6.0,7.0,Semi Furnished,East,7.0,Ready to Move,,False
19500000.0,1749.0,3.0,3,1,"Mallasandra, Hosakote, Bengaluru",4.0,20.0,Unfurnished,North,,Upcoming,2026-04-08,True
16600000.0,1096.0,2.0,2,1,"Varthur, Bengaluru",10.0,28.0,Semi Furnished,Unknown,2.0,Ready to Move,,False
6350000.0,690.0,1.5,1,1,"Gummanahalli, Bengaluru",15.0,21.0,Unfurnished,Unknown,1.0,Ready to Move,,False
11000000.0,1200.0,3.0,3,1,"Harsha Layout, Kengeri Satellite Town",3.0,8.0,Fully Furnished,North,8.0,Ready to Move,,False
9700000.0,669.0,1.0,1,1,"Sathya Sai Layout, Whitefield",22.0,28.0,Unfurnished,West,,Ready to Move,,False
12500000.0,950.0,3.0,3,1,"Gunjur Palya, Bengaluru",3.0,4.0,Unfurnished,East,1.0,Ready to Move,,False
10000000.0,669.0,1.0,1,1,"Sathya Sai Layout, Whitefield",15.0,28.0,Unfurnished,West,,Ready to Move,,False
84200000.0,4209.0,4.0,4,2,"Kannuru, Bengaluru",7.0,23.0,Semi Furnished,East,4.0,Ready to Move,,False
27500000.0,1858.0,3.0,3,1,"Devasthanagalu, Varthur",10.0,28.0,Unfurnished,East,,Upcoming,2026-06-25,True
9500000.0,1430.0,3.0,2,1,"SBI Bank Colony, Battarahalli",2.0,4.0,Semi Furnished,East,8.0,Ready to Move,,False
8900000.0,1019.0,2.0,2,1,"Shriram Sameeksha, Singapura",4.0,7.0,Semi Furnished,North,7.0,Ready to Move,,False
27500000.0,1788.0,3.0,3,1,"Divyasree Elan Homes, Bellandur",7.0,9.0,Semi Furnished,East,15.0,Ready to Move,,False
39000000.0,2350.0,4.0,4,1,"Devasthanagalu, Varthur",10.0,18.0,Unfurnished,East,,Upcoming,2027-05-01,True
27500000.0,2100.0,3.0,3,0,"Sector 5, HSR Layout",3.0,4.0,Semi Furnished,East,5.0,Ready to Move,,False
7500000.0,642.0,1.0,1,1,"Sarjapur, Bengaluru",10.0,28.0,Unfurnished,North,3.0,Ready to Move,,False
7500000.0,654.0,1.0,1,1,"Boovanahalli, Bengaluru",2.0,12.0,Semi Furnished,West,,Ready to Move,,False
27700000.0,1465.0,3.0,3,1,"Varthur, Bengaluru",14.0,26.0,Unfurnished,South,,Upcoming,2026-12-25,True
11800000.0,1058.0,2.0,2,1,"Manayata Tech Park, Thanisandra",15.0,23.0,Unfurnished,West,2.0,Ready to Move,,False
7500000.0,1509.0,3.0,2,1,"Yelenahalli, Akshayanagar",2.0,5.0,Semi Furnished,East,11.0,Ready to Move,,False
12500000.0,779.0,2.0,2,1,"Sarjapur, Bengaluru",7.0,29.0,Unfurnished,Unknown,1.0,Ready to Move,,False
7500000.0,608.0,2.0,2,2,"Judicial Layout 2nd Phase, Talaghattapura",7.0,14.0,Semi Furnished,Unknown,3.0,Ready to Move,,False
8800000.0,1275.0,2.0,2,1,"Phase 2, Doddakammanahalli",3.0,6.0,Semi Furnished,West,11.0,Ready to Move,,False
33500000.0,2280.0,4.0,4,2,"Lords Steps Layout, Panathur",8.0,18.0,Unfurnished,Unknown,,Upcoming,2029-12-01,True
20700000.0,1797.0,3.0,3,1,"Chansandra, Bengaluru",0.0,9.0,Unfurnished,East,,Upcoming,2028-02-01,True
13799999.999999998,1230.0,2.0,2,1,"Bommenahalli, Bengaluru",15.0,18.0,Semi Furnished,East,1.0,Ready to Move,,False
25000000.0,1470.0,3.0,3,1,"Eastwood Township, Harlur",18.0,19.0,Semi Furnished,Unknown,7.0,Ready to Move,,False
35600000.0,5400.0,11.0,11,2,"Stage 2, BTM Layout 2nd Stage",1.0,4.0,Semi Furnished,East,5.0,Ready to Move,,False
10800000.0,1236.0,2.0,2,1,"Kattanallur, Sannatammanahalli",14.0,14.0,Semi Furnished,Unknown,3.0,Ready to Move,,False
11200000.000000002,1087.0,2.0,2,1,"Kammasandra, Electronic City",3.0,10.0,Semi Furnished,West,6.0,Ready to Move,,False
26500000.0,1670.0,3.0,3,1,"Adarsh Palm Retreat, Bellandur",6.0,17.0,Semi Furnished,East,1.0,Ready to Move,,False
11600000.0,1224.0,2.0,1,1,"Yelahanka, Bengaluru",1.0,14.0,Semi Furnished,East,10.0,Ready to Move,,False
5880000.0,1066.0,2.0,2,1,"BEML Cooperative Society Layout, Bengaluru",1.0,5.0,Unfurnished,East,1.0,Ready to Move,,False
11900000.0,1045.0,2.0,2,1,"Yelahanka, Bengaluru",10.0,14.0,Semi Furnished,East,5.0,Ready to Move,,False
31000000.0,1850.0,3.0,2,1,"Hosapalya, Kudlu Gate",3.0,21.0,Semi Furnished,East,7.0,Ready to Move,,False
22000000.0,1458.0,3.0,2,1,"Devasthanagalu, Varthur",28.0,33.0,Unfurnished,East,,Ready to Move,,False
13000000.0,1103.0,2.0,2,1,"Chikkakannalli, Bengaluru",8.0,27.0,Unfurnished,West,,Ready to Move,,False
25500000.0,1547.0,2.0,2,1,"Hosapalya, Kudlu Gate",3.0,22.0,Semi Furnished,West,7.0,Ready to Move,,False
10900000.0,1216.0,2.0,2,1,"Sompura, Bengaluru",21.0,32.0,Unfurnished,East,,Upcoming,2027-03-01,True
14500000.0,1289.0,2.0,2,1,"Silver Springs Layout, Munnekollal",3.0,3.0,Unfurnished,Unknown,14.0,Ready to Move,,False
10000000.0,1043.0,3.0,2,5,"Gummanahalli, Bengaluru",,,Semi Furnished,East,1.0,Ready to Move,,False
75000000.0,3300.0,4.0,4,2,"Nanjappa Garden, Horamavu",17.0,18.0,Fully Furnished,North,9.0,Ready to Move,,False
62500000.0,3330.0,4.0,5,2,"Windchimes, Arakere",0.0,25.0,Semi Furnished,North,7.0,Ready to Move,,False
13700000.000000002,1012.0,2.0,2,1,"Balagere, Bengaluru",9.0,14.0,Semi Furnished,West,3.0,Ready to Move,,False
12500000.0,1247.0,3.0,3,1,"Dommasandra, Bengaluru",10.0,12.0,Fully Furnished,Unknown,2.0,Ready to Move,,False
32000000.0,2790.0,4.5,4,4,"4th Phase, JP Nagar",5.0,6.0,Semi Furnished,West,20.0,Ready to Move,,False
12500000.0,1710.0,3.0,2,1,"K R Puram, Bengaluru",2.0,6.0,Semi Furnished,Unknown,11.0,Ready to Move,,False
9000000.0,1175.0,3.0,2,2,"Sri Balaji Krupa Layout, R.K. Hegde Nagar",1.0,4.0,Unfurnished,East,1.0,Ready to Move,,False
5500000.0,673.0,2.0,1,1,"Pragathi Nagar, Basapura",1.0,5.0,Semi Furnished,Unknown,3.0,Ready to Move,,False
26000000.0,1839.0,3.0,3,1,"Phase 2, Whitefield",2.0,14.0,Unfurnished,East,1.0,Ready to Move,,False
16399999.999999998,1408.0,3.0,2,1,"Konadasapura, Bengaluru",7.0,13.0,Semi Furnished,South,7.0,Ready to Move,,False
4200000.0,432.0,1.0,1,1,"Boovanahalli, Bengaluru",16.0,19.0,Semi Furnished,Unknown,1.0,Ready to Move,,False
30000000.0,1846.0,3.0,3,1,"Nallurhalli, Whitefield",19.0,25.0,Unfurnished,North,,Upcoming,2028-06-01,True
34000000.0,2451.0,4.5,4,1,"Nallurhalli, Whitefield",10.0,25.0,Unfurnished,East,,Upcoming,2028-06-01,True
60000000.0,3855.0,4.0,4,2,"Nallurhalli, Whitefield",22.0,25.0,Unfurnished,North,,Upcoming,2028-06-01,True
23000000.0,1450.0,3.0,3,1,"Nallurhalli, Whitefield",15.0,25.0,Unfurnished,East,,Upcoming,2028-06-01,True
23000000.0,1458.0,3.0,3,1,"Nallurhalli, Whitefield",18.0,25.0,Unfurnished,Unknown,,Upcoming,2028-06-01,True
11500000.0,661.0,1.0,1,2,"Lords Steps Layout, Panathur",10.0,18.0,Unfurnished,East,,Upcoming,2026-12-31,True
18600000.0,1450.0,3.0,3,1,"Gunjur Palya, Bengaluru",5.0,25.0,Unfurnished,Unknown,,Upcoming,2030-02-01,True
9900000.0,1210.0,2.0,2,1,"Panathur, Bengaluru",3.0,5.0,Unfurnished,West,,Upcoming,2026-10-30,True
13000000.0,1240.0,2.0,2,1,"Panathur, Bengaluru",2.0,4.0,Semi Furnished,East,8.0,Ready to Move,,False
12900000.0,1010.0,2.0,2,1,"Balagere, Bengaluru",11.0,14.0,Semi Furnished,South,3.0,Ready to Move,,False
6700000.0,1020.0,2.0,2,1,"Essel Gardens, Bengaluru",1.0,4.0,Semi Furnished,West,6.0,Ready to Move,,False
6600000.0,1050.0,2.0,2,1,"Kothnur, Kalena Agrahara",2.0,5.0,Semi Furnished,East,18.0,Ready to Move,,False
23000000.0,1690.0,3.0,3,1,"Lakedew Residency- Phase 2, Harlur",9.0,10.0,Semi Furnished,East,5.0,Ready to Move,,False
11399999.999999998,1260.0,3.0,2,1,"Shriram Sameeksha, Singapura",6.0,7.0,Semi Furnished,East,7.0,Ready to Move,,False
16900000.0,1498.0,3.0,2,1,"Suryanagar, Bommasandra",5.0,22.0,Unfurnished,Unknown,,Upcoming,2027-12-30,True
16000000.0,1400.0,3.0,3,1,"Varthur Hobli, Panathur",2.0,5.0,Unfurnished,East,,Upcoming,2026-08-25,True
9300000.0,1260.0,2.0,2,2,"THE DEFENCE ENCLAVE, Kothanur",1.0,9.0,Semi Furnished,South,12.0,Ready to Move,,False
12400000.0,1288.0,2.0,2,1,"Kattanallur, Sannatammanahalli",11.0,14.0,Semi Furnished,North,2.0,Ready to Move,,False
8100000.0,949.0,2.0,2,1,"Sompura, Bengaluru",4.0,4.0,Semi Furnished,Unknown,6.0,Ready to Move,,False
15500000.0,1334.0,3.0,2,1,"Samethanahalli, Bengaluru",16.0,19.0,Unfurnished,North,,Ready to Move,,False
3550000.0,605.0,1.0,1,1,"Adisonatte Village, Madivala",4.0,5.0,Semi Furnished,North,7.0,Ready to Move,,False
21000000.0,1000.0,2.0,2,1,"Panathur, Bengaluru",8.0,12.0,Unfurnished,Unknown,,Ready to Move,,False
12000000.0,962.0,2.0,2,1,"Aishwarya Crystal Layout, Begur",12.0,18.0,Unfurnished,Unknown,1.0,Ready to Move,,False
14500000.0,1234.0,3.0,2,1,"Sri Balaji Layout, K R Puram",7.0,27.0,Semi Furnished,East,,Ready to Move,,False
21000000.0,1372.0,3.0,2,1,"Ardendale, Kannamangala - Whitefield Hoskote Road",3.0,27.0,Unfurnished,North,,Ready to Move,,False
12500000.0,1674.0,3.0,3,1,"Budigere Cross, Bengaluru",3.0,9.0,Semi Furnished,West,10.0,Ready to Move,,False
19000000.0,1334.0,3.0,2,1,"Samethanahalli, Bengaluru",8.0,18.0,Unfurnished,North,,Ready to Move,,False
6000000.0,1083.0,2.0,2,1,"Varthur, Bengaluru",2.0,5.0,Semi Furnished,West,11.0,Ready to Move,,False
43500000.0,2170.0,3.0,3,1,"Yellappa Chetty Layout, Halasuru",3.0,7.0,Semi Furnished,West,1.0,Ready to Move,,False
29500000.0,1930.0,4.0,3,2,"Kodigehalli, K R Puram",7.0,19.0,Unfurnished,East,,Upcoming,2026-06-25,True
26200000.0,1362.0,3.0,3,1,"Cheemasandra, Bengaluru",8.0,18.0,Unfurnished,Unknown,,Upcoming,2027-12-01,True
16900000.0,1361.0,3.0,2,2,"Devasthanagalu, Varthur",23.0,26.0,Semi Furnished,Unknown,4.0,Ready to Move,,False
19000000.0,1530.0,3.0,2,1,"Maithri Layout, Kadugodi",5.0,13.0,Semi Furnished,West,9.0,Ready to Move,,False
16900000.0,1297.0,2.0,2,1,"Doddakannelli, Bengaluru",5.0,13.0,Semi Furnished,East,2.0,Ready to Move,,False
13899999.999999998,1300.0,2.0,2,1,"Vignana Kendra, Bengaluru",6.0,14.0,Unfurnished,East,12.0,Ready to Move,,False
17600000.0,1628.0,3.0,3,1,"Gunjur Village, Bengaluru",1.0,4.0,Fully Furnished,West,1.0,Ready to Move,,False
5500000.0,900.0,2.0,2,1,"Saptagiri Layout, Hosakerehalli",3.0,4.0,Semi Furnished,North,25.0,Ready to Move,,False
20000000.0,1367.0,3.0,3,1,"Jayanagar Housing Society Layout, Subramanyapura",15.0,18.0,Semi Furnished,East,4.0,Ready to Move,,False
11500000.0,1024.0,2.0,2,1,"Bychapura, Bengaluru",4.0,14.0,Unfurnished,West,,Upcoming,2027-06-01,True
23800000.0,1588.0,3.0,3,1,"Ardendale, Kannamangala - Whitefield Hoskote Road",29.0,29.0,Unfurnished,Unknown,,Ready to Move,,False
26200000.0,1743.0,3.5,3,1,"Cheemasandra, Bengaluru",2.0,18.0,Unfurnished,East,,Upcoming,2027-12-01,True
11500000.0,1114.0,2.0,2,1,"Chambenahalli, Bengaluru",21.0,22.0,Semi Furnished,Unknown,1.0,Ready to Move,,False
12500000.0,1009.0,2.0,2,1,"Manayata Tech Park, Thanisandra",10.0,23.0,Semi Furnished,East,1.0,Ready to Move,,False
23800000.0,1588.0,3.0,3,1,"Ardendale, Kannamangala - Whitefield Hoskote Road",15.0,27.0,Unfurnished,North,,Ready to Move,,False
11700000.0,1000.0,2.0,2,1,"Akshaya Vana, Akshayanagar",3.0,4.0,Semi Furnished,North,3.0,Ready to Move,,False
14500000.0,1275.0,3.0,3,1,"Navarathna Agrahara, Bengaluru",2.0,16.0,Semi Furnished,North,4.0,Ready to Move,,False
20000000.0,1661.0,3.0,3,2,"Pai Layout, Mahadevapura",3.0,9.0,Semi Furnished,North,16.0,Ready to Move,,False
22799999.999999996,1695.0,3.0,3,1,"Kattanallur, Sannatammanahalli",12.0,20.0,Unfurnished,West,1.0,Ready to Move,,False
19700000.0,1839.0,3.0,3,1,"Vignana Kendra, Bengaluru",13.0,17.0,Semi Furnished,Unknown,14.0,Ready to Move,,False
5300000.0,994.0,2.5,2,1,"III Stage, RR Nagar",3.0,5.0,Semi Furnished,West,13.0,Ready to Move,,False
15900000.0,1250.0,3.0,3,1,"Chikkakannalli, Bengaluru",7.0,12.0,Semi Furnished,East,2.0,Ready to Move,,False
10200000.0,678.0,2.0,1,1,"Manayata Tech Park, Thanisandra",10.0,23.0,Unfurnished,East,2.0,Ready to Move,,False
9800000.0,900.0,2.0,2,1,"Judicial Layout 2nd Phase, Talaghattapura",5.0,13.0,Semi Furnished,Unknown,3.0,Ready to Move,,False
6700000.0,1072.0,2.0,2,1,"Samethanahalli, Bengaluru",2.0,11.0,Semi Furnished,North,11.0,Ready to Move,,False
11399999.999999998,1052.0,2.0,2,0,"Suncity Gloria, Carmelaram",1.0,12.0,Semi Furnished,West,8.0,Ready to Move,,False
8250000.0,1065.0,2.0,2,1,"Chikkanagamangala, Bengaluru",,,Semi Furnished,East,4.0,Ready to Move,,False
44000000.0,2050.0,3.0,3,1,"Nagashetty Halli, RMV Extension Stage 2",10.0,28.0,Unfurnished,North,2.0,Ready to Move,,False
12800000.0,1062.0,2.0,2,1,"Hosahalli, Bengaluru",8.0,13.0,Unfurnished,East,1.0,Ready to Move,,False
23000000.0,1917.0,3.0,3,2,"P&T Layout, Thanisandra",11.0,26.0,Semi Furnished,East,7.0,Ready to Move,,False
11700000.0,660.0,1.0,1,1,"Panathur, Bengaluru",12.0,19.0,Unfurnished,East,,Ready to Move,,False
17500000.0,1692.0,3.0,3,3,"P&T Layout, Thanisandra",32.0,32.0,Semi Furnished,North,2.0,Ready to Move,,False
52200000.0,5500.0,10.0,9,3,"Narayan Gowda Layout, BTM Layout",2.0,4.0,Semi Furnished,West,5.0,Ready to Move,,False
10000000.0,905.0,2.0,2,1,"Boovanahalli, Bengaluru",10.0,12.0,Unfurnished,North,,Ready to Move,,False
5900000.0,628.0,1.0,1,1,"Gummanahalli, Bengaluru",12.0,21.0,Unfurnished,North,,Upcoming,2028-09-01,True
7740000.000000001,680.0,2.0,2,1,"Samethanahalli, Bengaluru",1.0,9.0,Semi Furnished,East,1.0,Ready to Move,,False
23400000.0,1791.0,3.0,3,0,"Akshaya Vana, Akshayanagar",12.0,13.0,Unfurnished,East,,Ready to Move,,False
24500000.0,1758.0,3.0,3,1,"Ardendale, Kannamangala - Whitefield Hoskote Road",23.0,23.0,Unfurnished,East,1.0,Ready to Move,,False
26900000.0,1915.0,3.0,3,1,"4th Phase, JP Nagar",2.0,11.0,Semi Furnished,East,16.0,Ready to Move,,False
36500000.0,2244.0,4.5,3,1,"Devasthanagalu, Varthur",30.0,31.0,Unfurnished,East,,Upcoming,2027-05-01,True
29500000.0,1854.0,3.0,3,1,"Nallurhalli, Whitefield",18.0,29.0,Unfurnished,East,,Upcoming,2027-06-01,True
18500000.0,1715.0,3.0,3,2,"Janatha Colony, Carmelaram",6.0,10.0,Semi Furnished,East,9.0,Ready to Move,,False
4600000.0,1200.0,2.0,2,0,"Singapura Paradise, Vidyaranyapura",4.0,4.0,Semi Furnished,West,5.0,Ready to Move,,False
29000000.0,2500.0,4.0,4,2,"Yadavanahalli, Bengaluru",32.0,34.0,Unfurnished,East,,Upcoming,2026-08-25,True
15000000.0,1600.0,3.0,3,1,"Kothnur, JP Nagar",3.0,4.0,Unfurnished,Unknown,1.0,Ready to Move,,False
23600000.0,3525.0,4.0,4,1,"Anandapura, Battarahalli",5.0,5.0,Semi Furnished,East,3.0,Ready to Move,,False
11500000.0,1239.0,2.0,2,1,"Bandapura, Aavalahalli",7.0,9.0,Semi Furnished,West,5.0,Ready to Move,,False
71600000.0,4775.0,5.0,5,2,"Brookefield, Bengaluru",1.0,1.0,Semi Furnished,Unknown,8.0,Ready to Move,,False
9000000.0,1043.0,3.0,3,1,"Gummanahalli, Bengaluru",10.0,21.0,Semi Furnished,Unknown,1.0,Ready to Move,,False
32599999.999999996,2181.0,3.0,3,2,"Sri Balaji Krupa Layout, R.K. Hegde Nagar",26.0,34.0,Unfurnished,Unknown,1.0,Ready to Move,,False
5500000.0,770.0,2.0,2,1,"Attibele, Bengaluru",4.0,14.0,Semi Furnished,Unknown,1.0,Ready to Move,,False
5200000.0,1000.0,2.0,2,1,"BEML Cooperative Society Layout, Bidaraguppe",0.0,7.0,Semi Furnished,North,7.0,Ready to Move,,False
28000000.0,1680.0,3.0,3,2,"Doddakallasandra, Bengaluru",3.0,6.0,Fully Furnished,East,4.0,Ready to Move,,False
18000000.0,1650.0,3.0,3,2,"Hosapalya, Muneshwara Nagar",3.0,5.0,Semi Furnished,North,10.0,Ready to Move,,False
11000000.0,992.0,2.0,2,1,"Belathur, K R Puram",14.0,27.0,Unfurnished,East,,Ready to Move,,False
16000000.0,1277.0,3.0,2,0,"BEML Layout, Bagalur",13.0,21.0,Semi Furnished,Unknown,,Ready to Move,,False
16900000.0,1290.0,2.5,2,1,"P&T Layout, Thanisandra",19.0,32.0,Semi Furnished,West,6.0,Ready to Move,,False
9800000.0,1241.0,2.0,2,1,"Begur, Bengaluru",7.0,8.0,Semi Furnished,East,8.0,Ready to Move,,False
16900000.0,1996.0,3.0,3,1,"Vastu Bhoomi, K R Puram",6.0,11.0,Semi Furnished,East,8.0,Ready to Move,,False
10000000.0,1305.0,2.0,2,1,"Avalahalli, Yelahanka",4.0,13.0,Semi Furnished,West,9.0,Ready to Move,,False
12000000.0,1199.0,3.0,2,1,"Jagajyothi Layout, Gnana Bharathi",1.0,4.0,Semi Furnished,East,3.0,Ready to Move,,False
12800000.0,1062.0,2.0,2,1,"Hosahalli, Bengaluru",,,Unfurnished,East,1.0,Ready to Move,,False
16600000.0,1409.0,3.0,2,1,"Goravigere, Bengaluru",7.0,16.0,Semi Furnished,North,8.0,Ready to Move,,False
10700000.0,1030.0,3.0,2,1,"Koralur, Samethanahalli",8.0,9.0,Unfurnished,North,1.0,Ready to Move,,False
55000000.0,3580.0,4.0,4,2,"Nallurhalli, Whitefield",21.0,41.0,Unfurnished,East,,Upcoming,2028-06-01,True
26800000.0,1695.0,3.0,3,1,"Rammana Layout, Byrathi",17.0,19.0,Semi Furnished,North,5.0,Ready to Move,,False
7500000.0,1211.0,2.0,2,1,"Kaverappa Layout, Kadubeesanahalli",2.0,10.0,Semi Furnished,North,13.0,Ready to Move,,False
17000000.0,1760.0,3.0,2,2,"Saraswathi Nagar, Vijayanagar",3.0,12.0,Fully Furnished,North,13.0,Ready to Move,,False
12000000.0,879.0,2.0,2,1,"Judicial Layout 2nd Phase, Talaghattapura",10.0,14.0,Semi Furnished,North,4.0,Ready to Move,,False
12000000.0,782.0,2.0,2,1,"Gummanahalli, Bengaluru",15.0,21.0,Semi Furnished,West,3.0,Ready to Move,,False
14000000.0,1650.0,2.0,3,1,"EPIP Zone, Brookefield",1.0,8.0,Semi Furnished,East,15.0,Ready to Move,,False
29200000.0,1745.0,3.0,3,1,"DNA Eden View, Whitefield",14.0,18.0,Unfurnished,Unknown,,Ready to Move,,False
7900000.0,1210.0,2.0,2,1,"Akshaya Vana, Akshayanagar",3.0,4.0,Semi Furnished,West,13.0,Ready to Move,,False
11000000.0,1250.0,2.0,2,1,"AECS C Block, Begur",2.0,11.0,Semi Furnished,Unknown,10.0,Ready to Move,,False
26500000.0,1656.0,3.0,3,1,"Phase 2, Whitefield",6.0,14.0,Unfurnished,West,,Upcoming,2027-06-01,True
10500000.0,841.0,2.0,2,1,"Yadavanahalli, Bengaluru",26.0,35.0,Semi Furnished,East,,Ready to Move,,False
13799999.999999998,1501.0,3.0,3,1,"Tatanagar, Devinagar",3.0,4.0,Unfurnished,West,8.0,Ready to Move,,False
23500000.0,1629.0,3.0,3,1,"V. Kallahalli, Bengaluru",28.0,30.0,Unfurnished,East,,Ready to Move,,False
9700000.0,1370.0,3.0,2,1,"Terracon Doctors Enclave, Chandapura",8.0,8.0,Unfurnished,West,,Ready to Move,,False
11100000.000000002,625.0,2.0,2,1,"Thirumalashettyhally, Bengaluru",8.0,18.0,Unfurnished,North,,Upcoming,2028-09-01,True
12500000.0,1059.0,2.0,2,1,"Samethanahalli, Bengaluru",7.0,19.0,Unfurnished,East,,Ready to Move,,False
26000000.0,1760.0,3.0,3,1,"Nallurhalli, Whitefield",7.0,14.0,Unfurnished,East,,Upcoming,2028-06-01,True
7900000.0,641.0,1.0,1,1,"Sarjapur, Bengaluru",20.0,28.0,Unfurnished,North,1.0,Ready to Move,,False
37000000.0,2153.0,4.0,4,1,"Ramagondanahalli, Whitefield",5.0,16.0,Unfurnished,Unknown,,Upcoming,2028-12-01,True
22799999.999999996,1698.0,3.0,3,2,"Kattanallur, Sannatammanahalli",12.0,25.0,Unfurnished,West,1.0,Ready to Move,,False
30000000.0,1850.0,3.0,3,1,"Ramagondanahalli, Whitefield",8.0,17.0,Unfurnished,Unknown,,Upcoming,2028-12-01,True
75000000.0,3200.0,4.0,4,2,"Nanjappa Garden, Horamavu",17.0,17.0,Fully Furnished,North,9.0,Ready to Move,,False
29500000.0,1780.0,3.0,3,1,"Ramagondanahalli, Whitefield",7.0,17.0,Unfurnished,Unknown,,Upcoming,2028-12-04,True
18200000.0,1101.0,3.0,3,1,"Chikkakannalli, Bengaluru",1.0,14.0,Unfurnished,East,1.0,Ready to Move,,False
7840000.000000001,1255.0,3.0,2,1,"Virat Nagar, Bommanahalli",4.0,5.0,Semi Furnished,Unknown,20.0,Ready to Move,,False
12500000.0,1410.0,2.0,2,1,"Phase 2, Gottigere",2.0,13.0,Semi Furnished,South,14.0,Ready to Move,,False
28800000.0,1894.0,3.0,3,1,"6th Phase, JP Nagar",3.0,20.0,Unfurnished,East,,Upcoming,2030-12-01,True
7500000.0,914.0,3.0,3,1,"Attibele, Bengaluru",11.0,14.0,Semi Furnished,East,1.0,Ready to Move,,False
17900000.0,1499.0,3.0,3,1,"Buena Vista, Bommenahalli",3.0,22.0,Semi Furnished,Unknown,4.0,Ready to Move,,False
31000000.0,1810.0,3.0,3,1,"Nallurhalli, Whitefield",16.0,41.0,Unfurnished,East,,Upcoming,2027-07-01,True
90000000.0,4450.0,4.0,4,3,"Nehru Nagar, Bengaluru",10.0,19.0,Unfurnished,East,,Upcoming,2028-12-01,True
31000000.0,1730.0,3.0,3,1,"Bellandur Village, Bellandur",5.0,12.0,Semi Furnished,Unknown,10.0,Ready to Move,,False
7800000.0,1235.0,2.0,2,1,"Brindavanam Layout, Horamavu",3.0,4.0,Semi Furnished,East,8.0,Ready to Move,,False
28500000.0,2181.0,3.0,4,2,"Sri Balaji Krupa Layout, R.K. Hegde Nagar",10.0,34.0,Unfurnished,East,1.0,Ready to Move,,False
19000000.0,1275.0,2.0,2,1,"Gopalapura, Binnipete",15.0,23.0,Semi Furnished,East,7.0,Ready to Move,,False
9300000.0,879.0,2.0,2,1,"3G Homes Crimson Layout, Kadugodi",10.0,12.0,Unfurnished,East,1.0,Ready to Move,,False
29500000.0,1860.0,3.0,3,1,"Ramagondanahalli, Whitefield",8.0,19.0,Unfurnished,East,,Upcoming,2028-12-01,True
14200000.0,1150.0,2.0,2,2,"Silver Springs Layout, Munnekollal",1.0,5.0,Semi Furnished,North,8.0,Ready to Move,,False
17000000.0,1273.0,2.0,2,1,"Aishwarya Crystal Layout, Begur",2.0,16.0,Unfurnished,East,1.0,Ready to Move,,False
18600000.0,1464.0,2.5,2,1,"Gunjur Palya, Bengaluru",14.0,17.0,Unfurnished,East,2.0,Ready to Move,,False
28000000.0,1710.0,3.0,3,2,"Seetharampalya, Hoodi",18.0,19.0,Unfurnished,East,,Upcoming,2026-06-25,True
24600000.0,1865.0,3.0,4,1,"V. Kallahalli, Bengaluru",4.0,30.0,Unfurnished,East,,Ready to Move,,False
38800000.0,3255.0,4.0,4,3,"Carmelaram, Bengaluru",2.0,9.0,Semi Furnished,West,10.0,Ready to Move,,False
30000000.0,1573.0,3.0,3,1,"Ramagondanahalli, Whitefield",6.0,18.0,Unfurnished,East,,Upcoming,2027-12-01,True
41000000.0,3255.0,4.0,4,2,"Carmelaram, Bengaluru",3.0,10.0,Semi Furnished,West,7.0,Ready to Move,,False
19500000.0,1536.0,3.0,3,2,"Bellandur, Bengaluru",0.0,5.0,Semi Furnished,West,10.0,Ready to Move,,False
20600000.0,1339.0,2.5,2,1,"Yadavanahalli, Bengaluru",32.0,35.0,Unfurnished,North,,Ready to Move,,False
12500000.0,1367.0,3.0,3,1,"Avalahalli, Yelahanka",10.0,13.0,Semi Furnished,East,10.0,Ready to Move,,False
18000000.0,1650.0,3.0,3,2,"Lottegollahalli, RMV Extension Stage 2",2.0,4.0,Semi Furnished,East,20.0,Ready to Move,,False
9500000.0,1575.0,3.0,2,1,"Ali Estate, Yelahanka",3.0,4.0,Unfurnished,West,,Upcoming,2027-03-01,True
16700000.0,1750.0,3.0,3,0,"Yelahanka, Bengaluru",5.0,7.0,Unfurnished,East,,Upcoming,2029-03-01,True
41500000.0,2230.0,4.0,4,3,"Hadosiddapura, Carmelaram",13.0,18.0,Unfurnished,West,3.0,Ready to Move,,False
10200000.0,1000.0,2.5,2,1,"Thirumalashettyhally, Bengaluru",4.0,11.0,Unfurnished,East,1.0,Ready to Move,,False
17000000.0,1573.0,3.0,3,1,"Chambenahalli, Bengaluru",5.0,22.0,Semi Furnished,Unknown,1.0,Ready to Move,,False
20400000.0,1320.0,2.0,2,2,"Sri Balaji Krupa Layout, R.K. Hegde Nagar",16.0,34.0,Semi Furnished,West,,Ready to Move,,False
5000000.0,432.0,1.0,1,1,"Boovanahalli, Bengaluru",15.0,19.0,Semi Furnished,Unknown,2.0,Ready to Move,,False
10600000.0,904.0,2.0,2,1,"Gummanahalli, Bengaluru",19.0,28.0,Unfurnished,North,1.0,Ready to Move,,False
10700000.0,1305.0,2.0,2,1,"Avalahalli, Yelahanka",10.0,14.0,Semi Furnished,East,13.0,Ready to Move,,False
17500000.0,1300.0,2.5,2,2,"Kannuru, Bengaluru",12.0,22.0,Unfurnished,Unknown,,Upcoming,2029-08-01,True
9000000.0,1025.0,2.0,2,2,"Veer Sandra, Electronic City",3.0,5.0,Unfurnished,North,9.0,Ready to Move,,False
22000000.0,1499.0,3.0,3,1,"Yadavanahalli, Bengaluru",21.0,38.0,Unfurnished,East,1.0,Ready to Move,,False
12000000.0,1598.0,3.0,3,1,"Block A, Sahakara Nagar",1.0,4.0,Semi Furnished,West,18.0,Ready to Move,,False
12500000.0,945.0,2.0,2,1,"Hosapalya, Muneshwara Nagar",12.0,14.0,Semi Furnished,North,8.0,Ready to Move,,False
17000000.0,1500.0,3.0,3,2,"P&T Layout, Thanisandra",15.0,33.0,Semi Furnished,North,1.0,Ready to Move,,False
6100000.0,636.0,1.0,1,1,"Gummanahalli, Bengaluru",1.0,22.0,Unfurnished,West,2.0,Ready to Move,,False
23500000.0,1680.0,3.0,3,1,"Sri Balaji Krupa Layout, R.K. Hegde Nagar",27.0,34.0,Unfurnished,West,1.0,Ready to Move,,False
11500000.0,1500.0,3.0,3,1,"Kushal Layout, Kaggadasapura",2.0,10.0,Fully Furnished,South,8.0,Ready to Move,,False
42000000.0,2824.0,4.0,4,3,"Adarsh Palm Retreat, Bellandur",11.0,13.0,Semi Furnished,North,10.0,Ready to Move,,False
9200000.0,977.0,2.0,2,1,"Markandhaiha Nagar, Agrahara Layout",2.0,4.0,Semi Furnished,Unknown,3.0,Ready to Move,,False
17500000.0,1575.0,3.0,3,1,"Sai Sree Layout, Parappana Agrahara",6.0,14.0,Semi Furnished,West,3.0,Ready to Move,,False
31500000.0,1497.0,3.0,3,1,"Chikkakannalli, Bengaluru",13.0,27.0,Unfurnished,East,,Upcoming,2027-02-01,True
26800000.0,1715.0,3.0,3,1,"Lords Steps Layout, Panathur",11.0,18.0,Unfurnished,Unknown,,Upcoming,2029-12-01,True
12000000.0,1600.0,3.0,3,1,"Block A, Sahakara Nagar",2.0,4.0,Semi Furnished,West,16.0,Ready to Move,,False
33500000.0,2290.0,4.5,5,2,"V. Kallahalli, Bengaluru",18.0,29.0,Unfurnished,East,1.0,Ready to Move,,False
21900000.0,1299.0,2.0,2,1,"Ilyas Nagar, Kumaraswamy Layout",10.0,19.0,Semi Furnished,East,4.0,Ready to Move,,False
9300000.0,1065.0,2.0,2,1,"Block 8, Annapurneshwari Nagar",2.0,3.0,Semi Furnished,East,5.0,Ready to Move,,False
21000000.0,1500.0,3.0,3,2,"Dommasandra, Bengaluru",18.0,27.0,Unfurnished,East,1.0,Ready to Move,,False
29800000.0,1980.0,3.5,3,1,"Chikkakannalli, Bengaluru",8.0,17.0,Unfurnished,West,,Upcoming,2027-02-01,True
13700000.000000002,1250.0,2.0,2,1,"Ardendale, Kannamangala - Whitefield Hoskote Road",9.0,14.0,Unfurnished,East,,Ready to Move,,False
19500000.0,1420.0,2.0,2,3,"Rachenahalli, Thanisandra",6.0,19.0,Semi Furnished,East,6.0,Ready to Move,,False
41000000.0,2200.0,4.0,4,3,"Adarsh Palm Retreat, Bellandur",7.0,13.0,Semi Furnished,East,10.0,Ready to Move,,False
28500000.0,1530.0,3.0,3,1,"Whitefield, Bengaluru",7.0,16.0,Unfurnished,Unknown,3.0,Ready to Move,,False
11200000.000000002,1250.0,3.0,3,1,"Bommasandra Industrial Area, Electronic City",5.0,8.0,Unfurnished,East,,Ready to Move,,False
13700000.000000002,1330.0,2.0,2,1,"Ali Estate, Yelahanka",3.0,5.0,Unfurnished,East,,Ready to Move,,False
26500000.0,2153.0,4.0,4,1,"Chikkakannalli, Bengaluru",12.0,27.0,Unfurnished,North,3.0,Ready to Move,,False
18000000.0,1645.0,3.0,3,1,"Shivanahalli 2nd Stage, Nehru Nagar",12.0,12.0,Unfurnished,West,2.0,Ready to Move,,False
9600000.0,1040.0,2.0,2,1,"Hadosiddapura, Chikkakannalli",0.0,11.0,Semi Furnished,West,2.0,Ready to Move,,False
8500000.0,950.0,2.0,2,1,"Plumeria, Kaggalipura",1.0,8.0,Semi Furnished,East,8.0,Ready to Move,,False
11500000.0,998.0,2.0,2,1,"Chikkakannalli, Bengaluru",13.0,23.0,Unfurnished,Unknown,,Ready to Move,,False
12500000.0,1380.0,2.0,2,1,"Kundalahalli, Brookefield",,,Semi Furnished,West,21.0,Ready to Move,,False
12000000.0,1056.0,2.0,2,1,"Kannuru, Bengaluru",9.0,32.0,Semi Furnished,East,5.0,Ready to Move,,False
15400000.0,1303.0,2.0,2,1,"Ali Estate, Yelahanka",2.0,16.0,Semi Furnished,East,6.0,Ready to Move,,False
6600000.0,1104.0,2.0,2,0,"Yelachanayakanapura, Bengaluru",1.0,4.0,Unfurnished,East,1.0,Ready to Move,,False
27500000.0,1730.0,3.0,3,1,"Chansandra, Bengaluru",7.0,18.0,Unfurnished,North,,Upcoming,2026-09-22,True
37000000.0,2725.0,4.0,5,3,"Green Glen Layout, Bellandur",12.0,16.0,Semi Furnished,West,5.0,Ready to Move,,False
30000000.0,1561.0,3.0,3,2,"Agrahara Dasarahalli, Rajajinagar",27.0,31.0,Unfurnished,East,,Ready to Move,,False
37000000.0,2646.0,4.0,4,3,"Green Glen Layout, Bellandur",11.0,16.0,Semi Furnished,East,5.0,Ready to Move,,False
12500000.0,1130.0,2.0,2,1,"Kanakadasa Layout, Lingarajapuram",7.0,9.0,Unfurnished,Unknown,11.0,Ready to Move,,False
35000000.0,2358.0,4.0,4,0,"Rachenahalli, Jakkur",7.0,12.0,Unfurnished,East,,Upcoming,2027-04-15,True
6500000.0,1190.0,2.0,2,0,"Konappana Agrahara, Electronic City",3.0,3.0,Semi Furnished,Unknown,18.0,Ready to Move,,False
14900000.0,1246.0,2.0,2,1,"Doddakannelli, Bengaluru",1.0,13.0,Semi Furnished,North,2.0,Ready to Move,,False
30000000.0,2200.0,4.0,3,1,"Krishnaiyyanapalya, Bennigana Halli",8.0,9.0,Semi Furnished,Unknown,,Upcoming,2026-09-06,True
7800000.0,1170.0,2.0,2,1,"Ali Estate, Yelahanka",1.0,5.0,Semi Furnished,North,8.0,Ready to Move,,False
39000000.0,2000.0,3.5,3,1,"KIADB Export Promotion Industrial Area, K R Puram",1.0,24.0,Semi Furnished,North,3.0,Ready to Move,,False
7000000.0,850.0,2.0,2,1,"Dodsworth Layout, Whitefield",3.0,4.0,Semi Furnished,North,10.0,Ready to Move,,False
38000000.0,2810.0,4.0,5,3,"Green Glen Layout, Bellandur",9.0,16.0,Semi Furnished,North,5.0,Ready to Move,,False
30500000.0,1750.0,3.0,3,1,"Chikkakannalli, Bengaluru",9.0,17.0,Unfurnished,East,,Upcoming,2030-09-01,True
8000000.0,750.0,2.0,2,1,"Yelachanayakanapura, Bengaluru",6.0,12.0,Fully Furnished,North,,Ready to Move,,False
7800000.0,1090.0,2.0,2,1,"Begur, Bengaluru",3.0,4.0,Semi Furnished,East,,Ready to Move,,False
5500000.0,860.0,2.0,2,0,"Kumbalgodu, Bengaluru",,,Semi Furnished,Unknown,,Ready to Move,,False
6800000.0,1069.0,2.0,2,1,"Glass Factory Layout, Electronic City",2.0,5.0,Unfurnished,East,8.0,Ready to Move,,False
6806999.999999999,1069.0,2.0,2,1,"Glass Factory Layout, Electronic City",2.0,5.0,Unfurnished,East,8.0,Ready to Move,,False
9900000.0,1142.0,3.0,2,2,"Yelachanayakanapura, Bengaluru",9.0,10.0,Unfurnished,Unknown,,Ready to Move,,False
29500000.0,1905.0,3.0,3,1,"Varthur, Bengaluru",3.0,26.0,Semi Furnished,East,2.0,Ready to Move,,False
55800000.0,3165.0,4.0,3,1,"Cholanayakanahalli, Hebbal",10.0,41.0,Semi Furnished,North,10.0,Ready to Move,,False
14500000.0,1215.0,2.0,2,1,"Devasthanagalu, Varthur",15.0,23.0,Semi Furnished,Unknown,4.0,Ready to Move,,False
45000000.0,2350.0,4.0,4,2,"Subramanyanagar, Rajajinagar",15.0,17.0,Semi Furnished,North,14.0,Ready to Move,,False
6700000.0,1259.0,2.0,2,0,"Sarjapur, Bengaluru",1.0,3.0,Semi Furnished,East,,Ready to Move,,False
26000000.0,1816.0,3.0,3,2,"Rammana Layout, Byrathi",1.0,11.0,Unfurnished,East,2.0,Ready to Move,,False
21000000.0,1417.0,3.0,3,1,"Devasthanagalu, Varthur",17.0,29.0,Unfurnished,East,,Upcoming,2026-06-25,True
80000000.0,3400.0,3.0,3,2,"Thomas Town, Cooke Town",5.0,15.0,Semi Furnished,Unknown,4.0,Ready to Move,,False
7200000.0,1117.0,3.0,2,1,"V. Kallahalli, Bengaluru",3.0,4.0,Semi Furnished,North,5.0,Ready to Move,,False
13500000.0,830.0,2.0,2,1,"Buena Vista, Bommenahalli",7.0,14.0,Semi Furnished,Unknown,4.0,Ready to Move,,False
9700000.0,1305.0,2.0,2,1,"Avalahalli, Yelahanka",13.0,13.0,Unfurnished,East,13.0,Ready to Move,,False
34000000.0,2500.0,4.5,4,3,"Sri Balaji Krupa Layout, Kothnur Narayanapura",34.0,36.0,Unfurnished,North,,Ready to Move,,False
150000000.0,8000.0,5.0,6,4,"Hebbal Kempapura, Bengaluru",15.0,21.0,Semi Furnished,East,3.0,Ready to Move,,False
9200000.0,758.0,1.0,1,2,"Buena Vista, Bommenahalli",11.0,22.0,Fully Furnished,Unknown,4.0,Ready to Move,,False
7500000.0,1200.0,2.0,2,2,"Tatanagar, Devinagar",2.0,4.0,Semi Furnished,East,10.0,Ready to Move,,False
8500000.0,794.0,2.0,2,1,"Gummanahalli, Bengaluru",4.0,21.0,Semi Furnished,East,1.0,Ready to Move,,False
25099999.999999996,1890.0,3.0,3,1,"Seegehalli, K R Puram",13.0,21.0,Unfurnished,North,,Ready to Move,,False
26200000.0,2510.0,3.0,4,3,"Ramagondanahalli, Whitefield",7.0,8.0,Semi Furnished,East,13.0,Ready to Move,,False
8900000.0,904.0,2.0,2,1,"Gummanahalli, Bengaluru",27.0,28.0,Unfurnished,East,1.0,Ready to Move,,False
14500000.0,1139.0,2.0,2,1,"Varthur, Bengaluru",13.0,23.0,Semi Furnished,North,3.0,Ready to Move,,False
35800000.0,2753.0,4.0,5,1,"Nallurhalli, Whitefield",7.0,37.0,Unfurnished,East,,Upcoming,2026-06-25,True
7700000.0,1177.0,2.0,2,1,"Hoodi, Bengaluru",0.0,3.0,Unfurnished,West,16.0,Ready to Move,,False
24500000.0,2200.0,3.0,3,1,"Veeranna Garden, Richards Town",1.0,4.0,Semi Furnished,East,5.0,Ready to Move,,False
24000000.0,1505.0,3.0,3,1,"Attibele, Bengaluru",14.0,41.0,Unfurnished,East,,Upcoming,2030-12-01,True
13000000.0,1026.0,2.0,2,0,"Belathur, K R Puram",26.0,27.0,Unfurnished,East,,Upcoming,2027-03-31,True
11000000.0,1094.0,2.0,2,1,"Orchid Piccadilly, Chokkanahalli",7.0,14.0,Semi Furnished,East,9.0,Ready to Move,,False
8170000.0,1094.0,2.0,2,1,"Devanahalli, Bengaluru",2.0,5.0,Unfurnished,North,,Ready to Move,,False
26500000.0,1715.0,3.0,3,1,"Lords Steps Layout, Panathur",9.0,15.0,Unfurnished,East,,Upcoming,2029-12-01,True
6800000.0,1069.0,2.0,2,1,"Glass Factory Layout, Electronic City",2.0,5.0,Unfurnished,East,8.0,Ready to Move,,False
24500000.0,1898.0,3.0,4,1,"Kogilu Layout, Srinivaspur",3.0,13.0,Semi Furnished,East,7.0,Ready to Move,,False
12000000.0,927.0,2.0,2,1,"Gummanahalli, Bengaluru",8.0,22.0,Unfurnished,North,,Upcoming,2028-01-01,True
30500000.0,2142.0,3.0,3,1,"Nallurhalli, Whitefield",28.0,39.0,Unfurnished,North,,Upcoming,2027-12-30,True
8500000.0,1275.0,3.0,2,2,"RR Nagar, Bengaluru",3.0,4.0,Semi Furnished,West,8.0,Ready to Move,,False
7250000.0,1115.0,2.0,2,1,"Dommasandra, Bengaluru",4.0,5.0,Semi Furnished,North,12.0,Ready to Move,,False
11000000.0,1298.0,2.0,2,1,"Stage 1, BTM Layout",2.0,4.0,Semi Furnished,North,20.0,Ready to Move,,False
8500000.0,1036.0,2.0,2,1,"Phase 1, Whitefield",7.0,7.0,Semi Furnished,North,8.0,Ready to Move,,False
16000000.0,1368.0,3.0,2,1,"Adityanagar, Vidyaranyapura",13.0,16.0,Unfurnished,East,1.0,Ready to Move,,False
32000000.0,1700.0,3.0,3,1,"Lords Steps Layout, Panathur",12.0,18.0,Unfurnished,West,,Upcoming,2029-12-01,True
12000000.0,1230.0,3.0,3,1,"Subramanyapura, Bengaluru",2.0,5.0,Semi Furnished,East,6.0,Ready to Move,,False
17000000.0,1500.0,3.0,3,1,"Aishwarya Crystal Layout, Begur",16.0,18.0,Unfurnished,Unknown,1.0,Ready to Move,,False
14000000.0,1000.0,2.0,2,1,"Gunjur Village, Bengaluru",9.0,22.0,Unfurnished,Unknown,,Upcoming,2026-08-10,True
40000000.0,2400.0,4.0,4,2,"Nallurhalli, Whitefield",33.0,38.0,Unfurnished,East,,Upcoming,2028-06-01,True
8300000.0,1117.0,2.0,2,1,"Kodigehalli, K R Puram",4.0,11.0,Unfurnished,East,1.0,Ready to Move,,False
26500000.0,1715.0,3.0,3,1,"Lords Steps Layout, Panathur",7.0,18.0,Unfurnished,Unknown,,Upcoming,2029-12-01,True
10500000.0,980.0,2.0,2,1,"Upkar Layout, Whitefield",6.0,27.0,Unfurnished,North,1.0,Ready to Move,,False
12000000.0,1257.0,2.0,2,1,"Parkway Homes, Rayasandra",13.0,13.0,Semi Furnished,North,7.0,Ready to Move,,False
34500000.0,2500.0,4.0,4,3,"Devin Paradise Enclave, Tirumanahalli",20.0,33.0,Unfurnished,Unknown,1.0,Ready to Move,,False
45000000.0,2358.0,4.0,4,1,"Chansandra, Bengaluru",7.0,17.0,Unfurnished,North,,Upcoming,2028-03-12,True
17000000.0,1151.0,2.0,1,1,"Chikkabana Halli, Bengaluru",18.0,43.0,Unfurnished,North,,Ready to Move,,False
38000000.0,2041.0,3.0,4,2,"Pattandur Agrahara, Whitefield",7.0,24.0,Unfurnished,East,1.0,Ready to Move,,False
24000000.0,1931.0,3.0,3,2,"Kanakapura, Bengaluru",20.0,20.0,Semi Furnished,East,1.0,Ready to Move,,False
10400000.0,997.0,2.0,2,1,"Gundappa Layout, Gottigere",4.0,4.0,Unfurnished,East,,Upcoming,2027-07-01,True
6500000.0,591.0,1.0,1,1,"Belathur, K R Puram",0.0,27.0,Unfurnished,East,,Ready to Move,,False
37500000.0,2628.0,3.0,3,0,"Bileshivale, Bengaluru",23.0,23.0,Unfurnished,East,,Upcoming,2028-01-01,True
30000000.0,1755.0,3.0,3,2,"Yadavanahalli, Bengaluru",4.0,38.0,Unfurnished,East,1.0,Ready to Move,,False
4150000.0,640.0,1.0,1,1,"Nirman Layout, S.Bingipura",4.0,5.0,Semi Furnished,North,3.0,Ready to Move,,False
27000000.0,1885.0,3.0,4,3,"3G Homes Crimson Layout, Kadugodi",18.0,19.0,Semi Furnished,Unknown,7.0,Ready to Move,,False
14900000.0,1186.0,2.0,2,1,"Sector 1, HSR Layout",4.0,6.0,Semi Furnished,Unknown,14.0,Ready to Move,,False
12500000.0,1000.0,2.0,2,1,"Prakruthi Nagar, Kogilu",12.0,12.0,Unfurnished,North,,Ready to Move,,False
14200000.0,1199.0,2.0,2,1,"P&T Layout, Thanisandra",22.0,33.0,Semi Furnished,East,5.0,Ready to Move,,False
23100000.0,1410.0,3.0,3,1,"Thigala Chowdadenahalli, Bengaluru",14.0,20.0,Unfurnished,East,,Upcoming,2028-12-01,True
17000000.0,1648.0,3.0,3,1,"Pragathi Nagar, Basapura",3.0,5.0,Unfurnished,East,,Ready to Move,,False
14100000.0,1103.0,2.0,2,1,"Chikkakannalli, Bengaluru",1.0,27.0,Semi Furnished,East,1.0,Ready to Move,,False
8500000.0,1200.0,2.0,2,0,"Muthurayya Swamy Layout, Hulimavu",1.0,4.0,Semi Furnished,East,9.0,Ready to Move,,False
12500000.0,1500.0,3.0,3,1,"Ecolife Elements Of Nature, Balagere",2.0,10.0,Semi Furnished,West,7.0,Ready to Move,,False
10800000.0,1490.0,3.0,3,1,"RR Nagar, Bengaluru",4.0,4.0,Semi Furnished,East,11.0,Ready to Move,,False
9200000.0,912.0,3.0,3,1,"Chikkakannalli, Bengaluru",3.0,5.0,Fully Furnished,North,10.0,Ready to Move,,False
28000000.0,1950.0,3.0,3,1,"Nallurhalli, Whitefield",34.0,42.0,Unfurnished,East,1.0,Ready to Move,,False
27000000.0,1715.0,3.0,3,1,"Lords Steps Layout, Panathur",8.0,18.0,Unfurnished,West,,Upcoming,2029-12-01,True
21000000.0,1499.0,3.0,3,1,"Jigala, Bengaluru",21.0,34.0,Unfurnished,East,1.0,Ready to Move,,False
22500000.0,1200.0,3.0,3,1,"Nallurhalli, Whitefield",24.0,41.0,Unfurnished,East,,Upcoming,2028-06-01,True
22000000.0,1339.0,3.0,3,1,"Nagavara, Bengaluru",3.0,20.0,Semi Furnished,West,4.0,Ready to Move,,False
15000000.0,1192.0,2.0,2,1,"Budigere Cross, Bengaluru",31.0,43.0,Unfurnished,East,,Upcoming,2028-09-01,True
11100000.000000002,661.0,1.0,1,1,"Panathur, Bengaluru",5.0,19.0,Unfurnished,West,,Ready to Move,,False
26500000.0,1749.0,3.0,3,1,"Stage 2, BTM Layout 2nd Stage",2.0,3.0,Semi Furnished,East,20.0,Ready to Move,,False
14900000.0,1400.0,2.0,2,1,"Madhura Nagar, Bengaluru",5.0,17.0,Unfurnished,East,7.0,Ready to Move,,False
40000000.0,2050.0,3.0,3,4,"Gopalapura, Binnipete",27.0,37.0,Semi Furnished,North,7.0,Ready to Move,,False
19300000.0,1366.0,3.0,2,1,"Ardendale, Kannamangala - Whitefield Hoskote Road",8.0,29.0,Semi Furnished,East,2.0,Ready to Move,,False
6000000.0,580.0,1.5,1,1,"Prakruthi Nagar, Kogilu",9.0,10.0,Semi Furnished,East,3.0,Ready to Move,,False
4499000.0,435.0,1.0,1,0,"Boovanahalli, Bengaluru",2.0,19.0,Unfurnished,West,2.0,Ready to Move,,False
30000000.0,1900.0,3.0,3,2,"Lords Steps Layout, Panathur",12.0,18.0,Unfurnished,West,,Upcoming,2026-12-01,True
26500000.0,1749.0,3.0,3,1,"Stage 2, BTM Layout 2nd Stage",2.0,3.0,Semi Furnished,East,20.0,Ready to Move,,False
8359999.999999999,1080.0,2.0,2,1,"Dodsworth Layout, Whitefield",13.0,15.0,Unfurnished,East,2.0,Ready to Move,,False
16500000.0,1538.0,3.0,3,1,"Budigere Cross, Bengaluru",4.0,9.0,Unfurnished,East,,Upcoming,2026-12-11,True
21500000.0,1839.0,3.0,3,1,"Phase 2, Whitefield",1.0,14.0,Unfurnished,East,1.0,Ready to Move,,False
12000000.0,986.0,2.0,2,1,"Thirumalashettyhally, Bengaluru",14.0,24.0,Unfurnished,East,,Ready to Move,,False
5000000.0,936.0,2.0,2,1,"Jigani, Bengaluru",9.0,12.0,Semi Furnished,North,10.0,Ready to Move,,False
11500000.0,1021.0,2.0,2,1,"Markandhaiha Nagar, Agrahara Layout",4.0,4.0,Semi Furnished,East,3.0,Ready to Move,,False
56500000.0,3523.0,4.0,4,2,"Industrial Layout, Kudlu Gate",10.0,15.0,Unfurnished,East,,Upcoming,2026-09-15,True
34300000.0,1915.0,3.0,3,1,"Panathur, Bengaluru",5.0,19.0,Unfurnished,West,,Ready to Move,,False
14800000.0,1133.0,2.0,2,1,"Dodsworth Layout, Whitefield",5.0,28.0,Unfurnished,West,,Ready to Move,,False
15000000.0,1290.0,2.0,2,1,"Markandhaiha Nagar, Agrahara Layout",3.0,12.0,Unfurnished,East,7.0,Ready to Move,,False
26000000.0,1865.0,3.0,4,1,"V. Kallahalli, Bengaluru",30.0,31.0,Semi Furnished,East,,Ready to Move,,False
10000000.0,1308.0,2.0,2,1,"Doctor Layout, Rayasandra",7.0,11.0,Semi Furnished,East,12.0,Ready to Move,,False
32000000.0,2289.0,4.0,4,0,"Fems Gardenia, Volagerekallahalli",25.0,29.0,Unfurnished,West,,Ready to Move,,False
9100000.0,1998.0,3.0,3,1,"Cholanayakanahalli, Hebbal",4.0,5.0,Semi Furnished,North,18.0,Ready to Move,,False
15000000.0,1143.0,2.0,2,1,"Iblur Village, Bellandur",8.0,11.0,Semi Furnished,East,10.0,Ready to Move,,False
40700000.0,2750.0,4.0,4,2,"Nallurhalli, Whitefield",7.0,42.0,Unfurnished,Unknown,,Ready to Move,,False
11000000.0,943.0,2.0,2,1,"Sarjapur, Bengaluru",20.0,28.0,Unfurnished,East,,Ready to Move,,False
11000000.0,1000.0,2.0,2,2,"Phase 5, Chikkanayakanahalli, Choodasandra",6.0,21.0,Unfurnished,East,1.0,Ready to Move,,False
23500000.0,1697.0,3.0,3,2,"Gunjur Village, Bengaluru",9.0,25.0,Fully Furnished,Unknown,6.0,Ready to Move,,False
6600000.0,752.0,2.0,2,1,"Attibele, Bengaluru",13.0,15.0,Unfurnished,East,1.0,Ready to Move,,False
9500000.0,1098.0,2.0,2,1,"Kempapura, Bellandur",4.0,4.0,Semi Furnished,East,10.0,Ready to Move,,False
8200000.0,914.0,3.0,2,1,"Attibele, Bengaluru",1.0,15.0,Semi Furnished,West,1.0,Ready to Move,,False
14900000.0,1000.0,2.0,2,1,"Devasthanagalu, Varthur",24.0,27.0,Semi Furnished,Unknown,4.0,Ready to Move,,False
13500000.0,1330.0,2.0,2,1,"Yelahanka, Bengaluru",2.0,4.0,Unfurnished,East,,Upcoming,2026-08-22,True
27500000.0,2100.0,3.0,3,1,"Raghuvanahalli, Subramanyapura",2.0,14.0,Unfurnished,East,1.0,Ready to Move,,False
32000000.0,2289.0,4.0,4,0,"Fems Gardenia, Volagerekallahalli",24.0,29.0,Unfurnished,Unknown,1.0,Ready to Move,,False
13000000.0,1273.0,3.0,2,1,"Aishwarya Crystal Layout, Begur",18.0,18.0,Unfurnished,Unknown,1.0,Ready to Move,,False
8900000.0,1160.0,2.0,2,1,"Aishwarya Crystal Layout, Begur",2.0,5.0,Semi Furnished,West,13.0,Ready to Move,,False
30000000.0,1817.0,3.0,3,1,"Ramagondanahalli, Whitefield",10.0,17.0,Unfurnished,West,,Ready to Move,,False
13200000.0,1059.0,2.0,2,1,"Devasthanagalu, Varthur",3.0,26.0,Semi Furnished,East,4.0,Ready to Move,,False
23600000.0,1428.0,3.0,2,1,"Devasthanagalu, Varthur",29.0,32.0,Unfurnished,North,,Upcoming,2027-01-01,True
13000000.0,1150.0,2.0,2,1,"Silver Springs Layout, Munnekollal",1.0,4.0,Semi Furnished,North,8.0,Ready to Move,,False
22000000.0,1524.0,3.0,3,2,"Gunjur Palya, Bengaluru",12.0,21.0,Unfurnished,East,,Ready to Move,,False
9200000.0,1170.0,2.0,2,2,"7th Phase, JP Nagar",1.0,4.0,Semi Furnished,West,3.0,Ready to Move,,False
9350000.0,730.0,1.0,1,1,"Gunjur Palya, Bengaluru",18.0,22.0,Unfurnished,East,,Ready to Move,,False
19500000.0,1100.0,2.0,2,1,"Classic Orchids Layout, Kalena Agrahara",4.0,18.0,Semi Furnished,East,2.0,Ready to Move,,False
14200000.0,1230.0,2.0,2,1,"Bommenahalli, Bengaluru",11.0,18.0,Semi Furnished,West,1.0,Ready to Move,,False
14900000.0,1139.0,2.0,2,2,"Kannuru, Bengaluru",34.0,38.0,Unfurnished,East,,Upcoming,2026-08-21,True
7500000.0,1310.0,3.0,3,2,"Anekal, Bengaluru",,,Unfurnished,Unknown,,Ready to Move,,False
27000000.0,1750.0,3.0,3,1,"Devasthanagalu, Varthur",7.0,16.0,Unfurnished,North,,Upcoming,2027-05-01,True
5500000.0,808.0,2.0,2,0,"Samethanahalli, Bengaluru",7.0,10.0,Semi Furnished,West,11.0,Ready to Move,,False
9900000.0,661.0,1.0,1,1,"Panathur, Bengaluru",5.0,19.0,Unfurnished,East,,Ready to Move,,False
8200000.0,1140.0,2.0,2,1,"Thubarahalli, Whitefield",2.0,4.0,Semi Furnished,South,7.0,Ready to Move,,False
12900000.0,1160.0,2.0,2,1,"Hosapalya, Kudlu Gate",7.0,19.0,Unfurnished,East,,Upcoming,2026-11-20,True
23900000.0,1348.0,3.0,3,1,"Thigala Chowdadenahalli, Bengaluru",13.0,27.0,Unfurnished,East,,Upcoming,2026-09-17,True
15000000.0,1520.0,3.0,3,1,"Basaveshwara Nagar Yelahanka, Nehru Nagar",0.0,4.0,Semi Furnished,North,,Upcoming,2026-11-01,True
13799999.999999998,1760.0,3.0,3,2,"Mullur, Bengaluru",2.0,4.0,Unfurnished,East,1.0,Ready to Move,,False
12100000.0,1200.0,2.0,2,1,"Essel Gardens, Bengaluru",10.0,14.0,Unfurnished,East,,Upcoming,2026-08-27,True
16299999.999999998,1216.0,2.0,2,2,"Gunjur Village, Bengaluru",2.0,28.0,Semi Furnished,East,7.0,Ready to Move,,False
10300000.0,1535.0,3.0,2,1,"Mullur, Bengaluru",3.0,4.0,Unfurnished,East,1.0,Ready to Move,,False
9500000.0,1121.0,2.0,2,1,"Cholanayakanahalli, Hebbal",7.0,10.0,Unfurnished,North,13.0,Ready to Move,,False
300000000.0,8350.0,5.0,5,4,"One Bangalore West, Rajajinagar",18.0,30.0,Unfurnished,East,7.0,Ready to Move,,False
20800000.0,1520.0,2.0,2,1,"Nallurhalli, Whitefield",2.0,42.0,Unfurnished,Unknown,,Ready to Move,,False
11000000.0,1350.0,2.5,2,1,"Sathya Sai Layout, Whitefield",3.0,4.0,Semi Furnished,North,1.0,Ready to Move,,False
11000000.0,1009.0,2.0,2,1,"Manayata Tech Park, Thanisandra",10.0,23.0,Semi Furnished,Unknown,1.0,Ready to Move,,False
18000000.0,1197.0,2.0,2,1,"Eastwood Township, Harlur",0.0,19.0,Semi Furnished,North,9.0,Ready to Move,,False
23500000.0,1650.0,3.0,3,1,"Nallurhalli, Whitefield",8.0,14.0,Semi Furnished,Unknown,9.0,Ready to Move,,False
20000000.0,1900.0,3.0,3,1,"Bilekahalli, Bengaluru",3.0,9.0,Semi Furnished,North,18.0,Ready to Move,,False
10600000.0,1055.0,2.0,2,1,"Kacharakanahalli,Bisnahalli, Bengaluru",12.0,13.0,Unfurnished,East,,Ready to Move,,False
100000000.0,3800.0,4.0,4,2,"Thomas Town, Cooke Town",4.0,18.0,Semi Furnished,Unknown,12.0,Ready to Move,,False
8600000.0,1250.0,2.0,2,1,"Kundalahalli, Brookefield",2.0,4.0,Semi Furnished,East,12.0,Ready to Move,,False
13500000.0,1136.0,2.0,2,1,"Doddakannelli, Bengaluru",11.0,12.0,Semi Furnished,North,2.0,Ready to Move,,False
32000000.0,1380.0,3.0,3,1,"Basavanapura, K R Puram",9.0,17.0,Unfurnished,East,,Upcoming,2027-06-01,True
7700000.0,1144.0,2.0,2,1,"Sampigehalli, Bengaluru",1.0,4.0,Semi Furnished,East,9.0,Ready to Move,,False
11000000.0,1249.0,2.0,2,0,"Konappana Agrahara, Electronic City",6.0,12.0,Semi Furnished,East,7.0,Ready to Move,,False
41500000.0,2750.0,4.0,4,2,"Basavanapura, K R Puram",9.0,15.0,Unfurnished,East,,Upcoming,2027-06-01,True
17400000.0,1548.0,3.0,3,1,"Channasandra Layout, Srinivaspura",11.0,12.0,Unfurnished,North,1.0,Ready to Move,,False
20500000.0,1667.0,3.0,3,1,"K R Puram, Bengaluru",1.0,11.0,Fully Furnished,Unknown,8.0,Ready to Move,,False
16500000.0,1157.0,3.0,2,1,"Kodathi, Bengaluru",12.0,14.0,Semi Furnished,East,1.0,Ready to Move,,False
12200000.0,981.0,2.0,2,1,"Dodsworth Layout, Whitefield",11.0,28.0,Unfurnished,East,,Ready to Move,,False
31500000.0,1914.0,3.0,3,1,"Lords Steps Layout, Panathur",17.0,18.0,Unfurnished,Unknown,1.0,Ready to Move,,False
8773000.0,869.0,2.0,2,1,"Atturu, Yelahanka New Town",3.0,4.0,Unfurnished,East,,Upcoming,2026-09-30,True
26000000.0,1850.0,3.0,3,1,"Kodathi, Bengaluru",6.0,13.0,Unfurnished,East,3.0,Ready to Move,,False
39200000.0,1911.0,3.0,3,1,"G Muniyappa Garden, Cox Town",2.0,17.0,Unfurnished,Unknown,,Upcoming,2026-09-18,True
25000000.0,1866.0,3.0,3,4,"Phase 1, Yeswanthpur",7.0,13.0,Semi Furnished,North,14.0,Ready to Move,,False
5700000.0,927.0,2.0,2,2,"Terracon Doctors Enclave, Chandapura",1.0,3.0,Semi Furnished,North,3.0,Ready to Move,,False
30299999.999999996,2270.0,4.0,4,1,"Buena Vista, Bommenahalli",11.0,22.0,Unfurnished,North,4.0,Ready to Move,,False
17500000.0,1645.0,3.0,3,1,"Ahad Euphoria, Carmelaram",2.0,15.0,Semi Furnished,Unknown,8.0,Ready to Move,,False
33000000.0,2250.0,3.0,3,1,"Sarjapur, Bengaluru",9.0,30.0,Unfurnished,East,,Upcoming,2026-12-03,True
23800000.0,1833.0,3.0,3,1,"Begur, Bengaluru",23.0,28.0,Unfurnished,North,1.0,Ready to Move,,False
22000000.0,1790.0,3.0,3,2,"Gundappa Layout, Gottigere",0.0,4.0,Unfurnished,East,,Upcoming,2026-09-19,True
29400000.0,2348.0,3.0,3,2,"Industrial Suburb, Yeswanthpur",10.0,21.0,Unfurnished,North,2.0,Ready to Move,,False
29500000.0,1916.0,3.5,4,1,"Nallurhalli, Whitefield",11.0,42.0,Unfurnished,East,,Ready to Move,,False
12600000.0,856.0,1.5,1,1,"Varthur, Bengaluru",9.0,25.0,Unfurnished,West,,Ready to Move,,False
9100000.0,1440.0,2.0,2,1,"Rachenahalli, Thanisandra",,,Semi Furnished,Unknown,13.0,Ready to Move,,False
8000000.0,1228.0,3.0,3,1,"Hennagara, Bommasandra",12.0,12.0,Semi Furnished,West,9.0,Ready to Move,,False
13600000.000000002,1326.0,3.0,3,1,"Dinnuru, KSRTC Colony",0.0,2.0,Semi Furnished,East,3.0,Ready to Move,,False
24300000.0,1825.0,3.0,3,1,"Begur, Bengaluru",14.0,18.0,Unfurnished,East,1.0,Ready to Move,,False
26500000.0,1641.0,3.0,3,1,"Basavanapura, K R Puram",8.0,15.0,Unfurnished,East,,Upcoming,2027-06-01,True
17200000.0,1525.0,3.0,3,1,"Seetharampalya, Hoodi",0.0,4.0,Semi Furnished,East,13.0,Ready to Move,,False
24000000.0,1700.0,3.0,3,1,"Sarjapur, Bengaluru",1.0,4.0,Semi Furnished,North,1.0,Ready to Move,,False
24000000.0,1865.0,3.0,4,1,"V. Kallahalli, Bengaluru",28.0,31.0,Unfurnished,East,,Ready to Move,,False
12800000.0,1076.0,2.0,2,1,"Industrial Layout, Kudlu Gate",3.0,9.0,Semi Furnished,Unknown,11.0,Ready to Move,,False
8500000.0,500.0,1.0,1,2,"Anchepalya, Bengaluru",18.0,30.0,Semi Furnished,East,3.0,Ready to Move,,False
14100000.0,1170.0,2.0,2,1,"Dodsworth Layout, Whitefield",4.0,5.0,Semi Furnished,North,12.0,Ready to Move,,False
8500000.0,752.0,1.0,1,2,"Manayata Tech Park, Thanisandra",6.0,23.0,Semi Furnished,East,1.0,Ready to Move,,False
12000000.0,780.0,2.0,2,1,"Anchepalya, Bengaluru",16.0,30.0,Semi Furnished,East,5.0,Ready to Move,,False
41500000.0,2232.0,4.0,4,2,"Hadosiddapura, Carmelaram",13.0,18.0,Unfurnished,Unknown,2.0,Ready to Move,,False
12500000.0,1050.0,2.0,2,1,"Nehru Nagar, Bengaluru",1.0,9.0,Unfurnished,Unknown,3.0,Ready to Move,,False
12200000.0,1189.0,2.0,2,1,"K R Puram, Bengaluru",9.0,12.0,Unfurnished,North,6.0,Ready to Move,,False
12500000.0,984.0,2.0,2,2,"Anchepalya, Bengaluru",12.0,30.0,Semi Furnished,East,5.0,Ready to Move,,False
12200000.0,1325.0,2.0,2,1,"DNA Eden View, Whitefield",3.0,5.0,Semi Furnished,West,5.0,Ready to Move,,False
6900000.0,1113.0,2.0,2,1,"Terracon Doctors Enclave, Chandapura",2.0,5.0,Semi Furnished,North,1.0,Ready to Move,,False
14100000.0,1020.0,2.0,2,1,"Devasthanagalu, Varthur",3.0,14.0,Semi Furnished,North,7.0,Ready to Move,,False
9500000.0,1484.0,3.0,3,1,"Jayasurya Nagar, Agrahara Layout",1.0,4.0,Semi Furnished,North,7.0,Ready to Move,,False
8359999.999999999,1470.0,3.0,3,1,"Pragathi Nagar, Basapura",1.0,4.0,Semi Furnished,East,17.0,Ready to Move,,False
20000000.0,1367.0,3.0,2,1,"Jayanagar Housing Society Layout, Subramanyapura",15.0,18.0,Semi Furnished,East,5.0,Ready to Move,,False
29800000.0,2014.0,4.0,4,1,"Aditya Layout, RR Nagar",5.0,28.0,Unfurnished,East,,Upcoming,2026-09-07,True
10200000.0,600.0,1.0,1,1,"Anchepalya, Bengaluru",7.0,26.0,Semi Furnished,East,3.0,Ready to Move,,False
8500000.0,840.0,2.0,2,1,"Venkateshwara Layout, Panduranga Nagar",1.0,3.0,Semi Furnished,East,22.0,Ready to Move,,False
14600000.0,1207.0,2.0,2,1,"Gunjur Palya, Bengaluru",11.0,24.0,Unfurnished,East,,Ready to Move,,False
20600000.0,1723.0,3.0,3,1,"Gunjur Palya, Bengaluru",22.0,24.0,Unfurnished,West,,Ready to Move,,False
29000000.0,2180.0,4.0,4,1,"SNN Raj Serenity, Akshayanagar",14.0,14.0,Semi Furnished,West,10.0,Ready to Move,,False
32400000.000000004,1800.0,3.0,3,1,"Anchepalya, Bengaluru",22.0,30.0,Semi Furnished,East,3.0,Ready to Move,,False
8800000.0,1431.0,3.0,2,1,"Dodsworth Layout, Whitefield",3.0,6.0,Unfurnished,North,,Ready to Move,,False
18500000.0,1430.0,3.0,3,1,"Kodathi, Bengaluru",8.0,14.0,Unfurnished,West,1.0,Ready to Move,,False
21100000.0,1874.0,3.0,3,1,"Cholanayakanahalli, Hebbal",13.0,20.0,Semi Furnished,West,14.0,Ready to Move,,False
23000000.0,2039.0,3.0,3,2,"Phase 2, Whitefield",9.0,14.0,Unfurnished,East,,Upcoming,2026-06-25,True
15000000.0,1200.0,2.0,2,1,"Balagere, Bengaluru",13.0,14.0,Unfurnished,Unknown,4.0,Ready to Move,,False
15400000.0,1157.0,3.0,2,1,"Kodathi, Bengaluru",13.0,13.0,Semi Furnished,East,1.0,Ready to Move,,False
7300000.0,1238.0,2.0,2,2,"Karnasree Layout, Medahalli",1.0,5.0,Semi Furnished,Unknown,,Ready to Move,,False
12300000.0,1380.0,3.0,2,0,"Devasthanagalu, Varthur",3.0,5.0,Unfurnished,East,,Ready to Move,,False
16000000.0,1210.0,2.0,2,1,"Kattanallur, Sannatammanahalli",9.0,15.0,Unfurnished,West,8.0,Ready to Move,,False
13200000.0,923.0,2.0,2,1,"Gunjur Palya, Bengaluru",11.0,24.0,Semi Furnished,East,,Ready to Move,,False
51500000.0,3124.0,4.0,4,2,"Jogappa Layout, Nagavara",6.0,40.0,Semi Furnished,North,5.0,Ready to Move,,False
7200000.0,1215.0,2.0,3,2,"7th Phase, JP Nagar",1.0,6.0,Semi Furnished,East,20.0,Ready to Move,,False
11000000.0,1000.0,2.0,2,1,"Bommasandra Industrial Area, Bommasandra",10.0,13.0,Semi Furnished,West,4.0,Ready to Move,,False
5400000.0,1204.0,2.0,2,0,"Thyvakanahally, Bengaluru",1.0,4.0,Semi Furnished,West,10.0,Ready to Move,,False
24000000.0,1800.0,3.0,3,1,"Central Excise Layout, Sanjaynagar",1.0,4.0,Semi Furnished,East,6.0,Ready to Move,,False
73000000.0,4041.0,4.0,4,3,"Sathya Sai Layout, Whitefield",0.0,27.0,Semi Furnished,West,9.0,Ready to Move,,False
19900000.0,1600.0,3.0,3,2,"Phase 2, Electronic City Phase 2",0.0,9.0,Unfurnished,Unknown,6.0,Ready to Move,,False
13200000.0,1200.0,2.0,2,1,"Prakruthi Nagar, Kogilu",5.0,12.0,Unfurnished,North,2.0,Ready to Move,,False
12300000.0,779.0,2.0,2,1,"Sarjapur, Bengaluru",7.0,29.0,Unfurnished,Unknown,1.0,Ready to Move,,False
15000000.0,1161.0,2.0,2,2,"Sai Sree Layout, Parappana Agrahara",9.0,14.0,Semi Furnished,East,3.0,Ready to Move,,False
17500000.0,1476.0,2.0,3,1,"Anekal, Bengaluru",9.0,14.0,Unfurnished,East,,Upcoming,2026-11-01,True
18500000.0,1415.0,2.0,2,1,"Raghuvanahalli, Subramanyapura",3.0,14.0,Unfurnished,West,1.0,Ready to Move,,False
29800000.0,1804.0,3.0,3,1,"Ramagondanahalli, Whitefield",6.0,18.0,Unfurnished,East,,Upcoming,2028-12-01,True
11399999.999999998,1165.0,2.0,2,2,"Gunjur Village, Bengaluru",7.0,14.0,Unfurnished,East,,Upcoming,2027-12-01,True
14000000.0,1070.0,2.0,2,1,"Varthur, Bengaluru",25.0,27.0,Semi Furnished,East,5.0,Ready to Move,,False
19400000.0,1196.0,2.0,2,1,"Eastwood Township, Harlur",4.0,15.0,Semi Furnished,West,8.0,Ready to Move,,False
45000000.0,3065.0,4.0,4,1,"Phase 2, Doddanagamangala",8.0,9.0,Semi Furnished,North,7.0,Ready to Move,,False
12500000.0,808.0,2.0,2,1,"AECS C Block, Begur",4.0,10.0,Semi Furnished,West,8.0,Ready to Move,,False
8700000.0,900.0,2.0,2,1,"Gattahalli, Bengaluru",5.0,6.0,Semi Furnished,West,5.0,Ready to Move,,False
11000000.0,1160.0,2.0,2,2,"East Of NGEF Layout, Kasturi Nagar",2.0,5.0,Semi Furnished,Unknown,5.0,Ready to Move,,False
31000000.0,1790.0,3.0,3,1,"Phase 2, Doddanagamangala",7.0,10.0,Semi Furnished,East,7.0,Ready to Move,,False
14800000.0,1007.0,2.0,2,1,"Balagere, Bengaluru",8.0,14.0,Semi Furnished,North,5.0,Ready to Move,,False
32000000.0,2170.0,4.0,4,2,"Nallurhalli, Whitefield",11.0,41.0,Unfurnished,East,,Upcoming,2028-06-01,True
24000000.0,1865.0,3.0,4,1,"V. Kallahalli, Bengaluru",21.0,30.0,Unfurnished,Unknown,,Ready to Move,,False
24300000.0,2580.0,3.5,3,2,"Avalahalli, Avalahalli",2.0,3.0,Unfurnished,East,,Upcoming,2026-08-27,True
6600000.0,1049.0,2.0,2,1,"Sarjapur, Bengaluru",2.0,7.0,Semi Furnished,East,3.0,Ready to Move,,False
22000000.0,1629.0,3.0,3,1,"V. Kallahalli, Bengaluru",26.0,30.0,Unfurnished,North,,Ready to Move,,False
16000000.0,1191.0,3.0,2,1,"Kodathi, Bengaluru",12.0,14.0,Unfurnished,East,1.0,Ready to Move,,False
9200000.0,1080.0,2.0,2,1,"Chikkanayakanahalli, Choodasandra, Bengaluru",3.0,4.0,Semi Furnished,East,7.0,Ready to Move,,False
25800000.0,2628.0,3.5,3,2,"Avalahalli, Avalahalli",2.0,4.0,Unfurnished,North,,Upcoming,2026-08-27,True
27000000.0,1770.0,3.0,3,1,"Chikkakannalli, Bengaluru",10.0,17.0,Unfurnished,East,,Upcoming,2030-09-01,True
5000000.0,618.0,1.0,1,0,"Doddaiah Layout, Halasuru",4.0,4.0,Semi Furnished,East,8.0,Ready to Move,,False
6500000.0,615.0,1.0,1,1,"Aishwarya Crystal Layout, Begur",5.0,18.0,Unfurnished,Unknown,1.0,Ready to Move,,False
23600000.0,2390.0,3.0,3,2,"Avalahalli, Avalahalli",2.0,4.0,Unfurnished,East,,Upcoming,2026-08-27,True
6700000.0,912.0,2.0,2,1,"Sarjapur, Bengaluru",3.0,5.0,Semi Furnished,North,5.0,Ready to Move,,False
29500000.0,2125.0,3.0,3,2,"Thomas Town, Cooke Town",2.0,4.0,Semi Furnished,West,20.0,Ready to Move,,False
23000000.0,1500.0,3.0,3,1,"Happy Valley Layout, Subramanyapura",9.0,13.0,Semi Furnished,Unknown,4.0,Ready to Move,,False
16000000.0,1456.0,3.0,2,1,"Gunjur Palya, Bengaluru",4.0,4.0,Semi Furnished,West,8.0,Ready to Move,,False
13500000.0,1148.0,2.0,2,1,"Aishwarya Crystal Layout, Begur",2.0,18.0,Unfurnished,Unknown,,Ready to Move,,False
9900000.0,1035.0,2.0,2,1,"Gummanahalli, Bengaluru",16.0,21.0,Unfurnished,East,,Upcoming,2028-09-01,True
22500000.0,1839.0,3.0,3,1,"Phase 2, Whitefield",5.0,14.0,Unfurnished,East,1.0,Ready to Move,,False
21500000.0,1339.0,2.5,2,1,"Yadavanahalli, Bengaluru",40.0,41.0,Unfurnished,West,,Upcoming,2032-12-01,True
11100000.000000002,1135.0,2.0,2,1,"Varthur, Bengaluru",21.0,31.0,Unfurnished,West,,Ready to Move,,False
30000000.0,1938.0,3.0,3,2,"Ardendale, Kannamangala - Whitefield Hoskote Road",3.0,28.0,Unfurnished,North,,Ready to Move,,False
12000000.0,959.0,2.0,2,1,"Jyotipuram, Bengaluru",7.0,14.0,Unfurnished,North,1.0,Ready to Move,,False
31000000.0,1667.0,3.0,3,1,"Vastu Bhoomi, K R Puram",6.0,17.0,Unfurnished,Unknown,1.0,Ready to Move,,False
31800000.0,1700.0,3.5,3,1,"Vastu Bhoomi, K R Puram",9.0,15.0,Unfurnished,Unknown,1.0,Ready to Move,,False
31000000.0,1687.0,3.0,3,1,"Vastu Bhoomi, K R Puram",7.0,15.0,Unfurnished,Unknown,1.0,Ready to Move,,False
25000000.0,1745.0,3.0,3,1,"Dodsworth Layout, Whitefield",5.0,12.0,Unfurnished,East,2.0,Ready to Move,,False
12700000.0,971.0,3.0,2,1,"Huvinayakanahalli, Bengaluru",5.0,23.0,Semi Furnished,North,1.0,Ready to Move,,False
30900000.0,2000.0,3.0,3,1,"Chansandra, Bengaluru",2.0,17.0,Unfurnished,North,,Upcoming,2026-08-01,True
33000000.0,1750.0,3.0,3,1,"Nallurhalli, Whitefield",11.0,17.0,Unfurnished,East,,Upcoming,2028-06-01,True
8500000.0,1195.0,2.0,2,2,"Parijatha Layout, Hoskote",3.0,4.0,Unfurnished,North,,Upcoming,2027-04-07,True
23000000.0,1270.0,2.0,2,2,"Phase 1, Whitefield",0.0,17.0,Semi Furnished,West,8.0,Ready to Move,,False
21800000.0,1520.0,2.0,2,1,"Ardendale, Kannamangala - Whitefield Hoskote Road",2.0,39.0,Unfurnished,Unknown,,Ready to Move,,False
12200000.0,1056.0,2.0,2,1,"Kannuru, Bengaluru",9.0,32.0,Semi Furnished,East,5.0,Ready to Move,,False
10000000.0,1059.0,3.0,2,1,"Koralur, Samethanahalli",5.0,9.0,Fully Furnished,West,1.0,Ready to Move,,False
9800000.0,1192.0,2.0,2,1,"Singasandra, Bengaluru",3.0,4.0,Semi Furnished,North,11.0,Ready to Move,,False
11000000.0,1069.0,2.0,2,1,"Phase 5, Chikkanayakanahalli, Choodasandra",6.0,16.0,Unfurnished,North,1.0,Ready to Move,,False
7100000.0,933.0,2.0,2,1,"Terracon Doctors Enclave, Chandapura",4.0,5.0,Semi Furnished,North,1.0,Ready to Move,,False
11100000.000000002,900.0,2.0,2,1,"Judicial Layout 2nd Phase, Talaghattapura",2.0,14.0,Semi Furnished,East,1.0,Ready to Move,,False
14000000.0,983.0,2.0,2,1,"AECS C Block, Begur",0.0,29.0,Fully Furnished,East,1.0,Ready to Move,,False
17700000.0,1519.0,3.0,3,1,"Varthur, Bengaluru",5.0,23.0,Semi Furnished,West,3.0,Ready to Move,,False
5700000.0,858.0,2.0,2,1,"Samethanahalli, Bengaluru",6.0,11.0,Semi Furnished,West,11.0,Ready to Move,,False
20000000.0,2500.0,3.0,2,1,"Celesta, Battarahalli",6.0,12.0,Unfurnished,East,6.0,Ready to Move,,False
12600000.0,983.0,2.0,2,1,"Begur, Bengaluru",1.0,14.0,Unfurnished,West,1.0,Ready to Move,,False
74000000.0,4021.0,4.0,5,3,"Sathya Sai Layout, Whitefield",0.0,14.0,Semi Furnished,West,6.0,Ready to Move,,False
14800000.0,1260.0,2.0,2,1,"Marathahalli Village, Marathahalli",7.0,13.0,Semi Furnished,North,10.0,Ready to Move,,False
8800000.0,1351.0,2.0,2,1,"Ashwath Nagar, HBR Layout",5.0,5.0,Semi Furnished,North,3.0,Ready to Move,,False
9900000.0,1575.0,3.0,3,1,"Ali Estate, Yelahanka",4.0,4.0,Unfurnished,North,1.0,Ready to Move,,False
52000000.0,2753.0,3.0,3,2,"Basavanna Nagar, Whitefield",11.0,21.0,Unfurnished,West,,Upcoming,2027-10-30,True
19000000.0,1430.0,3.0,2,1,"Kodathi, Bengaluru",19.0,19.0,Unfurnished,East,,Ready to Move,,False
7200000.0,730.0,2.0,2,1,"Chaithanya Samarth, Bommenahalli",4.0,15.0,Unfurnished,East,1.0,Ready to Move,,False
20600000.0,1696.0,3.0,3,1,"Ardendale, Kannamangala - Whitefield Hoskote Road",,,Semi Furnished,West,19.0,Ready to Move,,False
37500000.0,2500.0,4.0,4,1,"Chansandra, Bengaluru",13.0,18.0,Unfurnished,Unknown,,Upcoming,2026-08-01,True
25800000.0,1450.0,3.0,3,2,"Nallurhalli, Whitefield",10.0,16.0,Unfurnished,East,,Upcoming,2026-12-01,True
28000000.0,1290.0,3.0,3,1,"Budigere Cross, Bengaluru",7.0,11.0,Unfurnished,West,,Upcoming,2029-01-01,True
39900000.0,4680.0,4.0,4,4,"Serenity Layout, Bellandur",3.0,3.0,Semi Furnished,East,7.0,Ready to Move,,False
10600000.0,980.0,2.0,2,1,"Thirumalashettyhally, Bengaluru",2.0,24.0,Unfurnished,East,,Upcoming,2026-08-26,True
10500000.0,1082.0,3.0,3,1,"Venkatapura, Kambipura, Bengaluru",10.0,14.0,Fully Furnished,East,2.0,Ready to Move,,False
35000000.0,2027.0,3.0,3,1,"Thigala Chowdadenahalli, Bengaluru",12.0,27.0,Unfurnished,East,,Ready to Move,,False
62000000.0,2753.0,3.0,3,2,"Basavanna Nagar, Whitefield",12.0,21.0,Unfurnished,East,,Upcoming,2027-04-15,True
26000000.0,1439.0,3.0,3,1,"Phase 1, Whitefield",10.0,17.0,Unfurnished,East,,Upcoming,2027-02-28,True
7300000.0,1125.0,2.0,2,1,"Janatha Colony, Chikkanagamangala",2.0,4.0,Unfurnished,Unknown,2.0,Ready to Move,,False
62000000.0,2753.0,3.0,3,2,"Basavanna Nagar, Whitefield",14.0,27.0,Unfurnished,East,,Upcoming,2027-03-16,True
33000000.0,2341.0,3.0,4,2,"B Narayanapura, Mahadevapura",10.0,13.0,Semi Furnished,Unknown,5.0,Ready to Move,,False
8500000.0,655.0,1.0,1,1,"Balagere, Bengaluru",12.0,13.0,Semi Furnished,Unknown,5.0,Ready to Move,,False
19900000.0,1175.0,2.0,2,1,"Eastwood Township, Harlur",14.0,20.0,Semi Furnished,North,8.0,Ready to Move,,False
23000000.0,1700.0,2.0,2,2,"Budigere Cross, Bengaluru",,,Unfurnished,Unknown,,Ready to Move,,False
8000000.0,1060.0,2.0,2,1,"Halasahalli, Bengaluru",2.0,8.0,Semi Furnished,East,13.0,Ready to Move,,False
8300000.0,812.0,2.0,2,1,"Gopasandra, Bengaluru",9.0,15.0,Unfurnished,East,,Ready to Move,,False
28000000.0,1662.0,3.0,3,1,"Devarabisanahalli, Bellandur",5.0,8.0,Unfurnished,East,18.0,Ready to Move,,False
10000000.0,971.0,3.0,2,1,"Huvinayakanahalli, Bengaluru",17.0,23.0,Unfurnished,West,,Ready to Move,,False
22000000.0,1323.0,3.0,3,1,"Thigala Chowdadenahalli, Bengaluru",16.0,27.0,Unfurnished,West,,Upcoming,2028-12-01,True
14000000.0,1015.0,2.0,2,1,"Dodsworth Layout, Whitefield",4.0,28.0,Unfurnished,West,,Ready to Move,,False
13100000.0,1093.0,2.0,2,1,"P&T Layout, Thanisandra",1.0,25.0,Semi Furnished,South,8.0,Ready to Move,,False
24000000.0,1815.0,3.0,2,1,"Raghuvanahalli, Subramanyapura",8.0,14.0,Semi Furnished,North,1.0,Ready to Move,,False
6800000.0,1082.0,2.0,2,2,"5th Phase, JP Nagar",2.0,4.0,Semi Furnished,West,10.0,Ready to Move,,False
9000000.0,1060.0,2.0,2,1,"Ieglo Villa, Hoodi",1.0,4.0,Semi Furnished,East,6.0,Ready to Move,,False
13000000.0,1086.0,2.0,2,1,"Nagasandra Colony, Nagasandra, Bengaluru North",19.0,19.0,Semi Furnished,Unknown,2.0,Ready to Move,,False
22500000.0,1650.0,3.0,3,1,"D Costa Layout, Cooke Town",1.0,3.0,Semi Furnished,East,20.0,Ready to Move,,False
30000000.0,1536.0,3.0,2,1,"Ferns City, Kartik Nagar",12.0,15.0,Semi Furnished,East,9.0,Ready to Move,,False
14300000.0,1604.0,2.0,2,1,"Dodsworth Layout, Whitefield",1.0,10.0,Semi Furnished,West,9.0,Ready to Move,,False
38000000.0,1080.0,2.0,2,1,"Kaverappa Layout, Kadubeesanahalli",7.0,8.0,Semi Furnished,West,5.0,Ready to Move,,False
130000000.0,3600.0,3.0,4,2,"Vasanth Nagar, Bengaluru",7.0,24.0,Semi Furnished,South,5.0,Ready to Move,,False
22000000.0,1628.0,3.0,3,1,"Dommasandra, Bengaluru",26.0,31.0,Unfurnished,North,1.0,Ready to Move,,False
7500000.0,1100.0,2.0,2,1,"Immadihalli, Whitefield",0.0,5.0,Semi Furnished,Unknown,11.0,Ready to Move,,False
7940000.000000001,1225.0,2.0,2,2,"Vyalikaval HBCS Layout, Nagavara",0.0,4.0,Semi Furnished,North,5.0,Ready to Move,,False
26000000.0,1525.0,3.0,3,1,"Sathya Sai Layout, Whitefield",7.0,17.0,Unfurnished,East,,Upcoming,2027-08-01,True
29000000.0,2027.0,3.0,3,1,"Budigere Cross, Bengaluru",34.0,40.0,Unfurnished,East,,Ready to Move,,False
18000000.0,1216.0,2.0,2,1,"Gunjur Village, Bengaluru",24.0,28.0,Semi Furnished,Unknown,5.0,Ready to Move,,False
8500000.0,1309.0,2.0,2,1,"Subramanyapura, Bengaluru",2.0,5.0,Semi Furnished,West,6.0,Ready to Move,,False
14500000.0,1796.0,3.0,3,1,"Sadanandanagar, Bennigana Halli",1.0,4.0,Fully Furnished,North,10.0,Ready to Move,,False
11900000.0,1250.0,3.0,2,1,"Parkway Homes, Rayasandra",4.0,14.0,Semi Furnished,East,8.0,Ready to Move,,False
19000000.0,1599.0,3.0,3,1,"V. Kallahalli, Bengaluru",23.0,27.0,Unfurnished,North,,Ready to Move,,False
7888000.0,1150.0,2.0,2,1,"Mathikere Extension, Mathikere",2.0,6.0,Semi Furnished,North,13.0,Ready to Move,,False
18900000.0,1600.0,3.0,3,1,"Pragathi Nagar, Electronic City",8.0,19.0,Unfurnished,East,,Upcoming,2027-08-12,True
44500000.0,2800.0,4.0,4,0,"Bileshivale, Bengaluru",19.0,32.0,Fully Furnished,North,,Upcoming,2026-09-20,True
23300000.0,1528.0,3.0,2,1,"Dommasandra, Bengaluru",12.0,34.0,Unfurnished,Unknown,,Ready to Move,,False
22799999.999999996,1218.0,2.0,2,1,"Anjanadri Layout, Konanakunte",22.0,31.0,Semi Furnished,East,7.0,Ready to Move,,False
32500000.0,1830.0,3.0,3,1,"Kariyammana Agrahara, Bellandur",7.0,13.0,Semi Furnished,East,13.0,Ready to Move,,False
16000000.0,1305.0,2.0,2,1,"Nallurhalli, Whitefield",1.0,14.0,Fully Furnished,East,9.0,Ready to Move,,False
7740000.000000001,691.0,1.0,1,1,"Varthur, Bengaluru",21.0,24.0,Unfurnished,East,,Ready to Move,,False
12500000.0,1119.0,2.0,2,1,"Hosahalli, Bengaluru",9.0,15.0,Semi Furnished,West,1.0,Ready to Move,,False
32000000.0,1980.0,3.0,3,1,"Sathya Sai Layout, Whitefield",21.0,28.0,Unfurnished,North,,Upcoming,2026-07-09,True
25500000.0,1587.0,3.0,3,1,"2nd Stage, Uttarahalli Hobli",6.0,23.0,Unfurnished,East,1.0,Ready to Move,,False
16000000.0,1084.0,2.0,2,1,"Anchepalya, Bengaluru",8.0,30.0,Semi Furnished,North,5.0,Ready to Move,,False
9700000.0,938.0,2.0,2,1,"Gummanahalli, Bengaluru",9.0,21.0,Unfurnished,East,,Ready to Move,,False
22500000.0,1645.0,3.0,3,1,"Green Glen Layout, Bellandur",3.0,9.0,Semi Furnished,East,19.0,Ready to Move,,False
7700000.0,850.0,2.0,2,1,"Phase I, Electronic City",7.0,9.0,Unfurnished,East,,Ready to Move,,False
13700000.000000002,1170.0,2.0,2,1,"Konadasapura, Bengaluru",14.0,17.0,Semi Furnished,East,7.0,Ready to Move,,False
17800000.0,1217.0,2.0,2,2,"Phase 1, Whitefield",7.0,18.0,Unfurnished,East,,Upcoming,2026-06-25,True
30099999.999999996,1587.0,3.0,3,1,"Sathya Sai Layout, Whitefield",10.0,17.0,Unfurnished,East,,Upcoming,2027-08-01,True
7550000.0,1100.0,2.0,2,1,"V S Reddy Colony, Kadugodi",2.0,5.0,Unfurnished,East,11.0,Ready to Move,,False
4800000.0,432.0,1.0,1,1,"Boovanahalli, Bengaluru",13.0,19.0,Semi Furnished,Unknown,1.0,Ready to Move,,False
7200000.0,1117.0,2.0,2,1,"V. Kallahalli, Bengaluru",3.0,4.0,Semi Furnished,North,4.0,Ready to Move,,False
22000000.0,1675.0,3.0,3,0,"Manjunatha Nagar, Bagalakunte",3.0,23.0,Unfurnished,East,,Ready to Move,,False
8500000.0,986.0,2.0,2,1,"Hulimavu, Bengaluru",1.0,12.0,Semi Furnished,South,8.0,Ready to Move,,False
24000000.0,1789.0,3.0,3,0,"Bommenahalli, Bengaluru",2.0,18.0,Unfurnished,East,,Ready to Move,,False
13000000.0,1750.0,3.0,3,2,"Banashankari, Bengaluru",1.0,3.0,Semi Furnished,East,12.0,Ready to Move,,False
33400000.0,2134.0,4.0,3,4,"Gunjur Village, Bengaluru",11.0,20.0,Semi Furnished,Unknown,6.0,Ready to Move,,False
11800000.0,1495.0,3.0,2,1,"III Stage, RR Nagar",4.0,5.0,Semi Furnished,East,11.0,Ready to Move,,False
27599999.999999996,2265.0,4.0,4,4,"Akshaya Vana, Akshayanagar",6.0,14.0,Unfurnished,West,,Ready to Move,,False
11700000.0,1325.0,2.0,2,1,"DNA Eden View, Whitefield",3.0,4.0,Semi Furnished,Unknown,6.0,Ready to Move,,False
19500000.0,2072.0,3.0,3,1,"Venugopal Reddy Layout, Arakere",2.0,8.0,Semi Furnished,North,5.0,Ready to Move,,False
6800000.0,1009.0,2.0,2,2,"Doddaballapura, Bengaluru",3.0,7.0,Unfurnished,Unknown,,Ready to Move,,False
13600000.000000002,1380.0,3.0,3,1,"Ali Estate, Yelahanka",,,Semi Furnished,North,1.0,Ready to Move,,False
25299999.999999996,1860.0,3.0,3,1,"Varthur, Bengaluru",11.0,30.0,Unfurnished,East,1.0,Ready to Move,,False
10700000.0,1330.0,2.0,2,1,"Varthur, Bengaluru",1.0,8.0,Unfurnished,East,,Ready to Move,,False
30000000.0,1994.0,3.0,3,2,"Aditya Layout, RR Nagar",23.0,28.0,Unfurnished,East,,Upcoming,2026-07-24,True
16000000.0,1600.0,3.0,2,2,"Celesta, Battarahalli",7.0,12.0,Unfurnished,East,2.0,Ready to Move,,False
13000000.0,1110.0,2.0,2,1,"Gunjur, Bengaluru",23.0,24.0,Semi Furnished,West,5.0,Ready to Move,,False
11000000.0,1192.0,2.0,2,1,"Devin Paradise Enclave, Chokkanahalli",7.0,35.0,Unfurnished,East,1.0,Ready to Move,,False
28500000.0,1602.0,3.0,3,1,"HAL 2nd Stage, Indira Nagar",2.0,4.0,Semi Furnished,Unknown,12.0,Ready to Move,,False
19000000.0,900.0,2.0,2,1,"Classic Orchids Layout, Kalena Agrahara",9.0,18.0,Semi Furnished,North,3.0,Ready to Move,,False
24300000.0,1664.0,3.0,3,1,"Varthur, Bengaluru",18.0,21.0,Semi Furnished,East,,Ready to Move,,False
10700000.0,1220.0,2.0,2,2,"Dodsworth Layout, Whitefield",12.0,14.0,Semi Furnished,Unknown,6.0,Ready to Move,,False
11100000.000000002,1250.0,2.0,2,1,"Phase I, Electronic City",10.0,12.0,Semi Furnished,North,10.0,Ready to Move,,False
11000000.0,1145.0,2.0,2,1,"Nagondanahalli, Bengaluru",1.0,4.0,Fully Furnished,North,4.0,Ready to Move,,False
22500000.0,1175.0,2.0,2,1,"Thigalarapalya, K R Puram",7.0,14.0,Semi Furnished,Unknown,8.0,Ready to Move,,False
7500000.0,1125.0,2.0,2,1,"Janatha Colony, Chikkanagamangala",3.0,28.0,Unfurnished,Unknown,1.0,Ready to Move,,False
52000000.0,2500.0,4.0,4,3,"Sahakara Nagar, Bengaluru",9.0,15.0,Unfurnished,West,1.0,Ready to Move,,False
16200000.000000002,1632.0,2.5,2,1,"Sathya Sai Layout, Whitefield",2.0,12.0,Unfurnished,West,,Upcoming,2026-11-30,True
28500000.0,1750.0,3.0,3,1,"Sathya Sai Layout, Whitefield",9.0,26.0,Unfurnished,East,,Upcoming,2027-08-01,True
10900000.0,970.0,2.0,2,1,"Gummanahalli, Bengaluru",4.0,21.0,Unfurnished,East,3.0,Ready to Move,,False
12600000.0,1315.0,3.0,2,1,"Choodasandra, Bengaluru",2.0,5.0,Semi Furnished,North,13.0,Ready to Move,,False
21500000.0,1900.0,3.0,3,2,"V S Reddy Colony, Kadugodi",4.0,14.0,Semi Furnished,South,16.0,Ready to Move,,False
12100000.0,964.0,2.0,2,1,"Aishwarya Crystal Layout, Begur",2.0,17.0,Semi Furnished,West,1.0,Ready to Move,,False
19000000.0,1420.0,3.0,2,1,"Konadasapura, Bengaluru",4.0,17.0,Fully Furnished,Unknown,5.0,Ready to Move,,False
14000000.0,1012.0,2.0,2,1,"Devasthanagalu, Varthur",11.0,14.0,Semi Furnished,East,4.0,Ready to Move,,False
10500000.0,980.0,2.0,2,1,"Thirumalashettyhally, Bengaluru",15.0,24.0,Unfurnished,West,1.0,Ready to Move,,False
18000000.0,1637.0,3.0,3,2,"Konadasapura, Bengaluru",1.0,15.0,Semi Furnished,Unknown,5.0,Ready to Move,,False
15500000.0,1300.0,3.0,3,1,"Shivanahalli 2nd Stage, Nehru Nagar",7.0,12.0,Unfurnished,West,,Upcoming,2027-08-01,True
82000000.0,3100.0,4.0,4,1,"Iblur Village, Bellandur",4.0,16.0,Semi Furnished,North,9.0,Ready to Move,,False
8500000.0,1362.0,2.0,2,1,"Subramanyapura, Bengaluru",2.0,5.0,Semi Furnished,West,6.0,Ready to Move,,False
19000000.0,1600.0,3.0,3,1,"OMBR Layout, Banaswadi",1.0,4.0,Semi Furnished,North,2.0,Ready to Move,,False
13500000.0,1400.0,3.0,2,1,"SNN Raj Serenity, Akshayanagar",1.0,14.0,Semi Furnished,East,10.0,Ready to Move,,False
13200000.0,1097.0,3.0,2,1,"Belathur, K R Puram",16.0,27.0,Unfurnished,East,,Ready to Move,,False
21100000.0,1575.0,3.0,3,1,"Eastwood Township, Kasavanahalli",1.0,11.0,Semi Furnished,South,14.0,Ready to Move,,False
14800000.0,1161.0,2.0,2,1,"Budigere Cross, Bengaluru",14.0,19.0,Semi Furnished,Unknown,8.0,Ready to Move,,False
25500000.0,1431.0,2.0,2,0,"Bileshivale, Bengaluru",16.0,26.0,Unfurnished,North,,Upcoming,2026-09-15,True
11700000.0,1007.0,2.0,2,2,"Manayata Tech Park, Thanisandra",8.0,23.0,Semi Furnished,East,,Upcoming,2026-07-24,True
35000000.0,2305.0,3.0,3,1,"Bileshivale, Bengaluru",14.0,33.0,Unfurnished,East,,Ready to Move,,False
14200000.0,1134.0,2.0,2,1,"Dodsworth Layout, Whitefield",7.0,12.0,Semi Furnished,East,8.0,Ready to Move,,False
21300000.0,1248.0,3.0,3,1,"Vallabha Nagar, Uttarahalli Hobli",6.0,7.0,Semi Furnished,Unknown,18.0,Ready to Move,,False
8200000.0,620.0,1.0,1,0,"Balagere, Bengaluru",11.0,13.0,Semi Furnished,East,5.0,Ready to Move,,False
13000000.0,991.0,2.0,2,1,"Phase I, Electronic City",8.0,21.0,Semi Furnished,East,2.0,Ready to Move,,False
8600000.0,1100.0,2.0,2,2,"Vignan Nagar, Kaggadasapura",1.0,4.0,Semi Furnished,East,2.0,Ready to Move,,False
27900000.0,1838.0,3.0,3,2,"Rammana Layout, Byrathi",4.0,9.0,Unfurnished,East,,Upcoming,2026-08-27,True
9800000.0,1690.0,3.0,3,1,"Aishwarya Crystal Layout, Singasandra",0.0,4.0,Fully Furnished,West,10.0,Ready to Move,,False
12500000.0,784.0,2.0,2,1,"Anchepalya, Bengaluru",14.0,30.0,Semi Furnished,East,3.0,Ready to Move,,False
27500000.0,1753.0,3.0,3,1,"5th Block, Koramangala",4.0,12.0,Semi Furnished,East,3.0,Ready to Move,,False
17100000.0,1235.0,2.0,2,2,"Dodsworth Layout, Whitefield",2.0,5.0,Semi Furnished,East,4.0,Ready to Move,,False
12300000.0,1287.0,2.0,2,1,"Dodsworth Layout, Whitefield",2.0,4.0,Semi Furnished,West,9.0,Ready to Move,,False
21000000.0,1640.0,3.0,3,1,"Dommasandra, Bengaluru",3.0,32.0,Unfurnished,East,1.0,Ready to Move,,False
27000000.0,1600.0,3.0,3,1,"Lakshminarayana Pura, Munnekollal",9.0,12.0,Semi Furnished,Unknown,,Upcoming,2026-08-09,True
32700000.0,1846.0,3.0,3,1,"1A Block, Koramangala",4.0,4.0,Semi Furnished,East,15.0,Ready to Move,,False
19700000.0,1438.0,3.0,2,2,"KHB Games Village, Koramangala",2.0,6.0,Semi Furnished,South,10.0,Ready to Move,,False
22599999.999999996,1916.0,3.0,3,2,"Navarathna Agrahara, Bengaluru",11.0,26.0,Semi Furnished,East,8.0,Ready to Move,,False
7750000.0,834.0,2.0,2,1,"Sarjapur, Bengaluru",1.0,5.0,Semi Furnished,East,3.0,Ready to Move,,False
23400000.0,1948.0,3.0,4,1,"Navarathna Agrahara, Bengaluru",8.0,26.0,Semi Furnished,West,9.0,Ready to Move,,False
5000000.0,1050.0,2.0,2,1,"BEML Cooperative Society Layout, Bengaluru",0.0,7.0,Semi Furnished,East,8.0,Ready to Move,,False
10400000.0,925.0,2.0,2,1,"Choodasandra, Bengaluru",11.0,15.0,Unfurnished,Unknown,,Ready to Move,,False
19000000.0,1498.0,3.0,3,1,"Yadavanahalli, Bengaluru",27.0,39.0,Unfurnished,East,,Ready to Move,,False
8800000.0,1167.0,2.0,2,1,"Varthur, Bengaluru",3.0,4.0,Semi Furnished,Unknown,6.0,Ready to Move,,False
12500000.0,841.0,2.0,2,1,"Yadavanahalli, Bengaluru",26.0,33.0,Semi Furnished,East,,Ready to Move,,False
8500000.0,1250.0,3.0,3,1,"Phase I, Electronic City",4.0,5.0,Semi Furnished,West,9.0,Ready to Move,,False
95000000.0,3500.0,4.0,4,3,"Mahantara Lay Out, Kempegowda Nagar",11.0,21.0,Unfurnished,North,7.0,Ready to Move,,False
7900000.0,605.0,1.0,1,1,"Dodsworth Layout, Whitefield",22.0,29.0,Unfurnished,West,,Ready to Move,,False
16000000.0,1410.0,3.0,2,1,"Konadasapura, Bengaluru",3.0,17.0,Semi Furnished,Unknown,7.0,Ready to Move,,False
12500000.0,980.0,2.0,2,2,"Anchepalya, Bengaluru",7.0,19.0,Semi Furnished,North,4.0,Ready to Move,,False
15900000.0,900.0,2.0,2,1,"Devasthanagalu, Varthur",32.0,33.0,Unfurnished,West,,Upcoming,2026-06-02,True
30000000.0,1774.0,3.0,3,1,"2nd Stage, Uttarahalli Hobli",6.0,23.0,Unfurnished,West,1.0,Ready to Move,,False
4700000.0,698.0,2.0,2,1,"Attibele, Bengaluru",14.0,14.0,Unfurnished,East,1.0,Ready to Move,,False
22599999.999999996,1917.0,3.0,3,2,"P&T Layout, Thanisandra",11.0,26.0,Semi Furnished,East,8.0,Ready to Move,,False
23400000.0,1948.0,3.0,4,1,"P&T Layout, Thanisandra",8.0,26.0,Semi Furnished,West,9.0,Ready to Move,,False
8500000.0,900.0,2.0,2,1,"Kundalahalli, Brookefield",2.0,3.0,Unfurnished,West,15.0,Ready to Move,,False
22200000.000000004,1785.0,3.0,3,1,"Bengaluru Hardware Park, Bengaluru",18.0,18.0,Unfurnished,East,,Ready to Move,,False
7100000.0,950.0,2.0,2,1,"Sarjapur, Bengaluru",2.0,4.0,Semi Furnished,North,7.0,Ready to Move,,False
23500000.0,1345.0,3.0,3,1,"Srinivasa Nagar, Banashankari",8.0,12.0,Semi Furnished,East,10.0,Ready to Move,,False
9600000.0,1145.0,2.0,2,1,"Dodsworth Layout, Whitefield",4.0,5.0,Semi Furnished,Unknown,5.0,Ready to Move,,False
10000000.0,1119.0,2.0,2,1,"S R Layout, Murugeshpalya",3.0,4.0,Semi Furnished,North,16.0,Ready to Move,,False
24000000.0,1790.0,3.5,3,2,"Cheemasandra, Bengaluru",15.0,18.0,Unfurnished,Unknown,,Upcoming,2026-08-04,True
16200000.000000002,1700.0,3.0,3,1,"Srinivasa Nagar, Banashankari",3.0,5.0,Semi Furnished,West,7.0,Ready to Move,,False
14500000.0,1337.0,3.0,2,1,"Bidare Agraha, Bengaluru",1.0,11.0,Semi Furnished,North,4.0,Ready to Move,,False
6100000.0,858.0,2.0,2,1,"Kuthaganahalli, Bengaluru",2.0,4.0,Semi Furnished,East,3.0,Ready to Move,,False
21000000.0,1880.0,3.0,2,1,"Sannatammanahalli, Battarahalli",6.0,38.0,Semi Furnished,Unknown,7.0,Ready to Move,,False
17400000.0,1234.0,2.0,2,1,"Dwarka Nagar, Kattigenahalli",13.0,14.0,Unfurnished,North,2.0,Ready to Move,,False
12700000.0,960.0,2.0,2,1,"Varthur, Bengaluru",4.0,6.0,Semi Furnished,North,1.0,Ready to Move,,False
15000000.0,980.0,2.0,2,1,"Sulthangunta, Shivaji Nagar",7.0,7.0,Semi Furnished,West,35.0,Ready to Move,,False
14000000.0,1156.0,2.0,2,1,"Virupakshapura, Bengaluru",0.0,4.0,Semi Furnished,West,3.0,Ready to Move,,False
28000000.0,1670.0,3.0,3,1,"Devarabisanahalli, Bellandur",3.0,14.0,Semi Furnished,West,18.0,Ready to Move,,False
35000000.0,1540.0,3.0,3,1,"Lakedew Residency- Phase 2, Harlur",15.0,18.0,Semi Furnished,West,7.0,Ready to Move,,False
11800000.0,1058.0,2.0,2,2,"Manayata Tech Park, Thanisandra",15.0,23.0,Semi Furnished,East,1.0,Ready to Move,,False
35500000.0,2305.0,3.0,3,2,"Bileshivale, Bengaluru",6.0,36.0,Fully Furnished,East,,Ready to Move,,False
21000000.0,1386.0,3.0,3,1,"Dommasandra, Bengaluru",7.0,32.0,Unfurnished,North,1.0,Ready to Move,,False
11000000.0,1000.0,2.0,2,2,"Phase 5, Chikkanayakanahalli, Choodasandra",6.0,14.0,Unfurnished,East,4.0,Ready to Move,,False
18500000.0,1600.0,3.0,3,1,"OMBR Layout, Banaswadi",1.0,4.0,Semi Furnished,Unknown,2.0,Ready to Move,,False
19500000.0,1344.0,2.0,2,1,"Janatha Colony, Doddakannelli",8.0,14.0,Semi Furnished,East,4.0,Ready to Move,,False
22599999.999999996,1374.0,2.0,2,1,"Bellandur Village, Bellandur",4.0,14.0,Semi Furnished,Unknown,2.0,Ready to Move,,False
31000000.0,1700.0,3.0,3,1,"Lords Steps Layout, Panathur",2.0,18.0,Unfurnished,East,1.0,Ready to Move,,False
30000000.0,1817.0,3.0,3,1,"Ramagondanahalli, Whitefield",4.0,17.0,Unfurnished,West,,Ready to Move,,False
7500000.0,1092.0,2.0,2,1,"Devasthanagalu, Varthur",0.0,5.0,Semi Furnished,West,10.0,Ready to Move,,False
12000000.0,1000.0,2.5,2,1,"Thirumalashettyhally, Bengaluru",2.0,12.0,Semi Furnished,Unknown,1.0,Ready to Move,,False
10700000.0,1149.0,2.0,2,1,"Gollahalli, Electronic City",11.0,14.0,Semi Furnished,East,7.0,Ready to Move,,False
26000000.0,1680.0,3.0,3,1,"Thigala Chowdadenahalli, Bengaluru",19.0,28.0,Unfurnished,Unknown,,Upcoming,2026-08-27,True
5400000.0,1206.0,2.0,2,0,"Thyvakanahally, Bengaluru",1.0,4.0,Semi Furnished,West,10.0,Ready to Move,,False
7950000.0,927.0,2.0,2,1,"Sree Narayana Nagar, Kadagrahara",5.0,7.0,Semi Furnished,Unknown,2.0,Ready to Move,,False
6350000.0,1000.0,2.0,2,1,"Phase I, Electronic City",1.0,6.0,Semi Furnished,North,10.0,Ready to Move,,False
8000000.0,1195.0,2.0,2,1,"Nallurhalli, Whitefield",0.0,5.0,Semi Furnished,East,11.0,Ready to Move,,False
22000000.0,1780.0,3.0,3,1,"Yerthiganahalli, Bengaluru",4.0,4.0,Unfurnished,North,2.0,Ready to Move,,False
22500000.0,1100.0,2.0,2,1,"Kodigehalli, K R Puram",5.0,14.0,Semi Furnished,West,1.0,Ready to Move,,False
14800000.0,1116.0,3.0,2,1,"Yelahanka, Bengaluru",2.0,4.0,Unfurnished,West,2.0,Ready to Move,,False
18500000.0,1740.0,3.0,3,0,"Narayanapura, Bengaluru",1.0,17.0,Semi Furnished,Unknown,3.0,Ready to Move,,False
9000000.0,1670.0,3.0,3,1,"Horamavu Agara, Horamavu",2.0,5.0,Unfurnished,West,,Ready to Move,,False
26200000.0,1615.0,3.0,3,1,"Nagavara, Bengaluru",1.0,20.0,Semi Furnished,East,4.0,Ready to Move,,False
9000000.0,1180.0,2.0,2,1,"Sarjapur, Bengaluru",1.0,10.0,Unfurnished,East,,Ready to Move,,False
10000000.0,838.0,2.0,2,1,"Yadavanahalli, Bengaluru",6.0,33.0,Unfurnished,East,,Ready to Move,,False
10400000.0,1470.0,3.0,2,1,"Ayyappa Nagar, K R Puram",3.0,5.0,Semi Furnished,South,9.0,Ready to Move,,False
13799999.999999998,1490.0,3.0,3,1,"Tatanagar, Devinagar",5.0,5.0,Unfurnished,West,8.0,Ready to Move,,False
22000000.0,1112.0,2.5,2,1,"Seetharampalya, Hoodi",7.0,16.0,Semi Furnished,West,3.0,Ready to Move,,False
43500000.0,2711.0,4.0,4,2,"Sathya Sai Layout, Whitefield",20.0,28.0,Unfurnished,West,,Ready to Move,,False
16399999.999999998,1300.0,2.0,2,1,"Vasthu Layout, Parappana Agrahara",2.0,5.0,Unfurnished,East,,Ready to Move,,False
11500000.0,959.0,2.0,2,1,"Jyotipuram, Bengaluru",7.0,14.0,Unfurnished,East,1.0,Ready to Move,,False
16299999.999999998,1395.0,2.0,2,1,"EPIP Zone, Brookefield",9.0,9.0,Semi Furnished,North,10.0,Ready to Move,,False
11500000.0,1535.0,3.0,3,1,"ISRO Akash Vihar Layout, Gantiganahalli",1.0,3.0,Unfurnished,North,1.0,Ready to Move,,False
8000000.0,1180.0,2.0,2,1,"Vijay Nagar, Whitefield",4.0,5.0,Semi Furnished,East,9.0,Ready to Move,,False
5200000.0,1100.0,2.0,2,1,"Doddanekundi, Bengaluru",2.0,4.0,Semi Furnished,West,15.0,Ready to Move,,False
13000000.0,984.0,2.0,2,1,"63 Degrees East, Chikkakannalli",10.0,13.0,Semi Furnished,North-East,3.0,Ready to Move,,False
19300000.0,1300.0,2.5,2,1,"Ilyas Nagar, Kumaraswamy Layout",15.0,18.0,Semi Furnished,West,4.0,Ready to Move,,False
18000000.0,1499.0,3.0,3,1,"Yadavanahalli, Bengaluru",7.0,38.0,Unfurnished,West,1.0,Ready to Move,,False
61000000.0,4686.0,4.0,4,3,"Basavanna Nagar, K R Puram",8.0,33.0,Unfurnished,East,1.0,Ready to Move,,False
9800000.0,1087.0,3.0,2,1,"Dommasandra, Bengaluru",2.0,13.0,Semi Furnished,North,3.0,Ready to Move,,False
16200000.000000002,1600.0,3.0,3,1,"Bollineni Silas, K R Puram",11.0,13.0,Semi Furnished,West,6.0,Ready to Move,,False
43500000.0,2475.0,4.0,4,1,"Kodigehalli, K R Puram",19.0,19.0,Unfurnished,East,1.0,Ready to Move,,False
8000000.0,1644.0,3.0,3,1,"Manayata Tech Park, Thanisandra",1.0,6.0,Semi Furnished,East,12.0,Ready to Move,,False
24500000.0,1500.0,3.0,3,1,"Thigala Chowdadenahalli, Bengaluru",16.0,28.0,Unfurnished,East,1.0,Ready to Move,,False
27500000.0,1697.0,3.0,3,2,"Gunjur Village, Bengaluru",16.0,30.0,Semi Furnished,East,5.0,Ready to Move,,False
13400000.0,1290.0,2.0,2,1,"Seegehalli, Whitefield - Hoskote Road, K R Puram",12.0,34.0,Unfurnished,West,,Ready to Move,,False
7950000.0,1158.0,2.0,2,1,"Chikkadasarahalli, Bengaluru",2.0,12.0,Unfurnished,West,,Ready to Move,,False
20800000.0,1745.0,3.0,3,1,"Reliaable Tranquil Layout, Bengaluru",3.0,6.0,Semi Furnished,East,12.0,Ready to Move,,False
31300000.0,1910.0,3.0,3,1,"Lords Steps Layout, Panathur",15.0,18.0,Unfurnished,East,,Ready to Move,,False
31000000.0,1980.0,3.0,3,2,"Sathya Sai Layout, Whitefield",22.0,28.0,Unfurnished,West,,Ready to Move,,False
15000000.0,1161.0,2.0,2,1,"Budigere Cross, Bengaluru",15.0,23.0,Semi Furnished,East,8.0,Ready to Move,,False
60000000.0,3434.0,4.0,4,4,"Basavanna Nagar, K R Puram",2.0,30.0,Fully Furnished,Unknown,1.0,Ready to Move,,False
9600000.0,1170.0,2.0,2,1,"Kodigehalli, K R Puram",3.0,5.0,Semi Furnished,East,10.0,Ready to Move,,False
25600000.0,1519.0,3.0,3,1,"Pantarapalya, Nayandahalli",19.0,21.0,Semi Furnished,East,4.0,Ready to Move,,False
25000000.0,1124.0,3.0,2,1,"Panathur, Bengaluru",6.0,12.0,Unfurnished,East,,Ready to Move,,False
22900000.0,1150.0,3.0,3,1,"Devasthanagalu, Varthur",11.0,33.0,Unfurnished,North,,Upcoming,2026-08-26,True
25600000.0,1553.0,3.0,2,1,"Balagere, Bengaluru",6.0,14.0,Unfurnished,East,,Ready to Move,,False
21900000.0,2250.0,3.0,3,2,"Avalahalli, Avalahalli",3.0,4.0,Unfurnished,East,,Upcoming,2026-08-27,True
30000000.0,2100.0,3.0,3,1,"Sripuram, Sheshadripuram",1.0,4.0,Semi Furnished,Unknown,25.0,Ready to Move,,False
5000000.0,500.0,1.0,1,1,"Yelachanayakanapura, Bengaluru",4.0,14.0,Fully Furnished,Unknown,,Ready to Move,,False
20400000.0,1670.0,3.0,3,1,"Bengaluru Hardware Park, Bengaluru",3.0,18.0,Unfurnished,West,,Ready to Move,,False
26000000.0,1150.0,3.0,3,1,"Block 5 Stage 1, HBR Layout",1.0,7.0,Unfurnished,North,,Ready to Move,,False
16000000.0,1500.0,2.0,2,2,"Block 2, Rajajinagar",2.0,4.0,Fully Furnished,North,4.0,Ready to Move,,False
6200000.0,850.0,2.0,2,1,"Doddabanahalli, Bidare Agraha",18.0,19.0,Semi Furnished,East,8.0,Ready to Move,,False
14500000.0,1321.0,3.0,3,2,"Gummanahalli, Bengaluru",11.0,21.0,Semi Furnished,North,2.0,Ready to Move,,False
30600000.0,1820.0,3.0,3,1,"Varthur, Bengaluru",9.0,26.0,Semi Furnished,West,1.0,Ready to Move,,False
14000000.0,1450.0,3.0,2,1,"Avalahalli, Yelahanka",1.0,9.0,Semi Furnished,East,10.0,Ready to Move,,False
10900000.0,1308.0,2.0,2,1,"Ganga Layout, Rayasandra",7.0,12.0,Semi Furnished,East,12.0,Ready to Move,,False
8500000.0,750.0,1.0,1,2,"Devin Paradise Enclave, Tirumanahalli",15.0,34.0,Semi Furnished,Unknown,1.0,Ready to Move,,False
12000000.0,1140.0,2.0,2,1,"Skanda Avani, Chikkakannalli",1.0,7.0,Semi Furnished,East,2.0,Ready to Move,,False
22000000.0,1431.0,3.0,2,1,"Thigala Chowdadenahalli, Bengaluru",25.0,27.0,Unfurnished,North-East,,Ready to Move,,False
13500000.0,970.0,2.0,2,1,"Chikkakannalli, Bengaluru",21.0,27.0,Unfurnished,West,,Ready to Move,,False
15800000.0,1070.0,3.0,2,1,"Doddathoguru, Electronic City",6.0,8.0,Semi Furnished,East,9.0,Ready to Move,,False
23300000.0,1746.0,3.0,3,2,"Phase I, Electronic City",1.0,12.0,Semi Furnished,South,16.0,Ready to Move,,False
11299999.999999998,1209.0,2.0,2,1,"K R Puram, Bengaluru",9.0,13.0,Semi Furnished,East,6.0,Ready to Move,,False
16900000.0,1950.0,3.5,3,1,"Seegehalli, K R Puram",2.0,5.0,Unfurnished,West,,Ready to Move,,False
7800000.0,646.0,1.0,1,1,"Gummanahalli, Bengaluru",16.0,23.0,Semi Furnished,North,2.0,Ready to Move,,False
9800000.0,1254.0,3.0,2,1,"Maithri Layout, Kadugodi",4.0,5.0,Semi Furnished,East,7.0,Ready to Move,,False
8500000.0,956.0,2.0,2,1,"Boovanahalli, Bengaluru",16.0,19.0,Unfurnished,Unknown,2.0,Ready to Move,,False
9000000.0,981.0,3.0,2,1,"Kacharakanahalli,Bisnahalli, Bengaluru",3.0,4.0,Semi Furnished,East,3.0,Ready to Move,,False
14300000.0,1655.0,3.0,3,1,"Terracon Doctors Enclave, Chandapura",10.0,16.0,Unfurnished,East,,Ready to Move,,False
17700000.0,1418.0,3.0,3,1,"RR Nagar, Bengaluru",4.0,11.0,Unfurnished,North,1.0,Ready to Move,,False
30000000.0,1915.0,3.0,3,1,"Lords Steps Layout, Panathur",12.0,18.0,Unfurnished,West,,Upcoming,2028-12-01,True
9500000.0,1256.0,2.0,2,1,"Industrial Area, Yelahanka New Town",1.0,5.0,Semi Furnished,East,7.0,Ready to Move,,False
17000000.0,1146.0,3.0,3,1,"Upkar Layout, Whitefield",8.0,27.0,Unfurnished,East,,Upcoming,2027-03-01,True
13500000.0,1000.0,2.0,2,1,"Medahalli, Bengaluru",1.0,28.0,Unfurnished,East,,Upcoming,2026-09-05,True
17000000.0,1955.0,3.0,3,2,"Seegehalli, Whitefield - Hoskote Road, K R Puram",3.0,5.0,Fully Furnished,East,2.0,Ready to Move,,False
7600000.0,1600.0,3.0,3,1,"Sree Narayana Nagar, Kadagrahara",1.0,5.0,Unfurnished,Unknown,1.0,Ready to Move,,False
18400000.0,1439.0,2.0,2,1,"Rachenahalli, Thanisandra",9.0,19.0,Semi Furnished,East,7.0,Ready to Move,,False
9900000.0,1370.0,3.0,2,1,"K R Puram, Bengaluru",3.0,6.0,Semi Furnished,East,11.0,Ready to Move,,False
21300000.0,2108.0,3.0,2,1,"Kambipura, Bengaluru",8.0,14.0,Unfurnished,West,,Upcoming,2028-12-30,True
22000000.0,1785.0,3.0,3,1,"Gummanahalli, Bengaluru",18.0,18.0,Unfurnished,East,,Upcoming,2028-09-01,True
19000000.0,1310.0,2.0,2,1,"Gunjur Village, Bengaluru",24.0,25.0,Unfurnished,East,1.0,Ready to Move,,False
26500000.0,2200.0,3.0,3,1,"Akme Encore, Brookefield",2.0,12.0,Semi Furnished,East,10.0,Ready to Move,,False
17000000.0,869.0,1.0,1,2,"Kannuru, Bengaluru",16.0,16.0,Fully Furnished,East,5.0,Ready to Move,,False
8900000.0,934.0,2.0,2,1,"Budigere Cross, Bengaluru",6.0,19.0,Semi Furnished,North,3.0,Ready to Move,,False
8500000.0,1090.0,2.0,2,1,"Wipro Corporate, Kaikondrahalli",1.0,5.0,Semi Furnished,East,11.0,Ready to Move,,False
22100000.0,1328.0,3.0,2,1,"Varthur, Bengaluru",24.0,26.0,Semi Furnished,East,1.0,Ready to Move,,False
12700000.0,1295.0,3.0,2,1,"Karnasree Layout, Medahalli",3.0,5.0,Semi Furnished,East,3.0,Ready to Move,,False
6500000.0,1151.0,2.0,2,0,"7th Phase, JP Nagar",4.0,4.0,Semi Furnished,North,5.0,Ready to Move,,False
29000000.0,2490.0,4.0,4,2,"Prakruthi Nagar, Kogilu",10.0,11.0,Unfurnished,East,2.0,Ready to Move,,False
14600000.0,1404.0,2.5,2,1,"Janatha Colony, Doddakannelli",3.0,5.0,Semi Furnished,West,8.0,Ready to Move,,False
19000000.0,1585.0,3.0,3,1,"Vastu Bhoomi, K R Puram",,,Unfurnished,Unknown,,Ready to Move,,False
6950000.0,1068.0,2.0,2,1,"Somasundarapalya, Bengaluru",3.0,5.0,Semi Furnished,East,15.0,Ready to Move,,False
22000000.0,1890.0,3.0,3,1,"Thomas Town, Cooke Town",4.0,9.0,Semi Furnished,Unknown,23.0,Ready to Move,,False
25200000.0,1571.0,3.0,3,2,"Jayanagar Housing Society Layout, Subramanyapura",4.0,19.0,Fully Furnished,North,4.0,Ready to Move,,False
11000000.0,1185.0,2.0,2,2,"3G Homes Crimson Layout, Kadugodi",0.0,4.0,Unfurnished,Unknown,7.0,Ready to Move,,False
23500000.0,1580.0,3.0,2,2,"Anchepalya, Bengaluru",23.0,30.0,Semi Furnished,East,5.0,Ready to Move,,False
13500000.0,1183.0,2.0,2,1,"P&T Layout, Kannuru",0.0,36.0,Unfurnished,West,1.0,Ready to Move,,False
14000000.0,1000.0,2.0,2,1,"Balagere, Bengaluru",8.0,20.0,Semi Furnished,Unknown,5.0,Ready to Move,,False
15900000.0,1249.0,2.0,2,1,"Dodsworth Layout, Whitefield",1.0,12.0,Semi Furnished,North,12.0,Ready to Move,,False
11600000.0,981.0,2.0,2,1,"Dodsworth Layout, Whitefield",25.0,28.0,Unfurnished,Unknown,,Ready to Move,,False
8500000.0,971.0,3.0,2,1,"Gummanahalli, Bengaluru",14.0,22.0,Unfurnished,West,,Upcoming,2026-12-31,True
8000000.0,1041.0,2.0,2,1,"Sonnenahalli Colony, K R Puram",1.0,4.0,Semi Furnished,North,7.0,Ready to Move,,False
30299999.999999996,1850.0,3.0,3,1,"Basavanapura, K R Puram",11.0,15.0,Unfurnished,East,,Upcoming,2027-06-01,True
25800000.0,1850.0,3.0,3,1,"Dommasandra, Bengaluru",19.0,30.0,Unfurnished,East,,Ready to Move,,False
6650000.0,1015.0,2.0,2,1,"Sarjapur, Bengaluru",3.0,8.0,Semi Furnished,North,2.0,Ready to Move,,False
10500000.0,980.0,2.0,2,1,"Konappana Agrahara, Electronic City",5.0,10.0,Semi Furnished,North,10.0,Ready to Move,,False
19000000.0,1312.0,2.0,2,0,"Pai Layout, Mahadevapura",1.0,10.0,Semi Furnished,East,15.0,Ready to Move,,False
7400000.0,1150.0,2.0,2,1,"Malleshpalya, Kaggadasapura",6.0,12.0,Semi Furnished,East,9.0,Ready to Move,,False
7500000.0,880.0,2.0,2,1,"Gunjur Village, Bengaluru",3.0,3.0,Semi Furnished,North,5.0,Ready to Move,,False
6900000.0,744.0,2.0,2,1,"Chaithanya Samarth, Bommenahalli",1.0,10.0,Unfurnished,East,,Ready to Move,,False
11200000.000000002,1510.0,3.0,3,2,"Aishwarya Crystal Layout, Begur",0.0,4.0,Semi Furnished,West,12.0,Ready to Move,,False
13400000.0,801.0,3.0,2,1,"Seegehalli, Whitefield - Hoskote Road, K R Puram",12.0,34.0,Unfurnished,West,,Upcoming,2027-08-01,True
14500000.0,1007.0,2.0,2,1,"Devasthanagalu, Varthur",14.0,14.0,Semi Furnished,Unknown,7.0,Ready to Move,,False
9500000.0,1435.0,3.0,2,1,"Anjanadri Layout, K R Puram",0.0,4.0,Semi Furnished,North,10.0,Ready to Move,,False
7500000.0,1495.0,3.0,3,1,"Brindavanam Layout, Horamavu",3.0,4.0,Semi Furnished,South,8.0,Ready to Move,,False
8000000.0,779.0,2.0,2,1,"Chaithanya Samarth, Bommenahalli",9.0,14.0,Unfurnished,East,1.0,Ready to Move,,False
21100000.0,1810.0,3.0,3,1,"Hoodi, Bengaluru",,,Semi Furnished,East,17.0,Ready to Move,,False
21500000.0,1150.0,2.0,2,1,"Ilyas Nagar, Kumaraswamy Layout",10.0,17.0,Semi Furnished,East,3.0,Ready to Move,,False
18000000.0,1242.0,2.0,1,1,"Ardendale, Kannamangala - Whitefield Hoskote Road",27.0,35.0,Unfurnished,Unknown,,Ready to Move,,False
52500000.0,3000.0,3.0,3,2,"Pulkeshi Nagar, Frazer Town",3.0,3.0,Semi Furnished,West,5.0,Ready to Move,,False
11500000.0,1053.0,2.0,2,1,"Gummanahalli, Bengaluru",15.0,23.0,Unfurnished,East,1.0,Ready to Move,,False
8000000.0,1070.0,2.0,2,1,"Electronic City, Bengaluru",2.0,4.0,Semi Furnished,East,19.0,Ready to Move,,False
23500000.0,1925.0,2.0,2,1,"Prithvi Layout, Whitefield",4.0,4.0,Semi Furnished,Unknown,8.0,Ready to Move,,False
35000000.0,1655.0,3.0,3,2,"Shabhari Nagar, Sahakara Nagar",11.0,14.0,Semi Furnished,East,1.0,Ready to Move,,False
17300000.0,1100.0,2.0,2,1,"Chikkakannalli, Bengaluru",9.0,27.0,Unfurnished,East,1.0,Ready to Move,,False
35000000.0,2800.0,2.0,2,3,"Hennur, Bengaluru",3.0,3.0,Semi Furnished,Unknown,1.0,Ready to Move,,False
24000000.0,1660.0,3.0,3,1,"Sri Balaji Krupa Layout, R.K. Hegde Nagar",27.0,33.0,Semi Furnished,West,3.0,Ready to Move,,False
9000000.0,1335.0,2.0,2,1,"Somasundarapalya, Bengaluru",1.0,10.0,Semi Furnished,East,8.0,Ready to Move,,False
22000000.0,1620.0,3.0,3,1,"V. Kallahalli, Bengaluru",17.0,27.0,Unfurnished,East,,Ready to Move,,False
14500000.0,1700.0,4.0,4,1,"Subramanyapura, Bengaluru",2.0,4.0,Semi Furnished,East,6.0,Ready to Move,,False
8200000.0,764.0,2.0,2,1,"Boodihal, Bengaluru",2.0,14.0,Unfurnished,North,,Ready to Move,,False
18000000.0,1185.0,3.0,2,1,"Block 2, Agrahara Layout",6.0,14.0,Unfurnished,North,,Upcoming,2028-12-01,True
13500000.0,1354.0,3.0,3,1,"Dommasandra, Bengaluru",3.0,10.0,Semi Furnished,East,1.0,Ready to Move,,False
15600000.0,1018.0,2.0,2,1,"Gunjur Village, Bengaluru",21.0,33.0,Unfurnished,West,,Ready to Move,,False
28000000.0,1300.0,3.0,3,2,"Subramanyanagar, Rajajinagar",10.0,17.0,Semi Furnished,Unknown,14.0,Ready to Move,,False
19000000.0,1698.0,3.0,3,1,"Maruthi Layout, Kodigehalli",8.0,11.0,Unfurnished,East,1.0,Ready to Move,,False
7100000.0,1115.0,2.0,2,1,"Belathur, K R Puram",1.0,4.0,Unfurnished,West,12.0,Ready to Move,,False
15500000.0,1382.0,3.0,2,1,"Gummanahalli, Bengaluru",3.0,18.0,Unfurnished,West,1.0,Ready to Move,,False
12900000.0,875.0,2.0,2,1,"Uttarahalli -Manavarthekaval, Bengaluru",10.0,14.0,Semi Furnished,Unknown,1.0,Ready to Move,,False
13700000.000000002,1115.0,2.0,2,1,"Munnekollal, Bengaluru",3.0,5.0,Semi Furnished,North,9.0,Ready to Move,,False
23700000.0,1450.0,3.0,3,1,"Classic Orchids Layout, Kalena Agrahara",12.0,21.0,Unfurnished,Unknown,,Upcoming,2026-08-19,True
13400000.0,1265.0,2.0,2,1,"Gunjur, Bengaluru",7.0,14.0,Unfurnished,North,,Ready to Move,,False
12100000.0,1000.0,3.0,3,1,"Gummanahalli, Bengaluru",19.0,21.0,Unfurnished,Unknown,1.0,Ready to Move,,False
12000000.0,1405.0,3.0,2,1,"Thubarahalli, Whitefield",3.0,6.0,Semi Furnished,West,9.0,Ready to Move,,False
23000000.0,1443.0,3.0,2,1,"Ardendale, Kannamangala - Whitefield Hoskote Road",22.0,29.0,Unfurnished,East,,Ready to Move,,False
12500000.0,1004.0,2.0,2,1,"Manayata Tech Park, Thanisandra",19.0,23.0,Unfurnished,Unknown,1.0,Ready to Move,,False
13000000.0,1003.0,2.0,2,1,"Somasundarapalya, Bengaluru",0.0,3.0,Semi Furnished,East,15.0,Ready to Move,,False
8300000.0,904.0,2.0,2,1,"Bengaluru Hardware Park, Bengaluru",22.0,29.0,Unfurnished,East,,Ready to Move,,False
9500000.0,1430.0,3.0,3,2,"Horamavu Agara, Horamavu",1.0,4.0,Semi Furnished,East,8.0,Ready to Move,,False
9000000.0,605.0,1.0,1,1,"Jyotipuram, Bengaluru",8.0,28.0,Unfurnished,South,1.0,Ready to Move,,False
15800000.0,1541.0,3.0,3,1,"Sai Sree Layout, Parappana Agrahara",10.0,14.0,Semi Furnished,East,6.0,Ready to Move,,False
18000000.0,1782.0,3.0,3,1,"Kattanallur, Katamnallur",3.0,12.0,Unfurnished,North,,Upcoming,2026-09-15,True
28500000.0,1685.0,3.0,3,1,"Venugopal Reddy Layout, Arakere",8.0,9.0,Semi Furnished,East,13.0,Ready to Move,,False
8300000.0,615.0,1.0,1,1,"Shikaripalya, Electronic City",7.0,15.0,Unfurnished,East,,Upcoming,2026-12-12,True
15500000.0,1250.0,2.0,2,1,"Eastwood Township, Harlur",1.0,7.0,Fully Furnished,East,4.0,Ready to Move,,False
12000000.0,1090.0,2.0,2,1,"Mallasandra, Bengaluru",3.0,3.0,Semi Furnished,West,2.0,Ready to Move,,False
35900000.0,2375.0,4.0,4,2,"Nagavara, Bengaluru",17.0,25.0,Semi Furnished,North,4.0,Ready to Move,,False
28500000.0,1670.0,3.0,3,1,"R.K. Hegde Nagar, Bengaluru",27.0,36.0,Unfurnished,East,,Ready to Move,,False
36000000.0,2021.0,3.0,4,1,"R.K. Hegde Nagar, Bengaluru",29.0,34.0,Unfurnished,North,,Ready to Move,,False
37000000.0,3172.0,3.0,3,2,"Dodsworth Layout, Whitefield",3.0,4.0,Unfurnished,North,1.0,Ready to Move,,False
12000000.0,950.0,3.0,3,2,"Gummanahalli, Bengaluru",19.0,21.0,Unfurnished,Unknown,1.0,Ready to Move,,False
6000000.0,1252.0,3.0,3,1,"Jigani, Bengaluru",11.0,12.0,Semi Furnished,East,10.0,Ready to Move,,False
9600000.0,1545.0,3.0,2,1,"Pragathi Nagar, Electronic City",3.0,4.0,Semi Furnished,Unknown,15.0,Ready to Move,,False
13000000.0,1015.0,2.0,2,1,"Belathur, K R Puram",25.0,27.0,Unfurnished,East,,Ready to Move,,False
4600000.0,517.0,1.0,1,0,"AECS C Block, Begur",2.0,7.0,Semi Furnished,East,13.0,Ready to Move,,False
13799999.999999998,1477.0,3.0,3,1,"Roopena Agrahara, Bommanahalli",1.0,4.0,Semi Furnished,North,8.0,Ready to Move,,False
21000000.0,1897.0,3.0,3,1,"Hosahalli, Bengaluru",4.0,15.0,Semi Furnished,Unknown,1.0,Ready to Move,,False
24300000.0,1248.0,2.0,2,1,"Dodsworth Layout, Whitefield",5.0,19.0,Semi Furnished,West,1.0,Ready to Move,,False
11200000.000000002,1064.0,2.0,2,1,"Kumbalgodu, Bengaluru",2.0,9.0,Unfurnished,West,1.0,Ready to Move,,False
12000000.0,1860.0,3.5,3,1,"Aishwarya Crystal Layout, Singasandra",1.0,5.0,Semi Furnished,Unknown,13.0,Ready to Move,,False
19500000.0,1779.0,3.0,3,1,"Kambipura, Bengaluru",9.0,14.0,Unfurnished,West,,Upcoming,2028-12-30,True
5400000.0,1205.0,2.0,2,0,"Thyvakanahally, Bengaluru",1.0,4.0,Semi Furnished,West,10.0,Ready to Move,,False
7500000.0,1041.0,2.0,2,1,"Horamavu Agara, Horamavu",0.0,4.0,Semi Furnished,East,2.0,Ready to Move,,False
19400000.0,1685.0,3.0,2,1,"Devasthanagalu, Varthur",19.0,23.0,Semi Furnished,East,1.0,Ready to Move,,False
6700000.0,1062.0,2.0,2,1,"Phase I, Electronic City",1.0,5.0,Semi Furnished,West,9.0,Ready to Move,,False
13500000.0,1150.0,2.0,2,1,"Silver Springs Layout, Munnekollal",2.0,3.0,Semi Furnished,East,17.0,Ready to Move,,False
12000000.0,1059.0,2.0,2,1,"Utsav Raaga, Kannuru",11.0,13.0,Semi Furnished,Unknown,4.0,Ready to Move,,False
60000000.0,2784.0,3.0,3,2,"Veeranna Garden, Richards Town",7.0,9.0,Semi Furnished,South,17.0,Ready to Move,,False
28500000.0,1650.0,3.0,3,1,"Varthur, Bengaluru",15.0,26.0,Semi Furnished,East,2.0,Ready to Move,,False
15800000.0,1239.0,2.0,2,2,"Varthur, Bengaluru",12.0,22.0,Unfurnished,North,,Ready to Move,,False
21100000.0,1464.0,3.0,2,1,"Gunjur Palya, Bengaluru",19.0,25.0,Unfurnished,East,,Ready to Move,,False
28500000.0,2008.0,4.0,4,1,"Aditya Layout, RR Nagar",19.0,28.0,Unfurnished,West,1.0,Ready to Move,,False
13200000.0,1015.0,2.0,2,1,"Dodsworth Layout, Whitefield",25.0,28.0,Unfurnished,West,,Ready to Move,,False
8500000.0,1252.0,3.0,2,1,"Ganga Layout, Rayasandra",3.0,5.0,Semi Furnished,South,12.0,Ready to Move,,False
35600000.0,1200.0,4.0,4,1,"NN Farm Layout, Sanjaynagar",1.0,2.0,Semi Furnished,North,16.0,Ready to Move,,False
12700000.0,1078.0,2.0,2,1,"Phase I, Electronic City",,,Semi Furnished,West,2.0,Ready to Move,,False
13000000.0,1235.0,2.0,2,1,"Rammana Layout, Byrathi",9.0,10.0,Semi Furnished,Unknown,8.0,Ready to Move,,False
13000000.0,1152.0,2.0,2,0,"KIADB Export Promotion Industrial Area, Whitefield",,,Fully Furnished,Unknown,8.0,Ready to Move,,False
13500000.0,1057.0,2.0,2,1,"Bengaluru Hardware Park, Bengaluru",14.0,20.0,Unfurnished,East,,Ready to Move,,False
12400000.0,981.0,2.0,2,1,"Dodsworth Layout, Whitefield",26.0,28.0,Unfurnished,East,,Ready to Move,,False
6800000.0,676.0,1.0,1,2,"Gummanahalli, Bengaluru",15.0,21.0,Semi Furnished,East,2.0,Ready to Move,,False
19500000.0,1410.0,3.0,3,1,"Nallurhalli, Whitefield",0.0,42.0,Unfurnished,East,,Ready to Move,,False
17000000.0,1103.0,2.0,2,1,"Chikkakannalli, Bengaluru",12.0,27.0,Unfurnished,East,1.0,Ready to Move,,False
11000000.0,1337.0,3.0,2,1,"Chowdeshwari Layout, Yelahanka",4.0,4.0,Semi Furnished,East,11.0,Ready to Move,,False
20500000.0,1700.0,3.0,3,1,"Yadavanahalli, Bengaluru",10.0,38.0,Unfurnished,East,,Upcoming,2026-12-01,True
5800000.0,1200.0,3.0,2,1,"Sree Narayana Nagar, Kadagrahara",3.0,4.0,Semi Furnished,West,9.0,Ready to Move,,False
10000000.0,1141.0,2.0,2,1,"Prakruthi Nagar, Kogilu",4.0,4.0,Fully Furnished,East,4.0,Ready to Move,,False
14900000.0,1561.0,3.0,3,1,"Gummanahalli, Bengaluru",11.0,20.0,Unfurnished,East,,Ready to Move,,False
16200000.000000002,1210.0,2.0,2,1,"Balagere, Bengaluru",9.0,14.0,Fully Furnished,Unknown,6.0,Ready to Move,,False
40000000.0,2488.0,4.0,4,2,"Dodsworth Layout, Whitefield",3.0,18.0,Unfurnished,North,,Ready to Move,,False
22500000.0,1616.0,3.0,3,1,"Rachenahalli, Thanisandra",30.0,38.0,Unfurnished,South,,Ready to Move,,False
21500000.0,1520.0,3.0,2,1,"Anchepalya, Bengaluru",21.0,30.0,Semi Furnished,East,5.0,Ready to Move,,False
24200000.0,1675.0,3.0,3,1,"Sri Balaji Krupa Layout, R.K. Hegde Nagar",27.0,33.0,Unfurnished,West,3.0,Ready to Move,,False
9000000.0,1075.0,2.0,2,1,"Bommasandra Industrial Area, Bommasandra",6.0,13.0,Semi Furnished,East,3.0,Ready to Move,,False
12500000.0,981.0,2.0,2,1,"Dodsworth Layout, Whitefield",5.0,28.0,Unfurnished,East,,Ready to Move,,False
23000000.0,1700.0,3.0,3,1,"Phase I, Electronic City",,,Semi Furnished,North,7.0,Ready to Move,,False
55000000.0,3753.0,4.5,4,0,"4th Phase, JP Nagar",11.0,11.0,Fully Furnished,East,5.0,Ready to Move,,False
6800000.0,690.0,1.5,2,1,"Gummanahalli, Bengaluru",15.0,22.0,Unfurnished,Unknown,1.0,Ready to Move,,False
6900000.0,1000.0,2.0,2,1,"Phase I, Electronic City",1.0,4.0,Semi Furnished,Unknown,6.0,Ready to Move,,False
15100000.0,1510.0,3.0,3,1,"Kammasandra, Electronic City",4.0,12.0,Semi Furnished,West,4.0,Ready to Move,,False
12500000.0,1000.0,2.0,2,1,"Dodsworth Layout, Whitefield",4.0,5.0,Semi Furnished,West,4.0,Ready to Move,,False
10600000.0,1270.0,2.0,2,1,"Ganga Layout, Rayasandra",1.0,5.0,Semi Furnished,West,6.0,Ready to Move,,False
9000000.0,1050.0,2.0,2,0,"Embassy Golf Links Business Park, Challaghatta",4.0,4.0,Semi Furnished,West,10.0,Ready to Move,,False
8000000.0,1450.0,3.0,2,1,"Anjanapura Township, Bengaluru",3.0,5.0,Semi Furnished,Unknown,8.0,Ready to Move,,False
8400000.0,934.0,2.0,2,0,"Carmelaram, Bengaluru",,,Semi Furnished,Unknown,,Ready to Move,,False
29800000.0,2523.0,3.0,4,1,"CQAL Layout, Sahakara Nagar",0.0,4.0,Semi Furnished,West,7.0,Ready to Move,,False
32500000.0,1800.0,3.0,3,2,"Sarjapur, Bengaluru",1.0,28.0,Unfurnished,East,,Upcoming,2026-09-01,True
33500000.0,2009.0,3.0,3,1,"Sri Balaji Krupa Layout, R.K. Hegde Nagar",6.0,20.0,Unfurnished,Unknown,,Upcoming,2026-08-19,True
12700000.0,1237.0,2.0,2,1,"Phase I, Electronic City",3.0,4.0,Semi Furnished,South,8.0,Ready to Move,,False
11500000.0,1450.0,3.0,3,1,"JP Nagar, Bengaluru",2.0,4.0,Semi Furnished,East,23.0,Ready to Move,,False
9000000.0,1150.0,3.0,2,1,"GM Global Techies Town, Electronic City",17.0,31.0,Semi Furnished,West,2.0,Ready to Move,,False
14700000.0,1600.0,3.0,3,2,"Gunjur Palya, Bengaluru",3.0,4.0,Semi Furnished,West,1.0,Ready to Move,,False
38000000.0,1800.0,3.0,3,1,"KIADB Export Promotion Industrial Area, K R Puram",20.0,21.0,Semi Furnished,East,3.0,Ready to Move,,False
20000000.0,1798.0,3.0,3,1,"3G Homes Crimson Layout, Kadugodi",0.0,9.0,Unfurnished,East,,Ready to Move,,False
15800000.0,1655.0,3.0,3,1,"Terracon Doctors Enclave, Chandapura",12.0,16.0,Unfurnished,East,,Ready to Move,,False
11000000.0,669.0,1.0,1,1,"Devasthanagalu, Varthur",27.0,33.0,Unfurnished,West,,Ready to Move,,False
33000000.0,2145.0,4.0,4,1,"3rd Block, Koramangala",3.0,4.0,Semi Furnished,South,10.0,Ready to Move,,False
25000000.0,1920.0,3.0,3,1,"Bidare Agraha, Bengaluru",6.0,22.0,Unfurnished,East,,Ready to Move,,False
11500000.0,941.0,2.0,2,1,"V. Kallahalli, Bengaluru",20.0,29.0,Unfurnished,East,1.0,Ready to Move,,False
13000000.0,1010.0,2.0,2,1,"Kannuru, Bengaluru",3.0,23.0,Unfurnished,East,1.0,Ready to Move,,False
9700000.0,850.0,2.0,2,1,"Judicial Layout 2nd Phase, Talaghattapura",5.0,14.0,Unfurnished,North,3.0,Ready to Move,,False
19400000.0,1430.0,3.0,3,1,"Gummanahalli, Bengaluru",10.0,21.0,Semi Furnished,East,3.0,Ready to Move,,False
18000000.0,1217.0,2.0,2,1,"Dodsworth Layout, Whitefield",5.0,22.0,Unfurnished,West,,Ready to Move,,False
8550000.0,1500.0,3.0,2,1,"Phase I, Electronic City",2.0,5.0,Semi Furnished,East,11.0,Ready to Move,,False
16100000.000000002,1744.0,3.0,3,1,"Sarjapur, Bengaluru",7.0,8.0,Semi Furnished,West,1.0,Ready to Move,,False
8000000.0,1050.0,2.0,2,2,"7th Phase, JP Nagar",3.0,4.0,Semi Furnished,West,2.0,Ready to Move,,False
12000000.0,1160.0,2.0,2,1,"V S Reddy Colony, Kadugodi",6.0,10.0,Unfurnished,East,2.0,Ready to Move,,False
14000000.0,1055.0,2.5,2,1,"Bendiganahalli, Bengaluru",8.0,14.0,Unfurnished,East,,Ready to Move,,False
9800000.0,1420.0,3.0,3,1,"Gowda Muniswamy Garden, Ejipura",1.0,6.0,Semi Furnished,East,4.0,Ready to Move,,False
18800000.0,1495.0,3.0,3,1,"Seegehalli, K R Puram",15.0,20.0,Unfurnished,East,,Ready to Move,,False
9000000.0,938.0,2.0,2,1,"Gummanahalli, Bengaluru",19.0,21.0,Unfurnished,Unknown,2.0,Ready to Move,,False
19400000.0,1387.0,3.0,2,1,"Sarjapur, Bengaluru",5.0,32.0,Unfurnished,North,,Ready to Move,,False
7700000.0,747.0,1.0,1,1,"Gummanahalli, Bengaluru",20.0,21.0,Semi Furnished,North,2.0,Ready to Move,,False
10000000.0,927.0,2.0,2,1,"Bengaluru Hardware Park, Bengaluru",15.0,22.0,Unfurnished,East,,Ready to Move,,False
12500000.0,981.0,2.0,2,1,"Dodsworth Layout, Whitefield",26.0,27.0,Unfurnished,Unknown,,Ready to Move,,False
12600000.0,1120.0,2.0,2,1,"Phase I, Electronic City",19.0,20.0,Semi Furnished,West,7.0,Ready to Move,,False
9400000.0,1175.0,2.0,2,1,"Dr Ambedkar Colony, Agrahara Layout",3.0,5.0,Unfurnished,Unknown,,Ready to Move,,False
6900000.0,725.0,2.0,2,1,"Saraswathi Nagar, Vijayanagar",2.0,3.0,Semi Furnished,North,34.0,Ready to Move,,False
20000000.0,1839.0,3.0,3,1,"Phase 2, Whitefield",2.0,14.0,Unfurnished,West,,Ready to Move,,False
9200000.0,650.0,2.0,2,2,"Gummanahalli, Bengaluru",2.0,21.0,Unfurnished,Unknown,1.0,Ready to Move,,False
20000000.0,1930.0,3.5,3,1,"Seegehalli, K R Puram",1.0,5.0,Unfurnished,West,,Ready to Move,,False
5999000.0,590.0,1.0,1,1,"Gummanahalli, Bengaluru",17.0,19.0,Unfurnished,East,,Upcoming,2028-09-01,True
13000000.0,1165.0,2.0,2,1,"Marathahalli Village, Marathahalli",2.0,5.0,Semi Furnished,East,10.0,Ready to Move,,False
40000000.0,2070.0,3.0,4,1,"Dodsworth Layout, Whitefield",2.0,17.0,Semi Furnished,Unknown,14.0,Ready to Move,,False
18100000.0,1540.0,3.0,2,1,"Devasthanagalu, Varthur",2.0,26.0,Semi Furnished,West,4.0,Ready to Move,,False
21600000.0,1667.0,3.0,3,1,"KHB Colony, Nehru Nagar",7.0,14.0,Unfurnished,East,,Upcoming,2026-08-27,True
24000000.0,1185.0,2.0,2,1,"Belur Nagasandra, Bellandur",1.0,16.0,Fully Furnished,West,6.0,Ready to Move,,False
18000000.0,1209.0,2.0,2,2,"Chikkanayakanahalli, Choodasandra, Bengaluru",3.0,4.0,Semi Furnished,East,10.0,Ready to Move,,False
12200000.0,1229.0,3.0,2,1,"Gummanahalli, Bengaluru",11.0,24.0,Unfurnished,East,,Ready to Move,,False
9000000.0,1350.0,3.0,2,1,"Judicial Layout 2nd Phase, Talaghattapura",1.0,4.0,Semi Furnished,Unknown,8.0,Ready to Move,,False
30000000.0,1938.0,3.0,3,3,"Ardendale, Kannamangala - Whitefield Hoskote Road",3.0,27.0,Unfurnished,North,7.0,Ready to Move,,False
15600000.0,1015.0,2.0,2,1,"Devasthanagalu, Varthur",12.0,32.0,Unfurnished,West,,Ready to Move,,False
11800000.0,984.0,2.0,2,1,"Anchepalya, Bengaluru",14.0,30.0,Unfurnished,Unknown,5.0,Ready to Move,,False
19500000.0,1670.0,3.0,3,1,"Gummanahalli, Bengaluru",3.0,18.0,Unfurnished,West,,Upcoming,2027-09-01,True
13000000.0,1334.0,3.0,2,1,"Ayyappa Nagar, K R Puram",2.0,5.0,Semi Furnished,Unknown,3.0,Ready to Move,,False
11500000.0,1214.0,2.0,2,1,"Hunasamaranahalli, Bengaluru",5.0,14.0,Unfurnished,Unknown,1.0,Ready to Move,,False
38000000.0,2244.0,4.0,4,3,"Nagondanahalli, Bengaluru",7.0,17.0,Unfurnished,East,,Ready to Move,,False
14000000.0,1240.0,2.0,2,1,"Devasthanagalu, Varthur",19.0,23.0,Semi Furnished,East,8.0,Ready to Move,,False
12500000.0,924.0,2.0,2,1,"Uttarahalli -Manavarthekaval, Bengaluru",3.0,14.0,Semi Furnished,Unknown,1.0,Ready to Move,,False
30600000.0,1858.0,3.5,4,1,"Gunjur Village, Bengaluru",4.0,33.0,Unfurnished,East,,Ready to Move,,False
12000000.0,1214.0,2.0,2,1,"Hunasamaranahalli, Bengaluru",5.0,14.0,Unfurnished,Unknown,1.0,Ready to Move,,False
11600000.0,1160.0,2.0,2,1,"V S Reddy Colony, Kadugodi",3.0,10.0,Unfurnished,East,2.0,Ready to Move,,False
12000000.0,946.0,2.0,2,1,"Aishwarya Crystal Layout, Begur",15.0,18.0,Semi Furnished,Unknown,1.0,Ready to Move,,False
20000000.0,1800.0,3.0,3,1,"Kannuru, Bengaluru",16.0,21.0,Semi Furnished,Unknown,5.0,Ready to Move,,False
14000000.0,1556.0,3.0,3,1,"Narayanapura, Bengaluru",2.0,5.0,Semi Furnished,Unknown,8.0,Ready to Move,,False
8900000.0,704.0,1.0,1,1,"Carmelaram, Bengaluru",4.0,4.0,Fully Furnished,West,3.0,Ready to Move,,False
19000000.0,1188.0,2.0,2,1,"Akme Ballet, Doddanekundi",1.0,10.0,Semi Furnished,East,16.0,Ready to Move,,False
14500000.0,1840.0,3.0,3,1,"Mallasandra, Bengaluru",14.0,20.0,Semi Furnished,Unknown,13.0,Ready to Move,,False
12000000.0,800.0,1.5,1,1,"Varthur, Bengaluru",11.0,21.0,Semi Furnished,East,1.0,Ready to Move,,False
8400000.0,1080.0,2.0,2,0,"Jayanagar 3 East Block, Jayanagar",3.0,4.0,Semi Furnished,West,25.0,Ready to Move,,False
18500000.0,1200.0,3.0,3,1,"Thigala Chowdadenahalli, Bengaluru",1.0,28.0,Unfurnished,North,,Upcoming,2026-09-06,True
16700000.0,1645.0,3.0,3,2,"Singanayakanahalli Amanikere, Bengaluru",4.0,6.0,Unfurnished,East,,Upcoming,2026-09-20,True
11900000.0,1101.0,2.0,2,1,"Sahyadri Layout, Panduranga Nagar",17.0,19.0,Semi Furnished,Unknown,4.0,Ready to Move,,False
37500000.0,2100.0,4.0,4,1,"Bellandur, Bengaluru",8.0,12.0,Semi Furnished,East,1.0,Ready to Move,,False
14000000.0,1085.0,2.0,2,2,"Anchepalya, Bengaluru",20.0,30.0,Semi Furnished,East,4.0,Ready to Move,,False
7020000.0,1295.0,3.0,2,1,"Phase I, Electronic City",5.0,6.0,Semi Furnished,North,9.0,Ready to Move,,False
30500000.0,2275.0,4.0,4,1,"Vishwapriya Nagar, Begur",8.0,14.0,Unfurnished,East,,Ready to Move,,False
14000000.0,1049.0,2.0,2,1,"Vastu Bhoomi, K R Puram",10.0,19.0,Unfurnished,West,1.0,Ready to Move,,False
25600000.0,1610.0,3.0,3,1,"Lords Steps Layout, Panathur",3.0,18.0,Unfurnished,East,,Ready to Move,,False
21500000.0,1781.0,3.0,3,2,"Phase I, Electronic City",11.0,12.0,Semi Furnished,North,15.0,Ready to Move,,False
11000000.0,1216.0,2.0,2,1,"Virupakshapura, Bengaluru",2.0,17.0,Semi Furnished,West,,Ready to Move,,False
8200000.0,980.0,2.0,2,2,"Utsav Raaga, Kannuru",8.0,14.0,Unfurnished,Unknown,3.0,Ready to Move,,False
8000000.0,1070.0,2.0,2,2,"5th Phase, JP Nagar",1.0,4.0,Semi Furnished,East,9.0,Ready to Move,,False
12000000.0,900.0,2.0,2,1,"Hadosiddapura, Chikkakannalli",12.0,13.0,Semi Furnished,East,2.0,Ready to Move,,False
10200000.0,1240.0,3.0,2,1,"Chokkanahalli, Bengaluru",11.0,12.0,Unfurnished,East,10.0,Ready to Move,,False
15500000.0,1526.0,3.0,3,1,"Yelahanka, Bengaluru",0.0,15.0,Semi Furnished,East,4.0,Ready to Move,,False
7400000.0,1495.0,3.0,3,1,"Brindavanam Layout, Horamavu",3.0,4.0,Semi Furnished,South,8.0,Ready to Move,,False
11000000.0,1207.0,2.0,2,1,"Srikrupa Layout, Abbigere",2.0,4.0,Semi Furnished,East,4.0,Ready to Move,,False
13799999.999999998,1233.0,3.0,2,1,"Gunjur Palya, Bengaluru",2.0,4.0,Unfurnished,West,4.0,Ready to Move,,False
14500000.0,1077.0,2.0,2,1,"Sector 7, HSR Layout",3.0,12.0,Semi Furnished,North,13.0,Ready to Move,,False
10700000.0,981.0,2.0,2,1,"Belathur, K R Puram",16.0,29.0,Unfurnished,East,,Ready to Move,,False
12000000.0,1311.0,3.0,2,1,"Banjara Residency, Hennur",2.0,4.0,Fully Furnished,East,15.0,Ready to Move,,False
24500000.0,1697.0,3.0,3,1,"Gunjur Village, Bengaluru",24.0,24.0,Semi Furnished,South-East,6.0,Ready to Move,,False
6300000.0,1180.0,2.0,2,1,"Esther Enclave Layout, Kalkere",3.0,6.0,Unfurnished,North,10.0,Ready to Move,,False
28800000.0,1593.0,3.0,2,1,"Stage 2, Yeswanthpur",9.0,22.0,Unfurnished,East,,Upcoming,2026-09-15,True
22700000.0,1218.0,2.0,2,1,"PNB Layout, Konanakunte",23.0,31.0,Semi Furnished,East,7.0,Ready to Move,,False
10500000.0,838.0,2.0,2,1,"Yadavanahalli, Bengaluru",4.0,33.0,Unfurnished,West,3.0,Ready to Move,,False
24900000.000000004,1851.0,3.0,3,1,"Kannuru, Bengaluru",13.0,22.0,Unfurnished,West,,Upcoming,2027-12-01,True
22000000.0,1765.0,3.0,3,1,"Budigere Cross, Bengaluru",17.0,19.0,Unfurnished,East,,Ready to Move,,False
6650000.0,1050.0,2.0,2,1,"Phase I, Electronic City",1.0,8.0,Semi Furnished,West,6.0,Ready to Move,,False
15500000.0,1010.0,2.0,2,1,"Balagere, Bengaluru",14.0,14.0,Semi Furnished,Unknown,5.0,Ready to Move,,False
25000000.0,1650.0,3.0,3,1,"Rachenahalli, Thanisandra",7.0,22.0,Semi Furnished,West,6.0,Ready to Move,,False
13000000.0,978.0,2.0,2,1,"Sarjapur, Bengaluru",18.0,28.0,Unfurnished,North,1.0,Ready to Move,,False
21000000.0,1585.0,3.0,2,1,"Nallurhalli, Whitefield",7.0,14.0,Semi Furnished,Unknown,9.0,Ready to Move,,False
31100000.0,1987.0,3.5,4,1,"Varthur, Bengaluru",21.0,27.0,Unfurnished,Unknown,,Ready to Move,,False
16000000.0,1076.0,2.0,2,1,"Devasthanagalu, Varthur",15.0,33.0,Unfurnished,East,,Upcoming,2026-09-03,True
8900000.0,1074.0,2.0,2,1,"Shriram Surabhi, Mallasandra",1.0,5.0,Semi Furnished,Unknown,12.0,Ready to Move,,False
21100000.0,1777.0,3.0,3,1,"Kannuru, Bengaluru",1.0,24.0,Unfurnished,Unknown,,Upcoming,2031-03-01,True
20600000.0,1300.0,3.0,3,1,"Devasthanagalu, Varthur",2.0,32.0,Unfurnished,West,,Upcoming,2026-07-31,True
60000000.0,2300.0,3.0,3,4,"One Bangalore West, Rajajinagar",24.0,30.0,Fully Furnished,Unknown,1.0,Ready to Move,,False
14300000.0,1055.0,2.0,2,1,"Chaithanya Samarth, Bommenahalli",8.0,14.0,Unfurnished,East,1.0,Ready to Move,,False
25000000.0,1680.0,3.0,3,1,"Blue Waters, Parappana Agrahara",4.0,14.0,Fully Furnished,East,,Upcoming,2026-09-15,True
18500000.0,1360.0,3.0,2,1,"Janatha Colony, Doddakannelli",1.0,5.0,Semi Furnished,East,3.0,Ready to Move,,False
12200000.0,1196.0,2.0,2,1,"Varthur, Bengaluru",21.0,22.0,Semi Furnished,North,2.0,Ready to Move,,False
35000000.0,2003.0,3.5,4,1,"Sri Balaji Krupa Layout, R.K. Hegde Nagar",7.0,34.0,Unfurnished,East,1.0,Ready to Move,,False
21800000.0,1780.0,3.0,3,1,"EPIP Zone, Brookefield",9.0,9.0,Semi Furnished,East,10.0,Ready to Move,,False
21100000.0,1777.0,3.0,3,1,"Seegehalli, K R Puram",9.0,15.0,Semi Furnished,East,9.0,Ready to Move,,False
29000000.0,1650.0,3.0,3,1,"ISRO Colony, Domlur Layout",3.0,9.0,Semi Furnished,East,28.0,Ready to Move,,False
20000000.0,1490.0,3.0,2,1,"Uttarahalli -Manavarthekaval, Bengaluru",5.0,14.0,Unfurnished,Unknown,1.0,Ready to Move,,False
18000000.0,1197.0,2.0,2,1,"Eastwood Township, Harlur",10.0,18.0,Semi Furnished,North,8.0,Ready to Move,,False
18900000.0,1708.0,3.5,3,1,"Ganga Layout, Rayasandra",5.0,15.0,Semi Furnished,East,7.0,Ready to Move,,False
16000000.0,1228.0,2.0,2,1,"Phase I, Electronic City",22.0,23.0,Semi Furnished,North,2.0,Ready to Move,,False
19000000.0,1368.0,3.0,2,1,"Uttarahalli -Manavarthekaval, Bengaluru",12.0,14.0,Unfurnished,East,2.0,Ready to Move,,False
15500000.0,1170.0,2.0,2,1,"Gunjur Palya, Bengaluru",16.0,22.0,Unfurnished,East,,Ready to Move,,False
6597000.0,1064.0,2.0,2,1,"Kammavari Pete, Hoskote",,,Unfurnished,East,,Ready to Move,,False
8100000.0,745.0,2.0,2,1,"Budigere Cross, Bengaluru",11.0,15.0,Unfurnished,East,,Ready to Move,,False
26000000.0,1250.0,3.0,3,1,"Nallurhalli, Whitefield",39.0,42.0,Unfurnished,Unknown,,Upcoming,2027-09-01,True
19000000.0,1350.0,2.0,2,1,"Pattabhirama Nagar, Jayanagar",1.0,6.0,Semi Furnished,West,12.0,Ready to Move,,False
11299999.999999998,935.0,2.0,2,1,"Budigere Cross, Bengaluru",12.0,20.0,Semi Furnished,East,4.0,Ready to Move,,False
8900000.0,1780.0,3.0,3,1,"Battarahalli, K R Puram",4.0,5.0,Semi Furnished,East,19.0,Ready to Move,,False
19400000.0,1520.0,2.5,2,1,"Chikkagubbi Village, Bengaluru",14.0,23.0,Unfurnished,North,,Upcoming,2026-09-11,True
8500000.0,610.0,1.0,1,1,"Aishwarya Crystal Layout, Begur",0.0,18.0,Unfurnished,East,,Ready to Move,,False
33500000.0,2300.0,3.5,3,3,"KIADB Export Promotion Industrial Area, K R Puram",14.0,24.0,Semi Furnished,West,4.0,Ready to Move,,False
8500000.0,1400.0,3.0,2,1,"2nd Stage, Uttarahalli Hobli",1.0,3.0,Unfurnished,East,10.0,Ready to Move,,False
9000000.0,970.0,2.0,2,1,"Gummanahalli, Bengaluru",10.0,18.0,Unfurnished,West,1.0,Ready to Move,,False
14800000.0,1000.0,2.0,2,2,"Anchepalya, Bengaluru",14.0,30.0,Semi Furnished,North,3.0,Ready to Move,,False
16000000.0,1191.0,2.0,2,1,"Hadosiddapura, Carmelaram",11.0,19.0,Semi Furnished,Unknown,,Upcoming,2026-09-04,True
29000000.0,1875.0,3.0,3,1,"Sri Balaji Krupa Layout, R.K. Hegde Nagar",31.0,34.0,Unfurnished,West,1.0,Ready to Move,,False
12000000.0,1050.0,2.0,2,1,"Gunjur Palya, Bengaluru",1.0,4.0,Semi Furnished,West,6.0,Ready to Move,,False
20000000.0,1350.0,2.0,2,1,"Dodsworth Layout, Whitefield",6.0,12.0,Unfurnished,North,2.0,Ready to Move,,False
19000000.0,1756.0,3.0,3,1,"Devin Paradise Enclave, Chokkanahalli",13.0,18.0,Semi Furnished,East,,Upcoming,2026-08-15,True
16000000.0,1300.0,3.0,3,1,"Bharath Housing Society Layout, Subramanyapura",6.0,13.0,Unfurnished,West,11.0,Ready to Move,,False
8900000.0,1026.0,3.0,2,1,"Gummanahalli, Bengaluru",15.0,22.0,Unfurnished,East,,Upcoming,2026-12-01,True
36000000.0,2451.0,4.5,4,2,"Nallurhalli, Whitefield",6.0,26.0,Unfurnished,East,,Upcoming,2028-06-01,True
7500000.0,1200.0,2.0,2,2,"Horamavu Agara, Horamavu",2.0,5.0,Fully Furnished,East,3.0,Ready to Move,,False
19000000.0,1575.0,3.0,3,1,"Blue Waters, Parappana Agrahara",6.0,14.0,Fully Furnished,South,7.0,Ready to Move,,False
14000000.0,1550.0,3.0,3,2,"Babuji Nagar, Attiguppe",2.0,4.0,Semi Furnished,East,15.0,Ready to Move,,False
12500000.0,1195.0,2.0,2,1,"Chikkagubbi Village, Bengaluru",12.0,14.0,Semi Furnished,East,6.0,Ready to Move,,False
32000000.0,1875.0,3.0,3,2,"Reliaable Lifestyle Layout, Harlur",2.0,18.0,Fully Furnished,East,7.0,Ready to Move,,False
15300000.0,1114.0,2.0,2,1,"Chambenahalli, Bengaluru",15.0,22.0,Semi Furnished,West,1.0,Ready to Move,,False
15000000.0,1235.0,2.0,2,1,"Pattandur Agrahara, Whitefield",0.0,4.0,Semi Furnished,West,,Ready to Move,,False
8600000.0,1206.0,2.0,2,1,"Horamavu, Bengaluru",2.0,5.0,Semi Furnished,East,9.0,Ready to Move,,False
37000000.0,1650.0,3.0,3,1,"Classic Orchids Layout, Kalena Agrahara",10.0,18.0,Semi Furnished,East,3.0,Ready to Move,,False
16000000.0,1352.0,3.0,2,0,"Bommenahalli, Bengaluru",0.0,19.0,Unfurnished,Unknown,,Ready to Move,,False
14200000.0,1438.0,3.0,3,1,"Parappana Agrahara, Bengaluru",3.0,5.0,Semi Furnished,East,14.0,Ready to Move,,False
17000000.0,856.0,1.0,1,2,"Kannuru, Bengaluru",16.0,16.0,Fully Furnished,East,5.0,Ready to Move,,False
8090000.000000001,1000.0,2.0,2,1,"Eastwood Township, Harlur",3.0,3.0,Semi Furnished,West,7.0,Ready to Move,,False
12500000.0,1550.0,3.0,3,1,"Vignan Nagar, Kaggadasapura",1.0,5.0,Semi Furnished,North,8.0,Ready to Move,,False
17500000.0,1740.0,3.0,3,1,"Devasthanagalu, Varthur",11.0,15.0,Unfurnished,East,1.0,Ready to Move,,False
27500000.0,2491.0,4.0,4,2,"Suryanagar, Bommasandra",7.0,27.0,Unfurnished,Unknown,,Upcoming,2026-08-14,True
18500000.0,1344.0,3.0,2,1,"Varthur, Bengaluru",5.0,21.0,Unfurnished,West,,Ready to Move,,False
45199999.99999999,2810.0,3.0,3,0,"Industrial Layout, Kudlu Gate",10.0,15.0,Unfurnished,East,,Upcoming,2026-09-30,True
8900000.0,885.0,2.0,2,1,"Budigere Cross, Bengaluru",14.0,15.0,Unfurnished,East,,Ready to Move,,False
15000000.0,1059.0,2.0,2,1,"Hadosiddapura, Carmelaram",12.0,14.0,Fully Furnished,Unknown,8.0,Ready to Move,,False
12400000.0,1100.0,2.0,2,1,"Balagere, Bengaluru",3.0,4.0,Semi Furnished,East,10.0,Ready to Move,,False
8000000.0,950.0,2.0,2,1,"Kaggalipura, Bengaluru",3.0,4.0,Semi Furnished,East,9.0,Ready to Move,,False
15000000.0,1230.0,2.0,2,1,"Bommenahalli, Bengaluru",11.0,18.0,Semi Furnished,West,,Ready to Move,,False
20500000.0,1494.0,3.0,3,1,"Chikkakannalli, Bengaluru",14.0,19.0,Unfurnished,East,1.0,Ready to Move,,False
5850000.0,1060.0,2.0,2,1,"Kammavari Pete, Hoskote",3.0,4.0,Unfurnished,North,6.0,Ready to Move,,False
39500000.0,2710.0,4.0,4,1,"Devasthanagalu, Varthur",10.0,32.0,Unfurnished,West,,Ready to Move,,False
10900000.0,924.0,2.0,2,1,"Hadosiddapura, Carmelaram",8.0,12.0,Semi Furnished,West,9.0,Ready to Move,,False
13000000.0,1405.0,3.0,2,1,"Bengaluru Hardware Park, Bengaluru",12.0,14.0,Unfurnished,East,,Ready to Move,,False
21900000.0,1395.0,3.0,2,1,"Phase I, Electronic City",,,Semi Furnished,East,7.0,Ready to Move,,False
11500000.0,1214.0,2.0,2,1,"Hunasamaranahalli, Bengaluru",5.0,14.0,Unfurnished,Unknown,1.0,Ready to Move,,False
13200000.0,1137.0,2.0,2,1,"Dodsworth Layout, Whitefield",9.0,30.0,Unfurnished,East,,Ready to Move,,False
7400000.0,949.0,2.0,2,1,"Sompura, Bengaluru",1.0,4.0,Semi Furnished,East,7.0,Ready to Move,,False
6500000.0,1000.0,2.0,2,1,"Abbaiah Reddy Layout, Kaggadasapura",1.0,4.0,Semi Furnished,North,20.0,Ready to Move,,False
11000000.0,1066.0,2.0,2,1,"Phase 5, Chikkanayakanahalli, Choodasandra",6.0,16.0,Unfurnished,North,1.0,Ready to Move,,False
7800000.0,665.0,1.0,1,1,"Sarjapur, Bengaluru",6.0,29.0,Unfurnished,North,,Ready to Move,,False
38000000.0,2300.0,3.0,3,3,"Industrial Suburb, Yeswanthpur",7.0,22.0,Semi Furnished,East,1.0,Ready to Move,,False
8150000.0,607.0,1.0,1,1,"Dodsworth Layout, Whitefield",9.0,27.0,Unfurnished,North,1.0,Ready to Move,,False
6800000.0,1110.0,1.0,1,1,"Bychapura, Bengaluru",2.0,8.0,Semi Furnished,Unknown,8.0,Ready to Move,,False
27500000.0,1653.0,3.0,3,1,"Akshaya Vana, Akshayanagar",5.0,28.0,Semi Furnished,East,4.0,Ready to Move,,False
24500000.0,1850.0,3.0,3,1,"Lakedew Residency- Phase 2, Harlur",9.0,14.0,Semi Furnished,East,5.0,Ready to Move,,False
22500000.0,1900.0,3.0,3,2,"Thimmappa Reddy Layout, Hulimavu",3.0,11.0,Semi Furnished,East,9.0,Ready to Move,,False
19000000.0,1387.0,3.0,3,1,"V. Kallahalli, Bengaluru",25.0,29.0,Semi Furnished,West,,Upcoming,2026-08-15,True
24000000.0,1246.0,2.0,2,1,"Kodigehalli, K R Puram",5.0,20.0,Semi Furnished,West,,Upcoming,2026-12-01,True
27500000.0,2491.0,4.0,4,2,"Suryanagar, Bommasandra",8.0,27.0,Unfurnished,Unknown,,Upcoming,2026-08-14,True
31500000.0,1900.0,3.0,3,1,"Lords Steps Layout, Panathur",17.0,18.0,Unfurnished,West,1.0,Ready to Move,,False
17000000.0,1342.0,2.0,2,1,"Phase I, Electronic City",1.0,18.0,Semi Furnished,Unknown,8.0,Ready to Move,,False
26000000.0,2123.0,4.0,4,2,"Hosahalli, Bengaluru",8.0,13.0,Unfurnished,Unknown,1.0,Ready to Move,,False
13500000.0,1260.0,2.0,2,1,"Dodsworth Layout, Whitefield",3.0,5.0,Semi Furnished,East,1.0,Ready to Move,,False
11500000.0,855.0,1.0,1,1,"Raghuvanahalli, Subramanyapura",5.0,13.0,Unfurnished,South,1.0,Ready to Move,,False
20500000.0,3800.0,8.0,9,2,"Mico Layout, Hongasandra",1.0,4.0,Semi Furnished,East,8.0,Ready to Move,,False
48600000.0,2471.0,4.0,4,1,"Dodsworth Layout, Whitefield",10.0,19.0,Unfurnished,East,,Ready to Move,,False
14500000.0,1170.0,2.0,2,1,"Panathur, Bengaluru",3.0,4.0,Semi Furnished,West,2.0,Ready to Move,,False
18500000.0,2040.0,3.0,3,1,"Chikkagubbi Village, Bengaluru",4.0,12.0,Semi Furnished,North,9.0,Ready to Move,,False
70000000.0,3000.0,3.0,4,4,"Hebbal Kempapura, Bengaluru",10.0,21.0,Fully Furnished,East,2.0,Ready to Move,,False
21100000.0,1726.0,3.0,3,1,"Choodasandra, Bengaluru",9.0,15.0,Semi Furnished,East,5.0,Ready to Move,,False
13500000.0,1120.0,2.0,2,1,"Thirumalashettyhally, Bengaluru",1.0,15.0,Fully Furnished,East,3.0,Ready to Move,,False
11600000.0,1056.0,2.0,2,1,"Navarathna Agrahara, Bengaluru",17.0,31.0,Semi Furnished,West,12.0,Ready to Move,,False
10200000.0,1060.0,3.0,3,1,"Gummanahalli, Bengaluru",14.0,18.0,Semi Furnished,East,,Upcoming,2026-08-25,True
5000000.0,432.0,1.0,1,1,"Boovanahalli, Bengaluru",16.0,19.0,Semi Furnished,Unknown,1.0,Ready to Move,,False
31000000.0,2060.0,3.0,3,1,"Nandi Durga Road Extension, Jayamahal",3.0,4.0,Semi Furnished,Unknown,8.0,Ready to Move,,False
22000000.0,1889.0,3.0,3,1,"DLF Newtown, Akshayanagar",7.0,18.0,Semi Furnished,East,11.0,Ready to Move,,False
22900000.0,1585.0,3.0,3,1,"Vastu Bhoomi, K R Puram",3.0,20.0,Unfurnished,West,,Ready to Move,,False
18000000.0,1445.0,3.5,2,1,"Balaji Layout, Narayanapura",17.0,18.0,Semi Furnished,West,4.0,Ready to Move,,False
26000000.0,1670.0,3.0,2,1,"Block 2, Rajajinagar",3.0,3.0,Semi Furnished,South,15.0,Ready to Move,,False
18500000.0,1740.0,3.5,2,2,"Narayanapura, Bengaluru",12.0,17.0,Semi Furnished,East,4.0,Ready to Move,,False
11500000.0,1110.0,3.0,3,1,"Thirumalashettyhally, Bengaluru",8.0,11.0,Semi Furnished,East,1.0,Ready to Move,,False
21500000.0,1605.0,3.0,3,1,"Garden Avenue, Battarahalli",2.0,20.0,Fully Furnished,East,5.0,Ready to Move,,False
5500000.0,1150.0,2.0,2,1,"Phase I, Electronic City",2.0,5.0,Semi Furnished,Unknown,8.0,Ready to Move,,False
12500000.0,1400.0,2.0,2,1,"Park View Layout, Sahakara Nagar",1.0,4.0,Semi Furnished,West,15.0,Ready to Move,,False
18000000.0,1700.0,3.0,3,1,"Stage 1, BTM Layout",2.0,3.0,Semi Furnished,West,12.0,Ready to Move,,False
24000000.0,1584.0,3.0,2,1,"Nallurhalli, Whitefield",9.0,14.0,Semi Furnished,North,9.0,Ready to Move,,False
28500000.0,1750.0,3.0,3,2,"Ilyas Nagar, Kumaraswamy Layout",14.0,17.0,Semi Furnished,West,4.0,Ready to Move,,False
13300000.0,1050.0,2.0,2,1,"Dodsworth Layout, Whitefield",9.0,20.0,Unfurnished,West,,Ready to Move,,False
10300000.0,1064.0,2.0,2,1,"Kammasandra, Electronic City",1.0,13.0,Semi Furnished,East,6.0,Ready to Move,,False
32000000.0,2149.0,3.0,3,1,"Kannuru, Bengaluru",8.0,20.0,Unfurnished,East,,Upcoming,2027-01-01,True
14000000.0,1350.0,3.0,2,1,"Vinayaka Nagar, Murugeshpalya",2.0,5.0,Semi Furnished,East,3.0,Ready to Move,,False
18200000.0,1335.0,2.0,2,2,"Venugopal Reddy Layout, Arakere",5.0,19.0,Semi Furnished,East,2.0,Ready to Move,,False
22000000.0,1734.0,3.0,3,2,"Suryanagar, Bommasandra",15.0,22.0,Unfurnished,Unknown,,Upcoming,2027-12-01,True
46800000.0,2310.0,4.0,4,0,"Bileshivale, Bengaluru",20.0,30.0,Fully Furnished,North,,Upcoming,2026-08-27,True
26000000.0,1640.0,3.0,3,2,"Anand Nagar, Hebbal",14.0,34.0,Unfurnished,East,1.0,Ready to Move,,False
35000000.0,1700.0,3.0,2,1,"Shabhari Nagar, Sahakara Nagar",13.0,15.0,Semi Furnished,Unknown,2.0,Ready to Move,,False
21500000.0,1497.0,3.0,3,1,"Chikkakannalli, Bengaluru",14.0,18.0,Unfurnished,East,1.0,Ready to Move,,False
19000000.0,1500.0,3.0,3,1,"Yadavanahalli, Bengaluru",19.0,38.0,Unfurnished,East,,Ready to Move,,False
52000000.0,2753.0,3.0,3,1,"Vakil Garden City, Bengaluru",14.0,20.0,Unfurnished,Unknown,1.0,Ready to Move,,False
7600000.0,949.0,2.0,2,1,"Sompura, Bengaluru",3.0,4.0,Semi Furnished,North,7.0,Ready to Move,,False
6800000.0,915.0,2.0,2,1,"Sarjapur, Bengaluru",4.0,18.0,Unfurnished,North,3.0,Ready to Move,,False
26800000.0,2005.0,3.0,3,1,"Sri Balaji Krupa Layout, R.K. Hegde Nagar",2.0,34.0,Unfurnished,North,1.0,Ready to Move,,False
13500000.0,1382.0,3.0,3,1,"Gummanahalli, Bengaluru",3.0,18.0,Unfurnished,South,1.0,Ready to Move,,False
15600000.0,1480.0,3.0,2,1,"Dodsworth Layout, Whitefield",12.0,15.0,Unfurnished,West,,Ready to Move,,False
12800000.0,1105.0,2.0,2,1,"Phase I, Electronic City",1.0,15.0,Unfurnished,Unknown,,Ready to Move,,False
12500000.0,1392.0,3.0,3,1,"Hunasamaranahalli, Bengaluru",2.0,14.0,Unfurnished,West,1.0,Ready to Move,,False
18900000.0,1600.0,3.0,3,0,"Fems Gardenia, Volagerekallahalli",23.0,29.0,Unfurnished,East,,Ready to Move,,False
26000000.0,2082.0,3.0,4,1,"Kithiganur, Kithiganur",12.0,39.0,Fully Furnished,North,7.0,Ready to Move,,False
14800000.0,1548.0,3.0,3,1,"Varthur, Bengaluru",11.0,12.0,Semi Furnished,West,9.0,Ready to Move,,False
24000000.0,1500.0,3.0,2,2,"Anchepalya, Bengaluru",15.0,30.0,Semi Furnished,North,3.0,Ready to Move,,False
14700000.0,1230.0,2.0,2,1,"Budigere Cross, Bengaluru",15.0,19.0,Unfurnished,East,1.0,Ready to Move,,False
7000000.0,1128.0,2.0,2,2,"7th Phase, JP Nagar",4.0,4.0,Unfurnished,West,7.0,Ready to Move,,False
18000000.0,1200.0,3.0,3,1,"Aishwarya Crystal Layout, Begur",5.0,17.0,Semi Furnished,East,3.0,Ready to Move,,False
24500000.0,1820.0,3.0,3,1,"Begur, Bengaluru",14.0,18.0,Semi Furnished,East,1.0,Ready to Move,,False
7000000.0,872.0,2.0,2,1,"Orchid Piccadilly, Chokkanahalli",4.0,4.0,Semi Furnished,Unknown,5.0,Ready to Move,,False
14900000.0,1245.0,2.0,2,1,"Doddakannelli, Bengaluru",1.0,13.0,Semi Furnished,North,8.0,Ready to Move,,False
7600000.0,1415.0,2.0,2,1,"Phase I, Electronic City",3.0,5.0,Semi Furnished,North,15.0,Ready to Move,,False
23200000.0,1774.0,3.0,3,2,"Marathahalli Village, Marathahalli",8.0,10.0,Semi Furnished,East,19.0,Ready to Move,,False
10200000.0,1100.0,2.5,2,1,"Thirumalashettyhally, Bengaluru",4.0,11.0,Semi Furnished,East,2.0,Ready to Move,,False
10000000.0,896.0,2.0,2,1,"Gummanahalli, Bengaluru",24.0,29.0,Unfurnished,East,1.0,Ready to Move,,False
31500000.0,2531.0,2.0,3,4,"Prithvi Layout, Whitefield",3.0,4.0,Semi Furnished,Unknown,8.0,Ready to Move,,False
12600000.0,1244.0,2.0,2,1,"Devin Paradise Enclave, Chokkanahalli",13.0,18.0,Unfurnished,West,,Upcoming,2026-09-20,True
11800000.0,1175.0,2.5,2,0,"Yelahanka New Town, Bengaluru",9.0,14.0,Unfurnished,East,1.0,Ready to Move,,False
7250000.0,550.0,1.0,1,2,"Prakruthi Nagar, Kogilu",3.0,21.0,Unfurnished,Unknown,1.0,Ready to Move,,False
127500000.0,5100.0,4.0,4,2,"Hebbal, Bengaluru",5.0,21.0,Fully Furnished,North,3.0,Ready to Move,,False
5100000.0,915.0,2.0,2,1,"BEML Cooperative Society Layout, Bengaluru",3.0,3.0,Semi Furnished,South,8.0,Ready to Move,,False
13500000.0,1382.0,3.0,2,1,"Gummanahalli, Bengaluru",19.0,22.0,Unfurnished,West,,Upcoming,2026-12-31,True
10000000.0,888.0,2.0,2,1,"Budigere Cross, Bengaluru",8.0,15.0,Semi Furnished,West,1.0,Ready to Move,,False
17700000.0,1234.0,3.0,2,1,"Dodsworth Layout, Whitefield",17.0,28.0,Unfurnished,East,,Ready to Move,,False
22000000.0,1750.0,3.0,3,1,"Lumos, Mahalakshmi Layout",7.0,16.0,Semi Furnished,North,6.0,Ready to Move,,False
48000000.0,2145.0,3.0,3,2,"Devarabisanahalli, Bellandur",5.0,12.0,Semi Furnished,North,11.0,Ready to Move,,False
20000000.0,1490.0,3.0,2,1,"Uttarahalli -Manavarthekaval, Bengaluru",5.0,14.0,Unfurnished,Unknown,1.0,Ready to Move,,False
27599999.999999996,1588.0,3.0,3,1,"Akshaya Vana, Akshayanagar",15.0,17.0,Fully Furnished,West,4.0,Ready to Move,,False
13000000.0,886.0,2.0,2,1,"Thirumalashettyhally, Bengaluru",9.0,18.0,Unfurnished,Unknown,,Upcoming,2028-09-01,True
10200000.0,670.0,1.0,1,1,"Nallurhalli, Whitefield",23.0,27.0,Unfurnished,West,,Upcoming,2028-06-01,True
12000000.0,943.0,2.0,2,1,"Sarjapur, Bengaluru",16.0,28.0,Unfurnished,North,1.0,Ready to Move,,False
18600000.0,1428.0,3.0,3,1,"Nallurhalli, Whitefield",41.0,42.0,Unfurnished,East,,Upcoming,2026-09-03,True
14600000.0,1197.0,2.0,2,1,"Budigere Cross, Bengaluru",2.0,19.0,Unfurnished,Unknown,,Ready to Move,,False
28500000.0,1850.0,3.0,3,1,"Vasthu Layout, Parappana Agrahara",3.0,22.0,Semi Furnished,East,6.0,Ready to Move,,False
14700000.0,1078.0,2.0,2,1,"Phase I, Electronic City",13.0,15.0,Unfurnished,East,,Ready to Move,,False
40000000.0,2200.0,4.0,4,1,"Devasthanagalu, Varthur",31.0,33.0,Unfurnished,East,1.0,Ready to Move,,False
31500000.0,1818.0,3.0,3,1,"Ramagondanahalli, Whitefield",11.0,17.0,Unfurnished,West,,Ready to Move,,False
10000000.0,1080.0,2.0,2,1,"Thirumalashettyhally, Bengaluru",0.0,18.0,Unfurnished,Unknown,3.0,Ready to Move,,False
17500000.0,1535.0,3.0,3,1,"Owners Court Layout, Kasavanahalli",2.0,7.0,Semi Furnished,North,11.0,Ready to Move,,False
35000000.0,2502.0,4.0,3,2,"Prakruthi Nagar, Kogilu",9.0,17.0,Unfurnished,East,,Upcoming,2028-01-29,True
8200000.0,947.0,2.0,2,1,"Gattahalli, Bengaluru",2.0,6.0,Fully Furnished,East,6.0,Ready to Move,,False
10000000.0,1250.0,3.0,2,1,"Virat Nagar, Bommanahalli",2.0,5.0,Semi Furnished,North,4.0,Ready to Move,,False
5000000.0,975.0,3.0,2,1,"Bisuvanahalli, Bengaluru",1.0,9.0,Semi Furnished,South,11.0,Ready to Move,,False
18500000.0,1320.0,3.0,2,2,"Anchepalya, Bengaluru",16.0,30.0,Semi Furnished,Unknown,5.0,Ready to Move,,False
260000000.0,8945.0,5.0,6,2,"Hebbal Kempapura, Bengaluru",5.0,21.0,Unfurnished,East,3.0,Ready to Move,,False
10500000.0,977.0,2.0,2,1,"Markandhaiha Nagar, Agrahara Layout",0.0,5.0,Semi Furnished,North-East,3.0,Ready to Move,,False
18000000.0,1188.0,2.0,2,1,"Eastwood Township, Harlur",13.0,14.0,Semi Furnished,East,8.0,Ready to Move,,False
11100000.000000002,1235.0,3.0,2,1,"Munnekollal, Bengaluru",1.0,4.0,Semi Furnished,Unknown,7.0,Ready to Move,,False
18000000.0,1320.0,3.0,3,1,"Budigere Cross, Bengaluru",19.0,40.0,Unfurnished,East,1.0,Ready to Move,,False
14000000.0,1150.0,2.0,2,1,"Phase I, Electronic City",1.0,15.0,Semi Furnished,East,3.0,Ready to Move,,False
15000000.0,1545.0,3.0,3,1,"Horamavu Agara, Horamavu",4.0,4.0,Fully Furnished,West,2.0,Ready to Move,,False
7350000.0,1280.0,2.5,2,1,"Horamavu, Bengaluru",4.0,6.0,Semi Furnished,North,9.0,Ready to Move,,False
5900000.0,875.0,2.0,2,1,"Bommasandra, Bengaluru",4.0,15.0,Semi Furnished,Unknown,6.0,Ready to Move,,False
10500000.0,1265.0,2.0,2,1,"Veer Sandra, Electronic City",5.0,11.0,Semi Furnished,Unknown,10.0,Ready to Move,,False
8500000.0,1355.0,3.0,2,1,"Gaundanapalya, Uttarahalli Hobli",3.0,4.0,Semi Furnished,East,10.0,Ready to Move,,False
17000000.0,1680.0,3.0,3,1,"Devasthanagalu, Varthur",9.0,23.0,Semi Furnished,East,6.0,Ready to Move,,False
49000000.0,4100.0,4.0,4,2,"Akshaya Vana, Akshayanagar",1.0,3.0,Unfurnished,East,,Ready to Move,,False
9000000.0,888.0,2.0,1,1,"Orchid Piccadilly, Chokkanahalli",0.0,15.0,Semi Furnished,East,4.0,Ready to Move,,False
33900000.0,2000.0,3.0,3,1,"Lakedew Residency- Phase 2, Harlur",15.0,18.0,Semi Furnished,North,7.0,Ready to Move,,False
68800000.0,4500.0,5.0,4,2,"Brookefield, Bengaluru",1.0,12.0,Semi Furnished,East,8.0,Ready to Move,,False
13000000.0,1230.0,2.0,2,0,"Bommenahalli, Bengaluru",,,Unfurnished,Unknown,,Ready to Move,,False
8500000.0,1050.0,2.0,2,1,"GM Global Techies Town, Thirupalya",32.0,32.0,Semi Furnished,Unknown,,Upcoming,2023-05-01,True
27500000.0,2166.0,3.0,3,1,"Kempalingapura, Bengaluru",1.0,2.0,Unfurnished,East,,Ready to Move,,False
12500000.0,1086.0,2.0,2,1,"Jyotipuram, Bengaluru",12.0,13.0,Semi Furnished,Unknown,1.0,Ready to Move,,False
16900000.0,1303.0,2.0,2,1,"Ali Estate, Yelahanka",9.0,18.0,Semi Furnished,West,8.0,Ready to Move,,False
17200000.0,1335.0,3.0,2,1,"Seegehalli, K R Puram",3.0,20.0,Unfurnished,East,,Ready to Move,,False
31000000.0,2200.0,3.5,3,2,"Vijay Nagar, Whitefield",8.0,17.0,Semi Furnished,West,,Ready to Move,,False
12000000.0,1059.0,2.0,2,1,"Utsav Raaga, Kannuru",11.0,13.0,Semi Furnished,Unknown,4.0,Ready to Move,,False
27700000.0,1564.0,3.0,3,1,"Stage 2, Yeswanthpur",9.0,22.0,Unfurnished,East,,Upcoming,2026-09-15,True
8600000.0,1200.0,2.0,2,1,"Phase 1, Whitefield",1.0,4.0,Semi Furnished,West,8.0,Ready to Move,,False
12500000.0,841.0,2.0,2,1,"Yadavanahalli, Bengaluru",33.0,33.0,Unfurnished,East,3.0,Ready to Move,,False
6000000.0,750.0,1.0,2,1,"Shriram Sameeksha, Singapura",5.0,14.0,Semi Furnished,East,8.0,Ready to Move,,False
15600000.0,1480.0,3.0,2,1,"Dodsworth Layout, Whitefield",6.0,16.0,Unfurnished,East,,Ready to Move,,False
6801000.000000001,1069.0,2.0,2,1,"Glass Factory Layout, Electronic City",2.0,5.0,Unfurnished,East,8.0,Ready to Move,,False
20000000.0,1000.0,3.0,2,2,"Anchepalya, Bengaluru",12.0,30.0,Semi Furnished,East,3.0,Ready to Move,,False
6900000.0,697.0,2.0,2,1,"Koralur, Samethanahalli",6.0,8.0,Semi Furnished,East,1.0,Ready to Move,,False
17300000.0,1474.0,3.0,2,1,"Suryanagar, Bommasandra",5.0,20.0,Unfurnished,East,,Upcoming,2026-09-12,True
8500000.0,1080.0,2.0,2,2,"Stage 2, BTM Layout 2nd Stage",1.0,4.0,Semi Furnished,East,9.0,Ready to Move,,False
34000000.0,1797.0,3.0,3,1,"Kariyammana Agrahara, Bellandur",1.0,14.0,Semi Furnished,East,7.0,Ready to Move,,False
9200000.0,938.0,2.0,2,1,"Gummanahalli, Bengaluru",3.0,20.0,Unfurnished,West,1.0,Ready to Move,,False
30000000.0,1851.0,3.0,3,1,"Hosapalya, Kudlu Gate",3.0,22.0,Semi Furnished,West,7.0,Ready to Move,,False
18700000.0,1490.0,3.0,3,2,"Jigala, Bengaluru",5.0,38.0,Unfurnished,Unknown,1.0,Ready to Move,,False
19500000.0,1490.0,3.0,3,1,"Jigala, Bengaluru",32.0,41.0,Unfurnished,Unknown,1.0,Ready to Move,,False
12500000.0,1524.0,2.0,2,3,"Hennur, Bengaluru",4.0,9.0,Semi Furnished,Unknown,8.0,Ready to Move,,False
9950000.0,1738.0,3.0,3,1,"Phase 2, Whitefield",1.0,5.0,Semi Furnished,West,12.0,Ready to Move,,False
35000000.0,1950.0,3.0,3,1,"Subramanyapura, Bengaluru",2.0,18.0,Semi Furnished,West,11.0,Ready to Move,,False
14300000.0,1148.0,2.0,2,1,"Suryanagar, Bommasandra",6.0,20.0,Unfurnished,East,,Upcoming,2026-09-12,True
13200000.0,1350.0,3.0,2,1,"Devasthanagalu, Gunjur Palya",4.0,4.0,Fully Furnished,Unknown,1.0,Ready to Move,,False
16000000.0,1228.0,2.0,2,1,"Konappana Agrahara, Electronic City",22.0,22.0,Semi Furnished,Unknown,2.0,Ready to Move,,False
16800000.0,1282.0,2.0,2,1,"Budigere Cross, Bengaluru",6.0,40.0,Unfurnished,West,1.0,Ready to Move,,False
10000000.0,750.0,1.0,1,1,"Rachenahalli, Thanisandra",11.0,22.0,Semi Furnished,Unknown,5.0,Ready to Move,,False
26000000.0,1500.0,3.0,3,1,"Immadihalli, Whitefield",11.0,18.0,Semi Furnished,Unknown,5.0,Ready to Move,,False
48500000.0,2200.0,3.0,3,1,"Thomas Town, Cooke Town",2.0,8.0,Semi Furnished,North,10.0,Ready to Move,,False
7000000.0,625.0,1.0,1,1,"Bengaluru Hardware Park, Bengaluru",8.0,19.0,Unfurnished,North,,Ready to Move,,False
12500000.0,1230.0,3.0,3,3,"Gummanahalli, Bengaluru",27.0,30.0,Semi Furnished,East,2.0,Ready to Move,,False
19000000.0,1575.0,3.0,3,1,"Phase I, Electronic City",3.0,5.0,Semi Furnished,North,10.0,Ready to Move,,False
16800000.0,1765.0,3.0,3,1,"Balagere, Bengaluru",2.0,9.0,Unfurnished,East,,Ready to Move,,False
25500000.0,1600.0,3.0,3,1,"Balagere, Bengaluru",6.0,17.0,Unfurnished,Unknown,1.0,Ready to Move,,False
23800000.0,1564.0,3.0,3,1,"Ardendale, Kannamangala - Whitefield Hoskote Road",19.0,29.0,Semi Furnished,Unknown,1.0,Ready to Move,,False
9000000.0,1270.0,2.5,2,1,"Uttarahalli -Manavarthekaval, Bengaluru",3.0,5.0,Semi Furnished,Unknown,16.0,Ready to Move,,False
7500000.0,799.0,2.0,2,1,"Gummanahalli, Bengaluru",16.0,21.0,Unfurnished,Unknown,1.0,Ready to Move,,False
72000000.0,4041.0,4.0,4,1,"Sathya Sai Layout, Whitefield",11.0,19.0,Unfurnished,West,11.0,Ready to Move,,False
14800000.0,1125.0,2.0,2,1,"Devin Paradise Enclave, Tirumanahalli",4.0,33.0,Fully Furnished,East,4.0,Ready to Move,,False
15000000.0,1750.0,3.0,2,1,"K R Garden, Murugeshpalya",1.0,4.0,Semi Furnished,East,20.0,Ready to Move,,False
24000000.0,1664.0,3.0,3,1,"Dommasandra, Bengaluru",0.0,30.0,Unfurnished,East,4.0,Ready to Move,,False
11000000.0,1005.0,2.0,2,1,"Prakruthi Nagar, Kogilu",7.0,12.0,Unfurnished,West,2.0,Ready to Move,,False
6400000.0,796.0,1.0,1,1,"Pillahalli, Nelamangala",6.0,11.0,Unfurnished,East,8.0,Ready to Move,,False
10300000.0,1144.0,2.0,2,1,"Srikrupa Layout, Abbigere",3.0,6.0,Semi Furnished,East,4.0,Ready to Move,,False
17500000.0,1270.0,2.0,2,1,"Glen Classic, Devinagar",12.0,18.0,Semi Furnished,West,5.0,Ready to Move,,False
21500000.0,1574.0,3.0,3,1,"Devin Paradise Enclave, Tirumanahalli",18.0,33.0,Semi Furnished,East,1.0,Ready to Move,,False
25000000.0,2500.0,3.0,3,1,"Krishna Reddy Layout, Domlur Layout",3.0,3.0,Semi Furnished,South,35.0,Ready to Move,,False
24000000.0,2200.0,3.0,3,2,"Sanjeevini Nagar, Bengaluru",1.0,20.0,Semi Furnished,East,18.0,Ready to Move,,False
14000000.0,1750.0,3.0,3,1,"GM Global Techies Town, Electronic City",9.0,31.0,Unfurnished,East,3.0,Ready to Move,,False
13400000.0,1560.0,3.0,3,1,"Dodsworth Layout, Whitefield",1.0,5.0,Semi Furnished,East,8.0,Ready to Move,,False
12000000.0,1385.0,3.0,2,1,"Durgappa Layout, Agrahara Layout",1.0,4.0,Semi Furnished,East,3.0,Ready to Move,,False
20900000.0,2400.0,4.0,3,1,"Gundappa Layout, Gottigere",3.0,5.0,Semi Furnished,East,1.0,Ready to Move,,False
30000000.0,1986.0,3.0,3,1,"Sathya Sai Layout, Whitefield",21.0,28.0,Unfurnished,West,,Ready to Move,,False
12400000.0,1420.0,3.0,2,0,"Panduranga Nagar, Bengaluru",1.0,4.0,Unfurnished,Unknown,,Upcoming,2023-12-15,True
7200000.0,855.0,2.0,2,1,"Gulimangala, Bengaluru",7.0,7.0,Unfurnished,Unknown,7.0,Ready to Move,,False
71000000.0,4041.0,4.0,4,1,"Sathya Sai Layout, Whitefield",13.0,27.0,Unfurnished,East,11.0,Ready to Move,,False
11000000.0,1000.0,2.0,2,4,"Akshaya Vana, Akshayanagar",3.0,5.0,Fully Furnished,North,1.0,Ready to Move,,False
9900000.0,938.0,2.0,2,1,"Bengaluru Hardware Park, Bengaluru",18.0,24.0,Semi Furnished,East,1.0,Ready to Move,,False
42699999.99999999,2799.0,4.0,5,2,"Rachenahalli, Jakkur",12.0,14.0,Unfurnished,East,,Upcoming,2026-09-20,True
8800000.0,1023.0,3.0,2,1,"Bengaluru Hardware Park, Bengaluru",15.0,21.0,Unfurnished,West,1.0,Ready to Move,,False
19500000.0,1344.0,2.0,2,1,"Doddakannelli, Bengaluru",8.0,15.0,Semi Furnished,East,1.0,Ready to Move,,False
10000000.0,999.0,2.0,2,1,"Gummanahalli, Bengaluru",13.0,21.0,Semi Furnished,Unknown,2.0,Ready to Move,,False
24000000.0,1400.0,3.0,3,1,"Balagere, Bengaluru",2.0,15.0,Unfurnished,North,1.0,Ready to Move,,False
18600000.0,1605.0,3.0,2,1,"Dodsworth Layout, Whitefield",6.0,8.0,Semi Furnished,South,9.0,Ready to Move,,False
25000000.0,1700.0,2.0,2,1,"Shinivagalu Tank Bed Layout, Koramangala",1.0,2.0,Semi Furnished,East,,Ready to Move,,False
10500000.0,500.0,1.0,1,1,"Lords Steps Layout, Panathur",5.0,24.0,Unfurnished,East,,Upcoming,2029-12-01,True
8800000.0,1102.0,2.0,2,1,"Janatha Colony, Doddakannelli",2.0,5.0,Semi Furnished,West,9.0,Ready to Move,,False
29000000.0,1894.0,3.0,3,1,"6th Phase, JP Nagar",3.0,25.0,Unfurnished,East,,Upcoming,2030-12-01,True
40000000.0,2000.0,3.0,2,3,"Lumos, Mahalakshmi Layout",1.0,4.0,Semi Furnished,North,5.0,Ready to Move,,False
26400000.0,1595.0,3.0,3,1,"Immadihalli, Whitefield",11.0,18.0,Semi Furnished,Unknown,4.0,Ready to Move,,False
11000000.0,1300.0,2.0,2,1,"Govinda Reddy Layout, Panduranga Nagar",17.0,19.0,Semi Furnished,East,6.0,Ready to Move,,False
39600000.0,2200.0,3.0,3,1,"NN Farm Layout, Sanjaynagar",1.0,3.0,Semi Furnished,East,15.0,Ready to Move,,False
43000000.0,2475.0,4.0,5,2,"Phase 2, Whitefield",19.0,19.0,Unfurnished,East,,Ready to Move,,False
20900000.0,2400.0,4.0,3,1,"Gundappa Layout, Gottigere",2.0,5.0,Semi Furnished,East,1.0,Ready to Move,,False
9200000.0,977.0,2.0,2,1,"Markandhaiha Nagar, Agrahara Layout",2.0,4.0,Semi Furnished,Unknown,3.0,Ready to Move,,False
14000000.0,1340.0,2.0,2,1,"Ambedkar Nagar, Whitefield",6.0,9.0,Semi Furnished,Unknown,6.0,Ready to Move,,False
32000000.0,1900.0,4.0,4,1,"Devasthanagalu, Varthur",4.0,33.0,Unfurnished,East,1.0,Ready to Move,,False
9800000.0,938.0,2.0,2,1,"Bengaluru Hardware Park, Bengaluru",7.0,25.0,Semi Furnished,West,1.0,Ready to Move,,False
12400000.0,1800.0,3.0,3,1,"Phase I, Electronic City",7.0,8.0,Unfurnished,South,14.0,Ready to Move,,False
19800000.0,1535.0,3.0,3,0,"Fems Gardenia, Volagerekallahalli",12.0,29.0,Unfurnished,North,,Ready to Move,,False
52000000.0,3656.0,4.0,5,2,"Devasthanagalu, Varthur",19.0,33.0,Unfurnished,West,,Upcoming,2026-08-06,True
27100000.0,1644.0,3.0,3,1,"Varthur, Bengaluru",15.0,26.0,Semi Furnished,East,2.0,Ready to Move,,False
8700000.0,940.0,2.0,2,1,"Gummanahalli, Bengaluru",22.0,29.0,Unfurnished,Unknown,2.0,Ready to Move,,False
4800000.0,684.0,2.0,2,0,"Sarjapur, Bengaluru",3.0,3.0,Semi Furnished,East,5.0,Ready to Move,,False
11000000.0,1100.0,2.0,2,2,"Vijaya Bank Layout, Bilekahalli",1.0,9.0,Semi Furnished,East,13.0,Ready to Move,,False
52000000.0,2960.0,3.0,3,1,"Kashi Nagar, Byatarayanapura",12.0,22.0,Semi Furnished,Unknown,2.0,Ready to Move,,False
16000000.0,1697.0,3.0,3,1,"Bommenahalli, Bengaluru",4.0,9.0,Fully Furnished,West,11.0,Ready to Move,,False
29500000.0,2181.0,3.0,4,1,"Sri Balaji Krupa Layout, R.K. Hegde Nagar",13.0,34.0,Unfurnished,East,10.0,Ready to Move,,False
4800000.0,1100.0,2.0,2,1,"Chintalamadivala Village, Bommasandra",0.0,5.0,Unfurnished,East,10.0,Ready to Move,,False
8600000.0,1145.0,2.0,2,1,"Somasundarapalya, Bengaluru",2.0,5.0,Semi Furnished,East,10.0,Ready to Move,,False
49000000.0,4044.0,4.0,4,2,"Sathya Sai Layout, Whitefield",26.0,27.0,Semi Furnished,East,9.0,Ready to Move,,False
6800000.0,690.0,1.5,2,1,"Gummanahalli, Bengaluru",15.0,21.0,Unfurnished,Unknown,1.0,Ready to Move,,False
30500000.0,2181.0,3.5,4,1,"Sri Balaji Krupa Layout, R.K. Hegde Nagar",12.0,31.0,Unfurnished,Unknown,,Ready to Move,,False
12500000.0,1195.0,2.0,2,1,"Chikkagubbi Village, Bengaluru",12.0,14.0,Semi Furnished,East,5.0,Ready to Move,,False
47000000.0,4021.0,4.0,4,4,"Sathya Sai Layout, Whitefield",6.0,27.0,Semi Furnished,Unknown,8.0,Ready to Move,,False
17500000.0,1110.0,2.0,2,1,"Sathya Sai Layout, Whitefield",12.0,28.0,Unfurnished,West,,Ready to Move,,False
20500000.0,1558.0,2.0,2,1,"Sathya Sai Layout, Whitefield",20.0,28.0,Unfurnished,West,,Ready to Move,,False
13500000.0,1007.0,2.0,2,1,"Devasthanagalu, Varthur",8.0,14.0,Semi Furnished,North,4.0,Ready to Move,,False
9318000.0,1503.0,3.0,3,0,"Bommasandra Industrial Area, Vidyanagar",3.0,3.0,Semi Furnished,Unknown,2.0,Ready to Move,,False
30000000.0,2000.0,3.0,3,4,"Agrahara Dasarahalli, Rajajinagar",12.0,31.0,Semi Furnished,Unknown,,Upcoming,2026-06-26,True
14500000.0,1318.0,3.0,3,1,"Judicial Layout 2nd Phase, Talaghattapura",6.0,13.0,Semi Furnished,Unknown,3.0,Ready to Move,,False
21000000.0,1443.0,3.0,2,2,"Ardendale, Kannamangala - Whitefield Hoskote Road",27.0,29.0,Unfurnished,Unknown,,Ready to Move,,False
9100000.0,1150.0,2.0,2,2,"Phase I, Electronic City",,,Semi Furnished,West,6.0,Ready to Move,,False
13000000.0,1010.0,2.0,2,0,"Shivanahalli 2nd Stage, Nehru Nagar",4.0,11.0,Unfurnished,North,,Upcoming,2027-01-01,True
12500000.0,1315.0,3.0,3,1,"Phase I, Electronic City",9.0,15.0,Semi Furnished,West,10.0,Ready to Move,,False
23500000.0,1350.0,2.0,2,1,"Bellandur Village, Bellandur",11.0,13.0,Semi Furnished,North,10.0,Ready to Move,,False
48000000.0,4041.0,4.0,4,4,"Sathya Sai Layout, Whitefield",12.0,27.0,Semi Furnished,East,8.0,Ready to Move,,False
19500000.0,1067.0,2.0,2,1,"Manayata Tech Park, Nagavara",3.0,35.0,Unfurnished,North-East,1.0,Ready to Move,,False
17300000.0,1400.0,2.0,2,1,"Prithvi Layout, Whitefield",2.0,4.0,Semi Furnished,Unknown,8.0,Ready to Move,,False
14200000.0,1259.0,2.0,2,1,"Karnasree Layout, Medahalli",2.0,12.0,Semi Furnished,East,,Ready to Move,,False
20900000.0,1580.0,3.0,3,2,"Dodsworth Layout, Whitefield",7.0,19.0,Unfurnished,North,,Ready to Move,,False
42699999.99999999,2475.0,4.0,4,2,"Dodsworth Layout, Whitefield",19.0,20.0,Unfurnished,East,,Ready to Move,,False
17000000.0,1195.0,2.0,2,1,"Gunjur Village, Bengaluru",23.0,26.0,Semi Furnished,West,6.0,Ready to Move,,False
25000000.0,2400.0,3.0,3,1,"7th Phase, JP Nagar",3.0,4.0,Semi Furnished,North,1.0,Ready to Move,,False
13500000.0,1137.0,2.0,2,1,"Belathur, K R Puram",3.0,30.0,Unfurnished,West,1.0,Ready to Move,,False
60000000.0,4100.0,4.5,5,4,"Sathya Sai Layout, Whitefield",12.0,27.0,Semi Furnished,South,3.0,Ready to Move,,False
40000000.0,1689.0,3.0,2,1,"Gupta Layout, Halasuru",1.0,5.0,Fully Furnished,East,5.0,Ready to Move,,False
15000000.0,1097.0,2.0,2,1,"Varthur, Bengaluru",6.0,27.0,Semi Furnished,Unknown,2.0,Ready to Move,,False
28000000.0,1682.0,3.0,3,1,"Whitefield, Bengaluru",2.0,13.0,Unfurnished,East,,Upcoming,2028-12-01,True
10000000.0,1229.0,3.0,2,1,"Gummanahalli, Bengaluru",24.0,29.0,Unfurnished,Unknown,2.0,Ready to Move,,False
11299999.999999998,930.0,2.0,2,1,"Gummanahalli, Bengaluru",12.0,18.0,Unfurnished,West,1.0,Ready to Move,,False
20000000.0,865.0,2.0,2,1,"Madagondanahalli, Electronic City",11.0,12.0,Semi Furnished,East,11.0,Ready to Move,,False
9800000.0,977.0,2.0,2,1,"Gummanahalli, Bengaluru",15.0,21.0,Semi Furnished,Unknown,2.0,Ready to Move,,False
24700000.000000004,1750.0,3.0,2,1,"Munivenkatppa Layout, Bilekahalli",2.0,10.0,Semi Furnished,Unknown,15.0,Ready to Move,,False
21000000.0,1480.0,2.0,2,1,"Gunjur Village, Bengaluru",0.0,18.0,Semi Furnished,East,6.0,Ready to Move,,False
23100000.0,1123.0,3.0,3,2,"Thigala Chowdadenahalli, Bengaluru",23.0,25.0,Unfurnished,East,1.0,Ready to Move,,False
12500000.0,981.0,2.0,2,1,"Belathur, K R Puram",14.0,27.0,Unfurnished,West,,Ready to Move,,False
20000000.0,1408.0,3.0,2,1,"Anchepalya, Bengaluru",26.0,29.0,Fully Furnished,Unknown,3.0,Ready to Move,,False
20900000.0,1580.0,3.0,3,1,"Dodsworth Layout, Whitefield",6.0,19.0,Unfurnished,North,,Ready to Move,,False
28000000.0,1900.0,3.0,3,4,"Marappanapalya, Mahalakshmi Layout",10.0,20.0,Semi Furnished,Unknown,7.0,Ready to Move,,False
22000000.0,2048.0,4.0,4,2,"Hosahalli, Bengaluru",6.0,14.0,Unfurnished,West,1.0,Ready to Move,,False
10900000.0,981.0,2.0,2,1,"Belathur, K R Puram",11.0,27.0,Unfurnished,West,,Ready to Move,,False
18900000.0,1442.0,3.0,3,1,"KHB Colony, Nehru Nagar",4.0,14.0,Unfurnished,East,,Upcoming,2026-08-27,True
12000000.0,1095.0,2.0,2,1,"Prakruthi Nagar, Kogilu",1.0,4.0,Semi Furnished,Unknown,4.0,Ready to Move,,False
32500000.0,2460.0,3.0,4,1,"Virgonagar, Aavalahalli",14.0,35.0,Unfurnished,Unknown,8.0,Ready to Move,,False
15000000.0,1382.0,3.0,2,1,"Bengaluru Hardware Park, Bengaluru",12.0,21.0,Unfurnished,West,,Ready to Move,,False
9200000.0,690.0,1.0,1,1,"Chikkagubbi Village, Bengaluru",1.0,4.0,Unfurnished,West,2.0,Ready to Move,,False
18000000.0,1339.0,3.0,3,1,"Jigala, Bengaluru",12.0,41.0,Unfurnished,East,,Upcoming,2026-12-01,True
22000000.0,1730.0,3.0,3,1,"Balagere, Bengaluru",13.0,17.0,Unfurnished,East,,Ready to Move,,False
11000000.0,1009.0,2.0,2,1,"Manayata Tech Park, Thanisandra",9.0,23.0,Unfurnished,Unknown,1.0,Ready to Move,,False
31300000.0,2160.0,3.0,3,1,"Nallurhalli, Whitefield",29.0,41.0,Unfurnished,North,,Upcoming,2027-12-31,True
5200000.0,937.0,2.0,2,1,"Jigani, Bengaluru",9.0,12.0,Unfurnished,South,9.0,Ready to Move,,False
8500000.0,1644.0,3.0,3,1,"Manayata Tech Park, Thanisandra",1.0,6.0,Semi Furnished,East,13.0,Ready to Move,,False
21500000.0,1629.0,3.0,3,1,"Dommasandra, Bengaluru",6.0,32.0,Unfurnished,East,,Ready to Move,,False
17000000.0,1241.0,3.0,2,1,"Chikkakannalli, Bengaluru",14.0,27.0,Unfurnished,East,,Ready to Move,,False
30000000.0,1462.0,3.0,3,1,"Vasanth Nagar, Bengaluru",10.0,11.0,Semi Furnished,South,34.0,Ready to Move,,False
20500000.0,1641.0,3.0,3,1,"Dommasandra, Bengaluru",19.0,32.0,Unfurnished,East,,Ready to Move,,False
18600000.0,1588.0,3.0,3,1,"Gummanahalli, Bengaluru",14.0,29.0,Unfurnished,East,1.0,Ready to Move,,False
29500000.0,1600.0,3.5,4,1,"Devasthanagalu, Varthur",27.0,33.0,Unfurnished,East,1.0,Ready to Move,,False
13200000.0,1230.0,2.0,2,1,"Huvinane, Bengaluru",3.0,13.0,Semi Furnished,North,6.0,Ready to Move,,False
26500000.0,2033.0,3.0,2,1,"Devasthanagalu, Varthur",29.0,32.0,Unfurnished,North,,Upcoming,2027-06-24,True
45000000.0,4120.0,4.0,4,3,"Phase 1, Whitefield",12.0,17.0,Semi Furnished,North,7.0,Ready to Move,,False
21200000.0,1670.0,3.0,3,1,"Gummanahalli, Bengaluru",3.0,18.0,Unfurnished,West,,Ready to Move,,False
21100000.0,2250.0,3.0,3,2,"Dodsworth Layout, Whitefield",3.0,4.0,Semi Furnished,South,21.0,Ready to Move,,False
33000000.0,1645.0,3.0,3,2,"Shabhari Nagar, Sahakara Nagar",2.0,15.0,Semi Furnished,East,5.0,Ready to Move,,False
9000000.0,1055.0,2.0,2,1,"Bommasandra Industrial Area, Bommasandra",4.0,14.0,Semi Furnished,East,5.0,Ready to Move,,False
18200000.0,1147.0,2.0,2,1,"Adarsh Palm Retreat, Bellandur",6.0,14.0,Semi Furnished,West,2.0,Ready to Move,,False
37000000.0,2469.0,4.0,4,2,"Sandeep Vihar, Kannamangala - Whitefield Hoskote Road",9.0,14.0,Semi Furnished,North-East,11.0,Ready to Move,,False
11000000.0,1500.0,3.0,2,1,"Nallurhalli, Whitefield",4.0,4.0,Semi Furnished,Unknown,10.0,Ready to Move,,False
21000000.0,1897.0,3.0,3,1,"Hosahalli, Bengaluru",4.0,15.0,Semi Furnished,Unknown,1.0,Ready to Move,,False
4500000.0,750.0,2.0,2,1,"Bommasandra Industrial Area, Bommasandra",2.0,4.0,Semi Furnished,West,6.0,Ready to Move,,False
58000000.0,4044.0,4.0,4,4,"Sathya Sai Layout, Whitefield",7.0,27.0,Unfurnished,Unknown,2.0,Ready to Move,,False
23000000.0,1389.0,3.0,2,1,"Varthur, Bengaluru",23.0,26.0,Semi Furnished,East,3.0,Ready to Move,,False
30000000.0,1940.0,3.0,3,1,"Dodsworth Layout, Whitefield",11.0,22.0,Unfurnished,North,,Ready to Move,,False
9000000.0,1043.0,3.0,2,1,"Gummanahalli, Bengaluru",16.0,21.0,Unfurnished,Unknown,1.0,Ready to Move,,False
10000000.0,1150.0,2.0,2,1,"S R Layout, Murugeshpalya",2.0,4.0,Semi Furnished,East,10.0,Ready to Move,,False
14100000.0,1108.0,2.0,2,1,"Phase I, Electronic City",14.0,18.0,Unfurnished,Unknown,9.0,Ready to Move,,False
14000000.0,1104.0,2.0,2,1,"Chikkakannalli, Bengaluru",12.0,27.0,Unfurnished,Unknown,2.0,Ready to Move,,False
13500000.0,1200.0,2.0,2,1,"Doddakannelli, Bengaluru",1.0,14.0,Semi Furnished,Unknown,2.0,Ready to Move,,False
23900000.0,1574.0,3.0,3,2,"Ardendale, Kannamangala - Whitefield Hoskote Road",19.0,28.0,Semi Furnished,North,2.0,Ready to Move,,False
20900000.0,1587.0,3.0,2,1,"Chikkakannalli, Bengaluru",8.0,25.0,Unfurnished,Unknown,,Ready to Move,,False
9500000.0,1100.0,2.0,2,1,"G Muniyappa Garden, Cox Town",1.0,3.0,Semi Furnished,Unknown,2.0,Ready to Move,,False
14500000.0,1085.0,2.0,2,1,"Anchepalya, Bengaluru",12.0,22.0,Semi Furnished,North,2.0,Ready to Move,,False
8100000.0,664.0,1.0,1,1,"Chikkakannalli, Bengaluru",11.0,24.0,Unfurnished,North,1.0,Ready to Move,,False
6000000.0,721.0,1.0,1,1,"Chambenahalli, Bengaluru",3.0,22.0,Semi Furnished,Unknown,1.0,Ready to Move,,False
26000000.0,1498.0,3.0,3,1,"Yadavanahalli, Bengaluru",7.0,38.0,Unfurnished,East,,Upcoming,2026-08-22,True
31000000.0,1851.0,3.0,3,1,"Kannuru, Bengaluru",12.0,21.0,Unfurnished,West,,Ready to Move,,False
13000000.0,1450.0,3.0,3,1,"GM Global Techies Town, Thirupalya",4.0,32.0,Semi Furnished,East,3.0,Ready to Move,,False
37000000.0,2327.0,3.0,3,1,"Thomas Town, Cooke Town",1.0,5.0,Semi Furnished,East,5.0,Ready to Move,,False
16000000.0,1354.0,2.0,2,1,"Nandi Durga Road Extension, Jayamahal",1.0,4.0,Semi Furnished,North,10.0,Ready to Move,,False
11000000.0,1068.0,2.0,2,1,"Eastwood Township, Harlur",3.0,4.0,Semi Furnished,East,2.0,Ready to Move,,False
17800000.0,1215.0,3.0,3,1,"Varthur, Bengaluru",5.0,23.0,Fully Furnished,Unknown,3.0,Ready to Move,,False
9000000.0,904.0,2.0,2,1,"Gummanahalli, Bengaluru",26.0,29.0,Unfurnished,North,1.0,Ready to Move,,False
25000000.0,1567.0,3.0,3,2,"Anchepalya, Bengaluru",3.0,29.0,Semi Furnished,Unknown,3.0,Ready to Move,,False
45000000.0,3370.0,4.0,4,3,"Phase 1, Whitefield",15.0,17.0,Semi Furnished,East,7.0,Ready to Move,,False
12000000.0,946.0,2.0,2,1,"Aishwarya Crystal Layout, Begur",15.0,18.0,Semi Furnished,Unknown,1.0,Ready to Move,,False
11500000.0,1159.0,2.0,2,1,"Chikkagubbi Village, Bengaluru",3.0,4.0,Semi Furnished,West,1.0,Ready to Move,,False
12300000.0,1205.0,2.0,2,1,"Gunjur Village, Bengaluru",2.0,14.0,Unfurnished,East,,Ready to Move,,False
27000000.0,2000.0,3.0,3,1,"Chikkakannalli, Bengaluru",23.0,28.0,Unfurnished,North,1.0,Ready to Move,,False
16500000.0,1408.0,3.0,3,1,"Gummanahalli, Bengaluru",27.0,29.0,Unfurnished,East,,Ready to Move,,False
7800000.0,1070.0,2.0,2,1,"Chikkadasarahalli, Bengaluru",2.0,13.0,Unfurnished,East,,Ready to Move,,False
14000000.0,1078.0,2.0,2,1,"Sathya Sai Layout, Whitefield",0.0,27.0,Unfurnished,East,1.0,Ready to Move,,False
11000000.0,1177.0,2.0,2,1,"Chikkagubbi Village, Bengaluru",3.0,4.0,Fully Furnished,West,1.0,Ready to Move,,False
6600000.0,750.0,1.5,1,1,"Gummanahalli, Bengaluru",6.0,20.0,Unfurnished,East,1.0,Ready to Move,,False
13000000.0,1009.0,2.0,2,1,"Devasthanagalu, Varthur",3.0,14.0,Semi Furnished,Unknown,4.0,Ready to Move,,False
11000000.0,1055.0,2.0,2,1,"Narayanapura, Bengaluru",6.0,23.0,Semi Furnished,North,4.0,Ready to Move,,False
38000000.0,2620.0,3.0,3,0,"Bileshivale, Bengaluru",25.0,29.0,Unfurnished,West,,Ready to Move,,False
31600000.0,1915.0,3.0,3,1,"Lords Steps Layout, Panathur",12.0,18.0,Semi Furnished,East,,Upcoming,2029-12-01,True
30000000.0,1850.0,3.0,3,1,"Hosapalya, Kudlu Gate",21.0,22.0,Semi Furnished,East,7.0,Ready to Move,,False
11600000.0,1219.0,2.0,2,1,"Chikkagubbi Village, Bengaluru",3.0,4.0,Semi Furnished,North,1.0,Ready to Move,,False
11600000.0,1159.0,2.0,2,1,"Chikkagubbi Village, Bengaluru",3.0,4.0,Unfurnished,North,1.0,Ready to Move,,False
22300000.0,1700.0,3.0,2,2,"Anchepalya, Bengaluru",0.0,30.0,Semi Furnished,North,3.0,Ready to Move,,False
23000000.0,1715.0,3.0,3,1,"Greenwood Regency, Junnasandra",11.0,17.0,Semi Furnished,East,5.0,Ready to Move,,False
7900000.0,692.0,1.0,1,1,"Chikkagubbi Village, Bengaluru",4.0,4.0,Semi Furnished,West,1.0,Ready to Move,,False
16000000.0,1574.0,3.0,3,1,"Utsav Raaga, Kannuru",9.0,24.0,Unfurnished,East,,Upcoming,2028-10-01,True
28800000.0,1700.0,3.0,3,2,"Klassik Landmark, KPC Layout",8.0,14.0,Unfurnished,Unknown,5.0,Ready to Move,,False
8000000.0,1185.0,2.0,2,1,"Kudlu, Bengaluru",2.0,5.0,Unfurnished,East,14.0,Ready to Move,,False
28500000.0,1650.0,3.0,3,1,"Phase I, Electronic City",3.0,10.0,Semi Furnished,Unknown,8.0,Ready to Move,,False
14000000.0,1119.0,2.0,2,1,"Nallurhalli, Whitefield",10.0,11.0,Semi Furnished,West,8.0,Ready to Move,,False
20000000.0,1660.0,3.0,3,1,"DLF Newtown, Akshayanagar",5.0,18.0,Semi Furnished,East,11.0,Ready to Move,,False
11500000.0,1177.0,2.0,2,1,"Chikkagubbi Village, Bengaluru",3.0,4.0,Semi Furnished,West,1.0,Ready to Move,,False
52500000.0,2570.0,3.0,3,1,"Basavanna Nagar, K R Puram",6.0,28.0,Unfurnished,North,,Ready to Move,,False
9500000.0,1498.0,3.0,2,1,"Stage 2, BTM Layout",2.0,5.0,Semi Furnished,West,20.0,Ready to Move,,False
11500000.0,486.0,1.0,1,1,"Shabhari Nagar, Sahakara Nagar",2.0,14.0,Fully Furnished,Unknown,1.0,Ready to Move,,False
10500000.0,1189.0,2.0,2,1,"Dommasandra, Bengaluru",10.0,13.0,Semi Furnished,East,,Ready to Move,,False
28500000.0,1749.0,3.0,3,1,"Ilyas Nagar, Kumaraswamy Layout",14.0,18.0,Semi Furnished,South,4.0,Ready to Move,,False
19000000.0,1183.0,2.0,2,1,"Hosapalya, Kudlu Gate",17.0,22.0,Semi Furnished,West,7.0,Ready to Move,,False
40000000.0,2400.0,4.0,4,2,"Reliaable Lifestyle Layout, Harlur",8.0,19.0,Unfurnished,Unknown,6.0,Ready to Move,,False
53500000.0,2790.0,4.0,4,3,"Shabhari Nagar, Sahakara Nagar",2.0,16.0,Fully Furnished,West,3.0,Ready to Move,,False
8000000.0,700.0,2.0,2,1,"Gummanahalli, Bengaluru",7.0,18.0,Unfurnished,East,1.0,Ready to Move,,False
11600000.0,1220.0,2.0,2,1,"Chikkagubbi Village, Bengaluru",0.0,4.0,Unfurnished,South,1.0,Ready to Move,,False
25500000.0,1839.0,3.0,3,1,"Phase 2, Whitefield",4.0,14.0,Unfurnished,East,,Ready to Move,,False
22000000.0,1665.0,3.0,3,1,"Dommasandra, Bengaluru",21.0,32.0,Unfurnished,East,,Ready to Move,,False
15000000.0,1506.0,3.0,3,1,"Hosapalya, Muneshwara Nagar",0.0,5.0,Semi Furnished,East,7.0,Ready to Move,,False
8500000.0,1072.0,2.0,2,2,"Someshwara Layout, Doddakannelli",1.0,17.0,Semi Furnished,East,8.0,Ready to Move,,False
7500000.0,642.0,1.0,1,1,"Sarjapur, Bengaluru",3.0,28.0,Unfurnished,East,2.0,Ready to Move,,False
21500000.0,1630.0,3.0,3,1,"Bengaluru Hardware Park, Bengaluru",7.0,21.0,Unfurnished,East,,Ready to Move,,False
21200000.0,1765.0,3.0,3,1,"Sai Gardens, K R Puram",11.0,14.0,Unfurnished,West,,Ready to Move,,False
20500000.0,1786.0,3.0,3,1,"Chikkakannalli, Bengaluru",7.0,28.0,Unfurnished,East,,Ready to Move,,False
18800000.0,1490.0,3.0,3,0,"Vastu Bhoomi, K R Puram",11.0,19.0,Unfurnished,West,1.0,Ready to Move,,False
27000000.0,1630.0,3.0,3,2,"Ardendale, Kannamangala - Whitefield Hoskote Road",2.0,28.0,Unfurnished,West,,Ready to Move,,False
15000000.0,1474.0,3.0,2,1,"Hosahalli, Bengaluru",3.0,15.0,Semi Furnished,Unknown,1.0,Ready to Move,,False
18500000.0,1430.0,3.0,2,1,"Sarjapur, Bengaluru",4.0,19.0,Unfurnished,West,,Upcoming,2026-09-06,True
8500000.0,1000.0,2.0,2,1,"Cholanayakanahalli, Hebbal",1.0,6.0,Semi Furnished,East,5.0,Ready to Move,,False
7200000.0,1190.0,2.0,2,1,"Kaverappa Layout, Kadubeesanahalli",1.0,4.0,Semi Furnished,East,10.0,Ready to Move,,False
13500000.0,1750.0,3.0,3,1,"ISRO Colony, Domlur Layout",1.0,5.0,Semi Furnished,North,12.0,Ready to Move,,False
25900000.0,1900.0,3.0,3,0,"RMZ Galleria Residences, Yelahanka",10.0,17.0,Semi Furnished,Unknown,9.0,Ready to Move,,False
13000000.0,1229.0,3.0,2,1,"Bengaluru Hardware Park, Bengaluru",19.0,28.0,Unfurnished,East,,Ready to Move,,False
12000000.0,939.0,2.0,2,1,"Boovanahalli, Bengaluru",3.0,13.0,Unfurnished,West,3.0,Ready to Move,,False
9500000.0,1140.0,2.0,2,1,"Kaverappa Layout, Kadubeesanahalli",2.0,5.0,Semi Furnished,East,11.0,Ready to Move,,False
13000000.0,1057.0,2.0,2,1,"Nehru Nagar, Bengaluru",1.0,9.0,Unfurnished,West,5.0,Ready to Move,,False
4500000.0,538.0,1.0,1,0,"Yelachanayakanapura, Bengaluru",8.0,10.0,Fully Furnished,East,,Upcoming,2026-07-19,True
15700000.0,1480.0,3.0,2,1,"Dodsworth Layout, Whitefield",1.0,15.0,Unfurnished,East,,Ready to Move,,False
12500000.0,1304.0,2.0,2,1,"Devasthanagalu, Varthur",3.0,5.0,Unfurnished,West,1.0,Ready to Move,,False
16500000.0,1285.0,2.0,2,1,"Seetharampalya, Hoodi",0.0,4.0,Semi Furnished,West,11.0,Ready to Move,,False
41000000.0,3875.0,4.0,4,2,"Vyalikaval HBCS Layout, Nagavara",11.0,15.0,Semi Furnished,East,15.0,Ready to Move,,False
17000000.0,1573.0,3.0,3,1,"Chambenahalli, Bengaluru",3.0,22.0,Fully Furnished,Unknown,1.0,Ready to Move,,False
12000000.0,1029.0,3.0,2,1,"Bengaluru Hardware Park, Bengaluru",7.0,24.0,Unfurnished,North,,Ready to Move,,False
11000000.0,1267.0,2.0,2,1,"Panathur, Bengaluru",1.0,5.0,Semi Furnished,East,15.0,Ready to Move,,False
16600000.0,1215.0,2.0,2,1,"Chikkakannalli, Bengaluru",15.0,25.0,Unfurnished,North-East,,Ready to Move,,False
8500000.0,956.0,2.0,2,1,"Boovanahalli, Bengaluru",14.0,19.0,Unfurnished,Unknown,2.0,Ready to Move,,False
16500000.0,1227.0,3.0,3,1,"Murphy Town, Halasuru",2.0,5.0,Unfurnished,North,,Upcoming,2027-03-01,True
14500000.0,1260.0,2.0,2,1,"Narayanapura, Bengaluru",3.0,20.0,Semi Furnished,North,4.0,Ready to Move,,False
18000000.0,1430.0,3.0,3,1,"Kodathi, Bengaluru",14.0,14.0,Unfurnished,East,,Upcoming,2026-09-11,True
29500000.0,1640.0,3.0,3,1,"Varthur, Bengaluru",5.0,22.0,Semi Furnished,West,2.0,Ready to Move,,False
13500000.0,1007.0,2.0,2,1,"Manayata Tech Park, Thanisandra",11.0,23.0,Unfurnished,Unknown,1.0,Ready to Move,,False
12000000.0,1180.0,2.0,2,1,"Kodichikkanahalli, Bommanahalli",4.0,4.0,Fully Furnished,Unknown,7.0,Ready to Move,,False
13000000.0,981.0,2.0,2,1,"Upkar Layout, Whitefield",13.0,27.0,Unfurnished,East,,Ready to Move,,False
17500000.0,1313.0,2.0,2,1,"Doddakannelli, Bengaluru",11.0,14.0,Semi Furnished,Unknown,3.0,Ready to Move,,False
23000000.0,1865.0,3.0,3,1,"Yadavanahalli, Bengaluru",9.0,38.0,Unfurnished,East,,Upcoming,2027-12-01,True
23900000.0,2040.0,3.0,3,2,"Chikkagubbi Village, Bengaluru",3.0,4.0,Unfurnished,West,,Ready to Move,,False
7500000.0,1030.0,2.0,2,1,"Lakedew Residency- Phase 2, Harlur",1.0,5.0,Semi Furnished,North,14.0,Ready to Move,,False
12000000.0,1117.0,2.0,2,1,"Hosahalli, Bengaluru",8.0,15.0,Semi Furnished,Unknown,1.0,Ready to Move,,False
24000000.0,1589.0,2.5,3,1,"Binny Pete, Jagajeevanram Nagar",10.0,32.0,Unfurnished,East,1.0,Ready to Move,,False
18500000.0,1300.0,3.0,3,1,"Uttarahalli -Manavarthekaval, Bengaluru",12.0,14.0,Semi Furnished,East,1.0,Ready to Move,,False
17600000.0,1096.0,2.0,2,1,"Varthur, Bengaluru",13.0,26.0,Semi Furnished,East,2.0,Ready to Move,,False
24000000.0,1583.0,3.0,3,1,"Uttarahalli -Manavarthekaval, Bengaluru",11.0,14.0,Unfurnished,Unknown,1.0,Ready to Move,,False
12000000.0,1430.0,3.0,2,1,"Balagere, Bengaluru",3.0,5.0,Fully Furnished,East,7.0,Ready to Move,,False
25800000.0,1628.0,3.0,3,1,"Uttarahalli -Manavarthekaval, Bengaluru",12.0,14.0,Unfurnished,North,1.0,Ready to Move,,False
8600000.0,977.0,2.0,2,1,"Gummanahalli, Bengaluru",4.0,21.0,Fully Furnished,Unknown,2.0,Ready to Move,,False
4500000.0,472.0,1.0,1,0,"Koralur, Samethanahalli",6.0,7.0,Fully Furnished,North,,Ready to Move,,False
42600000.0,2030.0,3.0,3,1,"Stage 1, BTM Layout",4.0,9.0,Unfurnished,West,1.0,Ready to Move,,False
12200000.0,1050.0,2.0,2,1,"Manayata Tech Park, Thanisandra",10.0,23.0,Semi Furnished,East,1.0,Ready to Move,,False
8500000.0,1030.0,2.0,2,1,"Chikkanayakanahalli, Choodasandra, Bengaluru",1.0,5.0,Semi Furnished,East,,Ready to Move,,False
19000000.0,1156.0,2.0,2,1,"Seetharampalya, Hoodi",3.0,22.0,Unfurnished,West,,Upcoming,2028-09-01,True
10500000.0,960.0,2.5,2,1,"Budigere Cross, Bengaluru",5.0,10.0,Unfurnished,Unknown,2.0,Ready to Move,,False
43800000.0,2800.0,4.0,4,2,"Dr.Shivaram Karanth Nagar, Jakkur",9.0,14.0,Unfurnished,East,,Upcoming,2026-09-15,True
8500000.0,1180.0,2.0,2,1,"DNA Eden View, Whitefield",3.0,5.0,Semi Furnished,East,12.0,Ready to Move,,False
6700000.0,537.0,1.0,1,1,"Gummanahalli, Bengaluru",12.0,18.0,Semi Furnished,North,,Upcoming,2026-08-26,True
8000000.0,1221.0,2.0,2,0,"Naganathapura, Electronic City",2.0,4.0,Semi Furnished,Unknown,7.0,Ready to Move,,False
10500000.0,971.0,3.0,2,1,"Bengaluru Hardware Park, Bengaluru",19.0,22.0,Unfurnished,West,,Ready to Move,,False
14300000.0,1203.0,2.0,2,1,"Budigere Cross, Bengaluru",13.0,19.0,Unfurnished,North,,Ready to Move,,False
16000000.0,1157.0,3.0,2,1,"63 Degrees East, Chikkakannalli",11.0,14.0,Semi Furnished,West,6.0,Ready to Move,,False
4500000.0,468.0,1.0,1,1,"Thirumalashettyhally, Bengaluru",6.0,11.0,Unfurnished,East,1.0,Ready to Move,,False
26000000.0,1685.0,3.0,3,1,"Lakedew Residency- Phase 2, Harlur",10.0,15.0,Fully Furnished,East,10.0,Ready to Move,,False
14700000.0,1400.0,2.0,3,1,"Budigere Cross, Bengaluru",5.0,9.0,Unfurnished,Unknown,,Ready to Move,,False
12500000.0,1054.0,2.0,2,1,"Manayata Tech Park, Thanisandra",6.0,23.0,Unfurnished,Unknown,2.0,Ready to Move,,False
14200000.0,1200.0,2.0,2,1,"Kothnur, JP Nagar",3.0,4.0,Semi Furnished,East,6.0,Ready to Move,,False
11200000.000000002,951.0,2.0,2,1,"Virgonagar, Aavalahalli",19.0,24.0,Unfurnished,West,,Ready to Move,,False
10000000.0,1150.0,3.0,3,1,"Boovanahalli, Bengaluru",12.0,18.0,Semi Furnished,Unknown,1.0,Ready to Move,,False
12800000.0,1062.0,2.0,2,1,"Hosahalli, Bengaluru",8.0,12.0,Unfurnished,East,2.0,Ready to Move,,False
11399999.999999998,1261.0,3.0,2,1,"Shriram Sameeksha, Singapura",6.0,7.0,Semi Furnished,East,8.0,Ready to Move,,False
26700000.0,1690.0,3.0,3,1,"Nagarjuna Meadows, Anantapura",8.0,19.0,Unfurnished,East,11.0,Ready to Move,,False
8100000.0,640.0,1.0,1,1,"Sarjapur, Bengaluru",4.0,30.0,Unfurnished,Unknown,,Ready to Move,,False
14700000.0,920.0,3.0,3,1,"Gummanahalli, Bengaluru",10.0,24.0,Unfurnished,Unknown,,Upcoming,2029-06-01,True
13000000.0,1164.0,2.0,2,1,"Hosapalya, Muneshwara Nagar",4.0,4.0,Semi Furnished,West,9.0,Ready to Move,,False
11800000.0,1246.0,2.0,2,1,"Kadubeesanahalli, Bengaluru",1.0,7.0,Semi Furnished,East,17.0,Ready to Move,,False
40000000.0,805.0,2.0,2,1,"Garebhavipalya, GB Palya",7.0,18.0,Semi Furnished,North,7.0,Ready to Move,,False
17500000.0,1865.0,3.0,3,1,"Amrutahalli, Bengaluru",7.0,11.0,Semi Furnished,Unknown,10.0,Ready to Move,,False
2700000.0,329.0,1.0,1,0,"Thirumalashettyhally, Bengaluru",10.0,14.0,Fully Furnished,North,2.0,Ready to Move,,False
12000000.0,1010.0,3.0,2,1,"Boovanahalli, Bengaluru",11.0,11.0,Unfurnished,East,3.0,Ready to Move,,False
24500000.0,1584.0,3.0,2,1,"Nallurhalli, Whitefield",9.0,14.0,Semi Furnished,North,9.0,Ready to Move,,False
14000000.0,1575.0,3.0,3,1,"Kanakapura, Bengaluru",,,Semi Furnished,East,7.0,Ready to Move,,False
27500000.0,1600.0,3.0,3,1,"Sri Balaji Krupa Layout, R.K. Hegde Nagar",12.0,34.0,Unfurnished,East,,Upcoming,2026-09-15,True
36900000.0,2489.0,3.0,3,2,"Dr.Shivaram Karanth Nagar, Jakkur",9.0,14.0,Unfurnished,West,,Upcoming,2026-09-20,True
8500000.0,780.0,2.0,2,1,"Bendiganahalli, Bengaluru",8.0,39.0,Semi Furnished,East,1.0,Ready to Move,,False
11800000.0,1245.0,2.0,2,1,"Chikkagubbi Village, Bengaluru",0.0,4.0,Unfurnished,North,1.0,Ready to Move,,False
8000000.0,646.0,1.0,1,1,"Gummanahalli, Bengaluru",16.0,22.0,Semi Furnished,North,2.0,Ready to Move,,False
9000000.0,998.0,2.0,2,2,"Bengaluru Hardware Park, Bengaluru",9.0,28.0,Unfurnished,North,,Ready to Move,,False
28500000.0,2545.0,4.0,4,2,"Battarahalli, Bengaluru",10.0,20.0,Semi Furnished,West,2.0,Ready to Move,,False
8500000.0,1000.0,2.0,2,1,"Glass Factory Layout, Electronic City",1.0,7.0,Semi Furnished,West,11.0,Ready to Move,,False
20000000.0,1850.0,3.0,3,1,"1st Phase, JP Nagar",4.0,5.0,Semi Furnished,East,15.0,Ready to Move,,False
11800000.0,1247.0,3.0,2,1,"Dommasandra, Bengaluru",10.0,10.0,Fully Furnished,North,3.0,Ready to Move,,False
16700000.0,1330.0,3.0,3,1,"Thirumalashettyhally, Bengaluru",18.0,18.0,Unfurnished,Unknown,,Upcoming,2028-09-01,True
7000000.0,1429.0,3.0,3,1,"Phase I, Electronic City",3.0,5.0,Semi Furnished,West,11.0,Ready to Move,,False
9000000.0,860.0,2.0,2,1,"DLF Newtown, Akshayanagar",3.0,4.0,Semi Furnished,North,7.0,Ready to Move,,False
20800000.0,1498.0,3.0,3,1,"Jigala, Bengaluru",15.0,38.0,Unfurnished,East,1.0,Ready to Move,,False
14300000.0,1230.0,2.0,2,1,"Budigere Cross, Bengaluru",12.0,19.0,Unfurnished,East,1.0,Ready to Move,,False
12800000.0,1322.0,2.0,2,1,"Devin Paradise Enclave, Chokkanahalli",10.0,17.0,Unfurnished,North,,Upcoming,2026-09-15,True
27500000.0,1985.0,3.0,3,2,"4th Phase, JP Nagar",3.0,11.0,Semi Furnished,East,16.0,Ready to Move,,False
33000000.0,2000.0,3.0,3,1,"Hoodi, Bengaluru",1.0,16.0,Semi Furnished,West,4.0,Ready to Move,,False
12000000.0,750.0,2.0,2,1,"Prakruthi Nagar, Kogilu",19.0,21.0,Unfurnished,Unknown,1.0,Ready to Move,,False
12000000.0,1214.0,2.0,2,1,"Hunasamaranahalli, Bengaluru",7.0,14.0,Unfurnished,Unknown,1.0,Ready to Move,,False
7200000.0,735.0,2.0,2,1,"Bendiganahalli, Bengaluru",2.0,14.0,Unfurnished,East,,Ready to Move,,False
17000000.0,1630.0,3.0,3,1,"Bengaluru Hardware Park, Bengaluru",10.0,30.0,Unfurnished,East,,Ready to Move,,False
11000000.0,714.0,2.0,2,1,"Uttarahalli -Manavarthekaval, Bengaluru",5.0,18.0,Unfurnished,East,3.0,Ready to Move,,False
20000000.0,1350.0,2.0,2,1,"Dodsworth Layout, Whitefield",7.0,12.0,Unfurnished,North,2.0,Ready to Move,,False
8600000.0,935.0,2.0,2,1,"Bengaluru Hardware Park, Bengaluru",14.0,28.0,Unfurnished,North,,Ready to Move,,False
14500000.0,998.0,2.0,2,1,"Phase I, Electronic City",18.0,21.0,Fully Furnished,East,2.0,Ready to Move,,False
20200000.0,1690.0,3.0,3,1,"Lakedew Residency- Phase 2, Harlur",9.0,12.0,Unfurnished,East,7.0,Ready to Move,,False
10200000.0,977.0,2.0,2,1,"Gummanahalli, Bengaluru",10.0,20.0,Semi Furnished,West,2.0,Ready to Move,,False
59300000.0,2800.0,4.0,5,2,"Hulimavu, Bengaluru",25.0,46.0,Unfurnished,East,8.0,Ready to Move,,False
7900000.0,1190.0,3.0,2,1,"Sarjapur, Bengaluru",0.0,5.0,Semi Furnished,West,6.0,Ready to Move,,False
13000000.0,984.0,2.0,2,1,"Kodathi, Bengaluru",10.0,14.0,Unfurnished,Unknown,1.0,Ready to Move,,False
29000000.0,1800.0,3.0,3,1,"Balagere, Bengaluru",6.0,14.0,Unfurnished,East,,Ready to Move,,False
18000000.0,1010.0,2.0,2,1,"Adarsh Palm Retreat, Bellandur",1.0,10.0,Semi Furnished,North,1.0,Ready to Move,,False
27500000.0,2210.0,3.0,3,2,"Chikkakannalli, Bengaluru",25.0,27.0,Unfurnished,Unknown,,Upcoming,2027-02-01,True
8500000.0,500.0,1.0,1,1,"Sarjapur, Bengaluru",7.0,27.0,Unfurnished,Unknown,1.0,Ready to Move,,False
21000000.0,1700.0,3.0,3,2,"Devanahalli, Bengaluru",5.0,11.0,Unfurnished,East,,Upcoming,2028-10-01,True
7200000.0,1150.0,2.0,2,1,"Ramaiahreddy Colony, Basavanagar",1.0,5.0,Semi Furnished,West,18.0,Ready to Move,,False
30500000.0,1770.0,4.0,4,2,"Phase 2, Whitefield",4.0,17.0,Unfurnished,East,3.0,Ready to Move,,False
46500000.0,2200.0,3.5,3,2,"Nagashetty Halli, RMV Extension Stage 2",18.0,28.0,Semi Furnished,Unknown,2.0,Ready to Move,,False
39700000.0,2200.0,3.0,3,2,"Hulimavu, Bengaluru",20.0,46.0,Unfurnished,East,8.0,Ready to Move,,False
23500000.0,1570.0,3.0,3,2,"Anchepalya, Bengaluru",12.0,30.0,Semi Furnished,Unknown,5.0,Ready to Move,,False
45000000.0,3040.0,4.0,5,4,"Raj Mahal Vilas 2nd Stage, Sanjaynagar",21.0,23.0,Semi Furnished,Unknown,10.0,Ready to Move,,False
25500000.0,1550.0,3.0,3,1,"Balagere, Bengaluru",6.0,15.0,Unfurnished,East,,Ready to Move,,False
23500000.0,1100.0,2.0,2,1,"Parappana Agrahara, Bengaluru",6.0,18.0,Semi Furnished,West,4.0,Ready to Move,,False
7300000.0,1125.0,2.0,2,1,"Janatha Colony, Chikkanagamangala",1.0,4.0,Unfurnished,Unknown,1.0,Ready to Move,,False
7800000.0,1070.0,2.0,2,1,"Balagere, Bengaluru",1.0,5.0,Semi Furnished,North,5.0,Ready to Move,,False
24200000.0,1558.0,3.0,2,1,"Balagere, Bengaluru",6.0,14.0,Unfurnished,East,,Ready to Move,,False
36000000.0,2409.0,3.0,3,1,"Horamavu Agara, Horamavu",5.0,18.0,Unfurnished,East,,Upcoming,2026-09-15,True
16200000.000000002,1080.0,2.0,2,1,"Devasthanagalu, Varthur",29.0,33.0,Unfurnished,East,1.0,Ready to Move,,False
19500000.0,1536.0,3.0,3,1,"V. Kallahalli, Bengaluru",25.0,30.0,Unfurnished,West,,Ready to Move,,False
9000000.0,1020.0,3.0,3,1,"Gummanahalli, Bengaluru",8.0,18.0,Unfurnished,North,1.0,Ready to Move,,False
24000000.0,1990.0,3.0,3,1,"6th Phase, JP Nagar",1.0,4.0,Semi Furnished,North,21.0,Ready to Move,,False
8000000.0,640.0,1.0,1,1,"Sarjapur, Bengaluru",25.0,29.0,Unfurnished,North,,Ready to Move,,False
25000000.0,1851.0,3.0,4,1,"Sarjapur, Bengaluru",9.0,32.0,Unfurnished,West,1.0,Ready to Move,,False
14500000.0,991.0,2.0,2,1,"Phase I, Electronic City",17.0,21.0,Semi Furnished,East,2.0,Ready to Move,,False
12900000.0,1004.0,2.0,2,1,"Chowdeshwari Layout, Yelahanka",5.0,23.0,Unfurnished,East,,Ready to Move,,False
8350000.0,500.0,1.0,1,1,"Sarjapur, Bengaluru",12.0,27.0,Unfurnished,North,1.0,Ready to Move,,False
12000000.0,1085.0,2.0,2,2,"Eastwood Township, Harlur",0.0,4.0,Semi Furnished,Unknown,6.0,Ready to Move,,False
19000000.0,1660.0,3.0,3,1,"Markandhaiha Nagar, Agrahara Layout",10.0,11.0,Semi Furnished,East,7.0,Ready to Move,,False
8800000.0,700.0,2.0,2,1,"Chaithanya Samarth, Bommenahalli",10.0,14.0,Unfurnished,East,,Ready to Move,,False
5200000.0,1202.0,2.0,2,1,"Mutharayana Nagar, Gnana Bharathi",3.0,4.0,Semi Furnished,West,16.0,Ready to Move,,False
23500000.0,1582.0,3.0,3,1,"Malleswaram, Bengaluru",3.0,8.0,Semi Furnished,South,22.0,Ready to Move,,False
12500000.0,1164.0,2.0,2,1,"Hosapalya, Muneshwara Nagar",,,Semi Furnished,East,,Ready to Move,,False
7800000.0,735.0,2.0,2,1,"Bendiganahalli, Bengaluru",2.0,39.0,Unfurnished,East,1.0,Ready to Move,,False
22000000.0,1550.0,2.0,2,1,"Vijay Nagar, Whitefield",5.0,18.0,Semi Furnished,Unknown,1.0,Ready to Move,,False
12400000.0,1175.0,2.0,2,1,"Hoodi, Bengaluru",1.0,4.0,Semi Furnished,West,9.0,Ready to Move,,False
9200000.0,679.0,1.0,1,1,"Kannuru, Bengaluru",10.0,23.0,Unfurnished,East,,Ready to Move,,False
19000000.0,1000.0,3.0,2,2,"Anchepalya, Bengaluru",12.0,30.0,Semi Furnished,East,3.0,Ready to Move,,False
18000000.0,1406.0,3.0,3,1,"Kodathi, Bengaluru",12.0,14.0,Unfurnished,East,1.0,Ready to Move,,False
39300000.0,1969.0,3.0,3,1,"Jakkasandra Extension, Koramangala",7.0,12.0,Fully Furnished,Unknown,4.0,Ready to Move,,False
27700000.0,1591.0,3.0,3,1,"Akshaya Vana, Akshayanagar",25.0,27.0,Semi Furnished,West,4.0,Ready to Move,,False
10400000.0,1006.0,2.0,2,1,"Prakruthi Nagar, Kogilu",6.0,12.0,Unfurnished,East,1.0,Ready to Move,,False
13500000.0,1345.0,3.0,3,1,"Sarjapur, Bengaluru",3.0,8.0,Semi Furnished,East,1.0,Ready to Move,,False
22000000.0,1634.0,3.0,3,1,"P&T Layout, Thanisandra",12.0,32.0,Semi Furnished,East,6.0,Ready to Move,,False
15000000.0,1408.0,3.0,2,1,"Bengaluru Hardware Park, Bengaluru",20.0,30.0,Unfurnished,North,,Ready to Move,,False
11600000.0,1499.0,3.0,3,1,"Akshayanagara East, Akshayanagar",6.0,6.0,Semi Furnished,East,18.0,Ready to Move,,False
30000000.0,1750.0,3.0,3,2,"Jai Bheema Nagar, Sheshadripuram",9.0,17.0,Semi Furnished,East,15.0,Ready to Move,,False
13000000.0,1660.0,3.0,3,2,"Malleshpalya, Kaggadasapura",2.0,4.0,Semi Furnished,West,15.0,Ready to Move,,False
8800000.0,724.0,2.0,2,1,"SNN Raj Serenity, Akshayanagar",6.0,14.0,Semi Furnished,East,10.0,Ready to Move,,False
12500000.0,1345.0,3.0,3,1,"Dodsworth Layout, Whitefield",2.0,6.0,Semi Furnished,West,6.0,Ready to Move,,False
27500000.0,1665.0,3.0,3,1,"Glen Classic, Devinagar",9.0,18.0,Unfurnished,East,4.0,Ready to Move,,False
30500000.0,1833.0,3.0,3,1,"Rammana Layout, Byrathi",8.0,9.0,Unfurnished,East,1.0,Ready to Move,,False
23000000.0,1655.0,3.0,3,2,"Gunjur Village, Bengaluru",13.0,31.0,Semi Furnished,East,5.0,Ready to Move,,False
13000000.0,1240.0,2.0,2,1,"Gattahalli, Bengaluru",11.0,15.0,Unfurnished,East,,Upcoming,2026-07-24,True
9000000.0,632.0,1.0,1,1,"Chikkakannalli, Bengaluru",0.0,24.0,Unfurnished,West,1.0,Ready to Move,,False
14000000.0,1116.0,3.0,3,1,"Yelahanka, Bengaluru",2.0,4.0,Semi Furnished,West,2.0,Ready to Move,,False
6800000.0,1330.0,2.0,2,2,"Bommasandra, Bengaluru",3.0,4.0,Semi Furnished,North,4.0,Ready to Move,,False
22500000.0,1500.0,3.0,3,1,"Yadavanahalli, Bengaluru",34.0,38.0,Unfurnished,East,,Upcoming,2026-12-31,True
36300000.0,1900.0,3.0,3,2,"Hulimavu, Bengaluru",18.0,46.0,Unfurnished,North,8.0,Ready to Move,,False
13899999.999999998,1518.0,3.0,3,1,"Sarjapur, Bengaluru",1.0,4.0,Semi Furnished,North,1.0,Ready to Move,,False
10800000.0,1100.0,2.0,2,1,"Bollineni Silas, K R Puram",9.0,13.0,Semi Furnished,South,6.0,Ready to Move,,False
21000000.0,1150.0,2.0,2,1,"Block 3, Koramangala",2.0,4.0,Semi Furnished,West,8.0,Ready to Move,,False
19700000.0,1430.0,3.0,3,1,"Kodathi, Bengaluru",16.0,19.0,Unfurnished,West,2.0,Ready to Move,,False
13500000.0,991.0,2.0,2,1,"Phase I, Electronic City",17.0,21.0,Semi Furnished,East,2.0,Ready to Move,,False
8200000.0,1100.0,2.0,2,1,"Nyanappana Halli, Hulimavu",3.0,3.0,Semi Furnished,East,12.0,Ready to Move,,False
11000000.0,1738.0,2.0,2,1,"Phase 2, Whitefield",1.0,4.0,Semi Furnished,West,14.0,Ready to Move,,False
12600000.0,1150.0,2.0,2,1,"K R Puram, Bengaluru",6.0,17.0,Semi Furnished,North,7.0,Ready to Move,,False
7700000.0,500.0,1.0,1,1,"Uttarahalli -Manavarthekaval, Bengaluru",6.0,14.0,Semi Furnished,North,1.0,Ready to Move,,False
9400000.0,998.0,2.0,2,1,"Bengaluru Hardware Park, Bengaluru",5.0,30.0,Unfurnished,North,,Ready to Move,,False
14800000.0,1137.0,2.0,2,1,"Dodsworth Layout, Whitefield",12.0,18.0,Unfurnished,East,,Ready to Move,,False
7700000.0,990.0,3.0,2,1,"Seegehalli, K R Puram",1.0,4.0,Semi Furnished,East,18.0,Ready to Move,,False
11000000.0,1110.0,2.0,2,1,"Govinda Reddy Layout, Panduranga Nagar",17.0,19.0,Semi Furnished,East,6.0,Ready to Move,,False
7900000.0,820.0,3.0,2,1,"Bengaluru Hardware Park, Bengaluru",17.0,21.0,Semi Furnished,East,1.0,Ready to Move,,False
25500000.0,1780.0,3.0,3,2,"Raghuvanahalli, Subramanyapura",13.0,13.0,Unfurnished,North,1.0,Ready to Move,,False
17900000.0,1756.0,3.0,3,1,"Devin Paradise Enclave, Chokkanahalli",8.0,18.0,Unfurnished,East,,Upcoming,2026-09-15,True
7650000.0,970.0,2.0,2,1,"Belathur, K R Puram",1.0,5.0,Semi Furnished,Unknown,5.0,Ready to Move,,False
6500000.0,300.0,1.0,1,0,"Bengaluru Hardware Park, Bengaluru",7.0,21.0,Unfurnished,East,,Ready to Move,,False
12000000.0,1240.0,2.0,2,1,"Gattahalli, Bengaluru",4.0,13.0,Semi Furnished,North,5.0,Ready to Move,,False
15500000.0,1350.0,3.0,2,1,"Budigere Cross, Bengaluru",3.0,19.0,Semi Furnished,Unknown,6.0,Ready to Move,,False
25000000.0,1903.0,3.0,3,1,"Vakil Garden City, Bengaluru",18.0,20.0,Semi Furnished,Unknown,1.0,Ready to Move,,False
12500000.0,1145.0,2.0,2,1,"Ambedkar Nagar, Whitefield",1.0,12.0,Semi Furnished,Unknown,6.0,Ready to Move,,False
15000000.0,1272.0,3.0,3,1,"Aishwarya Crystal Layout, Begur",2.0,19.0,Unfurnished,West,,Ready to Move,,False
18700000.0,1430.0,3.0,3,1,"Kodathi, Bengaluru",10.0,14.0,Unfurnished,East,3.0,Ready to Move,,False
8500000.0,950.0,2.0,2,1,"Stage 2, BTM Layout 2nd Stage",1.0,3.0,Semi Furnished,South,24.0,Ready to Move,,False
9500000.0,904.0,2.0,2,1,"Bengaluru Hardware Park, Bengaluru",20.0,30.0,Unfurnished,North,,Ready to Move,,False
11800000.0,1062.0,2.0,2,1,"Hosahalli, Bengaluru",7.0,14.0,Unfurnished,East,,Ready to Move,,False
7000000.0,536.0,1.0,1,1,"Bengaluru Hardware Park, Bengaluru",19.0,22.0,Unfurnished,East,,Ready to Move,,False
20000000.0,1735.0,3.0,3,1,"Stage 3, Indira Nagar",3.0,5.0,Semi Furnished,East,18.0,Ready to Move,,False
7250000.0,600.0,1.0,1,1,"Upkar Layout, Whitefield",1.0,27.0,Unfurnished,East,1.0,Ready to Move,,False
36000000.0,2618.0,5.0,3,2,"Phase I, Electronic City",6.0,9.0,Fully Furnished,North,6.0,Ready to Move,,False
12500000.0,995.0,2.0,2,1,"Prakruthi Nagar, Kogilu",7.0,12.0,Unfurnished,East,,Ready to Move,,False
83800000.00000001,4041.0,4.0,4,1,"Sathya Sai Layout, Whitefield",11.0,17.0,Unfurnished,South,11.0,Ready to Move,,False
7050000.0,745.0,2.0,2,1,"Budigere Cross, Bengaluru",3.0,15.0,Semi Furnished,East,1.0,Ready to Move,,False
14000000.0,1190.0,2.0,2,2,"Cheemasandra, Bengaluru",16.0,18.0,Unfurnished,Unknown,,Upcoming,2026-08-04,True
10800000.0,1070.0,2.0,2,1,"Prakruthi Nagar, Kogilu",1.0,4.0,Semi Furnished,Unknown,4.0,Ready to Move,,False
9500000.0,1306.0,2.0,2,0,"Ramanjaneyanagar, Uttarahalli Hobli",4.0,4.0,Unfurnished,East,11.0,Ready to Move,,False
27500000.0,2200.0,3.0,3,2,"Chikkagubbi Village, Bengaluru",1.0,4.0,Unfurnished,East,,Ready to Move,,False
7790000.000000001,1167.0,2.0,2,1,"Dodsworth Layout, Whitefield",2.0,5.0,Semi Furnished,West,9.0,Ready to Move,,False
16600000.0,1395.0,2.0,2,1,"EPIP Zone, Brookefield",9.0,9.0,Semi Furnished,East,13.0,Ready to Move,,False
14000000.0,1000.0,2.0,2,1,"Prakruthi Nagar, Kogilu",10.0,12.0,Unfurnished,East,2.0,Ready to Move,,False
24000000.0,1825.0,3.0,3,1,"Begur, Bengaluru",14.0,25.0,Unfurnished,East,,Ready to Move,,False
13799999.999999998,1229.0,3.0,2,1,"Bengaluru Hardware Park, Bengaluru",10.0,30.0,Unfurnished,West,,Ready to Move,,False
30000000.0,1818.0,3.0,3,1,"Ramagondanahalli, Whitefield",4.0,17.0,Unfurnished,East,,Ready to Move,,False
80000000.0,4041.0,4.0,4,1,"Sathya Sai Layout, Whitefield",11.0,27.0,Unfurnished,East,11.0,Ready to Move,,False
8500000.0,1043.0,3.0,2,1,"Gummanahalli, Bengaluru",3.0,21.0,Unfurnished,Unknown,3.0,Ready to Move,,False
30000000.0,1803.0,3.0,3,2,"Hadosiddapura, Carmelaram",13.0,17.0,Semi Furnished,East,2.0,Ready to Move,,False
29000000.0,1942.0,3.0,3,1,"Kothnur, Gottigere",14.0,19.0,Unfurnished,East,1.0,Ready to Move,,False
21000000.0,1665.0,3.0,3,1,"Sarjapur, Bengaluru",14.0,28.0,Semi Furnished,Unknown,1.0,Ready to Move,,False
11000000.0,1229.0,3.0,3,1,"Gummanahalli, Bengaluru",16.0,28.0,Unfurnished,West,,Upcoming,2027-06-01,True
14000000.0,1090.0,2.0,2,1,"Balaji Layout, Chokkanahalli",12.0,38.0,Unfurnished,East,,Upcoming,2030-05-01,True
9500000.0,1559.0,3.0,3,1,"Parvathinagar, Medahalli",2.0,4.0,Fully Furnished,East,,Ready to Move,,False
22000000.0,1300.0,2.0,2,2,"Stage 3, Indira Nagar",2.0,4.0,Semi Furnished,Unknown,3.0,Ready to Move,,False
9500000.0,1490.0,3.0,2,1,"Rotary Nagar, Bommanahalli",3.0,4.0,Semi Furnished,East,1.0,Ready to Move,,False
15000000.0,1140.0,2.0,2,1,"Kannuru, Bengaluru",5.0,34.0,Unfurnished,North-East,,Ready to Move,,False
45000000.0,3450.0,4.0,4,2,"7th Phase, JP Nagar",0.0,3.0,Semi Furnished,West,5.0,Ready to Move,,False
27500000.0,2100.0,3.0,3,1,"Raghuvanahalli, Subramanyapura",2.0,14.0,Unfurnished,East,1.0,Ready to Move,,False
29000000.0,1488.0,3.0,3,1,"Yadavanahalli, Bengaluru",11.0,38.0,Unfurnished,East,,Upcoming,2026-12-01,True
10500000.0,1080.0,3.0,3,1,"Dommasandra, Bengaluru",5.0,12.0,Unfurnished,North,1.0,Ready to Move,,False
7800000.0,631.0,1.0,1,1,"Huvinayakanahalli, Bengaluru",12.0,20.0,Unfurnished,North,,Ready to Move,,False
17100000.0,1756.0,2.0,2,1,"Madhura Nagar, Bengaluru",11.0,17.0,Semi Furnished,West,7.0,Ready to Move,,False
26000000.0,1700.0,3.0,3,2,"Sector 1, HSR Layout",3.0,3.0,Fully Furnished,East,5.0,Ready to Move,,False
31800000.0,1738.0,3.0,3,1,"Stage 2, Yeswanthpur",11.0,22.0,Unfurnished,West,,Upcoming,2026-08-27,True
30000000.0,1851.0,3.0,3,1,"Hosapalya, Kudlu Gate",3.0,22.0,Semi Furnished,East,7.0,Ready to Move,,False
12000000.0,1114.0,2.0,2,1,"Chambenahalli, Bengaluru",15.0,22.0,Semi Furnished,Unknown,1.0,Ready to Move,,False
9700000.0,904.0,2.0,2,1,"Bengaluru Hardware Park, Bengaluru",7.0,28.0,Unfurnished,East,,Ready to Move,,False
36800000.0,2488.0,3.0,3,1,"Dr.Shivaram Karanth Nagar, Jakkur",5.0,14.0,Unfurnished,West,,Upcoming,2026-09-15,True
12200000.0,1007.0,2.0,2,1,"Manayata Tech Park, Thanisandra",11.0,23.0,Unfurnished,East,1.0,Ready to Move,,False
39000000.0,2356.0,4.0,4,1,"2nd Stage, Uttarahalli Hobli",14.0,23.0,Unfurnished,West,1.0,Ready to Move,,False
16000000.0,1375.0,2.0,2,1,"EPIP Zone, Brookefield",9.0,9.0,Semi Furnished,East,10.0,Ready to Move,,False
30000000.0,1785.0,4.0,3,2,"Anchepalya, Bengaluru",15.0,30.0,Semi Furnished,Unknown,5.0,Ready to Move,,False
21000000.0,1490.0,3.0,2,2,"Sri Balaji Layout, K R Puram",9.0,14.0,Semi Furnished,West,10.0,Ready to Move,,False
13500000.0,998.0,2.0,2,1,"Chikkakannalli, Bengaluru",2.0,24.0,Semi Furnished,Unknown,1.0,Ready to Move,,False
8500000.0,1200.0,2.0,2,1,"Seegehalli, K R Puram",3.0,5.0,Semi Furnished,West,9.0,Ready to Move,,False
25500000.0,1459.0,3.0,3,3,"B Narayanapura, Mahadevapura",12.0,13.0,Semi Furnished,East,5.0,Ready to Move,,False
11600000.0,1525.0,3.0,2,0,"Sree Narayana Nagar, Kadagrahara",,,Unfurnished,East,4.0,Ready to Move,,False
12500000.0,1330.0,2.0,2,1,"Bengaluru Hardware Park, Bengaluru",7.0,21.0,Unfurnished,East,,Ready to Move,,False
28900000.0,1890.0,3.0,3,1,"Pragathi Layout, Doddanekundi",6.0,14.0,Unfurnished,East,4.0,Ready to Move,,False
30000000.0,1780.0,3.0,3,2,"Ambedkar Nagar, Whitefield",8.0,15.0,Unfurnished,West,11.0,Ready to Move,,False
20700000.0,1428.0,3.0,2,1,"Devasthanagalu, Varthur",18.0,31.0,Unfurnished,West,,Ready to Move,,False
9400000.0,1320.0,3.0,2,1,"Phase I, Electronic City",1.0,6.0,Semi Furnished,East,9.0,Ready to Move,,False
14900000.0,1570.0,3.0,3,1,"Devasthanagalu, Varthur",4.0,4.0,Semi Furnished,North,3.0,Ready to Move,,False
44900000.0,2565.0,3.5,3,1,"KIADB Export Promotion Industrial Area, K R Puram",6.0,14.0,Semi Furnished,North,8.0,Ready to Move,,False
8000000.0,798.0,2.0,2,1,"Bengaluru Hardware Park, Bengaluru",9.0,21.0,Semi Furnished,West,1.0,Ready to Move,,False
11500000.0,1700.0,3.0,3,1,"Akshayanagara East, Akshayanagar",5.0,6.0,Semi Furnished,East,18.0,Ready to Move,,False
26000000.0,2123.0,4.0,4,1,"Hosahalli, Bengaluru",8.0,13.0,Unfurnished,Unknown,1.0,Ready to Move,,False
26500000.0,2033.0,3.0,2,1,"Devasthanagalu, Varthur",29.0,32.0,Unfurnished,North,,Ready to Move,,False
12900000.0,850.0,2.0,2,1,"Uttarahalli -Manavarthekaval, Bengaluru",7.0,14.0,Semi Furnished,East,1.0,Ready to Move,,False
12000000.0,992.0,2.0,2,1,"Belathur, K R Puram",9.0,27.0,Unfurnished,East,,Ready to Move,,False
9000000.0,896.0,2.0,2,1,"Bengaluru Hardware Park, Bengaluru",28.0,28.0,Unfurnished,West,,Ready to Move,,False
30500000.0,1782.0,3.0,3,1,"Veer Sandra, Electronic City",10.0,13.0,Semi Furnished,East,15.0,Ready to Move,,False
13500000.0,1100.0,2.0,2,2,"Devanahalli, Bengaluru",14.0,28.0,Unfurnished,East,,Upcoming,2028-10-01,True
13000000.0,988.0,2.0,2,1,"Uttarahalli -Manavarthekaval, Bengaluru",12.0,14.0,Semi Furnished,East,1.0,Ready to Move,,False
16500000.0,1302.0,2.5,2,1,"Devin Paradise Enclave, Tirumanahalli",9.0,34.0,Semi Furnished,North,,Ready to Move,,False
12600000.0,1190.0,2.0,2,1,"Devin Paradise Enclave, Chokkanahalli",6.0,13.0,Unfurnished,East,,Upcoming,2026-08-27,True
29000000.0,1905.0,3.0,3,1,"Varthur, Bengaluru",3.0,26.0,Unfurnished,East,2.0,Ready to Move,,False
27500000.0,1650.0,3.0,3,2,"Stage 3, Indira Nagar",3.0,5.0,Semi Furnished,East,8.0,Ready to Move,,False
25400000.0,1600.0,3.0,3,1,"Nallurhalli, Whitefield",30.0,42.0,Unfurnished,East,1.0,Ready to Move,,False
18000000.0,1000.0,2.0,2,1,"Eastwood Township, Harlur",10.0,18.0,Semi Furnished,North,9.0,Ready to Move,,False
6300000.0,490.0,1.0,1,1,"Gummanahalli, Bengaluru",12.0,19.0,Unfurnished,North,,Upcoming,2028-09-01,True
10000000.0,1295.0,2.0,2,1,"Narayanapura, Bengaluru",0.0,5.0,Semi Furnished,East,6.0,Ready to Move,,False
80000000.0,7700.0,4.0,4,3,"Sathya Sai Layout, Whitefield",26.0,26.0,Semi Furnished,Unknown,,Ready to Move,,False
18200000.0,1236.0,2.0,2,1,"Akshaya Vana, Begur",1.0,19.0,Semi Furnished,East,5.0,Ready to Move,,False
4990000.0,435.0,1.0,1,0,"Boovanahalli, Bengaluru",17.0,18.0,Fully Furnished,East,2.0,Ready to Move,,False
13500000.0,900.0,2.0,2,1,"Vastu Bhoomi, K R Puram",15.0,19.0,Unfurnished,West,1.0,Ready to Move,,False
14500000.0,1350.0,3.0,3,1,"Choodasandra, Bengaluru",3.0,4.0,Fully Furnished,East,2.0,Ready to Move,,False
9900000.0,1160.0,2.0,2,1,"Kaverappa Layout, Kadubeesanahalli",0.0,5.0,Semi Furnished,East,12.0,Ready to Move,,False
38700000.0,2016.0,3.0,3,1,"Allalasandra, Bengaluru",9.0,15.0,Unfurnished,East,,Upcoming,2026-09-20,True
9600000.0,1385.0,3.0,3,1,"ISRO Akash Vihar Layout, Gantiganahalli",3.0,4.0,Unfurnished,East,1.0,Ready to Move,,False
28000000.0,1850.0,3.0,3,2,"Sector 3, HSR Layout",4.0,4.0,Semi Furnished,East,4.0,Ready to Move,,False
75000000.0,6651.0,4.5,5,5,"Sathya Sai Layout, Whitefield",11.0,27.0,Unfurnished,East,8.0,Ready to Move,,False
11500000.0,1416.0,3.0,3,1,"Kodigehalli, K R Puram",3.0,11.0,Unfurnished,Unknown,1.0,Ready to Move,,False
9200000.0,1130.0,3.0,2,1,"Sarjapur, Bengaluru",1.0,9.0,Unfurnished,East,1.0,Ready to Move,,False
13000000.0,1183.0,2.0,2,2,"P&T Layout, Thanisandra",30.0,33.0,Fully Furnished,North,2.0,Ready to Move,,False
11000000.0,1085.0,2.0,2,1,"Bollineni Silas, K R Puram",7.0,14.0,Semi Furnished,North,6.0,Ready to Move,,False
10100000.0,879.0,2.0,2,1,"Judicial Layout 2nd Phase, Talaghattapura",2.0,14.0,Semi Furnished,East,4.0,Ready to Move,,False
35000000.0,2555.0,4.0,5,3,"Pattandur Agrahara, Whitefield",20.0,24.0,Unfurnished,East,1.0,Ready to Move,,False
18000000.0,1635.0,3.0,3,3,"Bangalore Corporation Industrial Estate, Mahadevapura",4.0,8.0,Semi Furnished,Unknown,11.0,Ready to Move,,False
12000000.0,1057.0,2.0,2,1,"Gummanahalli, Bengaluru",6.0,19.0,Unfurnished,East,,Upcoming,2027-06-01,True
8000000.0,904.0,2.0,2,1,"Gummanahalli, Bengaluru",20.0,28.0,Unfurnished,Unknown,2.0,Ready to Move,,False
7200000.0,1090.0,2.0,2,1,"Mango Meadows 2, Kada Agrahara",1.0,4.0,Semi Furnished,North,4.0,Ready to Move,,False
20000000.0,1897.0,3.0,3,1,"Hosahalli, Bengaluru",4.0,15.0,Unfurnished,Unknown,1.0,Ready to Move,,False
27500000.0,1771.0,3.0,3,2,"Paramount Gardens, Jyotipuram",10.0,23.0,Unfurnished,East,,Upcoming,2026-08-03,True
9100000.0,1082.0,2.0,2,1,"Hadosiddapura, Carmelaram",2.0,4.0,Semi Furnished,East,9.0,Ready to Move,,False
8500000.0,1366.0,2.0,2,0,"Subramanyapura, Bengaluru",2.0,5.0,Semi Furnished,West,6.0,Ready to Move,,False
5900000.0,610.0,1.0,1,0,"Huvinayakanahalli, Bengaluru",1.0,23.0,Unfurnished,West,,Ready to Move,,False
15500000.0,1050.0,2.0,2,1,"Varthur, Bengaluru",7.0,26.0,Semi Furnished,East,2.0,Ready to Move,,False
12000000.0,1450.0,2.5,2,1,"Thirumalashettyhally, Bengaluru",15.0,18.0,Semi Furnished,North,,Ready to Move,,False
39200000.0,3139.0,3.0,4,2,"Virgonagar, Aavalahalli",18.0,34.0,Semi Furnished,Unknown,8.0,Ready to Move,,False
9085000.0,658.0,1.0,1,1,"Nallurhalli, Whitefield",19.0,25.0,Unfurnished,North,,Upcoming,2028-06-01,True
20000000.0,1431.0,3.0,2,1,"Devasthanagalu, Varthur",2.0,31.0,Unfurnished,East,,Ready to Move,,False
30000000.0,2200.0,4.0,4,3,"Dollars Colony, RMV Extension Stage 2",2.0,16.0,Semi Furnished,East,10.0,Ready to Move,,False
82000000.0,4041.0,4.0,4,1,"Sathya Sai Layout, Whitefield",8.0,17.0,Unfurnished,Unknown,11.0,Ready to Move,,False
20500000.0,1517.0,3.0,3,1,"Sai Sree Layout, Parappana Agrahara",7.0,14.0,Unfurnished,East,,Ready to Move,,False
37500000.0,2901.0,4.0,3,1,"Prithvi Layout, Whitefield",4.0,8.0,Unfurnished,Unknown,4.0,Ready to Move,,False
9300000.0,1094.0,2.0,2,1,"White Acres, Chansandra",0.0,4.0,Semi Furnished,East,4.0,Ready to Move,,False
15000000.0,1500.0,2.0,2,1,"Sulthangunta, Shivaji Nagar",2.0,4.0,Semi Furnished,South,30.0,Ready to Move,,False
46000000.0,2565.0,3.5,3,3,"Sri Balaji Layout, K R Puram",6.0,12.0,Semi Furnished,North,8.0,Ready to Move,,False
11500000.0,1550.0,3.0,3,1,"Rayasandra, Bengaluru",4.0,10.0,Semi Furnished,East,12.0,Ready to Move,,False
16000000.0,1593.0,3.0,3,2,"Sri Balaji Layout, K R Puram",4.0,5.0,Semi Furnished,North,2.0,Ready to Move,,False
31000000.0,1380.0,3.0,3,1,"Dodsworth Layout, Whitefield",1.0,5.0,Unfurnished,Unknown,6.0,Ready to Move,,False
36500000.0,2226.0,4.5,5,4,"Pattandur Agrahara, Whitefield",2.0,24.0,Unfurnished,Unknown,1.0,Ready to Move,,False
29000000.0,2100.0,3.0,3,3,"Raghuvanahalli, Subramanyapura",2.0,13.0,Unfurnished,East,1.0,Ready to Move,,False
37500000.0,2290.0,3.0,3,2,"Allalasandra, Bengaluru",11.0,15.0,Unfurnished,East,,Upcoming,2026-09-15,True
16500000.0,1100.0,2.0,2,1,"Block 2, Agrahara Layout",10.0,15.0,Unfurnished,East,,Ready to Move,,False
13500000.0,1137.0,2.0,2,1,"Belathur, K R Puram",18.0,25.0,Unfurnished,East,,Ready to Move,,False
8000000.0,1200.0,2.0,2,0,"Muthurayya Swamy Layout, Hulimavu",2.0,3.0,Semi Furnished,East,6.0,Ready to Move,,False
18000000.0,1650.0,3.0,3,1,"Nagashetty Halli, RMV Extension Stage 2",3.0,7.0,Semi Furnished,Unknown,15.0,Ready to Move,,False
11500000.0,965.0,2.0,2,1,"Aishwarya Crystal Layout, Begur",16.0,18.0,Semi Furnished,Unknown,1.0,Ready to Move,,False
11000000.0,950.0,2.0,2,1,"Belathur, K R Puram",2.0,27.0,Unfurnished,East,,Ready to Move,,False
15500000.0,1300.0,2.0,2,1,"Someshwara Layout, Doddakannelli",1.0,13.0,Semi Furnished,East,,Ready to Move,,False
6800000.0,915.0,2.0,2,1,"Immadihalli, Whitefield",1.0,4.0,Unfurnished,Unknown,,Ready to Move,,False
22500000.0,1500.0,3.0,3,1,"Yadavanahalli, Bengaluru",21.0,38.0,Semi Furnished,East,,Upcoming,2026-12-01,True
9000000.0,600.0,1.0,1,1,"Chikkakannalli, Bengaluru",2.0,24.0,Unfurnished,Unknown,1.0,Ready to Move,,False
25000000.0,1865.0,3.0,3,1,"Sarjapur, Bengaluru",12.0,28.0,Unfurnished,Unknown,1.0,Ready to Move,,False
38500000.0,2669.0,3.0,4,2,"Sunny Brooks, Kaikondrahalli",5.0,17.0,Unfurnished,East,4.0,Ready to Move,,False
13000000.0,1235.0,2.0,2,2,"Muthurayya Swamy Layout, Hulimavu",3.0,4.0,Semi Furnished,East,2.0,Ready to Move,,False
8550000.0,1050.0,2.0,2,1,"Labour Colony, Srirampuram",1.0,5.0,Semi Furnished,South,18.0,Ready to Move,,False
27900000.0,2018.0,3.0,3,1,"Rachenahalli, Jakkur",11.0,13.0,Unfurnished,East,,Upcoming,2026-09-15,True
20500000.0,1508.0,3.0,3,1,"Belathur, K R Puram",9.0,27.0,Unfurnished,East,,Ready to Move,,False
5700000.0,521.0,1.0,1,1,"Gummanahalli, Bengaluru",10.0,21.0,Semi Furnished,Unknown,2.0,Ready to Move,,False
6500000.0,615.0,1.0,1,1,"Aishwarya Crystal Layout, Begur",7.0,22.0,Unfurnished,Unknown,1.0,Ready to Move,,False
48000000.0,2565.0,3.0,3,3,"KIADB Export Promotion Industrial Area, K R Puram",6.0,12.0,Semi Furnished,North,6.0,Ready to Move,,False
22500000.0,1570.0,3.0,3,1,"Chikkakannalli, Bengaluru",22.0,28.0,Unfurnished,North,,Ready to Move,,False
13799999.999999998,978.0,2.0,2,1,"Sarjapur, Bengaluru",27.0,29.0,Unfurnished,North,,Ready to Move,,False
11500000.0,1056.0,2.0,2,1,"Navarathna Agrahara, Bengaluru",2.0,32.0,Semi Furnished,West,1.0,Ready to Move,,False
17500000.0,1600.0,3.0,3,1,"Hadosiddapura, Carmelaram",2.0,15.0,Semi Furnished,West,8.0,Ready to Move,,False
35000000.0,3891.0,5.0,4,1,"Sarjapur, Bengaluru",2.0,3.0,Unfurnished,Unknown,,Upcoming,2029-06-01,True
54000000.0,2731.0,4.0,4,1,"Shabhari Nagar, Sahakara Nagar",1.0,15.0,Semi Furnished,East,4.0,Ready to Move,,False
7000000.0,615.0,1.0,1,1,"Aishwarya Crystal Layout, Begur",8.0,18.0,Unfurnished,Unknown,1.0,Ready to Move,,False
27799999.999999996,1598.0,3.0,3,1,"Chansandra, Bengaluru",9.0,21.0,Unfurnished,East,,Upcoming,2026-09-30,True
20500000.0,1350.0,2.0,2,1,"B Narayanapura, Mahadevapura",4.0,14.0,Semi Furnished,North,14.0,Ready to Move,,False
8500000.0,1210.0,2.0,2,1,"V S Reddy Colony, Kadugodi",4.0,5.0,Semi Furnished,West,11.0,Ready to Move,,False
21500000.0,945.0,2.0,2,1,"Jyotipuram, Bengaluru",13.0,13.0,Semi Furnished,East,1.0,Ready to Move,,False
7500000.0,799.0,2.0,2,1,"Gummanahalli, Bengaluru",16.0,21.0,Unfurnished,Unknown,1.0,Ready to Move,,False
17900000.0,1429.0,3.0,3,1,"Sindhi Colony, Frazer Town",2.0,4.0,Unfurnished,Unknown,,Ready to Move,,False
7800000.0,799.0,2.0,2,1,"Gummanahalli, Bengaluru",17.0,21.0,Semi Furnished,Unknown,2.0,Ready to Move,,False
13899999.999999998,1460.0,3.0,3,1,"Navarathna Agrahara, Bengaluru",11.0,18.0,Semi Furnished,East,3.0,Ready to Move,,False
16000000.0,1077.0,2.0,2,1,"Devasthanagalu, Varthur",8.0,33.0,Unfurnished,West,1.0,Ready to Move,,False
7600000.0,500.0,1.0,1,1,"Uttarahalli -Manavarthekaval, Bengaluru",14.0,14.0,Semi Furnished,East,1.0,Ready to Move,,False
17000000.0,1290.0,2.0,2,1,"Sri Balaji Layout, K R Puram",1.0,5.0,Semi Furnished,Unknown,,Ready to Move,,False
19300000.0,1716.0,3.0,3,2,"Carmelaram, Bengaluru",4.0,10.0,Semi Furnished,East,9.0,Ready to Move,,False
8700000.0,940.0,2.0,2,1,"Gummanahalli, Bengaluru",22.0,29.0,Unfurnished,Unknown,1.0,Ready to Move,,False
17000000.0,1400.0,3.0,2,1,"Konadasapura, Bengaluru",7.0,19.0,Fully Furnished,Unknown,5.0,Ready to Move,,False
13000000.0,1137.0,2.0,2,1,"Belathur, K R Puram",4.0,27.0,Unfurnished,East,,Ready to Move,,False
12300000.0,1709.0,3.0,3,1,"Kengeri Village, Kengeri",2.0,5.0,Semi Furnished,East,4.0,Ready to Move,,False
9950000.0,1135.0,2.0,2,1,"V S Reddy Colony, Kadugodi",3.0,5.0,Semi Furnished,North,7.0,Ready to Move,,False
29500000.0,1730.0,3.0,3,1,"Bellandur Village, Bellandur",8.0,13.0,Semi Furnished,East,10.0,Ready to Move,,False
45000000.0,1800.0,3.0,3,1,"Cambridge Layout, Halasuru",4.0,7.0,Semi Furnished,Unknown,10.0,Ready to Move,,False
38200000.0,2210.0,4.0,4,1,"Whitefield, Bengaluru",11.0,13.0,Unfurnished,North,1.0,Ready to Move,,False
14200000.0,1450.0,3.0,3,1,"Thirumalashettyhally, Bengaluru",6.0,14.0,Fully Furnished,East,2.0,Ready to Move,,False
5000000.0,698.0,2.0,2,1,"Attibele, Bengaluru",10.0,14.0,Unfurnished,North,,Ready to Move,,False
28300000.0,2019.0,3.0,3,1,"Dr.Shivaram Karanth Nagar, Jakkur",10.0,13.0,Unfurnished,West,,Upcoming,2026-08-27,True
14500000.0,1461.0,2.0,2,1,"Kempapura, Bellandur",4.0,5.0,Fully Furnished,East,12.0,Ready to Move,,False
7300000.0,799.0,2.0,2,1,"Gummanahalli, Bengaluru",10.0,21.0,Semi Furnished,Unknown,2.0,Ready to Move,,False
30000000.0,2039.0,3.0,3,1,"Phase 2, Whitefield",2.0,14.0,Unfurnished,East,,Ready to Move,,False
52000000.0,2960.0,3.0,3,1,"Kashi Nagar, Byatarayanapura",11.0,21.0,Semi Furnished,Unknown,5.0,Ready to Move,,False
9500000.0,1043.0,3.0,2,1,"Gummanahalli, Bengaluru",18.0,21.0,Unfurnished,East,1.0,Ready to Move,,False
32000000.0,1986.0,3.0,3,2,"Sathya Sai Layout, Whitefield",18.0,26.0,Unfurnished,North,,Upcoming,2026-12-01,True
40000000.0,2200.0,3.0,3,4,"Gopalapura, Binnipete",18.0,24.0,Semi Furnished,East,1.0,Ready to Move,,False
23000000.0,2400.0,3.0,3,1,"Bangalore City Municipal Corporation Layout, Bengaluru",2.0,5.0,Unfurnished,East,,Ready to Move,,False
17300000.0,1605.0,3.0,3,1,"Ramanashree California Gardens Layout, Bengaluru",3.0,5.0,Semi Furnished,North,10.0,Ready to Move,,False
28000000.0,1750.0,3.0,3,2,"Gandhi Nagar, Munnekollal",5.0,9.0,Semi Furnished,West,16.0,Ready to Move,,False
16000000.0,1588.0,3.0,3,1,"Bengaluru Hardware Park, Bengaluru",2.0,25.0,Unfurnished,West,,Ready to Move,,False
13000000.0,1408.0,3.0,3,1,"Bengaluru Hardware Park, Bengaluru",1.0,29.0,Unfurnished,East,,Ready to Move,,False
14100000.0,1317.0,3.0,3,2,"Judicial Layout 2nd Phase, Talaghattapura",10.0,14.0,Unfurnished,Unknown,1.0,Ready to Move,,False
11800000.0,1140.0,3.0,3,1,"Lakkasandra Extension, Wilson Garden",3.0,5.0,Semi Furnished,East,,Ready to Move,,False
12700000.0,944.0,2.0,2,2,"Hosapalya, Muneshwara Nagar",12.0,14.0,Semi Furnished,Unknown,8.0,Ready to Move,,False
16000000.0,1565.0,3.0,3,1,"Ecolife Elements Of Nature, Balagere",9.0,14.0,Semi Furnished,East,7.0,Ready to Move,,False
13500000.0,1107.0,2.0,2,1,"Park View Layout, Amrutahalli",10.0,15.0,Semi Furnished,Unknown,1.0,Ready to Move,,False
18000000.0,1900.0,3.0,3,4,"Kannuru, Bengaluru",15.0,33.0,Unfurnished,North,,Upcoming,2026-08-28,True
83000000.0,3904.0,5.0,6,2,"Kariyammana Agrahara, Bellandur",6.0,13.0,Semi Furnished,North,11.0,Ready to Move,,False
38000000.0,2525.0,4.0,5,3,"Pattandur Agrahara, Whitefield",18.0,24.0,Semi Furnished,Unknown,1.0,Ready to Move,,False
16000000.0,1550.0,3.0,3,1,"SNN Raj Serenity, Akshayanagar",11.0,14.0,Semi Furnished,East,10.0,Ready to Move,,False
9300000.0,1425.0,3.0,3,1,"V S Reddy Colony, Kadugodi",,,Semi Furnished,North,12.0,Ready to Move,,False
14500000.0,1137.0,2.0,2,1,"Jayanagar Housing Society Layout, Subramanyapura",12.0,18.0,Semi Furnished,North,4.0,Ready to Move,,False
11500000.0,851.0,2.0,2,2,"Yadavanahalli, Bengaluru",16.0,30.0,Unfurnished,West,1.0,Ready to Move,,False
19000000.0,1568.0,3.0,3,1,"Ambedkar Colony, Yelahanka Satellite Town",1.0,16.0,Semi Furnished,North,1.0,Ready to Move,,False
29000000.0,1991.0,3.0,2,1,"Vijay Nagar, Whitefield",1.0,17.0,Unfurnished,North,1.0,Ready to Move,,False
12000000.0,1114.0,2.0,2,1,"Chambenahalli, Bengaluru",17.0,22.0,Semi Furnished,Unknown,1.0,Ready to Move,,False
4500000.0,468.0,1.0,1,1,"Thirumalashettyhally, Bengaluru",6.0,11.0,Unfurnished,East,1.0,Ready to Move,,False
34000000.0,2500.0,3.0,3,2,"Block A, Sahakara Nagar",2.0,4.0,Fully Furnished,North,5.0,Ready to Move,,False
35500000.0,2565.0,3.0,3,1,"Thomas Town, Cooke Town",2.0,4.0,Semi Furnished,North,10.0,Ready to Move,,False
4201000.0,765.0,2.0,2,1,"Gollahalli, Electronic City",2.0,4.0,Unfurnished,Unknown,3.0,Ready to Move,,False
17000000.0,1573.0,3.0,3,1,"Chambenahalli, Bengaluru",15.0,22.0,Semi Furnished,Unknown,1.0,Ready to Move,,False
30000000.0,1960.0,3.5,4,3,"Phase 1, Whitefield",7.0,17.0,Semi Furnished,East,7.0,Ready to Move,,False
13700000.000000002,1015.0,2.0,2,1,"Belathur, K R Puram",12.0,28.0,Unfurnished,West,,Ready to Move,,False
29600000.0,1800.0,3.0,3,1,"Adarsh Palm Retreat, Bellandur",5.0,14.0,Semi Furnished,North,5.0,Ready to Move,,False
73000000.0,4021.0,4.0,5,2,"Dodsworth Layout, Whitefield",1.0,15.0,Semi Furnished,West,9.0,Ready to Move,,False
16200000.000000002,1356.0,2.5,2,2,"Sri Balaji Krupa Layout, R.K. Hegde Nagar",22.0,26.0,Semi Furnished,West,5.0,Ready to Move,,False
12000000.0,999.0,2.0,2,1,"Gummanahalli, Bengaluru",3.0,21.0,Semi Furnished,West,2.0,Ready to Move,,False
12000000.0,1519.0,3.0,3,1,"Shikaripalya, Electronic City",1.0,5.0,Semi Furnished,North,3.0,Ready to Move,,False
13500000.0,954.0,2.0,2,1,"Eastwood Township, Harlur",3.0,18.0,Semi Furnished,Unknown,10.0,Ready to Move,,False
7840000.000000001,1031.0,2.0,2,1,"Cholanayakanahalli, Hebbal",1.0,5.0,Semi Furnished,East,13.0,Ready to Move,,False
9000000.0,1155.0,2.0,2,1,"Mohammed Sab Palya, Vidyaranyapura",4.0,4.0,Fully Furnished,East,3.0,Ready to Move,,False
45000000.0,2800.0,4.0,5,4,"Phase 1, Yeswanthpur",25.0,50.0,Semi Furnished,East,2.0,Ready to Move,,False
25500000.0,1564.0,3.0,3,1,"Hosapalya, Kudlu Gate",15.0,22.0,Semi Furnished,East,7.0,Ready to Move,,False
13200000.0,971.0,2.0,2,1,"Sarjapur, Bengaluru",25.0,29.0,Unfurnished,East,,Ready to Move,,False
11800000.0,1009.0,2.0,2,1,"Manayata Tech Park, Thanisandra",3.0,23.0,Semi Furnished,West,1.0,Ready to Move,,False
11500000.0,839.0,2.0,2,1,"Yadavanahalli, Bengaluru",13.0,33.0,Semi Furnished,Unknown,1.0,Ready to Move,,False
26000000.0,1613.0,3.0,2,1,"Lords Steps Layout, Panathur",14.0,18.0,Unfurnished,West,,Upcoming,2029-12-01,True
13000000.0,1090.0,2.0,2,1,"Mallasandra, Bengaluru",2.0,3.0,Semi Furnished,Unknown,2.0,Ready to Move,,False
17000000.0,1682.0,3.0,3,1,"Devasthanagalu, Varthur",1.0,23.0,Semi Furnished,Unknown,5.0,Ready to Move,,False
38900000.0,2600.0,4.0,4,1,"Green Glen Layout, Bellandur",6.0,14.0,Unfurnished,East,6.0,Ready to Move,,False
7550000.0,605.0,1.0,1,1,"Dodsworth Layout, Whitefield",18.0,29.0,Unfurnished,East,,Ready to Move,,False
47500000.0,2511.0,3.0,3,2,"Richmond Town, Bengaluru",1.0,4.0,Semi Furnished,West,5.0,Ready to Move,,False
8200000.0,689.0,1.0,1,2,"Chikkagubbi Village, Bengaluru",4.0,4.0,Semi Furnished,West,1.0,Ready to Move,,False
10500000.0,1104.0,2.0,2,1,"Bharathi Nagar, K R Puram",3.0,4.0,Semi Furnished,East,2.0,Ready to Move,,False
45000000.0,2155.0,3.0,4,2,"Stage 3, Indira Nagar",2.0,5.0,Unfurnished,West,1.0,Ready to Move,,False
12000000.0,1092.0,2.0,2,1,"Bengaluru Hardware Park, Bengaluru",1.0,24.0,Unfurnished,North,,Ready to Move,,False
16000000.0,1265.0,3.0,2,1,"Isha Misty Green, Chansandra",2.0,3.0,Semi Furnished,West,10.0,Ready to Move,,False
14500000.0,1007.0,2.0,2,1,"Balagere, Bengaluru",10.0,14.0,Fully Furnished,East,3.0,Ready to Move,,False
13700000.000000002,1441.0,3.0,3,2,"Excellencia, Choodasandra",0.0,4.0,Semi Furnished,West,1.0,Ready to Move,,False
17000000.0,1336.0,2.0,2,1,"Devin Paradise Enclave, Chokkanahalli",17.0,35.0,Semi Furnished,West,1.0,Ready to Move,,False
15700000.0,1162.0,2.0,2,1,"Budigere Cross, Bengaluru",12.0,19.0,Semi Furnished,North,6.0,Ready to Move,,False
36800000.0,2010.0,3.0,3,1,"Sri Balaji Krupa Layout, R.K. Hegde Nagar",3.0,34.0,Unfurnished,North,,Upcoming,2026-08-27,True
30600000.0,1947.0,3.0,3,1,"Sri Balaji Krupa Layout, R.K. Hegde Nagar",29.0,31.0,Unfurnished,East,,Upcoming,2026-08-27,True
25200000.0,1578.0,3.0,3,1,"Chikkakannalli, Bengaluru",15.0,25.0,Unfurnished,North,,Ready to Move,,False
26500000.0,1300.0,3.0,3,1,"Balagere, Bengaluru",13.0,15.0,Unfurnished,East,1.0,Ready to Move,,False
10000000.0,1202.0,2.0,2,1,"Lakedew Residency- Phase 2, Harlur",6.0,6.0,Semi Furnished,East,13.0,Ready to Move,,False
17000000.0,1561.0,3.0,3,1,"Gummanahalli, Bengaluru",17.0,22.0,Unfurnished,Unknown,1.0,Ready to Move,,False
13400000.0,1206.0,2.0,2,1,"Devasthanagalu, Varthur",10.0,23.0,Semi Furnished,East,5.0,Ready to Move,,False
11600000.0,1174.0,2.0,2,1,"Mullur, Bengaluru",1.0,5.0,Semi Furnished,Unknown,4.0,Ready to Move,,False
13500000.0,1434.0,3.0,3,3,"Gummanahalli, Bengaluru",13.0,29.0,Semi Furnished,East,1.0,Ready to Move,,False
23500000.0,1300.0,3.0,3,1,"Balagere, Bengaluru",7.0,15.0,Unfurnished,East,1.0,Ready to Move,,False
42900000.0,2788.0,3.0,3,1,"Dr.Shivaram Karanth Nagar, Jakkur",9.0,13.0,Unfurnished,East,,Upcoming,2026-09-15,True
20000000.0,1930.0,3.0,3,1,"Seegehalli, Whitefield - Hoskote Road, K R Puram",0.0,5.0,Unfurnished,West,,Ready to Move,,False
7800000.0,685.0,1.0,1,1,"Chikkagubbi Village, Bengaluru",0.0,4.0,Unfurnished,East,1.0,Ready to Move,,False
12000000.0,1290.0,2.0,2,1,"Krishna Reddy Layout, Domlur Layout",1.0,4.0,Semi Furnished,South,16.0,Ready to Move,,False
46000000.0,3300.0,4.0,4,3,"Omarbagh Layout, Banashankari Temple Ward",7.0,16.0,Fully Furnished,North,7.0,Ready to Move,,False
7000000.0,681.0,1.0,1,0,"Chikkagubbi Village, Bengaluru",0.0,4.0,Semi Furnished,South,1.0,Ready to Move,,False
29000000.0,1760.0,3.0,3,2,"3G Homes Crimson Layout, Kadugodi",13.0,18.0,Semi Furnished,Unknown,7.0,Ready to Move,,False
43000000.0,1915.0,3.0,3,2,"Palm Retreat Lake Front, Kaikondrahalli",7.0,9.0,Fully Furnished,East,,Ready to Move,,False
9700000.0,1000.0,2.0,2,1,"Kumbena Agrahara, K R Puram",1.0,4.0,Semi Furnished,North,6.0,Ready to Move,,False
14300000.0,1004.0,2.0,2,1,"Chowdeshwari Layout, Yelahanka",14.0,25.0,Unfurnished,East,,Ready to Move,,False
17000000.0,1533.0,3.0,3,2,"Phase 1, Whitefield",3.0,12.0,Semi Furnished,Unknown,8.0,Ready to Move,,False
10000000.0,999.0,2.0,2,1,"Gummanahalli, Bengaluru",13.0,21.0,Semi Furnished,Unknown,2.0,Ready to Move,,False
33000000.0,2146.0,3.0,3,1,"Vasanth Nagar, Bengaluru",4.0,6.0,Semi Furnished,East,7.0,Ready to Move,,False
10000000.0,977.0,2.0,2,1,"Gummanahalli, Bengaluru",15.0,21.0,Semi Furnished,West,2.0,Ready to Move,,False
13500000.0,1008.0,2.0,2,1,"Devasthanagalu, Varthur",5.0,13.0,Semi Furnished,Unknown,4.0,Ready to Move,,False
20700000.0,1620.0,3.0,3,1,"Dommasandra, Bengaluru",21.0,31.0,Semi Furnished,East,1.0,Ready to Move,,False
23500000.0,1450.0,3.0,3,1,"Varthur, Bengaluru",22.0,23.0,Semi Furnished,North,,Upcoming,2027-09-01,True
9700000.0,1210.0,2.0,2,2,"Kodigehalli, K R Puram",3.0,4.0,Semi Furnished,Unknown,2.0,Ready to Move,,False
16000000.0,1170.0,2.0,2,1,"Blue Waters, Parappana Agrahara",4.0,18.0,Fully Furnished,Unknown,6.0,Ready to Move,,False
22000000.0,1500.0,3.0,3,1,"Uttarahalli -Manavarthekaval, Bengaluru",13.0,18.0,Semi Furnished,West,1.0,Ready to Move,,False
10700000.0,1200.0,2.0,2,1,"Devasthanagalu, Varthur",3.0,5.0,Semi Furnished,West,4.0,Ready to Move,,False
9600000.0,908.0,2.0,2,1,"Judicial Layout 2nd Phase, Talaghattapura",6.0,13.0,Semi Furnished,Unknown,3.0,Ready to Move,,False
47300000.00000001,2506.0,3.0,3,2,"Gupta Layout, Halasuru",1.0,4.0,Unfurnished,Unknown,3.0,Ready to Move,,False
6500000.0,760.0,2.0,2,1,"Sarjapur, Bengaluru",3.0,4.0,Semi Furnished,East,3.0,Ready to Move,,False
37500000.0,1700.0,3.0,3,2,"Lakedew Residency- Phase 2, Harlur",6.0,16.0,Semi Furnished,Unknown,4.0,Ready to Move,,False
14500000.0,1406.0,3.0,3,1,"Bommasandra Industrial Area, Bommasandra",11.0,13.0,Semi Furnished,East,4.0,Ready to Move,,False
20000000.0,1897.0,3.0,3,1,"Hosahalli, Bengaluru",5.0,15.0,Unfurnished,Unknown,1.0,Ready to Move,,False
5600000.0,500.0,1.0,1,1,"Gummanahalli, Bengaluru",7.0,19.0,Unfurnished,North,,Upcoming,2028-09-01,True
5500000.0,770.0,2.0,1,1,"Industrial Suburb, Yeswanthpur",3.0,4.0,Semi Furnished,West,12.0,Ready to Move,,False
25000000.0,2000.0,3.0,3,1,"Jaladarsini Layout, RMV Extension Stage 2",5.0,7.0,Semi Furnished,East,15.0,Ready to Move,,False
12500000.0,1119.0,2.0,2,1,"Hosahalli, Bengaluru",10.0,15.0,Semi Furnished,Unknown,1.0,Ready to Move,,False
9700000.0,974.0,2.0,2,1,"Bengaluru Hardware Park, Bengaluru",14.0,29.0,Unfurnished,East,,Ready to Move,,False
14500000.0,1409.0,3.0,3,1,"Bengaluru Hardware Park, Bengaluru",14.0,29.0,Unfurnished,East,,Ready to Move,,False
18000000.0,1600.0,3.0,3,2,"Lottegollahalli, RMV Extension Stage 2",3.0,4.0,Semi Furnished,East,20.0,Ready to Move,,False
13000000.0,1059.0,2.0,2,2,"Navarathna Agrahara, Bengaluru",22.0,27.0,Semi Furnished,Unknown,8.0,Ready to Move,,False
16600000.0,1161.0,2.5,2,1,"Phase I, Electronic City",1.0,18.0,Semi Furnished,Unknown,9.0,Ready to Move,,False
15000000.0,1401.0,3.0,2,1,"Gummanahalli, Bengaluru",2.0,20.0,Unfurnished,West,,Upcoming,2029-06-01,True
26800000.0,1655.0,3.0,3,1,"Sri Balaji Krupa Layout, R.K. Hegde Nagar",28.0,32.0,Unfurnished,East,,Upcoming,2026-08-27,True
22500000.0,1300.0,3.0,3,1,"Nallurhalli, Whitefield",25.0,32.0,Unfurnished,East,,Upcoming,2028-06-01,True
27900000.0,2019.0,3.0,3,1,"Rachenahalli, Jakkur",7.0,13.0,Unfurnished,East,,Upcoming,2026-09-15,True
14400000.0,1332.0,3.0,2,1,"Hosahalli, Bengaluru",1.0,16.0,Unfurnished,East,,Ready to Move,,False
86000000.0,3900.0,5.0,5,2,"Kariyammana Agrahara, Bellandur",6.0,13.0,Semi Furnished,North,11.0,Ready to Move,,False
24000000.0,1817.0,3.0,3,1,"Sector 1, HSR Layout",2.0,9.0,Semi Furnished,Unknown,17.0,Ready to Move,,False
10600000.0,1036.0,2.0,2,1,"Kengeri Satellite Town, Bengaluru",8.0,12.0,Unfurnished,East,2.0,Ready to Move,,False
12000000.0,1800.0,3.0,3,1,"BHEL Layout, RR Nagar",4.0,4.0,Semi Furnished,East,3.0,Ready to Move,,False
13799999.999999998,1328.0,3.0,3,1,"Gummanahalli, Bengaluru",22.0,30.0,Semi Furnished,West,1.0,Ready to Move,,False
5600000.0,721.0,1.0,1,1,"Chambenahalli, Bengaluru",7.0,22.0,Semi Furnished,Unknown,1.0,Ready to Move,,False
11100000.000000002,992.0,2.0,2,1,"Dodsworth Layout, Whitefield",14.0,28.0,Unfurnished,East,,Ready to Move,,False
17500000.0,2100.0,4.0,4,4,"Mohammed Sab Palya, Vidyaranyapura",3.0,4.0,Fully Furnished,North,5.0,Ready to Move,,False
15300000.0,1241.0,3.0,2,1,"Hosahalli, Bengaluru",6.0,16.0,Unfurnished,North,,Ready to Move,,False
12000000.0,962.0,2.0,2,1,"Aishwarya Crystal Layout, Begur",6.0,18.0,Unfurnished,Unknown,1.0,Ready to Move,,False
14700000.0,1584.0,3.0,2,1,"Munnekollal, Bengaluru",1.0,5.0,Semi Furnished,West,10.0,Ready to Move,,False
14800000.0,1386.0,3.0,2,1,"Pattandur Agrahara, Whitefield",1.0,5.0,Semi Furnished,East,12.0,Ready to Move,,False
20000000.0,1792.0,3.0,3,1,"Jayanagar Housing Society Layout, Subramanyapura",13.0,18.0,Semi Furnished,North,15.0,Ready to Move,,False
18500000.0,1439.0,3.0,3,3,"Cambridge Layout, Halasuru",1.0,4.0,Semi Furnished,North,4.0,Ready to Move,,False
7500000.0,860.0,2.0,2,1,"Glass Factory Layout, Electronic City",3.0,7.0,Semi Furnished,West,2.0,Ready to Move,,False
6800000.0,738.0,2.0,2,1,"Bendiganahalli, Bengaluru",10.0,14.0,Unfurnished,Unknown,2.0,Ready to Move,,False
7900000.0,1229.0,3.0,3,1,"Hennagara, Bommasandra",3.0,13.0,Semi Furnished,Unknown,10.0,Ready to Move,,False
15000000.0,1097.0,2.0,2,1,"Varthur, Bengaluru",10.0,26.0,Semi Furnished,Unknown,1.0,Ready to Move,,False
14000000.0,951.0,2.0,2,1,"Phase I, Electronic City",18.0,21.0,Semi Furnished,Unknown,1.0,Ready to Move,,False
29800000.0,1850.0,3.0,3,1,"Sri Balaji Krupa Layout, R.K. Hegde Nagar",11.0,33.0,Unfurnished,West,,Upcoming,2026-08-27,True
31000000.0,2004.0,3.5,4,2,"Sathya Sai Layout, Whitefield",7.0,27.0,Unfurnished,East,,Upcoming,2026-07-31,True
5700000.0,1073.0,2.0,2,1,"Thammenahalli Village, Bengaluru",1.0,11.0,Semi Furnished,West,9.0,Ready to Move,,False
12000000.0,1061.0,2.0,2,1,"Hosahalli, Bengaluru",5.0,16.0,Unfurnished,North,,Ready to Move,,False
17500000.0,1750.0,3.0,3,1,"OMBR Layout, Banaswadi",3.0,5.0,Semi Furnished,North,9.0,Ready to Move,,False
18000000.0,1600.0,3.0,3,2,"Devasthanagalu, Varthur",9.0,23.0,Semi Furnished,Unknown,5.0,Ready to Move,,False
8000000.0,750.0,2.0,2,1,"Bendiganahalli, Bengaluru",0.0,15.0,Unfurnished,North,1.0,Ready to Move,,False
36000000.0,2541.0,3.0,4,2,"Nallurhalli, Whitefield",9.0,24.0,Unfurnished,East,,Upcoming,2026-09-18,True
13500000.0,1092.0,2.0,2,1,"Bengaluru Hardware Park, Bengaluru",4.0,28.0,Unfurnished,East,,Ready to Move,,False
57000000.0,3434.0,3.0,3,1,"Phase 1, Whitefield",8.0,28.0,Unfurnished,Unknown,,Upcoming,2026-06-09,True
25500000.0,1300.0,3.0,3,1,"Balagere, Bengaluru",6.0,15.0,Unfurnished,East,1.0,Ready to Move,,False
13799999.999999998,1305.0,3.0,3,1,"Thirumalashettyhally, Bengaluru",10.0,15.0,Semi Furnished,East,2.0,Ready to Move,,False
32599999.999999996,2182.0,3.0,3,2,"Sri Balaji Krupa Layout, R.K. Hegde Nagar",26.0,34.0,Unfurnished,Unknown,2.0,Ready to Move,,False
17100000.0,1526.0,3.0,2,1,"Sonam Layout, Visthar",8.0,14.0,Unfurnished,West,,Ready to Move,,False
9700000.0,790.0,2.0,2,1,"Prakruthi Nagar, Kogilu",9.0,10.0,Semi Furnished,East,3.0,Ready to Move,,False
19000000.0,1000.0,2.0,2,1,"Classic Orchids Layout, Kalena Agrahara",10.0,18.0,Semi Furnished,North,3.0,Ready to Move,,False
35000000.0,2503.0,4.0,4,2,"Yelahanka Airforce Base, Yelahanka",12.0,18.0,Unfurnished,East,,Ready to Move,,False
21000000.0,1100.0,2.0,2,1,"Sector 7, HSR Layout",1.0,8.0,Semi Furnished,West,21.0,Ready to Move,,False
10700000.0,1212.0,2.0,2,1,"Bychapura, Bengaluru",3.0,13.0,Unfurnished,West,2.0,Ready to Move,,False
14500000.0,1530.0,3.0,3,1,"Subramanyapura, Bengaluru",2.0,4.0,Semi Furnished,East,6.0,Ready to Move,,False
27400000.000000004,1800.0,3.0,3,2,"Kuvempu Layout, Visthar",16.0,23.0,Unfurnished,East,,Upcoming,2028-06-01,True
30600000.0,1624.0,3.0,3,1,"B Narayanapura, Mahadevapura",1.0,14.0,Semi Furnished,Unknown,14.0,Ready to Move,,False
23500000.0,1450.0,3.0,3,2,"Hanumanthappa Layout, Kyalasanahalli",18.0,18.0,Semi Furnished,East,7.0,Ready to Move,,False
6000000.0,961.0,2.0,2,2,"7th Phase, JP Nagar",2.0,4.0,Semi Furnished,East,19.0,Ready to Move,,False
32000000.0,1857.0,3.0,3,1,"Green Glen Layout, Bellandur",4.0,10.0,Semi Furnished,Unknown,17.0,Ready to Move,,False
8000000.0,1074.0,3.0,2,1,"Gummanahalli, Bengaluru",6.0,21.0,Unfurnished,Unknown,2.0,Ready to Move,,False
12000000.0,946.0,2.0,2,1,"Aishwarya Crystal Layout, Begur",9.0,18.0,Unfurnished,East,,Upcoming,2027-07-01,True
31000000.0,1975.0,3.0,3,1,"Krishna Reddy Layout, Jeevan Bima Nagar",6.0,9.0,Semi Furnished,South,22.0,Ready to Move,,False
24000000.0,1508.0,3.0,2,1,"Chikkakannalli, Bengaluru",24.0,25.0,Unfurnished,North-East,,Ready to Move,,False
36500000.0,2555.0,4.5,5,4,"Pattandur Agrahara, Whitefield",23.0,24.0,Unfurnished,Unknown,1.0,Ready to Move,,False
22000000.0,1434.0,3.0,2,1,"Belur Nagasandra, Bellandur",9.0,9.0,Semi Furnished,Unknown,16.0,Ready to Move,,False
20000000.0,1499.0,3.0,3,1,"Jigala, Bengaluru",7.0,34.0,Unfurnished,East,1.0,Ready to Move,,False
25299999.999999996,1300.0,3.0,3,1,"Balagere, Bengaluru",4.0,15.0,Unfurnished,East,1.0,Ready to Move,,False
38000000.0,3700.0,4.0,5,1,"Cleveland Town, Frazer Town",3.0,4.0,Fully Furnished,North,8.0,Ready to Move,,False
7600000.0,950.0,2.0,2,1,"Sompura, Bengaluru",4.0,4.0,Semi Furnished,North,7.0,Ready to Move,,False
7500000.0,746.0,1.0,1,1,"Gummanahalli, Bengaluru",19.0,21.0,Semi Furnished,Unknown,2.0,Ready to Move,,False
33000000.0,3891.0,5.0,4,1,"Sarjapur, Bengaluru",2.0,3.0,Unfurnished,Unknown,,Upcoming,2029-06-01,True
18000000.0,1309.0,2.0,2,1,"Lakedew Residency- Phase 2, Harlur",6.0,15.0,Semi Furnished,West,10.0,Ready to Move,,False
5390000.0,1205.0,2.0,2,2,"Tyayakana Halli, Bengaluru",1.0,5.0,Semi Furnished,West,10.0,Ready to Move,,False
8500000.0,1035.0,2.0,2,1,"Electronic City, Bengaluru",19.0,19.0,Semi Furnished,East,12.0,Ready to Move,,False
13000000.0,1401.0,3.0,3,1,"Gummanahalli, Bengaluru",2.0,20.0,Unfurnished,East,1.0,Ready to Move,,False
16000000.0,1409.0,3.0,2,1,"HV Residence, K R Puram",11.0,11.0,Fully Furnished,West,11.0,Ready to Move,,False
4800000.0,435.0,1.0,1,0,"Bengaluru Hardware Park, Bengaluru",14.0,29.0,Unfurnished,North,,Ready to Move,,False
30000000.0,1938.0,3.0,3,2,"Ardendale, Kannamangala - Whitefield Hoskote Road",3.0,27.0,Unfurnished,Unknown,1.0,Ready to Move,,False
16900000.0,1475.0,3.0,3,1,"Anekal, Bengaluru",14.0,14.0,Unfurnished,East,3.0,Ready to Move,,False
12500000.0,1054.0,2.0,2,1,"Manayata Tech Park, Thanisandra",10.0,23.0,Unfurnished,Unknown,2.0,Ready to Move,,False
31100000.0,2406.0,4.0,5,2,"Maruthi Nagar, Yelahanka",8.0,17.0,Unfurnished,East,,Upcoming,2026-08-27,True
33900000.0,1846.0,3.0,3,1,"Adarsh Palm Retreat, Bellandur",4.0,14.0,Semi Furnished,East,5.0,Ready to Move,,False
11500000.0,829.0,2.0,2,2,"Manayata Tech Park, Thanisandra",18.0,23.0,Unfurnished,Unknown,2.0,Ready to Move,,False
21500000.0,1498.0,3.0,3,1,"Balagere, Bengaluru",7.0,17.0,Unfurnished,East,,Ready to Move,,False
5000000.0,770.0,2.0,1,1,"Tunganagara, Bengaluru",3.0,4.0,Semi Furnished,North,6.0,Ready to Move,,False
23400000.0,1800.0,3.0,3,2,"Maruthi Nagar, Yelahanka",6.0,17.0,Unfurnished,East,,Upcoming,2026-08-27,True
24400000.0,1900.0,3.0,3,2,"Maruthi Nagar, Yelahanka",7.0,16.0,Unfurnished,East,,Upcoming,2026-08-27,True
25900000.0,2000.0,3.0,3,2,"Maruthi Nagar, Yelahanka",8.0,16.0,Unfurnished,East,,Upcoming,2026-08-27,True
26100000.0,2000.0,3.0,3,2,"Maruthi Nagar, Yelahanka",9.0,17.0,Unfurnished,West,,Upcoming,2026-08-27,True
21000000.0,1774.0,3.0,3,2,"Hosahalli, Bengaluru",10.0,15.0,Semi Furnished,North,1.0,Ready to Move,,False
22000000.0,1701.0,3.0,3,1,"Block A, Sahakara Nagar",5.0,17.0,Semi Furnished,Unknown,6.0,Ready to Move,,False
10000000.0,977.0,2.0,2,1,"Gummanahalli, Bengaluru",19.0,21.0,Semi Furnished,Unknown,2.0,Ready to Move,,False
24900000.000000004,1861.0,3.0,3,1,"Swamy Shivanandapuram, Shivaji Nagar",2.0,5.0,Unfurnished,East,7.0,Ready to Move,,False
52000000.0,3655.0,4.0,4,1,"Devasthanagalu, Varthur",19.0,33.0,Unfurnished,West,,Ready to Move,,False
14500000.0,1600.0,2.0,2,1,"Whitefield, Bengaluru",0.0,8.0,Unfurnished,West,10.0,Ready to Move,,False
24000000.0,1550.0,3.0,3,1,"Balagere, Bengaluru",12.0,15.0,Unfurnished,West,,Ready to Move,,False
9000000.0,1008.0,2.0,2,1,"Yelahanka New Town, Bengaluru",9.0,19.0,Unfurnished,Unknown,2.0,Ready to Move,,False
25700000.0,2060.0,3.0,3,2,"Maruthi Nagar, Yelahanka",6.0,17.0,Unfurnished,East,,Upcoming,2026-08-27,True
44500000.0,2000.0,3.0,3,1,"HAL 2nd Stage, Indira Nagar",1.0,3.0,Semi Furnished,Unknown,20.0,Ready to Move,,False
21700000.0,1600.0,3.0,3,2,"Maruthi Nagar, Yelahanka",9.0,17.0,Unfurnished,East,,Upcoming,2026-09-15,True
14000000.0,1104.0,2.0,2,1,"Chikkakannalli, Bengaluru",12.0,27.0,Unfurnished,Unknown,1.0,Ready to Move,,False
30500000.0,1970.0,3.0,3,2,"Ambedkar Colony, Yelahanka",10.0,14.0,Unfurnished,West,,Upcoming,2026-08-27,True
24000000.0,1550.0,3.0,3,1,"Balagere, Bengaluru",5.0,15.0,Unfurnished,East,1.0,Ready to Move,,False
11500000.0,935.0,2.0,2,1,"Bendiganahalli, Bengaluru",12.0,19.0,Semi Furnished,West,6.0,Ready to Move,,False
29900000.000000004,1930.0,3.0,3,2,"Ambedkar Colony, Yelahanka",6.0,14.0,Unfurnished,East,,Upcoming,2026-08-27,True
13500000.0,1092.0,2.0,2,1,"Bengaluru Hardware Park, Bengaluru",5.0,28.0,Unfurnished,East,,Ready to Move,,False
27900000.0,1650.0,3.0,3,1,"Ambedkar Colony, Yelahanka",8.0,13.0,Unfurnished,West,,Upcoming,2026-08-27,True
44900000.0,2900.0,4.0,4,2,"Ambedkar Colony, Yelahanka",7.0,14.0,Unfurnished,East,,Upcoming,2026-08-27,True
8500000.0,1545.0,3.0,3,1,"Belathur, K R Puram",3.0,4.0,Semi Furnished,East,15.0,Ready to Move,,False
26000000.0,1800.0,3.0,3,1,"Hanumanthappa Layout, Kyalasanahalli",18.0,19.0,Semi Furnished,East,7.0,Ready to Move,,False
2000000.0,400.0,1.0,1,0,"MIG Flats, Kengeri Satellite Town",,,Unfurnished,Unknown,,Ready to Move,,False
12000000.0,900.0,2.0,2,1,"Shikaripalya, Electronic City",1.0,14.0,Unfurnished,North,1.0,Ready to Move,,False
13899999.999999998,1670.0,3.0,3,1,"Dodsworth Layout, Whitefield",3.0,5.0,Semi Furnished,North,11.0,Ready to Move,,False
10500000.0,1057.0,2.0,2,1,"Gummanahalli, Bengaluru",15.0,19.0,Unfurnished,East,,Upcoming,2026-08-31,True
11399999.999999998,660.0,1.0,1,1,"Lords Steps Layout, Panathur",12.0,18.0,Unfurnished,West,,Upcoming,2029-12-01,True
34900000.0,2200.0,3.5,4,2,"Ambedkar Colony, Yelahanka",9.0,14.0,Unfurnished,East,,Upcoming,2026-08-27,True
20400000.0,1570.0,3.0,3,2,"Maruthi Nagar, Yelahanka",8.0,16.0,Unfurnished,East,,Upcoming,2026-08-27,True
18500000.0,1192.0,2.0,2,3,"Jakkur, Bengaluru",7.0,16.0,Unfurnished,East,,Ready to Move,,False
7800000.0,880.0,2.0,2,1,"Chaithanya Samarth, Bommenahalli",0.0,15.0,Unfurnished,East,1.0,Ready to Move,,False
15000000.0,1200.0,3.0,3,1,"Gummanahalli, Bengaluru",14.0,19.0,Semi Furnished,East,,Upcoming,2028-09-01,True
11500000.0,1043.0,3.0,2,1,"Gummanahalli, Bengaluru",18.0,24.0,Semi Furnished,North,1.0,Ready to Move,,False
18000000.0,1498.0,3.0,3,1,"Aishwarya Crystal Layout, Begur",6.0,18.0,Unfurnished,Unknown,1.0,Ready to Move,,False
14600000.0,1765.0,3.0,2,1,"Mullur, Bengaluru",5.0,8.0,Unfurnished,Unknown,,Upcoming,2026-08-01,True
26000000.0,1804.0,3.0,3,1,"Balagere, Bengaluru",6.0,17.0,Unfurnished,East,1.0,Ready to Move,,False
6600000.0,636.0,1.0,1,1,"Gummanahalli, Bengaluru",7.0,22.0,Unfurnished,West,2.0,Ready to Move,,False
15000000.0,1330.0,2.0,2,1,"B Narayanapura, Mahadevapura",0.0,5.0,Semi Furnished,Unknown,6.0,Ready to Move,,False
14500000.0,1112.0,2.0,2,1,"Chikkakannalli, Bengaluru",5.0,21.0,Unfurnished,East,,Upcoming,2026-09-12,True
29900000.000000004,1800.0,3.0,3,1,"Green Glen Layout, Bellandur",6.0,14.0,Unfurnished,East,6.0,Ready to Move,,False
8800000.0,977.0,2.0,2,1,"Gummanahalli, Bengaluru",6.0,21.0,Unfurnished,Unknown,2.0,Ready to Move,,False
13000000.0,1105.0,2.0,2,1,"Carmelaram, Bengaluru",25.0,27.0,Unfurnished,West,,Ready to Move,,False
39800000.0,2290.0,4.0,3,2,"Allalasandra, Bengaluru",11.0,15.0,Unfurnished,East,,Upcoming,2026-08-27,True
12500000.0,1080.0,2.0,2,1,"Budigere Cross, Bengaluru",4.0,27.0,Semi Furnished,Unknown,6.0,Ready to Move,,False
14000000.0,1277.0,3.0,2,1,"Gummanahalli, Bengaluru",10.0,21.0,Fully Furnished,Unknown,3.0,Ready to Move,,False
16500000.0,1400.0,2.0,2,1,"Phase 1, Yeswanthpur",4.0,18.0,Semi Furnished,East,11.0,Ready to Move,,False
9000000.0,1397.0,3.0,2,1,"Patel Munivenkatappa Layout, Chikkalasandra",1.0,4.0,Semi Furnished,Unknown,14.0,Ready to Move,,False
7800000.0,799.0,2.0,2,1,"Gummanahalli, Bengaluru",19.0,21.0,Semi Furnished,Unknown,2.0,Ready to Move,,False
32500000.0,1700.0,3.0,3,1,"Parappana Agrahara, Bengaluru",9.0,18.0,Semi Furnished,Unknown,5.0,Ready to Move,,False
20000000.0,1606.0,3.0,3,1,"Kodathi, Bengaluru",3.0,28.0,Unfurnished,East,2.0,Ready to Move,,False
24900000.000000004,1689.0,3.0,3,2,"Prakruthi Nagar, Kogilu",7.0,17.0,Unfurnished,East,,Upcoming,2026-08-27,True
37500000.0,2050.0,4.0,4,2,"7th Phase, JP Nagar",0.0,14.0,Unfurnished,East,1.0,Ready to Move,,False
15900000.0,1640.0,3.0,3,1,"Varthur Hobli, Panathur",2.0,3.0,Unfurnished,East,,Upcoming,2027-09-01,True
19000000.0,1345.0,3.0,2,1,"Chikkakannalli, Bengaluru",26.0,28.0,Unfurnished,East,1.0,Ready to Move,,False
28200000.0,1868.0,3.0,3,2,"Prakruthi Nagar, Kogilu",6.0,17.0,Unfurnished,East,,Upcoming,2026-08-27,True
15900000.0,1000.0,2.0,2,1,"Varthur, Bengaluru",11.0,21.0,Semi Furnished,East,1.0,Ready to Move,,False
14500000.0,1112.0,2.0,2,1,"Chikkakannalli, Bengaluru",5.0,21.0,Semi Furnished,East,,Upcoming,2026-09-12,True
16000000.0,1300.0,3.0,3,3,"Phase 7, Arakere",1.0,4.0,Fully Furnished,Unknown,8.0,Ready to Move,,False
9800000.0,1254.0,3.0,2,1,"Phase 1, Whitefield",3.0,4.0,Semi Furnished,East,7.0,Ready to Move,,False
14000000.0,1067.0,2.0,2,1,"9th Block, Jayanagar",6.0,7.0,Semi Furnished,East,35.0,Ready to Move,,False
17500000.0,1565.0,3.0,3,1,"Madagondanahalli, Electronic City",16.0,24.0,Unfurnished,East,,Ready to Move,,False
16000000.0,1200.0,3.0,2,1,"Bharath Housing Society Layout, Subramanyapura",6.0,14.0,Semi Furnished,North,11.0,Ready to Move,,False
24000000.0,2100.0,3.0,3,1,"G Muniyappa Garden, Cox Town",2.0,4.0,Semi Furnished,Unknown,25.0,Ready to Move,,False
35000000.0,3420.0,4.0,4,2,"Banashankari Layout, K R Puram",18.0,19.0,Unfurnished,East,2.0,Ready to Move,,False
100000000.0,4000.0,4.0,4,2,"Hebbal, Bengaluru",16.0,21.0,Semi Furnished,North,3.0,Ready to Move,,False
8000000.0,971.0,3.0,2,1,"Gummanahalli, Bengaluru",18.0,21.0,Unfurnished,Unknown,2.0,Ready to Move,,False
32599999.999999996,2181.0,3.0,3,2,"Sri Balaji Krupa Layout, R.K. Hegde Nagar",26.0,34.0,Unfurnished,Unknown,2.0,Ready to Move,,False
18500000.0,1834.0,3.0,3,1,"Gundappa Layout, Gottigere",3.0,4.0,Semi Furnished,North,,Upcoming,2027-07-01,True
17500000.0,1360.0,3.0,3,1,"Uttarahalli -Manavarthekaval, Bengaluru",9.0,14.0,Unfurnished,East,1.0,Ready to Move,,False
28800000.0,2021.0,3.0,3,1,"Dr.Shivaram Karanth Nagar, Jakkur",7.0,10.0,Unfurnished,West,,Upcoming,2026-08-27,True
7400000.0,1070.0,2.0,2,1,"Bommasandra, Bengaluru",1.0,4.0,Semi Furnished,East,7.0,Ready to Move,,False
30500000.0,2020.0,3.0,4,2,"Prakruthi Nagar, Kogilu",11.0,12.0,Semi Furnished,East,2.0,Ready to Move,,False
38500000.0,2245.0,4.0,4,2,"Vijay Nagar, Whitefield",6.0,13.0,Unfurnished,Unknown,1.0,Ready to Move,,False
10500000.0,1154.0,2.0,2,1,"Varthur, Bengaluru",4.0,11.0,Semi Furnished,Unknown,10.0,Ready to Move,,False
20000000.0,1399.0,3.0,2,1,"Kasavanahalli, Bengaluru",1.0,5.0,Semi Furnished,East,9.0,Ready to Move,,False
35500000.0,2226.0,4.0,4,1,"Devasthanagalu, Varthur",20.0,32.0,Unfurnished,East,,Upcoming,2026-09-09,True
22000000.0,1690.0,3.0,3,1,"Lakedew Residency- Phase 2, Harlur",9.0,14.0,Semi Furnished,East,6.0,Ready to Move,,False
17000000.0,1150.0,2.0,2,1,"Stage 3, Indira Nagar",2.0,4.0,Semi Furnished,East,15.0,Ready to Move,,False
22000000.0,1135.0,2.0,2,1,"Jayanagar Housing Society Layout, Subramanyapura",15.0,18.0,Semi Furnished,Unknown,4.0,Ready to Move,,False
23000000.0,1240.0,2.0,2,1,"Kodigehalli, K R Puram",5.0,10.0,Semi Furnished,West,2.0,Ready to Move,,False
29500000.0,1847.0,3.0,3,1,"Jakkur, Bengaluru",3.0,15.0,Unfurnished,West,1.0,Ready to Move,,False
6300000.0,1200.0,2.0,2,0,"Madivala, Bengaluru",2.0,5.0,Semi Furnished,West,9.0,Ready to Move,,False
35000000.0,3891.0,5.0,4,1,"Sarjapur, Bengaluru",2.0,3.0,Unfurnished,Unknown,,Upcoming,2029-06-01,True
15500000.0,1100.0,2.0,2,1,"Varthur, Bengaluru",24.0,26.0,Semi Furnished,East,,Ready to Move,,False
10000000.0,977.0,2.0,2,1,"Gummanahalli, Bengaluru",19.0,21.0,Semi Furnished,Unknown,3.0,Ready to Move,,False
17500000.0,1309.0,2.0,2,1,"Sarjapur, Bengaluru",11.0,15.0,Unfurnished,Unknown,1.0,Ready to Move,,False
12900000.0,1375.0,3.0,3,1,"Chinnapa Garden, Benson Town",1.0,5.0,Semi Furnished,Unknown,9.0,Ready to Move,,False
7300000.0,799.0,2.0,2,1,"Gummanahalli, Bengaluru",9.0,21.0,Semi Furnished,Unknown,2.0,Ready to Move,,False
6800000.0,1210.0,2.0,2,1,"Kaverappa Layout, Kadubeesanahalli",4.0,5.0,Semi Furnished,West,13.0,Ready to Move,,False
11500000.0,974.0,2.0,2,1,"Jyotipuram, Bengaluru",6.0,14.0,Semi Furnished,East,1.0,Ready to Move,,False
29000000.0,1947.0,3.0,3,1,"Sri Balaji Krupa Layout, R.K. Hegde Nagar",14.0,33.0,Unfurnished,East,,Upcoming,2026-08-27,True
25900000.0,2400.0,4.0,4,2,"Maruthi Nagar, Yelahanka",12.0,16.0,Unfurnished,East,,Upcoming,2026-08-27,True
10500000.0,960.0,2.5,2,1,"Budigere Cross, Bengaluru",5.0,10.0,Unfurnished,Unknown,1.0,Ready to Move,,False
14100000.0,1343.0,2.0,3,1,"Belathur, K R Puram",1.0,27.0,Unfurnished,North,,Ready to Move,,False
18500000.0,1147.0,2.0,2,1,"Adarsh Palm Retreat, Bellandur",5.0,12.0,Semi Furnished,West,1.0,Ready to Move,,False
30500000.0,1830.0,3.0,3,1,"Whitefield, Bengaluru",2.0,13.0,Unfurnished,North,,Ready to Move,,False
25299999.999999996,2030.0,4.0,4,2,"Upkar Layout, Whitefield",23.0,27.0,Unfurnished,East,1.0,Ready to Move,,False
25000000.0,1330.0,2.0,2,1,"Seetharampalya, Hoodi",6.0,14.0,Semi Furnished,East,7.0,Ready to Move,,False
15000000.0,1474.0,3.0,2,1,"Hosahalli, Bengaluru",4.0,15.0,Unfurnished,Unknown,1.0,Ready to Move,,False
34000000.0,2204.0,4.0,4,1,"Nallurhalli, Whitefield",24.0,42.0,Unfurnished,Unknown,,Ready to Move,,False
29000000.0,2521.0,4.0,3,4,"Someshwara Layout, Doddakannelli",1.0,4.0,Semi Furnished,East,10.0,Ready to Move,,False
14000000.0,950.0,2.0,2,0,"Munnireddy Layout, Panathur",,,Semi Furnished,Unknown,,Ready to Move,,False
5200000.0,900.0,2.0,2,1,"Kadagrahara, Bengaluru",2.0,6.0,Semi Furnished,Unknown,14.0,Ready to Move,,False
22100000.0,1764.0,3.0,3,1,"Park View Layout, Sahakara Nagar",2.0,4.0,Semi Furnished,North,10.0,Ready to Move,,False
28000000.0,1788.0,3.0,3,1,"Belur Nagasandra, Bellandur",7.0,10.0,Semi Furnished,East,15.0,Ready to Move,,False
28000000.0,2275.0,4.0,4,1,"Phase 2, Tejaswini Nagar",0.0,14.0,Unfurnished,East,,Ready to Move,,False
12000000.0,959.0,2.0,2,1,"Suryanagar, Bommasandra",11.0,28.0,Unfurnished,Unknown,,Ready to Move,,False
14400000.0,1201.0,2.5,2,1,"Suryanagar, Bommasandra",18.0,28.0,Unfurnished,Unknown,,Ready to Move,,False
18000000.0,1277.0,3.0,2,1,"Gummanahalli, Bengaluru",16.0,21.0,Semi Furnished,North,2.0,Ready to Move,,False
8000000.0,971.0,3.0,2,1,"Gummanahalli, Bengaluru",19.0,21.0,Unfurnished,Unknown,2.0,Ready to Move,,False
20500000.0,1498.0,3.0,3,1,"Yadavanahalli, Bengaluru",15.0,38.0,Unfurnished,East,2.0,Ready to Move,,False
13500000.0,1523.0,3.0,3,1,"Isha Misty Green, Chansandra",3.0,4.0,Semi Furnished,East,9.0,Ready to Move,,False
29500000.0,2223.0,4.0,4,1,"Sri Venkateshpura Layout, Sampigehalli",3.0,17.0,Unfurnished,South-East,,Ready to Move,,False
21000000.0,1486.0,3.0,2,1,"Kannuru, Bengaluru",12.0,19.0,Semi Furnished,East,7.0,Ready to Move,,False
19600000.0,1100.0,2.0,2,1,"Adarsh Palm Retreat, Bellandur",12.0,14.0,Semi Furnished,North,1.0,Ready to Move,,False
11800000.0,1350.0,3.0,3,1,"Subramanyapura, Bengaluru",2.0,4.0,Semi Furnished,West,6.0,Ready to Move,,False
21500000.0,1615.0,3.0,3,1,"Someshwara Layout, Doddakannelli",2.0,17.0,Fully Furnished,West,6.0,Ready to Move,,False
7500000.0,600.0,1.0,1,1,"Upkar Layout, Whitefield",0.0,27.0,Unfurnished,East,,Upcoming,2027-03-01,True
12500000.0,1295.0,3.0,3,1,"Electronic City Phase 2, Bengaluru",3.0,8.0,Unfurnished,East,,Upcoming,2026-07-30,True
16500000.0,1150.0,1.0,2,1,"Ashwath Nagar, Armane Nagar",1.0,14.0,Unfurnished,East,11.0,Ready to Move,,False
26500000.0,1750.0,3.0,3,1,"HAL 2nd Stage, Indira Nagar",2.0,4.0,Semi Furnished,South,18.0,Ready to Move,,False
25000000.0,1800.0,3.0,3,4,"Mahalakshmi Layout, Bengaluru",5.0,9.0,Semi Furnished,North,14.0,Ready to Move,,False
13500000.0,1148.0,2.5,2,1,"Suryanagar, Bommasandra",12.0,28.0,Unfurnished,Unknown,,Ready to Move,,False
25400000.0,2404.0,4.0,4,2,"Ali Estate, Yelahanka",4.0,6.0,Unfurnished,Unknown,,Upcoming,2026-08-27,True
22000000.0,1431.0,2.5,2,1,"Gunjur Village, Bengaluru",10.0,22.0,Unfurnished,North,1.0,Ready to Move,,False
7740000.000000001,1160.0,2.0,2,1,"Dodsworth Layout, Whitefield",3.0,5.0,Semi Furnished,West,10.0,Ready to Move,,False
15300000.0,1017.0,2.0,2,1,"Devasthanagalu, Varthur",13.0,33.0,Unfurnished,West,,Ready to Move,,False
20000000.0,1635.0,3.0,3,1,"Sector 7, HSR Layout",1.0,4.0,Semi Furnished,East,5.0,Ready to Move,,False
36700000.0,2488.0,3.0,4,1,"Rachenahalli, Jakkur",6.0,13.0,Unfurnished,East,,Upcoming,2026-08-27,True
28000000.0,2337.0,4.0,4,2,"Begur, Bengaluru",27.0,28.0,Unfurnished,East,,Upcoming,2026-09-15,True
7300000.0,895.0,2.0,2,1,"Madagondanahalli, Electronic City",12.0,12.0,Semi Furnished,North,8.0,Ready to Move,,False
13500000.0,1596.0,3.0,3,1,"Sadanandanagar, Bennigana Halli",2.0,5.0,Semi Furnished,North,10.0,Ready to Move,,False
13200000.0,1061.0,2.0,2,1,"Devasthanagalu, Varthur",3.0,26.0,Semi Furnished,East,4.0,Ready to Move,,False
26000000.0,1675.0,3.0,3,1,"Sri Balaji Krupa Layout, R.K. Hegde Nagar",27.0,34.0,Unfurnished,West,1.0,Ready to Move,,False
26900000.0,2260.0,3.0,2,2,"Munnekollal, Bengaluru",3.0,3.0,Semi Furnished,Unknown,16.0,Ready to Move,,False
9000000.0,1139.0,2.0,2,1,"Sarjapur, Bengaluru",3.0,5.0,Semi Furnished,North,2.0,Ready to Move,,False
26500000.0,1380.0,3.0,3,2,"Hadosiddapura, Carmelaram",13.0,18.0,Semi Furnished,West,3.0,Ready to Move,,False
9800000.0,1104.0,2.0,2,1,"Excellencia, Choodasandra",4.0,5.0,Semi Furnished,Unknown,6.0,Ready to Move,,False
10400000.0,1234.0,2.0,2,1,"Veer Sandra, Electronic City",6.0,14.0,Unfurnished,East,,Upcoming,2026-09-12,True
27500000.0,2023.0,3.0,2,1,"Devasthanagalu, Varthur",29.0,32.0,Unfurnished,North,,Upcoming,2027-05-01,True
38000000.0,1935.0,3.0,3,1,"Belur Nagasandra, Bellandur",3.0,9.0,Semi Furnished,East,4.0,Ready to Move,,False
27300000.0,1780.0,3.0,3,1,"Nallurhalli, Whitefield",15.0,42.0,Unfurnished,East,,Ready to Move,,False
28000000.0,1500.0,3.0,3,1,"Kothnur, Gottigere",15.0,19.0,Unfurnished,East,1.0,Ready to Move,,False
19500000.0,1100.0,2.0,2,1,"Adarsh Palm Retreat, Bellandur",11.0,14.0,Semi Furnished,North,1.0,Ready to Move,,False
17800000.0,1478.0,3.0,3,1,"Suryanagar, Bommasandra",22.0,28.0,Unfurnished,Unknown,,Ready to Move,,False
7200000.0,1089.0,2.0,2,1,"Phase I, Electronic City",1.0,4.0,Unfurnished,East,,Ready to Move,,False
14000000.0,1277.0,3.0,2,1,"Gummanahalli, Bengaluru",10.0,21.0,Fully Furnished,Unknown,3.0,Ready to Move,,False
7650000.0,987.0,2.0,2,1,"Block 4T, Talaghattapura",2.0,6.0,Semi Furnished,West,7.0,Ready to Move,,False
24300000.0,3123.0,5.0,6,3,"RV Vidyaniketan, Mailasandra",4.0,5.0,Semi Furnished,South,8.0,Ready to Move,,False
56000000.0,3500.0,4.0,5,2,"Nallurhalli, Whitefield",22.0,42.0,Unfurnished,North,,Ready to Move,,False
28000000.0,2013.0,3.5,3,1,"Jyotipuram, Bengaluru",1.0,26.0,Unfurnished,West,1.0,Ready to Move,,False
48000000.0,3255.0,4.0,4,3,"Iblur Village, Bellandur",1.0,9.0,Semi Furnished,Unknown,18.0,Ready to Move,,False
7500000.0,650.0,2.0,2,1,"Samethanahalli, Bengaluru",5.0,9.0,Semi Furnished,East,1.0,Ready to Move,,False
12500000.0,1141.0,2.0,2,1,"Prakruthi Nagar, Kogilu",2.0,4.0,Fully Furnished,East,5.0,Ready to Move,,False
13000000.0,1130.0,2.0,2,1,"Prakruthi Nagar, Kogilu",2.0,4.0,Fully Furnished,North,3.0,Ready to Move,,False
10000000.0,669.0,1.0,1,1,"Devasthanagalu, Varthur",8.0,32.0,Unfurnished,West,,Upcoming,2027-05-01,True
13200000.0,1007.0,2.0,2,1,"Devasthanagalu, Varthur",6.0,15.0,Semi Furnished,North,4.0,Ready to Move,,False
9800000.0,1044.0,2.0,2,1,"Eastwood Township, Harlur",2.0,5.0,Semi Furnished,East,9.0,Ready to Move,,False
19300000.0,1407.0,2.5,2,1,"Devasthanagalu, Varthur",3.0,33.0,Unfurnished,North,1.0,Ready to Move,,False
16000000.0,1150.0,2.5,2,2,"Kannuru, Bengaluru",3.0,22.0,Semi Furnished,West,5.0,Ready to Move,,False
12000000.0,1131.0,3.0,2,1,"Boodihal, Bengaluru",4.0,14.0,Unfurnished,West,,Ready to Move,,False
27500000.0,1575.0,3.0,3,1,"Dodsworth Layout, Whitefield",7.0,10.0,Semi Furnished,North,4.0,Ready to Move,,False
11000000.0,1290.0,2.0,2,2,"Sri Balaji Layout, K R Puram",1.0,5.0,Semi Furnished,Unknown,,Upcoming,2026-09-01,True
11800000.0,1153.0,2.0,2,1,"Budigere Cross, Bengaluru",7.0,27.0,Semi Furnished,Unknown,8.0,Ready to Move,,False
12000000.0,1214.0,2.0,2,1,"Hunasamaranahalli, Bengaluru",5.0,14.0,Unfurnished,Unknown,1.0,Ready to Move,,False
10900000.0,1404.0,3.0,2,1,"Phase I, Electronic City",3.0,5.0,Semi Furnished,West,5.0,Ready to Move,,False
8500000.0,1366.0,2.0,2,0,"Subramanyapura, Bengaluru",2.0,5.0,Semi Furnished,West,6.0,Ready to Move,,False
33000000.0,1809.0,3.0,3,1,"Nallurhalli, Whitefield",16.0,42.0,Unfurnished,East,,Ready to Move,,False
4844000.0,1390.0,3.0,3,0,"Rajiv Gandhi Nagar, Kodigehalli",1.0,4.0,Semi Furnished,North,8.0,Ready to Move,,False
16299999.999999998,1161.0,2.0,2,1,"Cauvery Colony, Koramangala",4.0,4.0,Semi Furnished,North,10.0,Ready to Move,,False
15200000.0,1198.0,2.0,2,1,"Prakruthi Nagar, Kogilu",2.0,16.0,Unfurnished,East,,Upcoming,2026-09-15,True
15500000.0,1730.0,3.0,4,1,"Ardendale, Kannamangala - Whitefield Hoskote Road",1.0,11.0,Semi Furnished,South-East,11.0,Ready to Move,,False
8000000.0,904.0,2.0,2,1,"Gummanahalli, Bengaluru",19.0,29.0,Unfurnished,Unknown,1.0,Ready to Move,,False
18000000.0,1387.0,3.0,2,1,"Sarjapur, Bengaluru",15.0,28.0,Unfurnished,North,1.0,Ready to Move,,False
27000000.0,1771.0,3.0,3,1,"Jyotipuram, Bengaluru",21.0,26.0,Unfurnished,West,1.0,Ready to Move,,False
7050000.0,1167.0,2.0,2,1,"Munnekollal, Bengaluru",1.0,5.0,Semi Furnished,East,13.0,Ready to Move,,False
23000000.0,1769.0,3.0,3,1,"Bommenahalli, Bengaluru",17.0,18.0,Unfurnished,East,3.0,Ready to Move,,False
11700000.0,1257.0,2.0,2,1,"RR Nagar, Bengaluru",2.0,4.0,Fully Furnished,East,9.0,Ready to Move,,False
23500000.0,1525.0,3.0,2,1,"Stage 2, BTM Layout 2nd Stage",3.0,3.0,Fully Furnished,West,18.0,Ready to Move,,False
11900000.0,1244.0,2.0,2,1,"Devin Paradise Enclave, Chokkanahalli",11.0,17.0,Unfurnished,West,,Upcoming,2026-08-27,True
13500000.0,1640.0,3.0,3,1,"Maruthi Nagar, Dasarahalli",2.0,5.0,Semi Furnished,Unknown,10.0,Ready to Move,,False
9500000.0,1228.0,3.0,2,1,"Kithiganur, Bengaluru",4.0,5.0,Semi Furnished,North,3.0,Ready to Move,,False
12300000.0,1458.0,3.0,2,1,"Singasandra, Bengaluru",0.0,5.0,Fully Furnished,East,7.0,Ready to Move,,False
59900000.0,3250.0,4.0,4,2,"Sahakara Nagar, Bengaluru",6.0,14.0,Semi Furnished,East,,Upcoming,2026-08-27,True
33000000.0,2341.0,3.0,4,2,"B Narayanapura, Mahadevapura",10.0,13.0,Semi Furnished,Unknown,6.0,Ready to Move,,False
11500000.0,841.0,2.0,2,1,"Yadavanahalli, Bengaluru",26.0,33.0,Unfurnished,East,5.0,Ready to Move,,False
80000000.0,3300.0,3.0,5,2,"G Muniyappa Garden, Cox Town",6.0,14.0,Semi Furnished,Unknown,10.0,Ready to Move,,False
35000000.0,2379.0,4.0,4,1,"Rachenahalli, Jakkur",14.0,14.0,Unfurnished,East,,Ready to Move,,False
29800000.0,2228.0,3.0,3,1,"Battarahalli, K R Puram",11.0,27.0,Unfurnished,North,3.0,Ready to Move,,False
18500000.0,1489.0,3.0,3,1,"Chikkakannalli, Bengaluru",1.0,27.0,Unfurnished,North,,Ready to Move,,False
18500000.0,1666.0,3.0,3,1,"DLF Newtown, Akshayanagar",5.0,20.0,Semi Furnished,North,11.0,Ready to Move,,False
15500000.0,1198.0,2.0,2,1,"Prakruthi Nagar, Kogilu",2.0,16.0,Unfurnished,East,,Upcoming,2026-09-17,True
25099999.999999996,1996.0,3.5,4,2,"Manayata Tech Park, Thanisandra",4.0,23.0,Semi Furnished,North,7.0,Ready to Move,,False
17100000.0,1755.0,2.0,2,1,"Madhura Nagar, Bengaluru",11.0,17.0,Semi Furnished,West,9.0,Ready to Move,,False
9000000.0,1419.0,3.0,2,2,"Gollahalli, Electronic City",4.0,5.0,Semi Furnished,East,10.0,Ready to Move,,False
26500000.0,1550.0,3.0,3,1,"Akshaya Vana, Akshayanagar",15.0,27.0,Semi Furnished,West,4.0,Ready to Move,,False
8600000.0,977.0,2.0,2,1,"Gummanahalli, Bengaluru",4.0,21.0,Semi Furnished,Unknown,2.0,Ready to Move,,False
21500000.0,839.0,2.0,2,1,"Yadavanahalli, Bengaluru",28.0,33.0,Unfurnished,East,,Upcoming,2026-08-14,True
14800000.0,1008.0,2.0,2,1,"Balagere, Bengaluru",12.0,14.0,Unfurnished,East,4.0,Ready to Move,,False
25000000.0,1900.0,3.0,2,1,"Sanjeevini Nagar, Bengaluru",2.0,4.0,Semi Furnished,West,8.0,Ready to Move,,False
31000000.0,2265.0,3.0,3,1,"SNN Raj Serenity, Akshayanagar",6.0,14.0,Unfurnished,West,10.0,Ready to Move,,False
22000000.0,1700.0,3.0,3,1,"Shanthi Pura, Doddanagamangala",0.0,9.0,Semi Furnished,North,4.0,Ready to Move,,False
9500000.0,1300.0,2.0,2,1,"Sarjapur, Bengaluru",1.0,5.0,Semi Furnished,East,,Ready to Move,,False
40000000.0,2544.0,4.0,4,2,"Devasthanagalu, Varthur",31.0,32.0,Unfurnished,North,,Upcoming,2026-08-31,True
11000000.0,992.0,2.0,2,1,"Belathur, K R Puram",14.0,27.0,Unfurnished,East,1.0,Ready to Move,,False
13500000.0,1230.0,2.0,2,1,"Bommenahalli, Bengaluru",4.0,18.0,Unfurnished,East,2.0,Ready to Move,,False
15000000.0,1000.0,2.0,2,2,"Lottegollahalli, Devinagar",1.0,6.0,Unfurnished,East,1.0,Ready to Move,,False
24000000.0,1398.0,3.0,3,1,"Balagere, Bengaluru",7.0,14.0,Unfurnished,West,,Upcoming,2031-12-01,True
16500000.0,1447.0,3.0,3,1,"Kumbalgodu, Bengaluru",8.0,12.0,Unfurnished,West,,Ready to Move,,False
13500000.0,1008.0,2.0,2,1,"Devasthanagalu, Varthur",1.0,14.0,Semi Furnished,Unknown,4.0,Ready to Move,,False
19000000.0,1114.0,3.0,3,2,"Anchepalya, Bengaluru",12.0,30.0,Semi Furnished,North,3.0,Ready to Move,,False
16000000.0,1192.0,3.0,2,1,"Kodathi, Bengaluru",12.0,14.0,Unfurnished,East,3.0,Ready to Move,,False
13000000.0,1111.0,2.0,2,2,"Chikkakannalli, Bengaluru",25.0,27.0,Semi Furnished,West,1.0,Ready to Move,,False
24500000.0,1470.0,2.0,2,1,"Eastwood Township, Harlur",17.0,19.0,Semi Furnished,Unknown,6.0,Ready to Move,,False
34500000.0,2378.0,4.0,4,3,"Rachenahalli, Jakkur",14.0,14.0,Unfurnished,East,,Upcoming,2026-09-13,True
15000000.0,1881.0,3.0,3,1,"Rachenahalli, Thanisandra",0.0,13.0,Unfurnished,South,7.0,Ready to Move,,False
8000000.0,1074.0,3.0,2,1,"Gummanahalli, Bengaluru",7.0,21.0,Unfurnished,Unknown,2.0,Ready to Move,,False
14200000.0,1148.0,2.5,2,1,"Suryanagar, Bommasandra",17.0,28.0,Unfurnished,Unknown,,Ready to Move,,False
40400000.0,2950.0,4.0,4,2,"Sathnur, Bengaluru",5.0,14.0,Unfurnished,East,,Upcoming,2026-09-17,True
23500000.0,1789.0,3.5,3,1,"Budigere Cross, Bengaluru",10.0,18.0,Unfurnished,Unknown,,Upcoming,2026-09-21,True
15500000.0,1394.0,3.0,3,1,"Doddakannelli, Bengaluru",1.0,5.0,Semi Furnished,West,4.0,Ready to Move,,False
27900000.0,2203.0,3.0,3,2,"Sathnur, Bengaluru",9.0,14.0,Unfurnished,East,,Upcoming,2026-09-17,True
15000000.0,1273.0,3.0,2,1,"Aishwarya Crystal Layout, Begur",14.0,21.0,Unfurnished,Unknown,2.0,Ready to Move,,False
18500000.0,1478.0,3.0,3,1,"Suryanagar, Bommasandra",10.0,28.0,Unfurnished,Unknown,,Ready to Move,,False
20000000.0,1460.0,3.0,3,1,"Uttarahalli -Manavarthekaval, Bengaluru",10.0,14.0,Unfurnished,Unknown,1.0,Ready to Move,,False
25000000.0,1300.0,3.0,3,1,"Sai Sree Layout, Parappana Agrahara",9.0,14.0,Semi Furnished,East,4.0,Ready to Move,,False
22000000.0,1360.0,2.0,2,3,"Phase 1, Whitefield",7.0,18.0,Semi Furnished,Unknown,7.0,Ready to Move,,False
17500000.0,1750.0,3.0,3,1,"OMBR Layout, Banaswadi",1.0,5.0,Semi Furnished,North,4.0,Ready to Move,,False
34100000.0,2145.0,3.0,3,2,"Maruthi Nagar, Yelahanka",5.0,14.0,Semi Furnished,East,,Upcoming,2026-08-27,True
21500000.0,1470.0,3.0,3,1,"Gummanahalli, Bengaluru",3.0,18.0,Semi Furnished,Unknown,,Upcoming,2027-12-01,True
24000000.0,1489.0,3.0,3,1,"Chikkakannalli, Bengaluru",12.0,24.0,Unfurnished,Unknown,1.0,Ready to Move,,False
30000000.0,1830.0,2.0,3,1,"Whitefield, Bengaluru",2.0,13.0,Unfurnished,Unknown,,Ready to Move,,False
27100000.0,2015.0,3.0,3,1,"Rachenahalli, Jakkur",4.0,14.0,Unfurnished,East,,Upcoming,2026-08-27,True
12000000.0,1147.0,2.0,2,1,"Prakruthi Nagar, Kogilu",2.0,4.0,Semi Furnished,North,4.0,Ready to Move,,False
41900000.00000001,2481.0,3.5,3,2,"Maruthi Nagar, Yelahanka",8.0,14.0,Unfurnished,West,,Upcoming,2026-08-27,True
12500000.0,1130.0,2.0,2,1,"Prakruthi Nagar, Kogilu",3.0,4.0,Semi Furnished,North,4.0,Ready to Move,,False
18500000.0,1498.0,3.0,3,1,"Suryanagar, Bommasandra",21.0,27.0,Unfurnished,North,,Upcoming,2026-09-06,True
18000000.0,1775.0,3.0,3,1,"Yadavanahalli, Bengaluru",34.0,38.0,Unfurnished,East,,Upcoming,2026-12-01,True
55900000.0,3166.0,4.0,5,2,"Maruthi Nagar, Yelahanka",8.0,14.0,Semi Furnished,West,,Upcoming,2026-08-27,True
15000000.0,1350.0,2.0,2,1,"Bilekahalli, Bengaluru",7.0,9.0,Semi Furnished,North,16.0,Ready to Move,,False
5500000.0,1090.0,2.0,2,2,"Bandepalya, Muneshwara Nagar",1.0,4.0,Semi Furnished,West,9.0,Ready to Move,,False
27799999.999999996,2150.0,3.0,3,2,"Sathnur, Bengaluru",10.0,14.0,Unfurnished,East,,Upcoming,2026-09-17,True
11500000.0,1123.0,2.0,2,1,"Prakruthi Nagar, Kogilu",1.0,4.0,Semi Furnished,Unknown,4.0,Ready to Move,,False
48700000.0,3350.0,4.5,5,1,"Phase 2, Doddanagamangala",8.0,9.0,Fully Furnished,East,6.0,Ready to Move,,False
74000000.0,3700.0,3.0,3,1,"Vasanth Nagar, Bengaluru",1.0,7.0,Semi Furnished,East,5.0,Ready to Move,,False
31000000.0,1730.0,3.0,3,1,"Bellandur Village, Bellandur",5.0,11.0,Semi Furnished,North,9.0,Ready to Move,,False
7800000.0,700.0,2.0,2,1,"Bendiganahalli, Bengaluru",2.0,15.0,Unfurnished,West,1.0,Ready to Move,,False
7200000.0,1050.0,2.0,2,1,"Lake City, Bommanahalli",0.0,4.0,Semi Furnished,West,14.0,Ready to Move,,False
16399999.999999998,1375.0,2.0,2,1,"EPIP Zone, Brookefield",9.0,9.0,Semi Furnished,North,10.0,Ready to Move,,False
30000000.0,1800.0,3.0,3,1,"Hosapalya, Kudlu Gate",3.0,22.0,Fully Furnished,Unknown,6.0,Ready to Move,,False
22000000.0,1548.0,3.0,3,2,"Sarjapur, Bengaluru",9.0,12.0,Semi Furnished,North,2.0,Ready to Move,,False
17000000.0,1573.0,3.0,3,1,"Chambenahalli, Bengaluru",13.0,22.0,Semi Furnished,Unknown,1.0,Ready to Move,,False
11000000.0,1082.0,3.0,2,1,"Kambipura, Bengaluru",9.0,14.0,Unfurnished,West,,Upcoming,2028-12-30,True
11000000.0,999.0,2.0,2,1,"Gummanahalli, Bengaluru",5.0,21.0,Semi Furnished,Unknown,2.0,Ready to Move,,False
7800000.0,1150.0,2.0,2,1,"5th Phase, JP Nagar",4.0,4.0,Semi Furnished,West,11.0,Ready to Move,,False
10200000.0,762.0,2.0,1,1,"Gunjur Village, Bengaluru",13.0,22.0,Unfurnished,East,,Upcoming,2026-07-31,True
32599999.999999996,1904.0,2.0,3,1,"Ardendale, Kannamangala - Whitefield Hoskote Road",21.0,27.0,Semi Furnished,Unknown,1.0,Ready to Move,,False
22500000.0,1542.0,2.0,3,1,"9th Phase, JP Nagar",3.0,4.0,Semi Furnished,West,7.0,Ready to Move,,False
12500000.0,1181.0,2.0,2,1,"Gunjur Village, Bengaluru",3.0,5.0,Unfurnished,East,,Ready to Move,,False
25000000.0,1699.0,3.0,3,1,"Gunjur Village, Bengaluru",18.0,24.0,Unfurnished,North-West,,Ready to Move,,False
13400000.0,1089.0,2.0,2,2,"Kannuru, Bengaluru",26.0,38.0,Unfurnished,East,,Upcoming,2029-08-01,True
17600000.0,1281.0,2.0,2,1,"Jyotipuram, Bengaluru",4.0,13.0,Semi Furnished,East,1.0,Ready to Move,,False
18500000.0,1520.0,3.0,3,1,"Yadavanahalli, Bengaluru",9.0,32.0,Unfurnished,Unknown,,Upcoming,2026-08-29,True
11100000.000000002,1590.0,3.0,3,2,"Hoodi, Bengaluru",3.0,5.0,Semi Furnished,West,11.0,Ready to Move,,False
33900000.0,2100.0,3.5,3,2,"Ambedkar Colony, Yelahanka",4.0,14.0,Unfurnished,East,,Upcoming,2026-08-27,True
42699999.99999999,2800.0,4.0,4,2,"Ambedkar Colony, Yelahanka",5.0,14.0,Unfurnished,East,,Upcoming,2026-08-27,True
47000000.0,3200.0,4.0,4,3,"Hulimavu, Bengaluru",23.0,28.0,Semi Furnished,East,9.0,Ready to Move,,False
13600000.000000002,1089.0,2.0,2,1,"Kannuru, Bengaluru",28.0,38.0,Unfurnished,North,,Upcoming,2029-08-01,True
13799999.999999998,1085.0,2.0,2,2,"Anchepalya, Bengaluru",18.0,30.0,Semi Furnished,East,5.0,Ready to Move,,False
38500000.0,2108.0,4.0,4,1,"Ramagondanahalli, Whitefield",7.0,18.0,Unfurnished,East,,Upcoming,2028-12-01,True
19500000.0,1372.0,3.0,2,1,"Ardendale, Kannamangala - Whitefield Hoskote Road",3.0,28.0,Unfurnished,North-East,,Ready to Move,,False
45000000.0,3350.0,4.5,5,2,"Phase 2, Doddanagamangala",8.0,9.0,Semi Furnished,East,6.0,Ready to Move,,False
22000000.0,1418.0,3.0,3,1,"Kasavanahalli, Bengaluru",13.0,13.0,Semi Furnished,East,4.0,Ready to Move,,False
36000000.0,1969.0,3.0,3,3,"Jakkasandra Extension, Koramangala",8.0,12.0,Fully Furnished,West,3.0,Ready to Move,,False
17500000.0,1626.0,3.0,3,1,"Chikkagubbi Village, Bengaluru",1.0,4.0,Unfurnished,North,1.0,Ready to Move,,False
12500000.0,1119.0,2.0,2,1,"Hosahalli, Bengaluru",9.0,15.0,Semi Furnished,Unknown,1.0,Ready to Move,,False
12500000.0,1490.0,3.0,3,1,"Aishwarya Crystal Layout, Singasandra",2.0,5.0,Semi Furnished,East,13.0,Ready to Move,,False
14000000.0,1385.0,2.0,2,1,"Phase 1, Whitefield",9.0,10.0,Semi Furnished,East,13.0,Ready to Move,,False
31900000.0,2000.0,3.0,3,1,"Jakkasandra Extension, Koramangala",6.0,14.0,Unfurnished,East,4.0,Ready to Move,,False
8800000.0,977.0,2.0,2,1,"Gummanahalli, Bengaluru",1.0,21.0,Unfurnished,Unknown,2.0,Ready to Move,,False
13000000.0,1140.0,2.0,2,1,"Gunjur Village, Bengaluru",2.0,23.0,Semi Furnished,North,,Ready to Move,,False
23000000.0,1248.0,2.0,2,2,"Phase 2, Whitefield",5.0,20.0,Semi Furnished,West,1.0,Ready to Move,,False
75000000.0,3525.0,3.5,3,2,"Basavanna Nagar, K R Puram",27.0,28.0,Semi Furnished,North,,Upcoming,2026-07-30,True
12500000.0,1054.0,2.0,2,1,"Manayata Tech Park, Thanisandra",6.0,23.0,Unfurnished,Unknown,2.0,Ready to Move,,False
10100000.0,930.0,2.0,2,1,"Bendiganahalli, Bengaluru",6.0,19.0,Fully Furnished,East,4.0,Ready to Move,,False
73000000.0,4021.0,4.0,5,1,"Sathya Sai Layout, Whitefield",0.0,27.0,Semi Furnished,West,5.0,Ready to Move,,False
10500000.0,1492.0,3.0,3,1,"Belathur, K R Puram",0.0,7.0,Semi Furnished,East,8.0,Ready to Move,,False
16000000.0,1018.0,2.0,2,1,"Devasthanagalu, Varthur",24.0,30.0,Unfurnished,East,,Ready to Move,,False
22000000.0,1550.0,2.0,2,1,"Vijay Nagar, Whitefield",8.0,17.0,Semi Furnished,Unknown,1.0,Ready to Move,,False
28000000.0,1666.0,2.0,2,1,"Jaya Nagar East, Jayanagar",8.0,9.0,Semi Furnished,North,3.0,Ready to Move,,False
8900000.0,1018.0,2.0,2,1,"Shriram Sameeksha, Singapura",4.0,7.0,Semi Furnished,North,7.0,Ready to Move,,False
25000000.0,1890.0,3.0,3,1,"Phase 2, Whitefield",10.0,14.0,Unfurnished,East,,Ready to Move,,False
18000000.0,1230.0,2.0,2,2,"Keshava Nagar, Binnipete",15.0,19.0,Semi Furnished,North,13.0,Ready to Move,,False
16500000.0,1509.0,3.0,3,1,"Belathur, K R Puram",4.0,27.0,Unfurnished,North,,Upcoming,2026-08-13,True
29800000.0,1915.0,3.0,3,1,"Balagere, Bengaluru",12.0,21.0,Unfurnished,West,,Ready to Move,,False
30000000.0,1853.0,3.0,3,1,"Srinivasa Nagar, Banashankari",25.0,29.0,Unfurnished,East,,Ready to Move,,False
8000000.0,799.0,2.0,2,1,"Gummanahalli, Bengaluru",19.0,21.0,Unfurnished,Unknown,1.0,Ready to Move,,False
11600000.0,986.0,2.0,2,1,"Samethanahalli, Bengaluru",14.0,19.0,Unfurnished,East,,Ready to Move,,False
12000000.0,1350.0,3.0,3,1,"Subramanyapura, Bengaluru",2.0,4.0,Semi Furnished,East,6.0,Ready to Move,,False
12500000.0,1200.0,2.0,2,1,"Hanumanthappa Layout, Kyalasanahalli",6.0,16.0,Unfurnished,East,7.0,Ready to Move,,False
16000000.0,1191.0,3.0,2,1,"Kodathi, Bengaluru",8.0,10.0,Unfurnished,East,2.0,Ready to Move,,False
7500000.0,746.0,1.0,1,1,"Gummanahalli, Bengaluru",20.0,21.0,Semi Furnished,Unknown,2.0,Ready to Move,,False
33500000.0,3800.0,10.0,11,2,"Stage 2, BTM Layout 2nd Stage",1.0,4.0,Semi Furnished,West,8.0,Ready to Move,,False
17000000.0,1243.0,3.0,3,2,"Chikkakannalli, Bengaluru",14.0,27.0,Unfurnished,Unknown,,Upcoming,2027-02-01,True
13200000.0,1060.0,2.0,2,1,"Devasthanagalu, Varthur",3.0,26.0,Semi Furnished,East,4.0,Ready to Move,,False
12500000.0,1009.0,2.0,2,1,"Manayata Tech Park, Thanisandra",10.0,23.0,Semi Furnished,East,2.0,Ready to Move,,False
7600000.0,625.0,1.0,1,1,"Konappana Agrahara, Rayasandra",5.0,14.0,Unfurnished,West,1.0,Ready to Move,,False
26900000.0,1611.0,3.0,2,1,"Balagere, Bengaluru",,,Unfurnished,North,,Ready to Move,,False
21000000.0,1839.0,3.0,3,1,"Doddabanahalli, Bidare Agraha",13.0,13.0,Unfurnished,West,,Upcoming,2026-11-30,True
25000000.0,1818.0,3.0,3,1,"Rammana Layout, Byrathi",0.0,9.0,Unfurnished,East,3.0,Ready to Move,,False
48000000.0,2565.0,2.0,3,2,"KIADB Export Promotion Industrial Area, K R Puram",6.0,12.0,Semi Furnished,North,6.0,Ready to Move,,False
22500000.0,1565.0,3.0,3,1,"Cheemasandra, Bengaluru",14.0,18.0,Unfurnished,East,,Upcoming,2027-12-01,True
8000000.0,1150.0,2.0,2,0,"Praghathi Pura, Padmanabhanagar",4.0,4.0,Fully Furnished,Unknown,3.0,Ready to Move,,False
25299999.999999996,1673.0,3.0,3,2,"Prakruthi Nagar, Kogilu",9.0,17.0,Unfurnished,East,,Upcoming,2026-08-27,True
10200000.0,841.0,2.0,2,1,"Yadavanahalli, Bengaluru",12.0,33.0,Unfurnished,Unknown,,Upcoming,2026-08-06,True
14000000.0,1333.0,3.0,2,2,"Rayasandra, Bengaluru",4.0,4.0,Fully Furnished,East,8.0,Ready to Move,,False
7500000.0,1017.0,2.0,2,1,"Adisonatte Village, Madivala",4.0,5.0,Semi Furnished,East,1.0,Ready to Move,,False
6800000.0,950.0,2.0,2,1,"Sompura, Bengaluru",2.0,4.0,Semi Furnished,North,7.0,Ready to Move,,False
31600000.0,2050.0,3.0,3,2,"HAL 3rd Stage, New Tippasandra",4.0,5.0,Unfurnished,Unknown,,Ready to Move,,False
20500000.0,1830.0,3.0,3,1,"Budigere Cross, Bengaluru",5.0,18.0,Semi Furnished,East,10.0,Ready to Move,,False
38000000.0,2937.0,4.0,4,2,"Kothnur, JP Nagar",3.0,4.0,Semi Furnished,East,7.0,Ready to Move,,False
15000000.0,1130.0,2.0,2,1,"Belathur, K R Puram",9.0,30.0,Unfurnished,East,1.0,Ready to Move,,False
16000000.0,1545.0,3.0,3,1,"Chambenahalli, Bengaluru",13.0,22.0,Semi Furnished,Unknown,1.0,Ready to Move,,False
7000000.0,1000.0,2.0,2,1,"AECS Layout, Singasandra",0.0,10.0,Semi Furnished,East,10.0,Ready to Move,,False
9600000.0,1214.0,3.0,2,1,"Chikkadasarahalli, Bengaluru",3.0,5.0,Semi Furnished,North,1.0,Ready to Move,,False
12000000.0,1700.0,3.0,3,1,"GM Global Techies Town, Electronic City",21.0,32.0,Unfurnished,Unknown,1.0,Ready to Move,,False
15000000.0,1421.0,3.0,2,1,"Dodsworth Layout, Whitefield",5.0,13.0,Unfurnished,East,,Ready to Move,,False
11200000.000000002,1057.0,2.0,2,1,"Huvinayakanahalli, Bengaluru",19.0,20.0,Unfurnished,East,,Ready to Move,,False
11000000.0,999.0,2.0,2,1,"Gummanahalli, Bengaluru",2.0,20.0,Semi Furnished,Unknown,3.0,Ready to Move,,False
12500000.0,1125.0,3.0,2,1,"Judicial Layout 2nd Phase, Talaghattapura",6.0,14.0,Unfurnished,East,,Ready to Move,,False
18000000.0,1682.0,3.0,3,1,"Candeur Landmark, Halasahalli",1.0,40.0,Semi Furnished,North,5.0,Ready to Move,,False
13500000.0,953.0,2.0,2,1,"Eastwood Township, Harlur",3.0,18.0,Semi Furnished,Unknown,10.0,Ready to Move,,False
31800000.0,2630.0,3.5,3,0,"Yelahanka, Bengaluru",3.0,4.0,Unfurnished,East,,Upcoming,2026-08-27,True
6800000.0,738.0,2.0,2,1,"Bendiganahalli, Bengaluru",6.0,14.0,Unfurnished,Unknown,1.0,Ready to Move,,False
24000000.0,1300.0,3.0,3,1,"Balagere, Bengaluru",2.0,14.0,Unfurnished,West,,Upcoming,2031-12-01,True
31000000.0,1643.0,3.0,3,1,"Dwarka Nagar, Kattigenahalli",6.0,13.0,Semi Furnished,East,7.0,Ready to Move,,False
49000000.0,2333.0,3.0,3,1,"Rustam Bagh Layout, Bengaluru",1.0,5.0,Semi Furnished,Unknown,1.0,Ready to Move,,False
16500000.0,1210.0,2.0,2,1,"Devasthanagalu, Varthur",9.0,14.0,Semi Furnished,West,4.0,Ready to Move,,False
27500000.0,1317.0,3.0,3,1,"Garebhavipalya, GB Palya",1.0,19.0,Semi Furnished,West,7.0,Ready to Move,,False
32200000.000000004,2145.0,4.0,4,1,"1A Block, Koramangala",3.0,4.0,Semi Furnished,East,25.0,Ready to Move,,False
12700000.0,1070.0,2.0,2,1,"Dodsworth Layout, Whitefield",1.0,5.0,Semi Furnished,West,8.0,Ready to Move,,False
10000000.0,800.0,1.5,2,2,"Seenappa Layout, Bommanahalli",11.0,21.0,Unfurnished,East,2.0,Ready to Move,,False
20000000.0,1799.0,3.0,3,1,"Bharath Housing Society Layout, Subramanyapura",9.0,14.0,Semi Furnished,Unknown,8.0,Ready to Move,,False
27500000.0,1707.0,3.0,3,1,"7th Block, Jayanagar",6.0,8.0,Semi Furnished,South,6.0,Ready to Move,,False
34900000.0,2480.0,4.0,4,2,"Devin Paradise Enclave, Tirumanahalli",11.0,34.0,Unfurnished,North,1.0,Ready to Move,,False
30000000.0,950.0,2.0,2,1,"BMEL Layout, Brookefield",0.0,3.0,Semi Furnished,East,3.0,Ready to Move,,False
8000000.0,1150.0,2.0,2,2,"Sudhama Nagar, Jeevan Bima Nagar",1.0,4.0,Semi Furnished,North,8.0,Ready to Move,,False
17500000.0,1584.0,3.0,3,1,"Varthur, Bengaluru",2.0,21.0,Unfurnished,East,,Upcoming,2026-12-01,True
20000000.0,1650.0,3.0,3,1,"Happy Valley Layout, Subramanyapura",1.0,5.0,Semi Furnished,Unknown,4.0,Ready to Move,,False
20000000.0,1530.0,3.0,2,1,"Maithri Layout, Kadugodi",14.0,14.0,Semi Furnished,West,10.0,Ready to Move,,False
8000000.0,865.0,2.0,2,1,"Madagondanahalli, Electronic City",8.0,14.0,Semi Furnished,East,12.0,Ready to Move,,False
17600000.0,1232.0,2.0,2,1,"Akshaya Vana, Akshayanagar",5.0,21.0,Semi Furnished,East,4.0,Ready to Move,,False
30000000.0,1498.0,3.0,3,1,"Yadavanahalli, Bengaluru",21.0,38.0,Unfurnished,East,3.0,Ready to Move,,False
19100000.0,1592.0,3.0,3,1,"Adityanagar, Vidyaranyapura",16.0,21.0,Unfurnished,Unknown,1.0,Ready to Move,,False
14000000.0,1400.0,2.0,2,1,"Budigere Cross, Bengaluru",1.0,8.0,Unfurnished,North,1.0,Ready to Move,,False
7200000.0,650.0,1.0,1,2,"Prakruthi Nagar, Kogilu",2.0,21.0,Unfurnished,Unknown,1.0,Ready to Move,,False
15000000.0,1010.0,2.0,2,1,"Devasthanagalu, Varthur",5.0,14.0,Semi Furnished,North,3.0,Ready to Move,,False
26000000.0,1900.0,3.0,3,1,"Postal Colony, Sanjaynagar",4.0,7.0,Semi Furnished,Unknown,8.0,Ready to Move,,False
14000000.0,1148.0,2.0,2,1,"Aishwarya Crystal Layout, Begur",2.0,18.0,Unfurnished,East,2.0,Ready to Move,,False
12700000.0,1024.0,2.0,2,1,"Dodsworth Layout, Whitefield",4.0,30.0,Unfurnished,North,,Ready to Move,,False
15500000.0,1350.0,3.0,2,1,"Budigere Cross, Bengaluru",3.0,19.0,Semi Furnished,Unknown,6.0,Ready to Move,,False
9700000.0,1095.0,2.0,2,1,"Ali Estate, Yelahanka",1.0,5.0,Semi Furnished,West,3.0,Ready to Move,,False
40000000.0,1505.0,3.0,3,3,"Cauvery Colony, Koramangala",3.0,6.0,Fully Furnished,North,4.0,Ready to Move,,False
11600000.0,1568.0,3.0,3,1,"Cholanayakanahalli, Hebbal",2.0,4.0,Semi Furnished,East,15.0,Ready to Move,,False
12000000.0,1075.0,2.0,2,1,"Devasthanagalu, Varthur",1.0,4.0,Fully Furnished,East,1.0,Ready to Move,,False
16500000.0,1136.0,2.0,2,2,"Hanumanthappa Layout, Kyalasanahalli",10.0,16.0,Semi Furnished,East,7.0,Ready to Move,,False
14500000.0,1007.0,2.0,2,1,"Balagere, Bengaluru",8.0,14.0,Semi Furnished,Unknown,5.0,Ready to Move,,False
9200000.0,1327.0,2.0,2,1,"Kadubeesanahalli, Bengaluru",2.0,6.0,Semi Furnished,West,15.0,Ready to Move,,False
13500000.0,1270.0,3.0,2,1,"Phase I, Electronic City",3.0,14.0,Semi Furnished,East,10.0,Ready to Move,,False
12500000.0,866.0,2.0,2,1,"Uttarahalli -Manavarthekaval, Bengaluru",10.0,14.0,Semi Furnished,West,1.0,Ready to Move,,False
22300000.0,1725.0,3.0,3,2,"Rachenahalli, Thanisandra",11.0,14.0,Unfurnished,East,,Upcoming,2026-08-27,True
25000000.0,1400.0,2.0,2,1,"Madhura Nagar, Bengaluru",6.0,16.0,Semi Furnished,East,8.0,Ready to Move,,False
32000000.0,1918.0,3.0,3,2,"Jakkuru Layout, Jakkur",9.0,18.0,Semi Furnished,East,2.0,Ready to Move,,False
15500000.0,1278.0,3.0,3,2,"Narayanpura, Kothanur",2.0,4.0,Fully Furnished,West,1.0,Ready to Move,,False
12000000.0,1214.0,2.0,2,1,"Hunasamaranahalli, Bengaluru",5.0,14.0,Unfurnished,Unknown,2.0,Ready to Move,,False
13000000.0,1125.0,3.0,2,1,"Judicial Layout 2nd Phase, Talaghattapura",10.0,13.0,Semi Furnished,Unknown,3.0,Ready to Move,,False
19800000.0,1500.0,2.5,2,1,"Chikkagubbi Village, Bengaluru",4.0,18.0,Unfurnished,East,,Upcoming,2026-09-15,True
11500000.0,1229.0,3.0,2,1,"Gummanahalli, Bengaluru",5.0,29.0,Unfurnished,West,1.0,Ready to Move,,False
21900000.0,1300.0,2.0,2,1,"Seetharampalya, Hoodi",6.0,15.0,Unfurnished,East,4.0,Ready to Move,,False
23500000.0,1979.0,3.0,3,1,"Ardendale, Kannamangala - Whitefield Hoskote Road",1.0,14.0,Unfurnished,West,,Upcoming,2026-11-30,True
27500000.0,1485.0,2.5,2,1,"Manayata Tech Park, Thanisandra",28.0,28.0,Unfurnished,East,1.0,Ready to Move,,False
9000000.0,929.0,2.0,2,1,"Jayanagar Housing Society Layout, Subramanyapura",8.0,12.0,Semi Furnished,Unknown,12.0,Ready to Move,,False
6500000.0,1050.0,2.0,2,2,"Stage 2, BTM Layout 2nd Stage",3.0,3.0,Semi Furnished,West,12.0,Ready to Move,,False
15000000.0,1060.0,2.0,2,1,"P&T Layout, Thanisandra",22.0,33.0,Fully Furnished,Unknown,1.0,Ready to Move,,False
18000000.0,1100.0,2.0,2,1,"Akshaya Vana, Begur",10.0,27.0,Semi Furnished,West,5.0,Ready to Move,,False
15000000.0,1876.0,3.0,3,1,"Meganahalli, Kalyan Nagar",2.0,8.0,Unfurnished,East,6.0,Ready to Move,,False
12600000.0,1053.0,2.0,2,1,"Chowdeshwari Layout, Yelahanka",4.0,23.0,Semi Furnished,East,1.0,Ready to Move,,False
7000000.0,1400.0,2.0,2,2,"ITI Employees Housing Colony, Dooravani Nagar",2.0,5.0,Semi Furnished,Unknown,15.0,Ready to Move,,False
32500000.0,1338.0,2.0,2,1,"Cauvery Colony, Koramangala",4.0,15.0,Fully Furnished,Unknown,2.0,Ready to Move,,False
9200000.0,970.0,2.0,2,1,"Parkway Homes, Rayasandra",4.0,15.0,Semi Furnished,East,6.0,Ready to Move,,False
16500000.0,1100.0,3.0,3,1,"Chikkakannalli, Bengaluru",2.0,30.0,Unfurnished,West,,Ready to Move,,False
19000000.0,1430.0,3.0,3,1,"Chikkakannalli, Bengaluru",7.0,30.0,Unfurnished,East,,Ready to Move,,False
15800000.0,1216.0,2.0,2,1,"Gunjur Palya, Bengaluru",2.0,24.0,Unfurnished,East,,Ready to Move,,False
44900000.0,2600.0,4.0,4,1,"Jakkasandra Extension, Koramangala",6.0,14.0,Unfurnished,East,4.0,Ready to Move,,False
27900000.0,2159.0,3.0,3,1,"Sathnur, Bengaluru",7.0,14.0,Unfurnished,North,,Upcoming,2026-09-17,True
91300000.0,4000.0,4.0,4,2,"Kadubeesanahalli, Bengaluru",4.0,15.0,Unfurnished,West,,Upcoming,2026-08-31,True
8200000.0,1053.0,2.0,2,1,"Chikkakannalli, Bengaluru",2.0,4.0,Semi Furnished,Unknown,8.0,Ready to Move,,False
8700000.0,1238.0,2.0,2,2,"Narayanapura, Bengaluru",3.0,4.0,Semi Furnished,East,7.0,Ready to Move,,False
36000000.0,1975.0,4.0,4,2,"Thigala Chowdadenahalli, Bengaluru",1.0,27.0,Unfurnished,West,,Upcoming,2027-12-26,True
9700000.0,857.0,1.5,1,1,"Varthur, Bengaluru",0.0,26.0,Unfurnished,East,2.0,Ready to Move,,False
31000000.0,2240.0,3.0,3,1,"Kuvempu Layout, Visthar",7.0,32.0,Fully Furnished,North,11.0,Ready to Move,,False
52500000.0,2574.0,3.5,3,2,"Basavanna Nagar, K R Puram",6.0,28.0,Unfurnished,North,,Upcoming,2026-07-30,True
28000000.0,1897.0,3.0,3,1,"Gattahalli, Bengaluru",22.0,25.0,Unfurnished,Unknown,,Upcoming,2026-08-14,True
21000000.0,1495.0,3.0,3,1,"Carmelaram, Bengaluru",14.0,15.0,Unfurnished,East,,Ready to Move,,False
12100000.0,1724.0,3.0,3,2,"Sri Balaji Layout, K R Puram",3.0,5.0,Semi Furnished,North,8.0,Ready to Move,,False
16000000.0,1105.0,2.0,2,1,"Suma Dhura Eden Garden, Chikkabana Halli",5.0,14.0,Semi Furnished,East,3.0,Ready to Move,,False
13500000.0,1550.0,3.0,3,2,"Muthurayya Swamy Layout, Hulimavu",3.0,4.0,Unfurnished,North,1.0,Ready to Move,,False
14000000.0,1200.0,2.0,2,2,"Devin Paradise Enclave, Tirumanahalli",25.0,33.0,Unfurnished,East,3.0,Ready to Move,,False
33000000.0,2340.0,3.0,4,2,"B Narayanapura, Mahadevapura",10.0,13.0,Semi Furnished,Unknown,6.0,Ready to Move,,False
14500000.0,1445.0,3.0,2,2,"Gummanahalli, Bengaluru",14.0,21.0,Semi Furnished,North,3.0,Ready to Move,,False
16100000.000000002,1455.0,3.0,3,1,"SNN Raj Serenity, Akshayanagar",11.0,14.0,Semi Furnished,East,10.0,Ready to Move,,False
9380000.0,1400.0,3.0,3,2,"Kasavanahalli, Bengaluru",3.0,5.0,Unfurnished,West,,Ready to Move,,False
6900000.0,756.0,2.0,2,1,"Sri Balaji Krupa Layout, R.K. Hegde Nagar",2.0,4.0,Fully Furnished,North,8.0,Ready to Move,,False
26500000.0,1764.0,3.0,3,1,"Prithvi Layout, Whitefield",2.0,4.0,Semi Furnished,North,14.0,Ready to Move,,False
19200000.0,2040.0,3.0,3,1,"Chikkagubbi Village, Bengaluru",6.0,12.0,Semi Furnished,North,9.0,Ready to Move,,False
19500000.0,1664.0,3.0,3,1,"Dommasandra, Bengaluru",14.0,31.0,Unfurnished,West,,Ready to Move,,False
9700000.0,1075.0,2.0,2,1,"Ali Estate, Yelahanka",1.0,5.0,Semi Furnished,East,3.0,Ready to Move,,False
14000000.0,1272.0,2.0,2,1,"Suncity Gloria, Carmelaram",0.0,12.0,Fully Furnished,East,7.0,Ready to Move,,False
23000000.0,1458.0,3.0,3,1,"Nallurhalli, Whitefield",14.0,25.0,Unfurnished,East,,Upcoming,2028-06-01,True
22500000.0,1870.0,3.0,3,1,"SNN Raj Serenity, Akshayanagar",6.0,14.0,Semi Furnished,East,10.0,Ready to Move,,False
33500000.0,1710.0,3.0,3,1,"Sri Balaji Krupa Layout, R.K. Hegde Nagar",32.0,34.0,Unfurnished,East,3.0,Ready to Move,,False
20000000.0,1400.0,4.0,4,1,"South Avenue Layout, Gottigere",7.0,14.0,Unfurnished,East,,Upcoming,2026-08-19,True
18000000.0,1104.0,3.0,3,1,"Uttarahalli -Manavarthekaval, Bengaluru",1.0,14.0,Unfurnished,West,1.0,Ready to Move,,False
13300000.0,1658.0,3.0,2,1,"Hoodi, Bengaluru",1.0,5.0,Semi Furnished,East,16.0,Ready to Move,,False
23500000.0,2100.0,3.0,3,1,"Narayanapura, Bengaluru",13.0,23.0,Semi Furnished,West,3.0,Ready to Move,,False
27500000.0,1771.0,3.0,3,1,"Jyotipuram, Bengaluru",13.0,26.0,Unfurnished,West,1.0,Ready to Move,,False
24800000.0,1725.0,3.0,3,0,"Rachenahalli, Jakkur",9.0,13.0,Unfurnished,West,,Upcoming,2026-08-27,True
16000000.0,1400.0,2.0,2,1,"Whitefield, Bengaluru",7.0,8.0,Semi Furnished,Unknown,11.0,Ready to Move,,False
23000000.0,1663.0,3.0,3,1,"Hadosiddapura, Carmelaram",11.0,17.0,Semi Furnished,East,4.0,Ready to Move,,False
22000000.0,1675.0,3.0,3,1,"Block 2, Agrahara Layout",14.0,14.0,Unfurnished,East,,Upcoming,2026-06-17,True
8400000.0,1079.0,2.0,2,1,"Narayanpura, Kothanur",1.0,5.0,Semi Furnished,Unknown,12.0,Ready to Move,,False
11600000.0,1110.0,2.0,2,1,"Seegehalli, K R Puram",,,Semi Furnished,West,9.0,Ready to Move,,False
19900000.0,1641.0,3.0,3,1,"Devin Paradise Enclave, Tirumanahalli",10.0,36.0,Unfurnished,North,1.0,Ready to Move,,False
6500000.0,1025.0,2.0,2,2,"Kengeri Village, Kengeri",1.0,7.0,Semi Furnished,East,7.0,Ready to Move,,False
9800000.0,1104.0,2.0,2,1,"Excellencia, Choodasandra",4.0,5.0,Semi Furnished,Unknown,2.0,Ready to Move,,False
7000000.0,1112.0,2.0,2,1,"Sector 2, HSR Layout",1.0,4.0,Semi Furnished,East,17.0,Ready to Move,,False
10500000.0,1300.0,2.0,2,1,"Nagashetty Halli, RMV Extension Stage 2",2.0,4.0,Semi Furnished,West,17.0,Ready to Move,,False
25700000.0,1792.0,3.0,3,1,"Eastwood Township, Harlur",10.0,17.0,Semi Furnished,North,2.0,Ready to Move,,False
39000000.0,2322.0,3.0,4,2,"Manayata Tech Park, Nagavara",7.0,34.0,Semi Furnished,North,9.0,Ready to Move,,False
72000000.0,4021.0,4.0,4,2,"Sathya Sai Layout, Whitefield",0.0,16.0,Semi Furnished,West,11.0,Ready to Move,,False
8550000.0,1036.0,2.0,2,1,"Dodsworth Layout, Whitefield",7.0,8.0,Semi Furnished,North,7.0,Ready to Move,,False
19000000.0,1473.0,3.0,3,1,"Gummanahalli, Bengaluru",1.0,21.0,Unfurnished,North,2.0,Ready to Move,,False
19200000.0,1100.0,2.0,2,1,"Attibele, Bengaluru",27.0,41.0,Unfurnished,East,6.0,Ready to Move,,False
8250000.0,1207.0,2.0,2,1,"Hoodi, Bengaluru",,,Semi Furnished,East,11.0,Ready to Move,,False
14000000.0,1441.0,3.0,3,1,"Excellencia, Choodasandra",10.0,23.0,Semi Furnished,Unknown,6.0,Ready to Move,,False
16600000.0,1342.0,2.5,2,1,"Phase I, Electronic City",1.0,18.0,Semi Furnished,Unknown,5.0,Ready to Move,,False
23200000.0,1050.0,2.0,2,1,"Inasappa Layout, Kammanahalli",8.0,24.0,Semi Furnished,East,4.0,Ready to Move,,False
17000000.0,1550.0,3.0,3,1,"NN Farm Layout, Sanjaynagar",2.0,5.0,Semi Furnished,East,10.0,Ready to Move,,False
31500000.0,1436.0,3.0,3,1,"Lords Steps Layout, Panathur",17.0,24.0,Unfurnished,West,,Upcoming,2029-12-01,True
15000000.0,1143.0,2.0,2,1,"Iblur Village, Bellandur",8.0,10.0,Semi Furnished,East,10.0,Ready to Move,,False
30600000.0,2000.0,3.0,3,2,"Vyalikaval HBCS Layout, Nagavara",6.0,10.0,Unfurnished,East,,Upcoming,2026-09-15,True
15500000.0,1474.0,3.0,2,1,"Hosahalli, Bengaluru",3.0,12.0,Semi Furnished,Unknown,1.0,Ready to Move,,False
17000000.0,1322.0,3.0,2,1,"Devin Paradise Enclave, Nagareshwara - Nagenahalli",0.0,36.0,Unfurnished,Unknown,1.0,Ready to Move,,False
7400000.0,520.0,1.0,1,1,"Aishwarya Crystal Layout, Begur",9.0,18.0,Unfurnished,East,3.0,Ready to Move,,False
7800000.0,620.0,1.0,1,1,"Sarjapur, Bengaluru",15.0,28.0,Unfurnished,East,1.0,Ready to Move,,False
31000000.0,2479.0,3.0,3,1,"Vyalikaval HBCS Layout, Nagavara",9.0,15.0,Unfurnished,Unknown,10.0,Ready to Move,,False
15000000.0,1111.0,2.0,2,1,"Chikkakannalli, Bengaluru",14.0,24.0,Unfurnished,Unknown,1.0,Ready to Move,,False
20099999.999999996,1619.0,3.0,3,2,"Rachenahalli, Thanisandra",5.0,14.0,Unfurnished,West,,Upcoming,2026-08-27,True
20299999.999999996,1700.0,3.0,3,2,"Rachenahalli, Thanisandra",4.0,14.0,Unfurnished,East,,Upcoming,2026-08-27,True
18500000.0,1489.0,3.0,3,1,"Chikkakannalli, Bengaluru",12.0,24.0,Unfurnished,North,1.0,Ready to Move,,False
16800000.0,1241.0,3.0,3,1,"Chikkakannalli, Bengaluru",2.0,24.0,Unfurnished,West,1.0,Ready to Move,,False
16700000.0,1210.0,2.0,2,1,"Kattanallur, Sannatammanahalli",1.0,15.0,Unfurnished,East,8.0,Ready to Move,,False
28000000.0,1856.0,3.0,3,0,"Akme Ballet, Mahadevapura",1.0,8.0,Semi Furnished,East,10.0,Ready to Move,,False
10000000.0,933.0,2.5,3,1,"Anekal, Bengaluru",3.0,14.0,Unfurnished,East,2.0,Ready to Move,,False
12000000.0,1280.0,2.0,2,1,"Hosahalli, Bengaluru",12.0,15.0,Semi Furnished,Unknown,1.0,Ready to Move,,False
40000000.0,2500.0,3.0,3,1,"Veeranna Garden, Richards Town",3.0,3.0,Unfurnished,East,25.0,Ready to Move,,False
15900000.0,1400.0,2.0,1,2,"Cheemasandra, Bengaluru",11.0,21.0,Unfurnished,East,2.0,Ready to Move,,False
48400000.0,2300.0,4.0,4,1,"Ambalipura, Harlur",12.0,12.0,Semi Furnished,East,8.0,Ready to Move,,False
3400000.0,1066.0,2.0,2,2,"Jigani, Bengaluru",2.0,4.0,Semi Furnished,Unknown,9.0,Ready to Move,,False
15500000.0,1300.0,2.0,2,1,"Gunjur, Bengaluru",15.0,24.0,Semi Furnished,East,2.0,Ready to Move,,False
19000000.0,1720.0,3.0,3,1,"Block A, Brookefield",2.0,6.0,Semi Furnished,West,,Upcoming,2026-09-15,True
20000000.0,1489.0,3.0,3,1,"Chikkakannalli, Bengaluru",14.0,24.0,Unfurnished,East,1.0,Ready to Move,,False
11000000.0,1068.0,2.0,2,1,"Hadosiddapura, Carmelaram",0.0,5.0,Semi Furnished,North,8.0,Ready to Move,,False
39000000.0,2005.0,3.0,4,2,"Sri Balaji Krupa Layout, R.K. Hegde Nagar",23.0,31.0,Semi Furnished,East,2.0,Ready to Move,,False
10000000.0,1533.0,3.0,2,1,"Hoodi, Bengaluru",,,Semi Furnished,East,19.0,Ready to Move,,False
11000000.0,1101.0,2.0,2,1,"Govinda Reddy Layout, Panduranga Nagar",17.0,19.0,Semi Furnished,East,6.0,Ready to Move,,False
9200000.0,988.0,2.0,2,1,"Devanahalli, Bengaluru",5.0,14.0,Unfurnished,East,,Upcoming,2027-03-01,True
13000000.0,1318.0,2.0,2,1,"Kothnur Narayanapura, Bengaluru",1.0,4.0,Semi Furnished,West,12.0,Ready to Move,,False
17500000.0,1461.0,3.0,3,1,"Uttarahalli -Manavarthekaval, Bengaluru",7.0,14.0,Unfurnished,Unknown,1.0,Ready to Move,,False
22000000.0,1400.0,3.0,3,2,"Hulimavu, Bengaluru",7.0,14.0,Semi Furnished,West,1.0,Ready to Move,,False
12000000.0,875.0,2.0,2,1,"Kumbalgodu, Bengaluru",2.0,4.0,Unfurnished,East,,Ready to Move,,False
25500000.0,1587.0,3.0,3,1,"2nd Stage, Uttarahalli Hobli",12.0,23.0,Unfurnished,East,,Ready to Move,,False
12000000.0,925.0,2.0,2,1,"Kumbalgodu, Bengaluru",2.0,4.0,Semi Furnished,North,,Ready to Move,,False
9400000.0,955.0,2.0,2,1,"Phase I, Electronic City",2.0,14.0,Unfurnished,East,1.0,Ready to Move,,False
9000000.0,904.0,2.0,2,1,"Gummanahalli, Bengaluru",26.0,29.0,Unfurnished,North,,Upcoming,2026-08-05,True
9000000.0,1268.0,2.0,2,2,"Kaggadasapura, Bengaluru",2.0,4.0,Semi Furnished,East,9.0,Ready to Move,,False
27900000.0,1994.0,3.0,3,1,"Aditya Layout, RR Nagar",6.0,31.0,Unfurnished,East,,Ready to Move,,False
16500000.0,1125.0,3.0,2,1,"Kumbalgodu, Bengaluru",3.0,4.0,Unfurnished,West,,Ready to Move,,False
8800000.0,1215.0,2.0,2,1,"Ramanashree Enclave, Bilekahalli",3.0,4.0,Semi Furnished,North,15.0,Ready to Move,,False
17000000.0,1100.0,2.0,2,1,"2nd Stage, Uttarahalli Hobli",24.0,32.0,Unfurnished,East,7.0,Ready to Move,,False
19800000.0,1664.0,3.0,3,1,"Dommasandra, Bengaluru",18.0,31.0,Unfurnished,East,,Ready to Move,,False
9700000.0,940.0,2.0,2,0,"Judicial Layout 2nd Phase, Talaghattapura",14.0,14.0,Semi Furnished,North,1.0,Ready to Move,,False
7800000.0,513.0,1.0,1,2,"Sarjapur, Bengaluru",22.0,29.0,Unfurnished,West,1.0,Ready to Move,,False
12000000.0,1240.0,2.0,2,1,"Kattanallur, Sannatammanahalli",1.0,11.0,Semi Furnished,East,2.0,Ready to Move,,False
31800000.0,2400.0,3.5,3,2,"Kuvempu Layout, Visthar",21.0,33.0,Unfurnished,East,,Upcoming,2028-09-30,True
14800000.0,1561.0,3.0,3,1,"Varthur, Bengaluru",3.0,11.0,Semi Furnished,East,8.0,Ready to Move,,False
10700000.0,959.0,2.0,2,1,"Belathur, K R Puram",8.0,27.0,Unfurnished,East,1.0,Ready to Move,,False
52000000.0,2960.0,3.0,3,1,"Kashi Nagar, Byatarayanapura",11.0,21.0,Semi Furnished,Unknown,4.0,Ready to Move,,False
26500000.0,1300.0,2.0,2,1,"Shinivagalu Tank Bed Layout, Koramangala",1.0,4.0,Unfurnished,Unknown,,Ready to Move,,False
26000000.0,1810.0,3.0,3,1,"Kundalahalli, Brookefield",3.0,4.0,Semi Furnished,East,8.0,Ready to Move,,False
25900000.0,2000.0,3.0,3,2,"Kuvempu Layout, Visthar",21.0,33.0,Unfurnished,North,,Upcoming,2028-09-30,True
14000000.0,981.0,2.0,2,1,"Upkar Layout, Whitefield",23.0,27.0,Unfurnished,East,2.0,Ready to Move,,False
63000000.0,2261.0,3.0,3,1,"Sudhama Nagar, Bengaluru",6.0,15.0,Unfurnished,Unknown,,Upcoming,2026-08-19,True
11000000.0,758.0,1.0,1,1,"Yadavanahalli, Bengaluru",5.0,33.0,Unfurnished,East,,Ready to Move,,False
16500000.0,1170.0,2.0,2,1,"Carmelaram, Bengaluru",0.0,4.0,Semi Furnished,North,3.0,Ready to Move,,False
14600000.0,1652.0,3.0,3,1,"Dodsworth Layout, Whitefield",2.0,4.0,Semi Furnished,North,17.0,Ready to Move,,False
34000000.0,1800.0,3.0,4,1,"Jal Vayu Vihar, Kammanahalli",3.0,4.0,Semi Furnished,North,30.0,Ready to Move,,False
16500000.0,1275.0,3.0,2,1,"Shivanahalli 2nd Stage, Nehru Nagar",8.0,12.0,Unfurnished,East,2.0,Ready to Move,,False
35000000.0,2500.0,4.5,5,2,"Manayata Tech Park, Thanisandra",24.0,36.0,Semi Furnished,Unknown,9.0,Ready to Move,,False
15000000.0,1409.0,3.0,3,1,"Gummanahalli, Bengaluru",12.0,18.0,Unfurnished,East,,Upcoming,2027-06-01,True
27000000.0,2110.0,3.0,3,2,"SNN Raj Serenity, Akshayanagar",10.0,14.0,Unfurnished,West,,Ready to Move,,False
21000000.0,1498.0,3.0,3,1,"Yadavanahalli, Bengaluru",35.0,38.0,Unfurnished,East,2.0,Ready to Move,,False
28000000.0,1776.0,3.0,3,4,"Gopalapura, Binnipete",20.0,23.0,Semi Furnished,Unknown,7.0,Ready to Move,,False
38000000.0,3600.0,3.0,3,4,"Anjanadri Layout, Konanakunte",15.0,15.0,Semi Furnished,North,6.0,Ready to Move,,False
8300000.0,1440.0,3.0,2,1,"Pragathi Nagar, Basapura",2.0,4.0,Semi Furnished,West,11.0,Ready to Move,,False
9700000.0,813.0,2.0,2,1,"Anekal, Bengaluru",7.0,15.0,Unfurnished,East,1.0,Ready to Move,,False
18000000.0,1420.0,3.0,3,1,"Jigala, Bengaluru",34.0,38.0,Unfurnished,East,5.0,Ready to Move,,False
27500000.0,1600.0,3.0,2,1,"Kodigehalli, K R Puram",2.0,22.0,Unfurnished,North,2.0,Ready to Move,,False
18000000.0,1400.0,3.0,2,1,"Kambipura, Bengaluru",18.0,19.0,Semi Furnished,East,6.0,Ready to Move,,False
13899999.999999998,988.0,2.0,2,1,"Uttarahalli -Manavarthekaval, Bengaluru",6.0,14.0,Semi Furnished,North,1.0,Ready to Move,,False
35000000.0,1640.0,3.0,3,4,"Subramanyanagar, Rajajinagar",9.0,17.0,Semi Furnished,North,14.0,Ready to Move,,False
19000000.0,1280.0,2.0,2,1,"Sri Balaji Krupa Layout, R.K. Hegde Nagar",7.0,31.0,Unfurnished,West,2.0,Ready to Move,,False
7300000.0,1125.0,2.0,2,1,"Janatha Colony, Chikkanagamangala",1.0,4.0,Unfurnished,Unknown,2.0,Ready to Move,,False
19000000.0,1250.0,2.0,2,1,"Bellandur, Bengaluru",1.0,2.0,Semi Furnished,West,20.0,Ready to Move,,False
22000000.0,1500.0,3.0,3,1,"Attibele, Bengaluru",6.0,38.0,Unfurnished,West,1.0,Ready to Move,,False
12000000.0,1134.0,2.0,2,1,"Someshwara Layout, Doddakannelli",3.0,4.0,Semi Furnished,Unknown,14.0,Ready to Move,,False
28900000.0,2540.0,3.5,3,2,"Chikkagubbi Village, Bengaluru",1.0,4.0,Unfurnished,North,10.0,Ready to Move,,False
11000000.0,1000.0,2.0,2,1,"Saraswathi Nagar, Vijayanagar",4.0,4.0,Semi Furnished,East,5.0,Ready to Move,,False
16600000.0,1161.0,2.5,2,1,"Phase I, Electronic City",6.0,18.0,Semi Furnished,Unknown,9.0,Ready to Move,,False
10200000.0,1337.0,3.0,2,1,"Chowdeshwari Layout, Yelahanka",2.0,4.0,Semi Furnished,East,5.0,Ready to Move,,False
32500000.0,1771.0,3.5,3,1,"Gottigere, Bengaluru",17.0,27.0,Fully Furnished,East,3.0,Ready to Move,,False
12200000.0,1548.0,3.0,3,1,"Dodsworth Layout, Whitefield",1.0,6.0,Unfurnished,Unknown,1.0,Ready to Move,,False
19000000.0,1972.0,3.0,3,1,"Chikkanagamangala, Bengaluru",5.0,10.0,Unfurnished,North,,Ready to Move,,False
52000000.0,2485.0,3.0,4,1,"4th Phase, JP Nagar",9.0,26.0,Semi Furnished,West,10.0,Ready to Move,,False
125000000.0,2800.0,4.0,4,4,"One Bangalore West, Rajajinagar",9.0,30.0,Fully Furnished,East,10.0,Ready to Move,,False
9500000.0,965.0,3.0,2,1,"Sree Narayana Nagar, Kadagrahara",2.0,4.0,Semi Furnished,North,1.0,Ready to Move,,False
21500000.0,1580.0,3.0,2,1,"Nallurhalli, Whitefield",4.0,14.0,Fully Furnished,West,9.0,Ready to Move,,False
16000000.0,1571.0,3.0,3,1,"Koralur, Thirumalashettyhally",10.0,13.0,Unfurnished,West,,Upcoming,2026-08-22,True
21000000.0,1839.0,3.0,3,1,"Phase 1, Whitefield",2.0,14.0,Unfurnished,West,1.0,Ready to Move,,False
6500000.0,1119.0,2.0,2,1,"Phase I, Electronic City",3.0,5.0,Semi Furnished,West,2.0,Ready to Move,,False
15000000.0,1610.0,3.0,3,1,"Narayanpura, Kothanur",7.0,11.0,Unfurnished,Unknown,2.0,Ready to Move,,False
10000000.0,1135.0,2.0,2,1,"BEML Layout, RR Nagar",1.0,4.0,Semi Furnished,East,9.0,Ready to Move,,False
12000000.0,1254.0,3.0,3,1,"Gummanahalli, Bengaluru",4.0,29.0,Unfurnished,West,1.0,Ready to Move,,False
20000000.0,1361.0,2.5,2,1,"Rachenahalli, Thanisandra",12.0,32.0,Unfurnished,East,1.0,Ready to Move,,False
23500000.0,1553.0,3.0,2,1,"Balagere, Bengaluru",6.0,15.0,Unfurnished,West,,Upcoming,2031-12-01,True
16700000.0,1285.0,2.0,2,1,"Hoodi, Bengaluru",,,Semi Furnished,West,11.0,Ready to Move,,False
9500000.0,1300.0,2.5,2,1,"Sree Narayana Nagar, Kadagrahara",1.0,5.0,Semi Furnished,East,5.0,Ready to Move,,False
10500000.0,995.0,2.0,2,1,"Prakruthi Nagar, Kogilu",4.0,12.0,Unfurnished,West,3.0,Ready to Move,,False
19800000.0,1250.0,2.0,2,1,"Ambedkar Colony, Yelahanka",4.0,13.0,Unfurnished,East,,Upcoming,2026-08-27,True
20500000.0,1310.0,2.0,2,1,"Doddakannelli, Bengaluru",12.0,19.0,Semi Furnished,North,7.0,Ready to Move,,False
11000000.0,712.0,2.0,2,1,"Uttarahalli -Manavarthekaval, Bengaluru",5.0,15.0,Unfurnished,East,1.0,Ready to Move,,False
13000000.0,978.0,2.0,2,1,"V. Kallahalli, Bengaluru",15.0,30.0,Unfurnished,West,1.0,Ready to Move,,False
19900000.0,1047.0,2.0,2,1,"Kundalahalli, Brookefield",10.0,16.0,Semi Furnished,East,7.0,Ready to Move,,False
5300000.0,1020.0,2.0,2,1,"Sadarmangal, K R Puram",3.0,4.0,Unfurnished,East,1.0,Ready to Move,,False
16800000.0,1360.0,2.0,2,1,"Devasthanagalu, Varthur",8.0,26.0,Semi Furnished,East,4.0,Ready to Move,,False
120000000.0,5995.0,4.5,4,1,"Basavanna Nagar, Whitefield",4.0,19.0,Fully Furnished,East,4.0,Ready to Move,,False
24900000.000000004,2190.0,3.0,3,1,"Prithvi Layout, Whitefield",2.0,4.0,Semi Furnished,West,20.0,Ready to Move,,False
14000000.0,800.0,2.0,2,1,"Kundalahalli, Brookefield",7.0,20.0,Semi Furnished,Unknown,5.0,Ready to Move,,False
42000000.0,2368.0,4.0,4,2,"Nallurhalli, Whitefield",3.0,41.0,Unfurnished,East,,Upcoming,2028-06-01,True
15200000.0,1067.0,2.0,2,1,"Basavanapura, K R Puram",2.0,16.0,Unfurnished,North,1.0,Ready to Move,,False
13500000.0,1040.0,2.0,2,1,"Konappana Agrahara, Rayasandra",5.0,14.0,Unfurnished,Unknown,,Upcoming,2028-01-01,True
28000000.0,2130.0,4.0,4,1,"Upkar Layout, Whitefield",25.0,27.0,Unfurnished,East,,Upcoming,2027-03-01,True
30800000.0,2490.0,3.5,3,2,"Kuvempu Layout, Visthar",18.0,30.0,Unfurnished,East,,Upcoming,2026-08-27,True
16500000.0,1500.0,3.0,3,1,"Kothnur, Kalena Agrahara",7.0,9.0,Semi Furnished,North,18.0,Ready to Move,,False
22000000.0,1498.0,3.0,3,1,"Aishwarya Crystal Layout, Singasandra",2.0,18.0,Semi Furnished,West,,Ready to Move,,False
22000000.0,1425.0,3.0,3,1,"Cheemasandra, Bengaluru",14.0,18.0,Unfurnished,East,,Upcoming,2027-12-01,True
8000000.0,1150.0,2.0,2,2,"NN Farm Layout, Sanjaynagar",3.0,4.0,Semi Furnished,East,5.0,Ready to Move,,False
11299999.999999998,1150.0,2.0,2,2,"Varthur, Bengaluru",4.0,11.0,Unfurnished,Unknown,8.0,Ready to Move,,False
23100000.0,1862.0,3.0,3,2,"Rachenahalli, Thanisandra",8.0,14.0,Unfurnished,West,,Upcoming,2026-08-27,True
10000000.0,1229.0,3.0,2,1,"Gummanahalli, Bengaluru",3.0,29.0,Unfurnished,Unknown,1.0,Ready to Move,,False
29800000.0,2238.0,3.0,3,0,"Yelahanka, Bengaluru",2.0,4.0,Unfurnished,West,,Upcoming,2026-08-27,True
25000000.0,2450.0,3.0,3,2,"Stage 3, Indira Nagar",3.0,4.0,Semi Furnished,Unknown,3.0,Ready to Move,,False
5800000.0,688.0,1.0,2,1,"Hulimavu, Bengaluru",2.0,14.0,Unfurnished,East,7.0,Ready to Move,,False
19000000.0,1100.0,2.0,2,1,"Akshaya Gardens, Akshayanagar",11.0,27.0,Unfurnished,East,9.0,Ready to Move,,False
8000000.0,1232.0,2.0,2,1,"Narayanpura, Kothanur",1.0,5.0,Semi Furnished,West,13.0,Ready to Move,,False
5799000.0,539.0,1.0,1,1,"Huvinayakanahalli, Bengaluru",7.0,23.0,Unfurnished,East,,Upcoming,2028-06-01,True
25900000.0,2200.0,3.0,3,0,"Yelahanka, Bengaluru",3.0,4.0,Unfurnished,East,,Upcoming,2026-08-27,True
7900000.0,900.0,2.0,2,1,"Phase I, Electronic City",2.0,5.0,Semi Furnished,East,13.0,Ready to Move,,False
6200000.0,1163.0,2.0,2,1,"Kodigehalli, K R Puram",1.0,4.0,Semi Furnished,East,6.0,Ready to Move,,False
14000000.0,951.0,2.0,2,1,"Phase I, Electronic City",18.0,21.0,Semi Furnished,Unknown,1.0,Ready to Move,,False
30000000.0,1750.0,3.0,3,1,"Kaverappa Layout, Kadubeesanahalli",0.0,15.0,Fully Furnished,North,9.0,Ready to Move,,False
24700000.000000004,1751.0,3.0,2,1,"Subramanyapura, Bengaluru",2.0,10.0,Semi Furnished,Unknown,11.0,Ready to Move,,False
27500000.0,1700.0,3.0,3,1,"Klassik Landmark, KPC Layout",12.0,14.0,Semi Furnished,West,2.0,Ready to Move,,False
14000000.0,800.0,2.0,2,1,"Medahalli, Bengaluru",1.0,28.0,Semi Furnished,East,2.0,Ready to Move,,False
15000000.0,1406.0,3.0,3,1,"Bommasandra Industrial Area, Bommasandra",11.0,13.0,Semi Furnished,Unknown,5.0,Ready to Move,,False
9000000.0,904.0,2.0,2,1,"Gummanahalli, Bengaluru",9.0,29.0,Unfurnished,North,,Upcoming,2026-08-05,True
6500000.0,624.0,1.0,1,1,"Devanahalli, Bengaluru",6.0,18.0,Semi Furnished,East,2.0,Ready to Move,,False
6000000.0,688.0,1.0,1,1,"Hulimavu, Bengaluru",6.0,14.0,Unfurnished,Unknown,7.0,Ready to Move,,False
11000000.0,1043.0,3.0,2,1,"Huvinayakanahalli, Bengaluru",20.0,22.0,Semi Furnished,East,1.0,Ready to Move,,False
21500000.0,1715.0,3.0,3,1,"Phase 2, Tejaswini Nagar",14.0,14.0,Unfurnished,West,,Ready to Move,,False
39900000.0,3170.0,4.0,4,2,"Kuvempu Layout, Visthar",21.0,30.0,Unfurnished,East,,Upcoming,2026-08-27,True
5900000.0,688.0,1.0,1,1,"Hulimavu, Bengaluru",4.0,14.0,Unfurnished,North,7.0,Ready to Move,,False
22500000.0,1528.0,3.0,3,1,"Uttarahalli -Manavarthekaval, Bengaluru",9.0,14.0,Semi Furnished,Unknown,1.0,Ready to Move,,False
22100000.0,2109.0,3.0,3,1,"Devin Paradise Enclave, Chokkanahalli",9.0,19.0,Semi Furnished,East,4.0,Ready to Move,,False
14000000.0,1199.0,2.0,2,1,"P&T Layout, Thanisandra",22.0,32.0,Semi Furnished,Unknown,5.0,Ready to Move,,False
6800000.0,738.0,2.0,2,1,"Bendiganahalli, Bengaluru",6.0,14.0,Unfurnished,Unknown,1.0,Ready to Move,,False
24000000.0,1362.0,3.0,3,1,"Seetharampalya, Hoodi",0.0,10.0,Semi Furnished,North,6.0,Ready to Move,,False
39500000.0,1755.0,3.0,3,1,"Eastwood Township, Harlur",15.0,16.0,Semi Furnished,North,9.0,Ready to Move,,False
12000000.0,924.0,2.0,2,1,"Uttarahalli -Manavarthekaval, Bengaluru",10.0,14.0,Semi Furnished,Unknown,2.0,Ready to Move,,False
9500000.0,1000.0,2.0,2,1,"Phase I, Electronic City",3.0,5.0,Semi Furnished,East,1.0,Ready to Move,,False
15000000.0,1416.0,3.0,3,1,"Huvinayakanahalli, Bengaluru",14.0,22.0,Unfurnished,East,,Upcoming,2027-09-01,True
9500000.0,1005.0,2.0,2,1,"9th Phase, JP Nagar",2.0,5.0,Semi Furnished,East,4.0,Ready to Move,,False
9300000.0,1082.0,3.0,2,1,"Kumbalgodu, Bengaluru",3.0,12.0,Semi Furnished,East,,Ready to Move,,False
8600000.0,1090.0,2.0,2,1,"Hadosiddapura, Carmelaram",3.0,4.0,Semi Furnished,Unknown,10.0,Ready to Move,,False
18400000.0,1465.0,3.0,3,1,"Mahadevapura, Bengaluru",2.0,6.0,Fully Furnished,East,10.0,Ready to Move,,False
21000000.0,1560.0,3.0,2,1,"Srinivasa Nagar, Banashankari",3.0,4.0,Semi Furnished,East,8.0,Ready to Move,,False
65000000.0,2850.0,3.0,3,1,"Nandi Durga Road Extension, Jayamahal",6.0,8.0,Semi Furnished,East,16.0,Ready to Move,,False
65000000.0,2850.0,4.0,4,2,"Nagashetty Halli, RMV Extension Stage 2",5.0,32.0,Unfurnished,North,1.0,Ready to Move,,False
25000000.0,1650.0,3.0,3,2,"HAL 3rd Stage, Kodihalli",3.0,4.0,Semi Furnished,East,18.0,Ready to Move,,False
34000000.0,1994.0,3.5,4,3,"Aditya Layout, RR Nagar",17.0,31.0,Unfurnished,East,,Ready to Move,,False
26000000.0,1571.0,3.0,3,2,"Jayanagar Housing Society Layout, Subramanyapura",4.0,17.0,Semi Furnished,North,4.0,Ready to Move,,False
13500000.0,1235.0,2.0,2,1,"Balagere, Bengaluru",3.0,4.0,Unfurnished,East,10.0,Ready to Move,,False
24900000.000000004,2100.0,4.0,4,2,"Rachenahalli, Thanisandra",10.0,14.0,Unfurnished,East,,Upcoming,2026-08-27,True
33700000.0,2043.0,3.0,3,1,"Chansandra, Bengaluru",1.0,17.0,Unfurnished,West,,Upcoming,2026-07-31,True
16500000.0,1465.0,3.0,2,1,"Mahadevapura, Bengaluru",1.0,6.0,Semi Furnished,East,10.0,Ready to Move,,False
13700000.000000002,1295.0,3.0,3,1,"Bommasandra Industrial Area, Bommasandra",1.0,7.0,Unfurnished,West,,Ready to Move,,False
13500000.0,1107.0,2.0,2,1,"Park View Layout, Amrutahalli",10.0,13.0,Semi Furnished,Unknown,1.0,Ready to Move,,False
5000000.0,680.0,2.0,1,1,"Kacharakanahalli,Bisnahalli, Bengaluru",4.0,4.0,Fully Furnished,West,3.0,Ready to Move,,False
16500000.0,1356.0,3.0,3,1,"Devanahalli, Bengaluru",5.0,13.0,Unfurnished,East,1.0,Ready to Move,,False
32000000.0,1710.0,3.0,3,1,"Stage 3, Indira Nagar",4.0,4.0,Unfurnished,East,,Upcoming,2026-05-30,True
12700000.0,1112.0,2.0,2,1,"Chikkakannalli, Bengaluru",10.0,27.0,Unfurnished,East,,Ready to Move,,False
12200000.0,1185.0,2.0,2,1,"Block 2, Agrahara Layout",5.0,14.0,Unfurnished,North,,Upcoming,2026-08-31,True
12700000.0,1059.0,2.0,2,1,"Samethanahalli, Bengaluru",6.0,19.0,Semi Furnished,East,,Ready to Move,,False
6000000.0,975.0,2.0,2,1,"Patel Munivenkatappa Layout, Uttarahalli Hobli",1.0,4.0,Semi Furnished,Unknown,6.0,Ready to Move,,False
14900000.0,1139.0,2.0,2,1,"Hadosiddapura, Carmelaram",0.0,3.0,Semi Furnished,Unknown,9.0,Ready to Move,,False
7600000.0,698.0,1.0,1,1,"Gummanahalli, Bengaluru",13.0,18.0,Semi Furnished,East,3.0,Ready to Move,,False
19800000.0,1749.0,3.0,3,1,"Someshwara Layout, Doddakannelli",14.0,16.0,Semi Furnished,East,8.0,Ready to Move,,False
23400000.0,1949.0,3.0,4,1,"Navarathna Agrahara, Bengaluru",8.0,26.0,Semi Furnished,West,7.0,Ready to Move,,False
7000000.0,914.0,3.0,2,1,"Attibele, Bengaluru",8.0,15.0,Unfurnished,East,1.0,Ready to Move,,False
28000000.0,2350.0,3.5,3,2,"Devin Paradise Enclave, Tirumanahalli",33.0,33.0,Semi Furnished,North,1.0,Ready to Move,,False
18000000.0,1689.0,3.0,3,1,"Munnireddy Layout, Panathur",5.0,9.0,Semi Furnished,East,5.0,Ready to Move,,False
12400000.0,980.0,2.0,2,1,"Belathur, K R Puram",23.0,27.0,Unfurnished,East,,Ready to Move,,False
14000000.0,1280.0,2.0,2,1,"Jyotipuram, Bengaluru",5.0,30.0,Unfurnished,Unknown,1.0,Ready to Move,,False
11200000.000000002,969.0,2.0,2,1,"Varthur, Bengaluru",1.0,13.0,Fully Furnished,East,9.0,Ready to Move,,False
23000000.0,1760.0,3.0,3,1,"Markandhaiha Nagar, Agrahara Layout",6.0,12.0,Semi Furnished,East,7.0,Ready to Move,,False
11200000.000000002,1498.0,3.0,3,2,"Terracon Doctors Enclave, Chandapura",3.0,5.0,Semi Furnished,South,1.0,Ready to Move,,False
7900000.0,1000.0,2.0,2,1,"Eastwood Township, Harlur",0.0,4.0,Semi Furnished,Unknown,8.0,Ready to Move,,False
23000000.0,1530.0,3.0,3,2,"Rachenahalli, Thanisandra",7.0,26.0,Semi Furnished,East,9.0,Ready to Move,,False
16600000.0,1175.0,2.0,2,1,"Industrial Suburb, Yeswanthpur",1.0,10.0,Semi Furnished,North,6.0,Ready to Move,,False
13000000.0,1320.0,2.0,2,1,"Narayanapura, Bengaluru",1.0,4.0,Semi Furnished,West,10.0,Ready to Move,,False
12500000.0,1652.0,3.0,3,1,"Chikkanagamangala, Bengaluru",3.0,4.0,Unfurnished,North,,Ready to Move,,False
39800000.0,2900.0,4.0,4,2,"Sathnur, Bengaluru",5.0,14.0,Unfurnished,East,,Upcoming,2026-08-27,True
31000000.0,1663.0,3.0,3,1,"Paramount Gardens, Jyotipuram",23.0,26.0,Unfurnished,East,1.0,Ready to Move,,False
17000000.0,1685.0,3.0,3,1,"Balagere, Bengaluru",7.0,11.0,Unfurnished,East,,Ready to Move,,False
25000000.0,1813.0,3.0,3,2,"Sri Venkateshpura Layout, Sampigehalli",10.0,17.0,Unfurnished,North-East,,Ready to Move,,False
18000000.0,1245.0,3.0,3,1,"Hadosiddapura, Carmelaram",10.0,13.0,Semi Furnished,East,9.0,Ready to Move,,False
33000000.0,2003.0,3.0,3,1,"Chansandra, Bengaluru",0.0,17.0,Unfurnished,West,,Upcoming,2026-07-31,True
9000000.0,1007.0,2.0,2,1,"Bommasandra Industrial Area, Bommasandra",5.0,8.0,Unfurnished,North,,Ready to Move,,False
25299999.999999996,1648.0,3.0,3,1,"Buena Vista, Bommenahalli",19.0,22.0,Fully Furnished,East,4.0,Ready to Move,,False
8000000.0,1133.0,2.0,2,1,"Bharath Housing Society Layout, Subramanyapura",2.0,5.0,Semi Furnished,Unknown,2.0,Ready to Move,,False
29900000.000000004,1660.0,3.0,3,1,"Adarsh Palm Retreat, Bellandur",6.0,18.0,Unfurnished,East,,Upcoming,2026-12-26,True
18000000.0,1560.0,3.0,3,1,"Block A, Sahakara Nagar",13.0,17.0,Semi Furnished,North,8.0,Ready to Move,,False
11000000.0,1062.0,2.0,2,1,"Hosahalli, Bengaluru",7.0,13.0,Unfurnished,East,2.0,Ready to Move,,False
16000000.0,1425.0,3.0,3,1,"Javarandoddi, RR Nagar",2.0,4.0,Fully Furnished,East,10.0,Ready to Move,,False
17200000.0,1350.0,3.0,3,2,"Hulimavu, Bengaluru",14.0,14.0,Semi Furnished,West,2.0,Ready to Move,,False
9300000.0,920.0,2.0,2,1,"Seegehalli, K R Puram",4.0,29.0,Unfurnished,East,,Ready to Move,,False
13500000.0,1133.0,2.0,2,1,"Adityanagar, Vidyaranyapura",14.0,15.0,Unfurnished,Unknown,1.0,Ready to Move,,False
12900000.0,1320.0,2.5,2,1,"Essel Gardens, Bengaluru",5.0,14.0,Unfurnished,East,,Upcoming,2026-09-17,True
35000000.0,2005.0,3.5,4,3,"Sri Balaji Krupa Layout, R.K. Hegde Nagar",23.0,34.0,Unfurnished,East,1.0,Ready to Move,,False
24000000.0,1400.0,3.0,3,1,"Spice Garden Layout, Munnekollal",6.0,9.0,Semi Furnished,West,13.0,Ready to Move,,False
12000000.0,1214.0,2.0,2,1,"Hunasamaranahalli, Bengaluru",5.0,14.0,Unfurnished,Unknown,1.0,Ready to Move,,False
12000000.0,1790.0,3.0,3,1,"Seegehalli, K R Puram",1.0,5.0,Semi Furnished,West,8.0,Ready to Move,,False
26000000.0,1728.0,3.0,3,1,"Thigala Chowdadenahalli, Bengaluru",17.0,24.0,Unfurnished,East,,Upcoming,2027-12-01,True
23300000.0,1945.0,4.0,4,2,"Banashankari Layout, K R Puram",10.0,19.0,Semi Furnished,East,2.0,Ready to Move,,False
10500000.0,1030.0,2.0,2,1,"Gopalan Olympia, Kumbalgodu",5.0,13.0,Semi Furnished,North,,Ready to Move,,False
35000000.0,1695.0,3.0,3,1,"Bellandur Village, Bellandur",7.0,13.0,Unfurnished,East,,Ready to Move,,False
9000000.0,1100.0,2.0,2,1,"Kammanahalli, Bengaluru",3.0,5.0,Semi Furnished,Unknown,5.0,Ready to Move,,False
29000000.0,1550.0,3.0,2,1,"Sector 1, HSR Layout",3.0,11.0,Semi Furnished,Unknown,14.0,Ready to Move,,False
20000000.0,1250.0,2.0,2,1,"Agrahara Dasarahalli, Rajajinagar",18.0,31.0,Unfurnished,West,,Ready to Move,,False
27300000.0,1950.0,3.5,3,1,"Phase I, Electronic City",13.0,13.0,Semi Furnished,Unknown,11.0,Ready to Move,,False
4700000.0,950.0,2.0,2,1,"Devanahalli, Bengaluru",3.0,11.0,Semi Furnished,Unknown,8.0,Ready to Move,,False
12000000.0,1114.0,2.0,2,1,"Belathur, K R Puram",2.0,30.0,Unfurnished,West,1.0,Ready to Move,,False
13000000.0,1054.0,2.0,2,2,"Manayata Tech Park, Thanisandra",6.0,23.0,Semi Furnished,East,1.0,Ready to Move,,False
11500000.0,988.0,2.0,2,1,"Uttarahalli -Manavarthekaval, Bengaluru",13.0,14.0,Unfurnished,West,,Ready to Move,,False
6000000.0,1173.0,2.0,2,1,"Bommasandra Industrial Area, Bommasandra",4.0,4.0,Fully Furnished,East,10.0,Ready to Move,,False
20500000.0,1715.0,3.0,3,1,"Akshaya Vana, Akshayanagar",14.0,14.0,Unfurnished,West,4.0,Ready to Move,,False
8000000.0,1405.0,3.0,2,1,"Mohammed Sab Palya, Vidyaranyapura",3.0,5.0,Semi Furnished,North,6.0,Ready to Move,,False
9250000.0,1380.0,3.0,2,1,"Bangalore City Municipal Corporation Layout, Bengaluru",4.0,5.0,Semi Furnished,North,10.0,Ready to Move,,False
24600000.0,1900.0,3.0,3,2,"Kuvempu Layout, Visthar",10.0,33.0,Unfurnished,North,,Upcoming,2028-09-30,True
26200000.0,2000.0,3.0,3,2,"Kuvempu Layout, Visthar",3.0,33.0,Unfurnished,East,,Upcoming,2028-09-30,True
12000000.0,1137.0,2.0,2,2,"Belathur, K R Puram",2.0,30.0,Unfurnished,East,1.0,Ready to Move,,False
32500000.0,2004.0,3.5,3,1,"Sathya Sai Layout, Whitefield",7.0,26.0,Unfurnished,East,,Upcoming,2027-08-01,True
16800000.0,1273.0,3.0,2,1,"Aishwarya Crystal Layout, Singasandra",6.0,18.0,Unfurnished,East,,Ready to Move,,False
8700000.0,1200.0,2.0,2,1,"7th Phase, JP Nagar",4.0,5.0,Semi Furnished,East,10.0,Ready to Move,,False
9500000.0,1500.0,3.0,2,1,"Seegehalli, K R Puram",4.0,6.0,Semi Furnished,North,5.0,Ready to Move,,False
8500000.0,1130.0,2.0,2,1,"Gunjur, Bengaluru",3.0,5.0,Semi Furnished,Unknown,10.0,Ready to Move,,False
16399999.999999998,1305.0,2.0,2,1,"Ali Estate, Yelahanka",12.0,16.0,Semi Furnished,West,7.0,Ready to Move,,False
7400000.0,965.0,2.0,2,1,"Sarjapur, Bengaluru",,,Semi Furnished,East,4.0,Ready to Move,,False
15500000.0,1100.0,3.0,3,1,"Rayasandra Layout, Choodasandra",2.0,5.0,Fully Furnished,North,4.0,Ready to Move,,False
27400000.000000004,1613.0,3.0,2,1,"Panathur, Bengaluru",14.0,19.0,Unfurnished,West,,Ready to Move,,False
26900000.0,1615.0,3.0,2,1,"Panathur, Bengaluru",5.0,19.0,Unfurnished,East,,Ready to Move,,False
22599999.999999996,1918.0,3.5,3,2,"Navarathna Agrahara, Bengaluru",11.0,26.0,Semi Furnished,East,7.0,Ready to Move,,False
10500000.0,986.0,2.0,2,1,"Hulimavu, Bengaluru",7.0,12.0,Semi Furnished,South,3.0,Ready to Move,,False
6500000.0,690.0,1.5,1,1,"Gummanahalli, Bengaluru",11.0,21.0,Unfurnished,Unknown,1.0,Ready to Move,,False
10500000.0,1360.0,3.0,2,2,"K R Puram, Bengaluru",0.0,5.0,Semi Furnished,West,4.0,Ready to Move,,False
33100000.0,2004.0,3.0,3,1,"Chansandra, Bengaluru",1.0,17.0,Unfurnished,West,,Upcoming,2026-07-31,True
14000000.0,1386.0,3.0,3,1,"Lakedew Residency- Phase 2, Harlur",3.0,3.0,Semi Furnished,East,6.0,Ready to Move,,False
24500000.0,1748.0,3.0,3,1,"Vakil Garden City, Bengaluru",18.0,20.0,Unfurnished,North,5.0,Ready to Move,,False
15000000.0,1381.0,3.0,3,1,"Gummanahalli, Bengaluru",17.0,25.0,Semi Furnished,East,,Ready to Move,,False
34600000.0,2097.0,3.0,3,1,"Chansandra, Bengaluru",0.0,11.0,Unfurnished,Unknown,,Upcoming,2026-07-31,True
11800000.0,924.0,2.0,2,1,"Uttarahalli -Manavarthekaval, Bengaluru",2.0,14.0,Semi Furnished,North,1.0,Ready to Move,,False
6859999.999999999,1006.0,2.0,2,1,"Skanda Avani, Chikkakannalli",1.0,4.0,Semi Furnished,East,10.0,Ready to Move,,False
45500000.0,3100.0,4.0,4,2,"7th Phase, JP Nagar",11.0,14.0,Semi Furnished,West,10.0,Ready to Move,,False
17500000.0,1690.0,3.0,3,1,"Chikkagubbi Village, Bengaluru",4.0,4.0,Semi Furnished,South,1.0,Ready to Move,,False
17000000.0,1560.0,3.0,3,1,"Gummanahalli, Bengaluru",14.0,25.0,Unfurnished,East,,Ready to Move,,False
32900000.0,2400.0,3.5,3,2,"Kuvempu Layout, Visthar",18.0,33.0,Unfurnished,East,,Upcoming,2028-09-30,True
33000000.0,1393.0,3.0,3,1,"Anjanadri Layout, Konanakunte",20.0,31.0,Semi Furnished,North,6.0,Ready to Move,,False
13300000.0,1070.0,2.0,2,1,"Skanda Avani, Chikkakannalli",1.0,16.0,Unfurnished,East,9.0,Ready to Move,,False
50000000.0,2218.0,3.0,3,1,"Akshaya Gardens, Akshayanagar",1.0,27.0,Unfurnished,West,10.0,Ready to Move,,False
15000000.0,1418.0,3.0,3,1,"Bommasandra Industrial Area, Bommasandra",9.0,13.0,Fully Furnished,East,4.0,Ready to Move,,False
11000000.0,980.0,2.0,2,1,"Belathur, K R Puram",4.0,27.0,Unfurnished,East,,Ready to Move,,False
9900000.0,1371.0,3.0,2,1,"K R Puram, Bengaluru",3.0,6.0,Semi Furnished,East,8.0,Ready to Move,,False
12500000.0,1560.0,3.0,3,1,"Glass Factory Layout, Electronic City",13.0,14.0,Fully Furnished,East,2.0,Ready to Move,,False
25299999.999999996,1611.0,3.0,2,1,"Panathur, Bengaluru",3.0,19.0,Unfurnished,East,,Ready to Move,,False
14400000.0,1085.0,2.0,2,0,"Rachenahalli, Jakkur",4.0,15.0,Unfurnished,East,,Upcoming,2026-08-27,True
16000000.0,1200.0,2.0,2,1,"Balagere, Bengaluru",12.0,14.0,Semi Furnished,North,5.0,Ready to Move,,False
11900000.0,1251.0,3.0,2,1,"Parkway Homes, Rayasandra",4.0,14.0,Semi Furnished,East,7.0,Ready to Move,,False
7890000.000000001,618.0,1.0,1,1,"Phase I, Electronic City",15.0,21.0,Semi Furnished,East,2.0,Ready to Move,,False
26000000.0,1950.0,3.0,3,1,"RR Nagar, Bengaluru",1.0,4.0,Semi Furnished,East,1.0,Ready to Move,,False
11600000.0,1226.0,2.5,2,1,"Budigere Cross, Bengaluru",17.0,19.0,Semi Furnished,Unknown,6.0,Ready to Move,,False
14500000.0,1043.0,2.0,2,1,"Phase I, Electronic City",3.0,21.0,Semi Furnished,Unknown,1.0,Ready to Move,,False
28100000.0,2200.0,3.0,3,2,"Sathnur, Bengaluru",9.0,14.0,Unfurnished,East,,Upcoming,2026-08-27,True
11000000.0,1090.0,2.0,2,1,"Raj Mahal Vilas 2nd Stage, RMV Extension Stage 2",3.0,4.0,Semi Furnished,North,7.0,Ready to Move,,False
31500000.0,1650.0,3.0,3,1,"Sri Balaji Krupa Layout, R.K. Hegde Nagar",26.0,34.0,Unfurnished,East,,Ready to Move,,False
22599999.999999996,1917.0,3.0,3,2,"Navarathna Agrahara, Bengaluru",14.0,22.0,Semi Furnished,East,7.0,Ready to Move,,False
28600000.0,2150.0,3.0,3,2,"Sathnur, Bengaluru",10.0,14.0,Unfurnished,East,,Upcoming,2026-08-27,True
12000000.0,1325.0,3.0,2,1,"Cholanayakanahalli, Hebbal",1.0,4.0,Semi Furnished,East,16.0,Ready to Move,,False
13500000.0,1520.0,3.0,3,2,"7th Phase, JP Nagar",2.0,5.0,Unfurnished,East,,Ready to Move,,False
14000000.0,1184.0,2.0,2,1,"Blue Waters, Parappana Agrahara",6.0,14.0,Semi Furnished,West,7.0,Ready to Move,,False
22200000.000000004,2340.0,3.0,3,2,"Ardendale, Kannamangala - Whitefield Hoskote Road",,,Unfurnished,Unknown,2.0,Ready to Move,,False
10000000.0,955.0,2.0,2,1,"Prakruthi Nagar, Kogilu",12.0,12.0,Unfurnished,West,,Ready to Move,,False
29000000.0,1900.0,3.5,3,2,"Jyotipuram, Bengaluru",10.0,23.0,Semi Furnished,North,1.0,Ready to Move,,False
9400000.0,840.0,2.0,1,1,"Dodsworth Layout, Whitefield",7.0,13.0,Unfurnished,West,,Ready to Move,,False
27900000.0,2000.0,3.0,3,2,"Kuvempu Layout, Visthar",23.0,33.0,Unfurnished,East,,Upcoming,2028-09-30,True
10700000.0,1310.0,2.0,2,1,"Varthur, Bengaluru",1.0,8.0,Unfurnished,West,,Ready to Move,,False
15000000.0,1100.0,2.0,2,1,"Brookefield, Bengaluru",6.0,12.0,Semi Furnished,North,9.0,Ready to Move,,False
39500000.0,1940.0,3.0,3,2,"5th Block, Koramangala",5.0,9.0,Unfurnished,East,,Ready to Move,,False
16500000.0,1533.0,3.0,3,1,"Nallurhalli, Whitefield",3.0,14.0,Fully Furnished,West,8.0,Ready to Move,,False
7500000.0,768.0,1.0,1,2,"Kannuru, Bengaluru",15.0,26.0,Semi Furnished,Unknown,7.0,Ready to Move,,False
23000000.0,2030.0,4.0,4,2,"Upkar Layout, Whitefield",23.0,27.0,Unfurnished,East,1.0,Ready to Move,,False
33000000.0,1360.0,3.0,3,1,"Anjanadri Layout, Konanakunte",2.0,31.0,Semi Furnished,North,6.0,Ready to Move,,False
15200000.0,1430.0,3.0,2,1,"Janatha Colony, Carmelaram",2.0,4.0,Unfurnished,West,,Ready to Move,,False
20000000.0,1698.0,3.0,2,1,"Aishwarya Crystal Layout, Begur",1.0,19.0,Unfurnished,East,1.0,Ready to Move,,False
24500000.0,933.0,2.0,2,1,"Begur, Bengaluru",8.0,28.0,Semi Furnished,East,1.0,Ready to Move,,False
8500000.0,753.0,2.0,2,1,"Boodihal, Bengaluru",7.0,15.0,Unfurnished,East,2.0,Ready to Move,,False
9000000.0,1100.0,2.0,2,1,"HAL 2nd Stage, Indira Nagar",1.0,4.0,Semi Furnished,East,17.0,Ready to Move,,False
15500000.0,1231.0,2.0,2,1,"Hanumanthappa Layout, Kyalasanahalli",14.0,19.0,Semi Furnished,Unknown,7.0,Ready to Move,,False
14600000.0,1550.0,3.0,3,1,"Hennur Bande, Kalyan Nagar",1.0,5.0,Semi Furnished,West,5.0,Ready to Move,,False
8200000.0,1052.0,2.0,2,1,"Chikkakannalli, Bengaluru",2.0,4.0,Semi Furnished,Unknown,8.0,Ready to Move,,False
16600000.0,1342.0,2.5,2,1,"Phase I, Electronic City",1.0,18.0,Semi Furnished,Unknown,5.0,Ready to Move,,False
60000000.0,2195.0,3.5,3,1,"Tigalarpalya, Brookefield",4.0,6.0,Fully Furnished,West,3.0,Ready to Move,,False
26000000.0,1583.0,3.0,3,1,"Spice Garden Layout, Munnekollal",3.0,9.0,Fully Furnished,West,14.0,Ready to Move,,False
25000000.0,1799.0,3.0,3,1,"Kempapura, Bellandur",0.0,5.0,Semi Furnished,West,6.0,Ready to Move,,False
13500000.0,1320.0,2.0,2,1,"Gunjur Village, Bengaluru",4.0,4.0,Fully Furnished,East,2.0,Ready to Move,,False
6000000.0,1032.0,3.0,2,1,"Sarjapur, Bengaluru",1.0,5.0,Semi Furnished,Unknown,9.0,Ready to Move,,False
13500000.0,1088.0,3.0,2,1,"Chaithanya Samarth, Bommenahalli",9.0,14.0,Unfurnished,East,3.0,Ready to Move,,False
19500000.0,1567.0,3.0,2,1,"Chikkagubbi Village, Bengaluru",17.0,21.0,Unfurnished,West,,Upcoming,2026-09-01,True
27500000.0,1740.0,3.0,3,1,"Glen Classic, Devinagar",6.0,18.0,Semi Furnished,Unknown,4.0,Ready to Move,,False
12600000.0,981.0,2.0,2,1,"Dodsworth Layout, Whitefield",27.0,28.0,Unfurnished,East,,Ready to Move,,False
21800000.0,1550.0,3.0,3,1,"Balagere, Bengaluru",10.0,17.0,Unfurnished,West,1.0,Ready to Move,,False
9000000.0,1100.0,2.0,2,1,"Saraswathi Nagar, Vijayanagar",1.0,3.0,Semi Furnished,Unknown,12.0,Ready to Move,,False
25000000.0,2014.0,3.0,3,2,"Sannatammanahalli, Battarahalli",10.0,38.0,Unfurnished,North,7.0,Ready to Move,,False
7400000.0,690.0,2.0,1,1,"Gummanahalli, Bengaluru",9.0,21.0,Unfurnished,East,2.0,Ready to Move,,False
11000000.0,1096.0,2.0,2,1,"Phase 1, Whitefield",2.0,4.0,Semi Furnished,East,9.0,Ready to Move,,False
9000000.0,950.0,2.0,2,1,"Thomas Town, Cooke Town",1.0,3.0,Semi Furnished,East,2.0,Ready to Move,,False
45000000.0,3800.0,5.0,5,2,"Koralur, Thirumalashettyhally",2.0,4.0,Fully Furnished,East,1.0,Ready to Move,,False
11500000.0,486.0,1.0,1,1,"Shabhari Nagar, Sahakara Nagar",5.0,14.0,Fully Furnished,Unknown,1.0,Ready to Move,,False
21000000.0,1343.0,3.0,3,1,"Janatha Colony, Carmelaram",5.0,16.0,Fully Furnished,Unknown,6.0,Ready to Move,,False
12500000.0,1351.0,3.0,3,1,"Budigere Cross, Bengaluru",4.0,19.0,Semi Furnished,South,6.0,Ready to Move,,False
24400000.0,1950.0,3.0,3,2,"Kuvempu Layout, Visthar",11.0,30.0,Unfurnished,East,,Upcoming,2026-08-27,True
150000000.0,4900.0,5.0,6,4,"One Bangalore West, Rajajinagar",10.0,30.0,Semi Furnished,East,4.0,Ready to Move,,False
8000000.0,950.0,2.0,2,1,"Boovanahalli, Bengaluru",19.0,21.0,Semi Furnished,Unknown,1.0,Ready to Move,,False
16500000.0,1580.0,3.0,3,1,"Varthur, Bengaluru",11.0,21.0,Unfurnished,East,,Ready to Move,,False
9900000.0,973.0,2.0,2,1,"Gummanahalli, Bengaluru",16.0,25.0,Semi Furnished,East,,Ready to Move,,False
9500000.0,1400.0,2.0,2,1,"NN Farm Layout, Sanjaynagar",1.0,3.0,Semi Furnished,North,5.0,Ready to Move,,False
22000000.0,1230.0,2.0,2,2,"Anjanadri Layout, Konanakunte",5.0,32.0,Semi Furnished,North,6.0,Ready to Move,,False
26000000.0,1700.0,3.0,3,2,"Lakedew Residency- Phase 2, Harlur",17.0,18.0,Semi Furnished,West,1.0,Ready to Move,,False
7300000.0,880.0,2.0,2,1,"Volagerekallahalli, Bengaluru",1.0,5.0,Unfurnished,East,,Ready to Move,,False
22000000.0,1470.0,3.0,3,1,"Bommenahalli, Bengaluru",13.0,18.0,Unfurnished,East,,Ready to Move,,False
60100000.0,2154.0,4.0,3,1,"Sudhama Nagar, Bengaluru",6.0,15.0,Unfurnished,Unknown,,Upcoming,2026-08-19,True
9000000.0,1225.0,2.0,2,0,"Basapura, Bengaluru",,,Semi Furnished,Unknown,,Ready to Move,,False
56500000.0,2200.0,3.0,3,1,"Gundappa Layout, Gottigere",8.0,19.0,Unfurnished,Unknown,,Ready to Move,,False
50000000.0,3300.0,4.0,4,4,"Industrial Suburb, Yeswanthpur",15.0,21.0,Semi Furnished,North,2.0,Ready to Move,,False
5500000.0,814.0,2.0,2,1,"Dasanapura, Bengaluru",12.0,14.0,Unfurnished,South,2.0,Ready to Move,,False
10200000.0,689.0,1.0,1,1,"Self Financed Society 208 Colony, Yelahanka New Town",3.0,6.0,Unfurnished,West,,Upcoming,2026-08-27,True
17500000.0,1780.0,3.0,3,1,"OMBR Layout, Banaswadi",3.0,5.0,Semi Furnished,North,9.0,Ready to Move,,False
28000000.0,1680.0,3.0,3,1,"Sri Balaji Krupa Layout, R.K. Hegde Nagar",10.0,32.0,Unfurnished,East,1.0,Ready to Move,,False
20000000.0,1490.0,3.0,3,1,"Chikkakannalli, Bengaluru",14.0,27.0,Unfurnished,Unknown,1.0,Ready to Move,,False
16500000.0,1451.0,3.0,2,1,"Hosahalli, Bengaluru",5.0,15.0,Semi Furnished,Unknown,1.0,Ready to Move,,False
5000000.0,1080.0,2.0,2,1,"Thirumagondanahalli, Bengaluru",2.0,4.0,Semi Furnished,East,10.0,Ready to Move,,False
16399999.999999998,1630.0,3.0,3,1,"Plumeria, Kaggalipura",6.0,8.0,Semi Furnished,East,7.0,Ready to Move,,False
8200000.0,1125.0,2.0,2,1,"Varthur, Bengaluru",4.0,5.0,Semi Furnished,East,10.0,Ready to Move,,False
19500000.0,1524.0,3.0,3,1,"Adityanagar, Vidyaranyapura",14.0,15.0,Semi Furnished,East,,Ready to Move,,False
11500000.0,1015.0,2.0,2,1,"Upkar Layout, Whitefield",8.0,27.0,Unfurnished,East,1.0,Ready to Move,,False
19900000.0,1498.0,3.0,3,1,"Aishwarya Crystal Layout, Singasandra",8.0,19.0,Unfurnished,East,,Ready to Move,,False
120000000.0,2678.0,3.0,3,2,"One Bangalore West, Rajajinagar",23.0,29.0,Unfurnished,East,5.0,Ready to Move,,False
11500000.0,1074.0,2.0,2,1,"Kambipura, Bengaluru",8.0,18.0,Semi Furnished,North,7.0,Ready to Move,,False
22500000.0,950.0,2.0,2,1,"Block 2, Agrahara Layout",5.0,14.0,Semi Furnished,North,,Upcoming,2028-12-01,True
14000000.0,1440.0,2.0,2,1,"Dommasandra, Bengaluru",14.0,15.0,Semi Furnished,Unknown,9.0,Ready to Move,,False
24000000.0,1656.0,3.0,3,1,"Gunjur Village, Bengaluru",8.0,26.0,Semi Furnished,Unknown,7.0,Ready to Move,,False
9500000.0,1130.0,2.0,2,1,"ISRO Akash Vihar Layout, Gantiganahalli",3.0,4.0,Semi Furnished,East,2.0,Ready to Move,,False
23000000.0,1869.0,3.0,3,2,"Navarathna Agrahara, Bengaluru",13.0,26.0,Semi Furnished,North,,Upcoming,2026-07-11,True
32599999.999999996,2273.0,3.0,2,1,"Hosapalya, Kudlu Gate",5.0,20.0,Unfurnished,Unknown,,Upcoming,2030-12-01,True
37000000.0,1809.0,3.0,3,3,"Nagondanahalli, Bengaluru",14.0,17.0,Fully Furnished,East,1.0,Ready to Move,,False
149800000.0,7800.0,4.0,4,3,"Hebbal Kempapura, Bengaluru",3.0,10.0,Semi Furnished,East,3.0,Ready to Move,,False
14000000.0,1385.0,3.0,2,1,"Phase 1, Whitefield",6.0,10.0,Unfurnished,East,4.0,Ready to Move,,False
7800000.0,900.0,2.0,2,1,"Sompura, Bengaluru",3.0,4.0,Semi Furnished,North,2.0,Ready to Move,,False
8200000.0,1073.0,2.0,2,0,"Konena Agrahara, Murugeshpalya",4.0,7.0,Semi Furnished,Unknown,30.0,Ready to Move,,False
21000000.0,1743.0,3.5,3,1,"Budigere Cross, Bengaluru",7.0,18.0,Unfurnished,East,,Upcoming,2026-09-02,True
18000000.0,1482.0,3.0,3,1,"Virgonagar, Aavalahalli",5.0,24.0,Unfurnished,East,1.0,Ready to Move,,False
10500000.0,704.0,2.0,2,1,"Gummanahalli, Bengaluru",20.0,22.0,Unfurnished,East,,Upcoming,2029-06-01,True
17000000.0,1415.0,2.0,2,1,"Raghuvanahalli, Bangalore City Municipal Corporation Layout",3.0,13.0,Unfurnished,West,1.0,Ready to Move,,False
19500000.0,1804.0,3.0,3,1,"Kasavanahalli, Bengaluru",6.0,8.0,Fully Furnished,West,15.0,Ready to Move,,False
20000000.0,1702.0,3.0,3,1,"Prakruthi Nagar, Kogilu",2.0,4.0,Semi Furnished,Unknown,4.0,Ready to Move,,False
9800000.0,641.0,1.0,1,0,"Gunjur Palya, Bengaluru",2.0,4.0,Semi Furnished,North,10.0,Ready to Move,,False
12800000.0,1124.0,3.0,3,2,"Judicial Layout 2nd Phase, Talaghattapura",5.0,13.0,Semi Furnished,East,,Ready to Move,,False
19500000.0,1756.0,3.0,3,2,"Devin Paradise Enclave, Chokkanahalli",14.0,35.0,Unfurnished,East,1.0,Ready to Move,,False
71000000.0,3100.0,4.0,4,2,"Nagashetty Halli, RMV Extension Stage 2",5.0,22.0,Semi Furnished,Unknown,8.0,Ready to Move,,False
12000000.0,1280.0,2.0,2,1,"Hosahalli, Bengaluru",12.0,15.0,Semi Furnished,Unknown,1.0,Ready to Move,,False
11700000.0,1074.0,2.0,2,1,"Kambipura, Bengaluru",8.0,12.0,Unfurnished,East,7.0,Ready to Move,,False
15000000.0,1200.0,2.0,2,1,"Balagere, Bengaluru",14.0,14.0,Unfurnished,Unknown,5.0,Ready to Move,,False
15000000.0,1235.0,2.0,2,1,"Veer Sandra, Electronic City",0.0,5.0,Semi Furnished,Unknown,10.0,Ready to Move,,False
13000000.0,1362.0,2.0,2,1,"Choodasandra, Bengaluru",4.0,4.0,Semi Furnished,North,10.0,Ready to Move,,False
37900000.0,2740.0,3.0,3,1,"Vyalikaval HBCS Layout, Nagavara",7.0,10.0,Unfurnished,East,,Upcoming,2026-08-27,True
17000000.0,1114.0,2.0,2,1,"Adarsh Palm Retreat, Bellandur",1.0,14.0,Semi Furnished,North,2.0,Ready to Move,,False
41000000.0,2434.0,3.0,3,2,"Pai Layout, Mahadevapura",6.0,18.0,Semi Furnished,West,10.0,Ready to Move,,False
17500000.0,1692.0,3.0,3,1,"Chikkagubbi Village, Bengaluru",4.0,4.0,Semi Furnished,South,1.0,Ready to Move,,False
23400000.0,1948.0,3.0,4,1,"Navarathna Agrahara, Bengaluru",8.0,26.0,Semi Furnished,West,7.0,Ready to Move,,False
25299999.999999996,2019.0,3.0,3,1,"Devin Paradise Enclave, Chokkanahalli",16.0,19.0,Semi Furnished,North,4.0,Ready to Move,,False
26000000.0,1450.0,3.0,3,1,"B Narayanapura, Mahadevapura",4.0,13.0,Semi Furnished,Unknown,6.0,Ready to Move,,False
14300000.0,1164.0,2.0,2,1,"Vinayak Layout, Medahalli",1.0,26.0,Unfurnished,East,1.0,Ready to Move,,False
13500000.0,979.0,2.0,2,1,"Sarjapur, Bengaluru",18.0,29.0,Unfurnished,North,,Ready to Move,,False
26000000.0,1725.0,3.5,4,3,"Jayanagar Housing Society Layout, Subramanyapura",6.0,18.0,Semi Furnished,West,4.0,Ready to Move,,False
5500000.0,609.0,1.0,1,1,"Bommasandra Industrial Area, Bommasandra",8.0,13.0,Semi Furnished,West,4.0,Ready to Move,,False
11000000.0,1100.0,2.0,2,1,"Prakruthi Nagar, Kogilu",8.0,12.0,Unfurnished,West,1.0,Ready to Move,,False
28500000.0,1640.0,3.0,3,1,"7th Phase, JP Nagar",18.0,20.0,Semi Furnished,North,13.0,Ready to Move,,False
16500000.0,1430.0,3.0,2,1,"Durgappa Layout, Agrahara Layout",2.0,4.0,Semi Furnished,North-East,2.0,Ready to Move,,False
11200000.000000002,1062.0,2.0,2,1,"Hosahalli, Bengaluru",4.0,13.0,Unfurnished,East,2.0,Ready to Move,,False
18900000.0,1400.0,2.0,2,1,"Kuvempu Layout, Visthar",9.0,33.0,Unfurnished,North,,Upcoming,2028-09-30,True
13400000.0,981.0,2.0,2,1,"Dodsworth Layout, Whitefield",23.0,27.0,Unfurnished,East,,Ready to Move,,False
17800000.0,1520.0,3.0,3,1,"Gunjur Village, Bengaluru",5.0,23.0,Semi Furnished,West,,Ready to Move,,False
40000000.0,2330.0,4.0,4,1,"7th Phase, JP Nagar",0.0,12.0,Unfurnished,North,1.0,Ready to Move,,False
12500000.0,1067.0,3.0,3,1,"Gummanahalli, Bengaluru",10.0,28.0,Unfurnished,North,,Ready to Move,,False
9900000.0,883.0,2.0,2,1,"Kambipura, Bengaluru",9.0,12.0,Unfurnished,West,,Upcoming,2028-12-30,True
73500000.0,4200.0,4.0,4,2,"Kannuru, Bengaluru",15.0,17.0,Semi Furnished,Unknown,6.0,Ready to Move,,False
38900000.0,2500.0,4.0,4,2,"Seetharampalya, Hoodi",6.0,17.0,Unfurnished,East,6.0,Ready to Move,,False
6498999.999999999,690.0,1.5,1,1,"Gummanahalli, Bengaluru",7.0,20.0,Unfurnished,East,1.0,Ready to Move,,False
9200000.0,938.0,2.0,2,1,"Gummanahalli, Bengaluru",20.0,21.0,Unfurnished,East,,Upcoming,2029-06-01,True
34500000.0,1655.0,3.0,3,2,"Shabhari Nagar, Sahakara Nagar",11.0,14.0,Semi Furnished,East,2.0,Ready to Move,,False
8700000.0,1079.0,2.0,2,1,"Belathur, K R Puram",1.0,4.0,Semi Furnished,West,10.0,Ready to Move,,False
18500000.0,1261.0,2.0,2,1,"Ambedkar Nagar, Carmelaram",15.0,18.0,Semi Furnished,Unknown,5.0,Ready to Move,,False
11500000.0,1257.0,2.0,2,1,"Parkway Homes, Rayasandra",13.0,14.0,Semi Furnished,East,7.0,Ready to Move,,False
28000000.0,1942.0,3.0,3,1,"Kothnur, Gottigere",15.0,19.0,Unfurnished,East,1.0,Ready to Move,,False
15500000.0,1474.0,3.0,2,1,"Hosahalli, Bengaluru",3.0,15.0,Semi Furnished,Unknown,1.0,Ready to Move,,False
25000000.0,1700.0,3.0,3,1,"Hulimavu, Bengaluru",6.0,12.0,Semi Furnished,East,7.0,Ready to Move,,False
9180000.0,1165.0,2.0,2,2,"Seegehalli, K R Puram",,,Semi Furnished,East,9.0,Ready to Move,,False
9000000.0,1310.0,3.0,2,1,"BEL Stage 1, Bedarahalli",3.0,4.0,Semi Furnished,East,11.0,Ready to Move,,False
29000000.0,1490.0,3.0,3,2,"Hadosiddapura, Carmelaram",14.0,19.0,Semi Furnished,East,2.0,Ready to Move,,False
14800000.0,1137.0,2.0,2,1,"Upkar Layout, Whitefield",4.0,30.0,Unfurnished,East,,Upcoming,2026-08-24,True
34500000.0,2250.0,3.0,3,2,"Subramanyapura, Bengaluru",11.0,18.0,Semi Furnished,North,11.0,Ready to Move,,False
6800000.0,738.0,2.0,2,1,"Bendiganahalli, Bengaluru",6.0,14.0,Unfurnished,Unknown,1.0,Ready to Move,,False
19500000.0,1536.0,3.0,3,1,"V. Kallahalli, Bengaluru",23.0,27.0,Unfurnished,West,,Ready to Move,,False
11500000.0,1062.0,2.0,2,1,"Hosahalli, Bengaluru",9.0,13.0,Unfurnished,East,4.0,Ready to Move,,False
32200000.000000004,2473.0,3.0,4,1,"Virgonagar, Aavalahalli",34.0,39.0,Unfurnished,North,,Ready to Move,,False
4700000.0,910.0,2.0,2,1,"Terracon Doctors Enclave, Chandapura",2.0,10.0,Semi Furnished,East,4.0,Ready to Move,,False
12800000.0,1219.0,2.0,2,2,"Ali Estate, Yelahanka",5.0,6.0,Unfurnished,West,,Upcoming,2026-08-27,True
31000000.0,2350.0,3.5,4,2,"Ranka Colony, Bilekahalli",4.0,12.0,Semi Furnished,East,12.0,Ready to Move,,False
17000000.0,1191.0,2.0,2,1,"Virgonagar, Aavalahalli",31.0,39.0,Unfurnished,East,7.0,Ready to Move,,False
35500000.0,1645.0,3.0,3,1,"Shabhari Nagar, Sahakara Nagar",4.0,14.0,Semi Furnished,East,5.0,Ready to Move,,False
12000000.0,1275.0,3.0,3,1,"Subramanyapura, Bengaluru",2.0,4.0,Unfurnished,East,6.0,Ready to Move,,False
14500000.0,1409.0,3.0,3,1,"Gummanahalli, Bengaluru",10.0,18.0,Unfurnished,East,,Ready to Move,,False
18100000.0,1780.0,3.0,3,2,"Singanayakanahalli Amanikere, Bengaluru",5.0,6.0,Unfurnished,East,,Upcoming,2026-09-20,True
20500000.0,1420.0,3.0,3,1,"Nallurhalli, Whitefield",41.0,42.0,Unfurnished,East,,Ready to Move,,False
700000000.0,8321.0,4.0,5,3,"D Souza Layout, Lavelle Road",15.0,25.0,Semi Furnished,North,8.0,Ready to Move,,False
11800000.0,1179.0,2.0,2,1,"Parkway Homes, Rayasandra",9.0,14.0,Semi Furnished,West,7.0,Ready to Move,,False
8600000.0,752.0,1.0,1,1,"Manayata Tech Park, Thanisandra",3.0,23.0,Semi Furnished,East,1.0,Ready to Move,,False
8500000.0,813.0,2.0,2,1,"Anekal, Bengaluru",9.0,15.0,Unfurnished,East,1.0,Ready to Move,,False
7300000.0,600.0,1.0,1,1,"Aishwarya Crystal Layout, Begur",6.0,19.0,Unfurnished,East,1.0,Ready to Move,,False
19000000.0,1950.0,3.0,3,2,"Dollars Colony, RMV Extension Stage 2",3.0,4.0,Semi Furnished,South,10.0,Ready to Move,,False
9900000.0,1043.0,3.0,2,1,"Huvinayakanahalli, Bengaluru",8.0,22.0,Semi Furnished,West,2.0,Ready to Move,,False
10000000.0,1229.0,3.0,2,1,"Gummanahalli, Bengaluru",3.0,29.0,Unfurnished,Unknown,1.0,Ready to Move,,False
32000000.0,2027.0,3.0,3,1,"Budigere Cross, Bengaluru",34.0,38.0,Unfurnished,East,,Upcoming,2029-01-01,True
31500000.0,2027.0,3.0,3,1,"Budigere Cross, Bengaluru",12.0,38.0,Unfurnished,North,,Upcoming,2029-01-01,True
15000000.0,1048.0,2.0,2,0,"Lottegollahalli, Devinagar",2.0,4.0,Semi Furnished,West,1.0,Ready to Move,,False
11000000.0,1030.0,2.0,2,1,"Yelahanka, Bengaluru",7.0,14.0,Fully Furnished,West,4.0,Ready to Move,,False
40700000.0,2213.0,3.0,3,2,"Binny Pete, Jagajeevanram Nagar",5.0,32.0,Unfurnished,East,,Ready to Move,,False
12000000.0,1200.0,2.0,2,0,"VISL Layout, Talaghattapura",2.0,8.0,Semi Furnished,North,3.0,Ready to Move,,False
12000000.0,969.0,2.0,2,0,"Begur, Bengaluru",7.0,24.0,Unfurnished,East,,Upcoming,2026-09-15,True
25299999.999999996,1611.0,3.0,2,1,"Panathur, Bengaluru",14.0,18.0,Unfurnished,West,,Ready to Move,,False
18500000.0,1200.0,2.0,2,1,"Carmelaram, Bengaluru",9.0,14.0,Semi Furnished,Unknown,2.0,Ready to Move,,False
19000000.0,1279.0,2.0,2,1,"Sri Balaji Krupa Layout, R.K. Hegde Nagar",6.0,34.0,Unfurnished,West,1.0,Ready to Move,,False
35000000.0,2500.0,4.5,5,5,"Jakkur, Bengaluru",32.0,34.0,Unfurnished,North,,Ready to Move,,False
8100000.0,856.0,2.0,2,1,"Gulimangala, Bengaluru",5.0,7.0,Unfurnished,East,1.0,Ready to Move,,False
7500000.0,850.0,2.0,2,1,"Hoskote, Bengaluru",12.0,12.0,Fully Furnished,Unknown,,Ready to Move,,False
21000000.0,1431.0,3.0,3,1,"Gummanahalli, Bengaluru",10.0,20.0,Fully Furnished,East,2.0,Ready to Move,,False
13000000.0,780.0,2.0,2,1,"Balagere, Bengaluru",6.0,12.0,Semi Furnished,Unknown,5.0,Ready to Move,,False
18000000.0,1575.0,3.0,3,1,"Doddathoguru, Electronic City",3.0,21.0,Semi Furnished,East,4.0,Ready to Move,,False
17000000.0,1500.0,3.0,3,1,"Aishwarya Crystal Layout, Begur",9.0,18.0,Unfurnished,Unknown,1.0,Ready to Move,,False
20000000.0,1569.0,3.0,3,1,"Sri Balaji Krupa Layout, Thanisandra",13.0,15.0,Semi Furnished,West,8.0,Ready to Move,,False
8050000.0,957.0,2.0,2,1,"Dommasandra, Bengaluru",10.0,13.0,Semi Furnished,East,3.0,Ready to Move,,False
16000000.0,1260.0,3.0,2,1,"Srinivasa Nagar, Banashankari",4.0,13.0,Semi Furnished,South,9.0,Ready to Move,,False
10500000.0,1297.0,3.0,2,1,"Gunjur, Bengaluru",3.0,5.0,Semi Furnished,West,13.0,Ready to Move,,False
16000000.0,1050.0,2.0,2,1,"Vastu Bhoomi, K R Puram",10.0,16.0,Unfurnished,East,,Upcoming,2026-09-05,True
6600000.0,1083.0,3.0,3,1,"Kambipura, Bengaluru",2.0,12.0,Unfurnished,Unknown,,Ready to Move,,False
13500000.0,1000.0,2.0,2,1,"Balagere, Bengaluru",13.0,14.0,Unfurnished,North,5.0,Ready to Move,,False
9500000.0,1795.0,3.0,2,1,"Phase I, Electronic City",3.0,6.0,Semi Furnished,North,9.0,Ready to Move,,False
15500000.0,1450.0,3.0,2,1,"Hosahalli, Bengaluru",11.0,15.0,Semi Furnished,West,2.0,Ready to Move,,False
11900000.0,1225.0,2.0,2,1,"Ali Estate, Yelahanka",1.0,14.0,Semi Furnished,East,10.0,Ready to Move,,False
8000000.0,1225.0,2.0,2,1,"Rajanukunte, Bengaluru",2.0,4.0,Unfurnished,East,1.0,Ready to Move,,False
13500000.0,1021.0,3.0,3,2,"Gummanahalli, Bengaluru",18.0,20.0,Unfurnished,North,2.0,Ready to Move,,False
8000000.0,1225.0,2.0,2,1,"Rajanukunte, Bengaluru",3.0,4.0,Unfurnished,West,1.0,Ready to Move,,False
29000000.0,2181.0,3.0,3,2,"Sri Balaji Krupa Layout, R.K. Hegde Nagar",26.0,31.0,Unfurnished,Unknown,1.0,Ready to Move,,False
20000000.0,1365.0,3.0,2,2,"Ardendale, Kannamangala - Whitefield Hoskote Road",6.0,27.0,Unfurnished,East,1.0,Ready to Move,,False
26000000.0,1650.0,3.0,3,1,"Bellandur, Bengaluru",3.0,5.0,Semi Furnished,Unknown,9.0,Ready to Move,,False
24600000.0,1861.0,3.0,3,1,"Swamy Shivanandapuram, Shivaji Nagar",1.0,5.0,Unfurnished,North,7.0,Ready to Move,,False
35000000.0,2500.0,4.5,5,2,"Jakkur, Bengaluru",34.0,36.0,Unfurnished,North,,Ready to Move,,False
8800000.0,1214.0,2.0,2,1,"Varthur, Bengaluru",3.0,4.0,Semi Furnished,East,6.0,Ready to Move,,False
14500000.0,1835.0,3.0,3,1,"Green Glen Layout, Bellandur",3.0,3.0,Semi Furnished,West,14.0,Ready to Move,,False
22500000.0,1500.0,3.0,3,1,"Varthur, Bengaluru",5.0,18.0,Semi Furnished,East,5.0,Ready to Move,,False
22000000.0,1760.0,3.0,3,1,"Markandhaiha Nagar, Agrahara Layout",1.0,12.0,Semi Furnished,Unknown,8.0,Ready to Move,,False
12500000.0,1060.0,2.0,2,1,"Manayata Tech Park, Thanisandra",10.0,23.0,Unfurnished,Unknown,1.0,Ready to Move,,False
13000000.0,870.0,2.0,2,1,"Buena Vista, Bommenahalli",7.0,14.0,Semi Furnished,Unknown,4.0,Ready to Move,,False
7000000.0,1148.0,2.0,2,1,"Sarjapur, Bengaluru",2.0,4.0,Semi Furnished,West,8.0,Ready to Move,,False
23000000.0,1600.0,2.0,2,2,"Stage 3, Indira Nagar",0.0,4.0,Semi Furnished,Unknown,8.0,Ready to Move,,False
29500000.0,1430.0,3.0,3,1,"Devanahalli, Bengaluru",9.0,15.0,Unfurnished,East,2.0,Ready to Move,,False
18000000.0,2174.0,3.0,3,1,"Dodsworth Layout, Whitefield",2.0,5.0,Semi Furnished,East,17.0,Ready to Move,,False
8500000.0,1174.0,2.0,2,1,"Belathur, K R Puram",0.0,6.0,Semi Furnished,West,8.0,Ready to Move,,False
19500000.0,1705.0,3.0,3,1,"Vijaya Bank Layout, Bilekahalli",1.0,8.0,Semi Furnished,East,21.0,Ready to Move,,False
8000000.0,1100.0,2.0,2,1,"Ayyappa Nagar, K R Puram",2.0,5.0,Fully Furnished,East,2.0,Ready to Move,,False
12900000.0,1575.0,3.0,3,1,"Panathur, Bengaluru",3.0,6.0,Semi Furnished,North,8.0,Ready to Move,,False
24700000.000000004,1750.0,3.0,2,1,"Subramanyapura, Bengaluru",2.0,10.0,Semi Furnished,Unknown,11.0,Ready to Move,,False
30000000.0,2000.0,4.0,4,2,"AECS C Block, Begur",13.0,14.0,Semi Furnished,West,10.0,Ready to Move,,False
26000000.0,1804.0,3.0,3,1,"Balagere, Bengaluru",6.0,17.0,Unfurnished,East,1.0,Ready to Move,,False
9800000.0,975.0,2.0,2,1,"Parkway Homes, Rayasandra",7.0,19.0,Semi Furnished,West,7.0,Ready to Move,,False
28000000.0,1350.0,3.0,3,1,"Seetharampalya, Hoodi",1.0,16.0,Semi Furnished,North,2.0,Ready to Move,,False
8900000.0,1220.0,3.0,2,1,"9th Phase, JP Nagar",1.0,4.0,Semi Furnished,East,1.0,Ready to Move,,False
13000000.0,1340.0,2.0,2,1,"Munnekollal, Bengaluru",3.0,5.0,Semi Furnished,East,13.0,Ready to Move,,False
16000000.0,1100.0,2.0,2,1,"Varthur, Bengaluru",15.0,26.0,Semi Furnished,East,3.0,Ready to Move,,False
14500000.0,1272.0,2.0,2,1,"Suncity Gloria, Carmelaram",7.0,14.0,Semi Furnished,Unknown,7.0,Ready to Move,,False
27799999.999999996,1858.0,3.5,4,1,"Devasthanagalu, Varthur",15.0,32.0,Unfurnished,West,,Ready to Move,,False
7400000.0,1147.0,2.0,1,1,"Eastwood Township, Harlur",2.0,4.0,Semi Furnished,North,12.0,Ready to Move,,False
21500000.0,1499.0,3.0,3,1,"Yadavanahalli, Bengaluru",35.0,39.0,Semi Furnished,East,,Ready to Move,,False
13500000.0,1523.0,3.0,3,1,"Isha Misty Green, Chansandra",3.0,4.0,Semi Furnished,East,9.0,Ready to Move,,False
32799999.999999996,1915.0,3.0,3,1,"Panathur, Bengaluru",15.0,19.0,Unfurnished,North,,Ready to Move,,False
17900000.0,1470.0,2.0,2,1,"Kuvempu Layout, Visthar",16.0,30.0,Unfurnished,North,,Upcoming,2026-08-27,True
27500000.0,1430.0,3.0,3,1,"Muniswara Nagar, Yeswanthpur",3.0,10.0,Semi Furnished,West,4.0,Ready to Move,,False
18000000.0,1386.0,3.0,3,1,"Dommasandra, Bengaluru",30.0,31.0,Unfurnished,North,,Ready to Move,,False
49500000.0,2531.0,4.0,5,1,"Langford Gardens, Bengaluru",2.0,3.0,Semi Furnished,East,30.0,Ready to Move,,False
25400000.0,1907.0,3.0,3,1,"Virgonagar, Aavalahalli",26.0,39.0,Unfurnished,North-East,,Ready to Move,,False
17500000.0,1386.0,3.0,3,1,"Dommasandra, Bengaluru",18.0,31.0,Unfurnished,East,,Ready to Move,,False
14000000.0,957.0,2.0,2,2,"Phase I, Electronic City",17.0,21.0,Semi Furnished,East,5.0,Ready to Move,,False
28000000.0,1500.0,3.0,3,1,"Varthur, Bengaluru",8.0,22.0,Semi Furnished,West,5.0,Ready to Move,,False
33200000.0,2013.0,3.0,4,1,"Jyotipuram, Bengaluru",17.0,28.0,Unfurnished,East,1.0,Ready to Move,,False
22000000.0,1640.0,3.0,3,1,"Kadagrahara, Bengaluru",3.0,8.0,Unfurnished,East,1.0,Ready to Move,,False
11299999.999999998,1005.0,2.0,2,1,"Prakruthi Nagar, Kogilu",7.0,12.0,Unfurnished,East,1.0,Ready to Move,,False
16900000.0,1285.0,2.0,2,1,"Kanakapura, Bengaluru",5.0,26.0,Unfurnished,North,1.0,Ready to Move,,False
20000000.0,1711.0,3.0,3,2,"Boodihal, Bengaluru",10.0,14.0,Semi Furnished,North,6.0,Ready to Move,,False
7300000.0,1000.0,2.0,2,2,"Bommasandra Industrial Area, Electronic City",10.0,12.0,Semi Furnished,East,2.0,Ready to Move,,False
14800000.0,1377.0,3.0,2,1,"Dodsworth Layout, Whitefield",1.0,6.0,Semi Furnished,North,8.0,Ready to Move,,False
15500000.0,1200.0,2.0,2,1,"Konappana Agrahara, Electronic City",18.0,21.0,Semi Furnished,East,1.0,Ready to Move,,False
12900000.0,984.0,2.0,2,1,"Sarjapur, Bengaluru",10.0,13.0,Unfurnished,Unknown,3.0,Ready to Move,,False
14300000.0,1333.0,3.0,3,1,"Dodsworth Layout, Whitefield",7.0,15.0,Semi Furnished,North,2.0,Ready to Move,,False
55000000.0,2360.0,3.0,3,4,"One Bangalore West, Rajajinagar",12.0,30.0,Semi Furnished,North,1.0,Ready to Move,,False
43500000.0,2980.0,4.0,4,1,"7th Phase, JP Nagar",10.0,14.0,Fully Furnished,West,10.0,Ready to Move,,False
10500000.0,550.0,1.0,1,1,"Devasthanagalu, Varthur",27.0,33.0,Unfurnished,West,,Upcoming,2026-06-02,True
28000000.0,1800.0,3.0,3,1,"Divyasree Elan Homes, Bellandur",6.0,16.0,Semi Furnished,East,15.0,Ready to Move,,False
8700000.0,1078.0,2.0,2,1,"Belathur, K R Puram",1.0,4.0,Semi Furnished,West,10.0,Ready to Move,,False
17500000.0,2500.0,7.0,5,1,"Stage 2, BTM Layout 2nd Stage",0.0,3.0,Semi Furnished,North,8.0,Ready to Move,,False
10400000.0,1092.0,2.0,2,1,"Dodsworth Layout, Whitefield",8.0,14.0,Unfurnished,East,,Ready to Move,,False
35000000.0,2400.0,3.0,4,4,"Malleswaram, Bengaluru",12.0,23.0,Semi Furnished,Unknown,10.0,Ready to Move,,False
15000000.0,1338.0,3.0,2,1,"Boodihal, Bengaluru",5.0,14.0,Unfurnished,North,2.0,Ready to Move,,False
15900000.0,1200.0,2.0,2,1,"Balagere, Bengaluru",8.0,14.0,Semi Furnished,West,5.0,Ready to Move,,False
16500000.0,1195.0,2.0,2,1,"Gunjur Village, Bengaluru",6.0,29.0,Unfurnished,North,6.0,Ready to Move,,False
28500000.0,1690.0,3.0,3,1,"ISRO Colony, Domlur Layout",4.0,15.0,Semi Furnished,East,28.0,Ready to Move,,False
18000000.0,1170.0,2.0,2,1,"Blue Waters, Parappana Agrahara",13.0,14.0,Semi Furnished,Unknown,7.0,Ready to Move,,False
8500000.0,938.0,2.0,2,1,"Gummanahalli, Bengaluru",15.0,20.0,Unfurnished,East,,Ready to Move,,False
15000000.0,1200.0,2.0,2,1,"Block 2, Rajajinagar",8.0,14.0,Fully Furnished,West,8.0,Ready to Move,,False
14000000.0,1012.0,2.0,2,1,"Devasthanagalu, Varthur",4.0,14.0,Unfurnished,East,5.0,Ready to Move,,False
12900000.0,1010.0,2.0,2,1,"Balagere, Bengaluru",14.0,14.0,Unfurnished,Unknown,1.0,Ready to Move,,False
16000000.0,1750.0,3.0,2,1,"Belur Nagasandra, Bellandur",3.0,4.0,Unfurnished,Unknown,18.0,Ready to Move,,False
8100000.0,988.0,3.0,2,1,"Sree Narayana Nagar, Kadagrahara",0.0,4.0,Semi Furnished,West,2.0,Ready to Move,,False
10800000.0,999.0,2.0,2,1,"Gummanahalli, Bengaluru",4.0,21.0,Semi Furnished,North,3.0,Ready to Move,,False
11700000.0,829.0,2.0,2,1,"Kannuru, Bengaluru",11.0,23.0,Semi Furnished,East,1.0,Ready to Move,,False
10300000.0,968.0,2.0,2,1,"2nd Stage, Uttarahalli Hobli",3.0,4.0,Unfurnished,East,2.0,Ready to Move,,False
14500000.0,1490.0,3.0,3,1,"Essel Gardens, Bengaluru",10.0,14.0,Unfurnished,East,,Upcoming,2026-08-27,True
12800000.0,1400.0,2.0,2,1,"Phase 2, Gottigere",1.0,13.0,Semi Furnished,East,14.0,Ready to Move,,False
35000000.0,1520.0,3.0,3,1,"Sri Balaji Krupa Layout, R.K. Hegde Nagar",9.0,34.0,Semi Furnished,North,,Ready to Move,,False
8396000.0,1352.0,3.0,2,4,"Prakruthi Nagar, Kogilu",3.0,11.0,Semi Furnished,North,15.0,Ready to Move,,False
17500000.0,1950.0,3.0,3,1,"Ecolife Elements Of Nature, Balagere",9.0,14.0,Semi Furnished,East,7.0,Ready to Move,,False
12300000.0,981.0,2.0,2,1,"Dodsworth Layout, Whitefield",27.0,28.0,Unfurnished,West,,Ready to Move,,False
14000000.0,1510.0,3.0,3,1,"Cholanayakanahalli, Hebbal",2.0,5.0,Semi Furnished,East,13.0,Ready to Move,,False
8100000.0,600.0,1.0,1,0,"Dodsworth Layout, Whitefield",1.0,27.0,Unfurnished,East,,Ready to Move,,False
17000000.0,1619.0,3.0,2,1,"Sector 7, HSR Layout",4.0,5.0,Semi Furnished,South,15.0,Ready to Move,,False
15300000.0,1157.0,3.0,2,1,"Kodathi, Bengaluru",2.0,14.0,Semi Furnished,Unknown,4.0,Ready to Move,,False
12900000.0,1209.0,3.0,3,1,"2nd Stage, Uttarahalli Hobli",3.0,4.0,Unfurnished,East,2.0,Ready to Move,,False
22000000.0,1366.0,2.5,2,1,"AECS C Block, Begur",12.0,27.0,Fully Furnished,North,5.0,Ready to Move,,False
13100000.0,1250.0,2.0,2,1,"Konappana Agrahara, Electronic City",8.0,12.0,Fully Furnished,North,7.0,Ready to Move,,False
30000000.0,2100.0,3.0,3,2,"Raghuvanahalli, Subramanyapura",2.0,13.0,Unfurnished,East,7.0,Ready to Move,,False
20000000.0,1490.0,3.0,3,1,"Chikkakannalli, Bengaluru",14.0,27.0,Unfurnished,Unknown,1.0,Ready to Move,,False
43800000.0,3170.0,4.0,4,2,"Kuvempu Layout, Visthar",9.0,31.0,Unfurnished,North,,Upcoming,2028-08-31,True
22000000.0,1348.0,2.5,2,1,"Attibele, Bengaluru",26.0,41.0,Unfurnished,East,1.0,Ready to Move,,False
21700000.0,1250.0,2.0,2,1,"1A Block, Koramangala",1.0,5.0,Semi Furnished,West,19.0,Ready to Move,,False
12500000.0,1280.0,2.0,2,1,"Varthur, Bengaluru",1.0,12.0,Semi Furnished,East,9.0,Ready to Move,,False
21200000.0,1734.0,3.0,3,1,"Harsha Layout, Kengeri Satellite Town",6.0,13.0,Semi Furnished,North,4.0,Ready to Move,,False
15000000.0,1330.0,2.0,2,1,"Sri Balaji Layout, K R Puram",24.0,31.0,Unfurnished,East,1.0,Ready to Move,,False
18500000.0,1630.0,3.0,3,1,"Kanaka Nagar, Seegehalli",4.0,10.0,Unfurnished,Unknown,1.0,Ready to Move,,False
35800000.0,2450.0,3.5,3,2,"Kuvempu Layout, Visthar",18.0,31.0,Unfurnished,East,,Upcoming,2028-08-31,True
5500000.0,1150.0,2.0,2,1,"Phase I, Electronic City",3.0,5.0,Semi Furnished,Unknown,5.0,Ready to Move,,False
12500000.0,1305.0,2.0,2,1,"Ilyas Nagar, Kumaraswamy Layout",3.0,4.0,Semi Furnished,West,17.0,Ready to Move,,False
10200000.0,1000.0,2.0,2,1,"Prakruthi Nagar, Kogilu",2.0,12.0,Unfurnished,East,2.0,Ready to Move,,False
14500000.0,933.0,2.0,2,1,"AECS C Block, Begur",18.0,25.0,Semi Furnished,East,1.0,Ready to Move,,False
14800000.0,1560.0,3.0,3,1,"Varthur, Bengaluru",3.0,11.0,Semi Furnished,East,8.0,Ready to Move,,False
6500000.0,1018.0,3.0,3,1,"Gunjur, Bengaluru",3.0,7.0,Unfurnished,West,5.0,Ready to Move,,False
21000000.0,1815.0,3.0,2,2,"Jayanagar Housing Society Layout, Subramanyapura",1.0,14.0,Unfurnished,North,1.0,Ready to Move,,False
11399999.999999998,973.0,2.0,2,1,"Choodasandra, Bengaluru",3.0,14.0,Unfurnished,East,,Ready to Move,,False
19000000.0,1507.0,3.0,3,1,"Balagere, Bengaluru",9.0,17.0,Semi Furnished,Unknown,,Ready to Move,,False
15000000.0,1300.0,2.0,2,2,"Phase I, Electronic City",5.0,12.0,Semi Furnished,West,12.0,Ready to Move,,False
12000000.0,1010.0,2.0,2,1,"Manayata Tech Park, Thanisandra",14.0,23.0,Unfurnished,East,3.0,Ready to Move,,False
32900000.0,1760.0,3.0,3,2,"Pattandur Agrahara, Whitefield",4.0,17.0,Semi Furnished,West,5.0,Ready to Move,,False
11100000.000000002,925.0,2.0,2,1,"Choodasandra, Bengaluru",2.0,15.0,Unfurnished,Unknown,,Ready to Move,,False
43000000.0,2583.0,3.0,4,2,"Manayata Tech Park, Thanisandra",5.0,27.0,Unfurnished,East,,Upcoming,2028-06-01,True
11200000.000000002,1062.0,2.0,2,1,"Hosahalli, Bengaluru",4.0,13.0,Unfurnished,East,3.0,Ready to Move,,False
18500000.0,1321.0,3.0,3,2,"Janatha Colony, Carmelaram",3.0,4.0,Unfurnished,Unknown,1.0,Ready to Move,,False
12000000.0,1900.0,3.0,3,2,"NN Farm Layout, Sanjaynagar",2.0,4.0,Semi Furnished,North,20.0,Ready to Move,,False
14500000.0,1380.0,2.0,2,1,"Balagere, Bengaluru",7.0,11.0,Unfurnished,North,,Upcoming,2026-09-01,True
8432000.0,850.0,2.0,2,1,"Choodasandra, Bengaluru",0.0,19.0,Semi Furnished,North,2.0,Ready to Move,,False
29000000.0,2190.0,3.0,3,1,"Battarahalli, K R Puram",6.0,27.0,Unfurnished,West,3.0,Ready to Move,,False
48500000.0,2409.0,3.0,3,2,"Phase 1, Whitefield",2.0,28.0,Unfurnished,East,1.0,Ready to Move,,False
49900000.0,3406.0,4.0,4,2,"Belur Nagasandra, Bellandur",1.0,8.0,Semi Furnished,East,1.0,Ready to Move,,False
23100000.0,1230.0,2.0,2,2,"Anjanadri Layout, Konanakunte",20.0,31.0,Unfurnished,North,5.0,Ready to Move,,False
11800000.0,1178.0,2.0,2,1,"Parkway Homes, Rayasandra",9.0,14.0,Semi Furnished,West,7.0,Ready to Move,,False
29800000.0,1915.0,3.0,3,1,"Lords Steps Layout, Panathur",12.0,18.0,Unfurnished,West,2.0,Ready to Move,,False
24000000.0,1830.0,3.5,3,1,"Devin Paradise Enclave, Tirumanahalli",9.0,34.0,Semi Furnished,East,,Ready to Move,,False
9000000.0,970.0,2.0,2,1,"ISRO Akash Vihar Layout, Gantiganahalli",3.0,3.0,Semi Furnished,East,,Upcoming,2026-09-01,True
22900000.0,1574.0,3.0,3,1,"Devin Paradise Enclave, Tirumanahalli",15.0,34.0,Semi Furnished,East,,Ready to Move,,False
35000000.0,2043.0,3.0,3,1,"Chansandra, Bengaluru",16.0,17.0,Unfurnished,East,,Upcoming,2026-07-30,True
16700000.0,1727.0,3.0,3,1,"Chikkagubbi Village, Bengaluru",1.0,4.0,Unfurnished,Unknown,1.0,Ready to Move,,False
17500000.0,1400.0,3.5,2,2,"Narayanapura, Bengaluru",5.0,17.0,Semi Furnished,East,4.0,Ready to Move,,False
14500000.0,1043.0,2.0,2,1,"Phase I, Electronic City",3.0,21.0,Semi Furnished,Unknown,1.0,Ready to Move,,False
16000000.0,1374.0,3.0,2,1,"3G Homes Crimson Layout, Kadugodi",2.0,9.0,Unfurnished,West,,Ready to Move,,False
13899999.999999998,735.0,2.0,2,1,"Dodsworth Layout, Whitefield",7.0,17.0,Semi Furnished,Unknown,8.0,Ready to Move,,False
11000000.0,839.0,2.0,2,1,"Attibele, Bengaluru",28.0,33.0,Unfurnished,East,,Upcoming,2027-12-01,True
23500000.0,1819.0,3.0,3,1,"Rachenahalli, Jakkur",4.0,14.0,Unfurnished,West,,Upcoming,2027-03-01,True
22000000.0,1860.0,3.0,3,1,"SNN Raj Serenity, Akshayanagar",6.0,14.0,Semi Furnished,East,10.0,Ready to Move,,False
15700000.0,1390.0,3.0,3,1,"Kadagrahara, Bengaluru",2.0,9.0,Semi Furnished,West,1.0,Ready to Move,,False
8500000.0,1240.0,2.0,2,1,"Thubarahalli, Whitefield",2.0,5.0,Semi Furnished,North,14.0,Ready to Move,,False
8500000.0,1085.0,2.0,2,1,"Gunjur, Bengaluru",2.0,5.0,Semi Furnished,West,8.0,Ready to Move,,False
14500000.0,1160.0,2.0,2,1,"Doddaiah Layout, Halasuru",3.0,5.0,Semi Furnished,East,10.0,Ready to Move,,False
5500000.0,810.0,2.0,2,1,"Gollahalli, Electronic City",1.0,4.0,Unfurnished,Unknown,3.0,Ready to Move,,False
11800000.0,1280.0,3.0,3,1,"Subramanyapura, Bengaluru",2.0,4.0,Semi Furnished,West,6.0,Ready to Move,,False
29900000.000000004,2400.0,4.0,4,1,"Phase 2, Whitefield",8.0,17.0,Unfurnished,East,,Ready to Move,,False
45000000.0,2500.0,4.0,4,2,"Malleswaram, Bengaluru",3.0,3.0,Semi Furnished,West,23.0,Ready to Move,,False
35000000.0,2400.0,3.5,3,2,"Sri Balaji Krupa Layout, R.K. Hegde Nagar",24.0,33.0,Semi Furnished,North,1.0,Ready to Move,,False
7500000.0,689.0,1.0,1,1,"Gummanahalli, Bengaluru",6.0,28.0,Semi Furnished,East,,Ready to Move,,False
8500000.0,1047.0,2.0,2,1,"Utsav Raaga, Kannuru",4.0,13.0,Semi Furnished,Unknown,4.0,Ready to Move,,False
16500000.0,1216.0,2.0,2,1,"Gunjur Village, Bengaluru",5.0,10.0,Semi Furnished,East,6.0,Ready to Move,,False
5200000.0,900.0,2.0,2,1,"Terracon Doctors Enclave, Chandapura",3.0,5.0,Semi Furnished,East,9.0,Ready to Move,,False
4500000.0,865.0,2.0,2,1,"Phase I, Electronic City",3.0,5.0,Semi Furnished,East,9.0,Ready to Move,,False
8400000.0,1251.0,2.0,2,1,"Prakruthi Layout, HBR Layout",3.0,4.0,Semi Furnished,East,9.0,Ready to Move,,False
27300000.0,1997.0,3.0,3,1,"Manayata Tech Park, Thanisandra",4.0,27.0,Semi Furnished,West,3.0,Ready to Move,,False
9700000.0,1220.0,2.0,2,1,"Vinayaka Nagar, Murugeshpalya",2.0,4.0,Semi Furnished,North,9.0,Ready to Move,,False
12900000.0,1100.0,2.0,2,1,"Pragathi Nagar, Electronic City",8.0,19.0,Unfurnished,East,,Upcoming,2027-08-13,True
7900000.0,1330.0,2.0,2,1,"Dodsworth Layout, Whitefield",3.0,5.0,Semi Furnished,West,15.0,Ready to Move,,False
10000000.0,1450.0,3.0,3,1,"Sree Narayana Nagar, Kadagrahara",3.0,4.0,Unfurnished,East,3.0,Ready to Move,,False
21700000.0,1929.0,3.0,3,1,"Gattahalli, Bengaluru",3.0,4.0,Unfurnished,East,1.0,Ready to Move,,False
16399999.999999998,1304.0,2.0,2,1,"Ali Estate, Yelahanka",12.0,16.0,Semi Furnished,West,7.0,Ready to Move,,False
8700000.0,1422.0,3.0,2,1,"Dodsworth Layout, Whitefield",2.0,6.0,Unfurnished,East,,Ready to Move,,False
15000000.0,1317.0,3.0,2,1,"Sri Balaji Layout, K R Puram",2.0,14.0,Unfurnished,North,1.0,Ready to Move,,False
6500000.0,519.0,1.0,1,1,"Gummanahalli, Bengaluru",11.0,24.0,Semi Furnished,North,,Ready to Move,,False
23500000.0,1690.0,3.0,3,1,"Lakedew Residency- Phase 2, Harlur",9.0,10.0,Semi Furnished,East,5.0,Ready to Move,,False
9100000.0,963.0,2.0,2,1,"Skanda Avani, Chikkakannalli",1.0,5.0,Semi Furnished,East,8.0,Ready to Move,,False
9900000.0,1370.0,3.0,2,1,"K R Puram, Bengaluru",3.0,6.0,Semi Furnished,East,10.0,Ready to Move,,False
28600000.0,1710.0,3.0,3,1,"Seetharampalya, Hoodi",5.0,23.0,Unfurnished,North,,Ready to Move,,False
15800000.0,1200.0,2.0,2,1,"Balagere, Bengaluru",8.0,14.0,Semi Furnished,Unknown,5.0,Ready to Move,,False
12400000.0,1500.0,3.0,3,1,"Ecolife Elements Of Nature, Balagere",2.0,10.0,Semi Furnished,West,7.0,Ready to Move,,False
36000000.0,1981.0,3.5,4,2,"Varthur, Bengaluru",22.0,26.0,Unfurnished,East,,Ready to Move,,False
17000000.0,1860.0,3.0,3,1,"Cholanayakanahalli, Hebbal",2.0,5.0,Semi Furnished,East,5.0,Ready to Move,,False
7750000.0,1277.0,3.0,2,1,"Varthur, Bengaluru",4.0,5.0,Semi Furnished,East,12.0,Ready to Move,,False
6400000.0,1032.0,3.0,2,1,"Sarjapur, Bengaluru",2.0,5.0,Semi Furnished,West,9.0,Ready to Move,,False
18000000.0,3000.0,3.0,3,1,"Electronic City, Bengaluru",1.0,19.0,Semi Furnished,South-East,11.0,Ready to Move,,False
14300000.0,1007.0,2.0,2,1,"Devasthanagalu, Varthur",8.0,13.0,Unfurnished,Unknown,4.0,Ready to Move,,False
47400000.0,4100.0,4.0,4,1,"Yelenahalli, Akshayanagar",2.0,4.0,Unfurnished,East,4.0,Ready to Move,,False
11700000.0,1550.0,3.0,3,1,"Marathahalli Village, Marathahalli",2.0,5.0,Semi Furnished,East,17.0,Ready to Move,,False
26000000.0,1600.0,3.0,3,1,"Klassik Landmark, KPC Layout",13.0,14.0,Semi Furnished,East,2.0,Ready to Move,,False
6000000.0,728.0,2.0,2,1,"Kengeri Village, Kengeri",8.0,20.0,Unfurnished,West,,Ready to Move,,False
16500000.0,1349.0,3.0,3,1,"63 Degrees East, Chikkakannalli",0.0,13.0,Semi Furnished,East,4.0,Ready to Move,,False
13200000.0,958.0,2.0,2,1,"Phase I, Electronic City",9.0,21.0,Semi Furnished,East,4.0,Ready to Move,,False
5100000.0,761.0,2.0,2,1,"Sarjapur, Bengaluru",1.0,5.0,Semi Furnished,West,3.0,Ready to Move,,False
8000000.0,794.0,2.0,2,1,"Gummanahalli, Bengaluru",18.0,26.0,Fully Furnished,North,,Ready to Move,,False
10000000.0,1099.0,1.0,1,1,"Chikkagubbi Village, Bengaluru",4.0,4.0,Semi Furnished,South,2.0,Ready to Move,,False
18700000.0,1900.0,3.5,3,2,"Sonam Layout, Visthar",14.0,19.0,Unfurnished,East,,Upcoming,2026-08-27,True
15000000.0,1350.0,2.5,2,1,"Vastu Bhoomi, K R Puram",1.0,17.0,Semi Furnished,East,5.0,Ready to Move,,False
18200000.0,1830.0,3.0,3,1,"Sonam Layout, Visthar",14.0,19.0,Unfurnished,East,,Upcoming,2026-08-27,True
5800000.0,1096.0,2.0,2,1,"Biotech Park, Chandapura",2.0,5.0,Semi Furnished,East,,Ready to Move,,False
17700000.0,1790.0,3.0,3,1,"Sonam Layout, Visthar",12.0,19.0,Unfurnished,East,,Upcoming,2026-08-27,True
9500000.0,1259.0,3.0,3,1,"Sarjapur, Bengaluru",5.0,10.0,Semi Furnished,Unknown,11.0,Ready to Move,,False
22500000.0,1700.0,3.0,3,1,"Kothanur, Bengaluru",10.0,12.0,Semi Furnished,West,18.0,Ready to Move,,False
18200000.0,1500.0,3.0,3,1,"Konappana Agrahara, Rayasandra",11.0,21.0,Unfurnished,North,2.0,Ready to Move,,False
30000000.0,1680.0,3.0,3,1,"Sri Balaji Krupa Layout, R.K. Hegde Nagar",10.0,32.0,Unfurnished,East,1.0,Ready to Move,,False
15800000.0,1552.0,3.0,2,1,"Sector 7, HSR Layout",4.0,5.0,Semi Furnished,South,15.0,Ready to Move,,False
22500000.0,1540.0,3.0,3,1,"Ranganathapura, Malleswaram",4.0,5.0,Semi Furnished,North,6.0,Ready to Move,,False
8350000.0,1130.0,3.0,2,1,"Sarjapur, Bengaluru",1.0,10.0,Unfurnished,East,,Ready to Move,,False
23500000.0,1715.0,3.0,3,1,"Sarjapur, Bengaluru",11.0,17.0,Semi Furnished,East,3.0,Ready to Move,,False
12800000.0,1117.0,2.0,2,1,"Hosahalli, Bengaluru",9.0,15.0,Unfurnished,West,3.0,Ready to Move,,False
38000000.0,2511.0,4.0,4,2,"Tasker Town, Shivaji Nagar",5.0,5.0,Unfurnished,East,5.0,Ready to Move,,False
11000000.0,1000.0,2.0,2,1,"Basaveshwara Nagar Yelahanka, Nehru Nagar",0.0,4.0,Unfurnished,East,3.0,Ready to Move,,False
15800000.0,1350.0,2.0,2,1,"Srinivasa Nagar, Banashankari",3.0,5.0,Semi Furnished,Unknown,9.0,Ready to Move,,False
11399999.999999998,1345.0,3.0,2,1,"Gunjur Village, Bengaluru",,,Semi Furnished,East,1.0,Ready to Move,,False
32000000.0,1603.0,3.0,3,1,"Anjanadri Layout, Konanakunte",20.0,31.0,Semi Furnished,North,6.0,Ready to Move,,False
35000000.0,2400.0,4.0,4,2,"Shabhari Nagar, Sahakara Nagar",30.0,36.0,Unfurnished,North,,Upcoming,2026-08-28,True
33000000.0,2340.0,3.0,4,2,"B Narayanapura, Mahadevapura",10.0,13.0,Semi Furnished,Unknown,5.0,Ready to Move,,False
8800000.0,1274.0,2.0,2,1,"Dodsworth Layout, Whitefield",2.0,6.0,Semi Furnished,North,10.0,Ready to Move,,False
22000000.0,1350.0,2.0,2,0,"7th Phase, JP Nagar",4.0,5.0,Fully Furnished,West,13.0,Ready to Move,,False
28000000.0,1700.0,3.0,3,1,"Kariyammana Agrahara, Bellandur",6.0,14.0,Fully Furnished,Unknown,9.0,Ready to Move,,False
4700000.0,698.0,2.0,2,1,"Attibele, Bengaluru",8.0,15.0,Unfurnished,South,1.0,Ready to Move,,False
12500000.0,1710.0,3.0,3,1,"Aishwarya Crystal Layout, Singasandra",2.0,5.0,Semi Furnished,East,13.0,Ready to Move,,False
18700000.0,1310.0,2.0,2,1,"Gunjur Village, Bengaluru",24.0,29.0,Unfurnished,East,3.0,Ready to Move,,False
11399999.999999998,1584.0,3.0,3,2,"Electronic City, Bengaluru",10.0,22.0,Unfurnished,East,,Upcoming,2031-03-01,True
18500000.0,1550.0,3.0,3,1,"Devasthanagalu, Varthur",22.0,22.0,Semi Furnished,North,4.0,Ready to Move,,False
17000000.0,1500.0,3.0,3,1,"Devasthanagalu, Varthur",20.0,22.0,Semi Furnished,Unknown,4.0,Ready to Move,,False
16000000.0,1330.0,2.0,2,1,"Sri Balaji Layout, K R Puram",29.0,31.0,Fully Furnished,East,1.0,Ready to Move,,False
12000000.0,1430.0,3.0,2,1,"Balagere, Bengaluru",3.0,5.0,Fully Furnished,East,6.0,Ready to Move,,False
22000000.0,1312.0,3.0,3,1,"Medahalli, Bengaluru",9.0,28.0,Semi Furnished,West,1.0,Ready to Move,,False
7198999.999999999,740.0,2.0,2,1,"Gummanahalli, Bengaluru",5.0,20.0,Unfurnished,East,,Ready to Move,,False
52000000.0,6000.0,4.0,5,5,"9th Phase, JP Nagar",3.0,4.0,Semi Furnished,Unknown,10.0,Ready to Move,,False
14400000.0,1308.0,3.0,3,2,"Judicial Layout 2nd Phase, Talaghattapura",10.0,13.0,Unfurnished,North,1.0,Ready to Move,,False
8100000.0,1119.0,2.0,2,1,"Gunjur, Bengaluru",3.0,5.0,Semi Furnished,Unknown,8.0,Ready to Move,,False
13000000.0,1550.0,3.0,3,2,"Coconut Grove Layout, Horamavu",5.0,10.0,Semi Furnished,North,10.0,Ready to Move,,False
8250000.0,1130.0,2.0,2,1,"Dodsworth Layout, Whitefield",3.0,6.0,Semi Furnished,East,10.0,Ready to Move,,False
13799999.999999998,1173.0,2.0,2,1,"Ambedkar Nagar, Whitefield",12.0,13.0,Semi Furnished,East,5.0,Ready to Move,,False
20000000.0,1428.0,3.0,2,1,"Nallurhalli, Whitefield",41.0,41.0,Unfurnished,East,,Upcoming,2027-07-01,True
50000000.0,2987.0,4.0,4,1,"Jaya Nagar East, Jayanagar",0.0,4.0,Unfurnished,East,7.0,Ready to Move,,False
7350000.0,1180.0,2.0,2,1,"Rachenahalli, Thanisandra",1.0,5.0,Semi Furnished,West,13.0,Ready to Move,,False
12200000.0,1071.0,2.0,2,2,"Rachenahalli, Jakkur",13.0,16.0,Unfurnished,Unknown,6.0,Ready to Move,,False
18000000.0,1125.0,3.0,2,1,"Judicial Layout 2nd Phase, Talaghattapura",8.0,13.0,Unfurnished,West,3.0,Ready to Move,,False
25099999.999999996,1996.0,3.5,4,2,"Manayata Tech Park, Thanisandra",3.0,22.0,Semi Furnished,North,8.0,Ready to Move,,False
29900000.000000004,1900.0,3.0,3,1,"Seetharampalya, Hoodi",6.0,16.0,Unfurnished,East,6.0,Ready to Move,,False
29500000.0,2181.0,3.0,4,2,"Rachenahalli, Thanisandra",26.0,34.0,Unfurnished,Unknown,5.0,Ready to Move,,False
93600000.0,3359.0,4.0,4,1,"Sudhama Nagar, Bengaluru",6.0,15.0,Unfurnished,Unknown,,Upcoming,2026-08-19,True
19500000.0,1550.0,3.0,3,1,"Devasthanagalu, Varthur",22.0,22.0,Semi Furnished,East,4.0,Ready to Move,,False
5700000.0,600.0,1.0,1,1,"Huvinayakanahalli, Bengaluru",21.0,23.0,Unfurnished,East,,Ready to Move,,False
8000000.0,1085.0,2.0,2,1,"Venkataswara Layout, Munnekollal",2.0,4.0,Semi Furnished,West,11.0,Ready to Move,,False
7600000.0,951.0,2.0,2,1,"Sompura, Bengaluru",3.0,4.0,Semi Furnished,North,7.0,Ready to Move,,False
23500000.0,1813.0,3.0,3,2,"Sri Venkateshpura Layout, Sampigehalli",10.0,17.0,Unfurnished,North-East,,Ready to Move,,False
12000000.0,1087.0,2.0,2,1,"Rachenahalli, Jakkur",2.0,16.0,Semi Furnished,West,6.0,Ready to Move,,False
32500000.0,1530.0,3.5,3,1,"Kodigehalli, K R Puram",3.0,20.0,Unfurnished,North,,Upcoming,2026-12-01,True
8900000.0,718.0,1.0,1,1,"Buena Vista, Bommenahalli",4.0,14.0,Fully Furnished,North,6.0,Ready to Move,,False
16200000.000000002,1200.0,2.0,2,1,"Rachenahalli, Thanisandra",6.0,14.0,Unfurnished,East,,Upcoming,2026-08-27,True
21500000.0,1632.0,3.0,3,1,"Hanumanthappa Layout, Kyalasanahalli",5.0,19.0,Semi Furnished,South,7.0,Ready to Move,,False
25000000.0,1834.0,3.0,3,1,"Kempapura, Bellandur",1.0,6.0,Fully Furnished,East,7.0,Ready to Move,,False
17700000.0,1645.0,3.0,3,1,"Hadosiddapura, Carmelaram",2.0,15.0,Semi Furnished,West,9.0,Ready to Move,,False
19500000.0,1138.0,3.0,2,1,"Happy Valley Layout, Subramanyapura",14.0,15.0,Semi Furnished,North,4.0,Ready to Move,,False
24000000.0,1748.0,3.0,3,1,"Vakil Garden City, Bengaluru",18.0,20.0,Unfurnished,South,2.0,Ready to Move,,False
10000000.0,989.0,2.0,2,1,"Gummanahalli, Bengaluru",11.0,21.0,Semi Furnished,North,3.0,Ready to Move,,False
53000000.0,1901.0,3.0,3,1,"Sudhama Nagar, Bengaluru",6.0,20.0,Unfurnished,Unknown,,Upcoming,2026-08-19,True
9900000.0,995.0,2.0,2,1,"Prakruthi Nagar, Kogilu",4.0,12.0,Unfurnished,West,2.0,Ready to Move,,False
22799999.999999996,1600.0,3.0,3,1,"Mallasandra, Bengaluru",18.0,20.0,Unfurnished,North,4.0,Ready to Move,,False
27500000.0,1907.0,3.0,3,1,"Virgonagar, Aavalahalli",32.0,39.0,Unfurnished,Unknown,,Ready to Move,,False
10500000.0,980.0,2.0,2,1,"Prakruthi Nagar, Kogilu",,,Unfurnished,East,1.0,Ready to Move,,False
12300000.0,1225.0,2.0,2,1,"Horamavu, Bengaluru",3.0,12.0,Semi Furnished,South,7.0,Ready to Move,,False
25000000.0,1917.0,3.5,4,2,"P&T Layout, Thanisandra",9.0,38.0,Semi Furnished,East,9.0,Ready to Move,,False
21500000.0,1600.0,3.0,3,1,"Gunjur Village, Bengaluru",10.0,18.0,Semi Furnished,East,6.0,Ready to Move,,False
9000000.0,1095.0,2.0,2,2,"Anuradha Industrial Estate, Kumaraswamy Layout",3.0,5.0,Fully Furnished,Unknown,10.0,Ready to Move,,False
18600000.0,1084.0,2.0,2,1,"Gunjur Village, Bengaluru",29.0,32.0,Unfurnished,East,,Ready to Move,,False
8700000.0,1192.0,3.0,3,1,"Eastwood Township, Kasavanahalli",1.0,6.0,Semi Furnished,North,6.0,Ready to Move,,False
17500000.0,1432.0,3.0,3,1,"Prakruthi Nagar, Kogilu",2.0,4.0,Semi Furnished,West,5.0,Ready to Move,,False
18100000.0,1541.0,2.5,2,1,"Devasthanagalu, Varthur",2.0,26.0,Semi Furnished,West,4.0,Ready to Move,,False
19900000.0,1559.0,3.0,3,1,"Hunasamaranahalli, Bengaluru",12.0,14.0,Unfurnished,East,2.0,Ready to Move,,False
12000000.0,1098.0,2.0,2,1,"Hosahalli, Bengaluru",4.0,15.0,Semi Furnished,West,3.0,Ready to Move,,False
25500000.0,1950.0,3.0,4,1,"Manayata Tech Park, Thanisandra",21.0,27.0,Semi Furnished,East,9.0,Ready to Move,,False
17500000.0,1432.0,3.0,3,1,"Prakruthi Nagar, Kogilu",2.0,4.0,Fully Furnished,East,5.0,Ready to Move,,False
7800000.0,1025.0,2.0,2,2,"Gangaparameshwari Nagar, Bommanahalli",1.0,4.0,Semi Furnished,West,15.0,Ready to Move,,False
9000000.0,757.0,1.0,1,1,"Buena Vista, Bommenahalli",5.0,22.0,Fully Furnished,East,4.0,Ready to Move,,False
12000000.0,1265.0,2.0,2,1,"Phase I, Electronic City",5.0,11.0,Semi Furnished,East,13.0,Ready to Move,,False
6750000.0,1111.0,2.0,2,1,"Kothnur, Kalena Agrahara",2.0,5.0,Semi Furnished,North,13.0,Ready to Move,,False
25000000.0,1507.0,3.0,3,1,"Balagere, Bengaluru",1.0,15.0,Unfurnished,East,2.0,Ready to Move,,False
9500000.0,500.0,1.0,1,1,"Thigala Chowdadenahalli, Bengaluru",24.0,27.0,Unfurnished,North,,Upcoming,2028-12-01,True
11600000.0,1225.0,2.5,2,1,"Budigere Cross, Bengaluru",17.0,19.0,Semi Furnished,Unknown,6.0,Ready to Move,,False
19000000.0,1559.0,3.0,3,1,"Hunasamaranahalli, Bengaluru",12.0,14.0,Unfurnished,East,5.0,Ready to Move,,False
29700000.000000004,1850.0,3.0,3,1,"Kothnur, JP Nagar",6.0,14.0,Unfurnished,East,2.0,Ready to Move,,False
9100000.0,1237.0,3.0,3,1,"Dodsworth Layout, Whitefield",3.0,5.0,Semi Furnished,North,14.0,Ready to Move,,False
9000000.0,1008.0,2.0,2,1,"Yelahanka New Town, Bengaluru",7.0,19.0,Unfurnished,Unknown,1.0,Ready to Move,,False
40000000.0,1900.0,3.0,3,1,"Shabhari Nagar, Sahakara Nagar",12.0,14.0,Semi Furnished,East,5.0,Ready to Move,,False
11900000.0,1057.0,2.0,2,1,"Gummanahalli, Bengaluru",6.0,19.0,Unfurnished,East,,Upcoming,2026-09-10,True
16000000.0,1147.0,2.0,2,1,"Buena Vista, Bommenahalli",18.0,22.0,Semi Furnished,East,4.0,Ready to Move,,False
55000000.0,5213.0,3.0,4,2,"Siddapura, Whitefield",12.0,14.0,Fully Furnished,West,9.0,Ready to Move,,False
25000000.0,1541.0,3.0,3,1,"Meenakshi Layout, Choodasandra",7.0,14.0,Semi Furnished,West,,Ready to Move,,False
13000000.0,857.0,1.0,1,1,"Varthur, Bengaluru",12.0,32.0,Unfurnished,West,2.0,Ready to Move,,False
18400000.0,1533.0,3.0,3,1,"Konappana Agrahara, Rayasandra",7.0,14.0,Unfurnished,East,,Ready to Move,,False
18000000.0,1432.0,3.0,3,1,"Prakruthi Nagar, Kogilu",2.0,4.0,Fully Furnished,Unknown,4.0,Ready to Move,,False
9000000.0,1250.0,3.0,3,1,"Shanthi Pura, Electronic City Phase 2",4.0,7.0,Semi Furnished,East,10.0,Ready to Move,,False
14500000.0,1576.0,3.0,3,1,"Hoskote, Bengaluru",1.0,14.0,Semi Furnished,North,1.0,Ready to Move,,False
22000000.0,1619.0,3.0,3,1,"Sarjapur, Bengaluru",3.0,30.0,Unfurnished,East,1.0,Ready to Move,,False
11700000.0,1520.0,3.0,3,1,"Gundappa Layout, Gottigere",4.0,5.0,Semi Furnished,North,7.0,Ready to Move,,False
8359999.999999999,1190.0,2.0,2,1,"Chowdeshwari Layout, Yelahanka",1.0,5.0,Semi Furnished,East,5.0,Ready to Move,,False
26000000.0,1700.0,3.0,3,2,"Sector 1, HSR Layout",3.0,4.0,Semi Furnished,East,5.0,Ready to Move,,False
90000000.0,4000.0,4.0,4,4,"Hebbal Kempapura, Bengaluru",15.0,21.0,Semi Furnished,East,2.0,Ready to Move,,False
37000000.0,3500.0,3.5,4,3,"Byadarahalli, Benson Town",1.0,4.0,Semi Furnished,North,7.0,Ready to Move,,False
18500000.0,1419.0,2.0,2,1,"Rammana Layout, Byrathi",,,Unfurnished,West,,Ready to Move,,False
28900000.0,2000.0,3.0,3,2,"Kuvempu Layout, Visthar",12.0,31.0,Unfurnished,East,,Upcoming,2028-08-31,True
19000000.0,2010.0,3.0,3,2,"Anand Nagar, Hebbal",6.0,11.0,Semi Furnished,North,18.0,Ready to Move,,False
4921000.0,850.0,2.0,2,2,"Maragondanahalli, Bengaluru",6.0,6.0,Semi Furnished,East,15.0,Ready to Move,,False
22200000.000000004,1585.0,3.0,3,1,"Seegehalli, K R Puram",3.0,19.0,Unfurnished,West,,Ready to Move,,False
15500000.0,1103.0,2.0,2,1,"Chikkakannalli, Bengaluru",11.0,12.0,Fully Furnished,Unknown,,Ready to Move,,False
24000000.0,1655.0,3.0,3,1,"Gunjur Village, Bengaluru",8.0,26.0,Semi Furnished,Unknown,6.0,Ready to Move,,False
17000000.0,1285.0,2.0,2,1,"Jyotipuram, Bengaluru",5.0,26.0,Unfurnished,East,1.0,Ready to Move,,False
16000000.0,1660.0,3.0,2,1,"DLF Newtown, Akshayanagar",4.0,18.0,Semi Furnished,East,11.0,Ready to Move,,False
12400000.0,1335.0,2.0,2,1,"Ayyappa Nagar, K R Puram",4.0,5.0,Semi Furnished,North,,Ready to Move,,False
7500000.0,929.0,2.0,2,1,"Varthur, Bengaluru",1.0,4.0,Semi Furnished,East,10.0,Ready to Move,,False
10000000.0,1233.0,2.0,2,1,"Ayyappa Nagar, K R Puram",,,Unfurnished,West,,Ready to Move,,False
7000000.0,1200.0,3.0,3,1,"Hennagara, Bommasandra",11.0,12.0,Semi Furnished,East,9.0,Ready to Move,,False
13000000.0,970.0,2.0,2,1,"Kyalasanahalli, Bengaluru",1.0,19.0,Unfurnished,East,,Ready to Move,,False
25500000.0,1700.0,3.0,3,1,"HAL 3rd Stage, Kodihalli",2.0,4.0,Semi Furnished,East,1.0,Ready to Move,,False
22300000.0,2500.0,6.0,6,2,"Nanjundaiah Layout, Devarachikkana Halli",1.0,4.0,Semi Furnished,West,5.0,Ready to Move,,False
16800000.0,1361.0,2.5,2,1,"Devasthanagalu, Varthur",8.0,26.0,Semi Furnished,East,4.0,Ready to Move,,False
25000000.0,1900.0,3.0,3,1,"NN Farm Layout, Sanjaynagar",2.0,4.0,Semi Furnished,West,6.0,Ready to Move,,False
39000000.0,2669.0,3.0,4,1,"Sunny Brooks, Kaikondrahalli",2.0,15.0,Semi Furnished,East,7.0,Ready to Move,,False
16000000.0,1630.0,3.0,3,1,"Jyothi Puram, Dooravani Nagar",3.0,12.0,Semi Furnished,North,19.0,Ready to Move,,False
25299999.999999996,1715.0,3.0,3,1,"Janatha Colony, Doddakannelli",11.0,18.0,Semi Furnished,East,2.0,Ready to Move,,False
25800000.0,1362.0,3.0,3,1,"Hoodi, Bengaluru",,,Semi Furnished,North,9.0,Ready to Move,,False
10300000.0,1220.0,2.0,2,1,"Sonnenahalli, K R Puram",4.0,8.0,Unfurnished,North,,Ready to Move,,False
11000000.0,661.0,1.0,1,1,"Lords Steps Layout, Panathur",5.0,18.0,Unfurnished,East,,Upcoming,2028-12-01,True
10500000.0,775.0,3.0,3,1,"Gummanahalli, Bengaluru",10.0,21.0,Semi Furnished,North,2.0,Ready to Move,,False
7000000.0,1200.0,2.0,2,1,"Ashirvad Colony, Horamavu",1.0,4.0,Semi Furnished,East,13.0,Ready to Move,,False
26900000.0,1900.0,3.0,3,2,"Kuvempu Layout, Visthar",15.0,31.0,Unfurnished,North,,Upcoming,2028-08-31,True
13000000.0,1005.0,2.0,1,1,"Yelahanka, Bengaluru",1.0,15.0,Semi Furnished,East,10.0,Ready to Move,,False
8200000.0,1153.0,3.0,2,1,"Varthur, Bengaluru",1.0,5.0,Semi Furnished,West,16.0,Ready to Move,,False
23800000.0,1360.0,2.0,2,1,"Immadihalli, Whitefield",7.0,12.0,Semi Furnished,East,5.0,Ready to Move,,False
55000000.0,3978.0,4.0,5,2,"Ali Estate, Yelahanka",1.0,4.0,Semi Furnished,South,10.0,Ready to Move,,False
21500000.0,1525.0,3.0,3,2,"Carmelaram, Bengaluru",7.0,14.0,Semi Furnished,West,2.0,Ready to Move,,False
24900000.000000004,1575.0,3.0,3,1,"Kothnur, JP Nagar",11.0,14.0,Unfurnished,East,2.0,Ready to Move,,False
11500000.0,955.0,2.0,2,2,"Prakruthi Nagar, Kogilu",12.0,12.0,Unfurnished,East,1.0,Ready to Move,,False
72000000.0,3550.0,4.5,5,4,"Block 6, Koramangala",4.0,5.0,Semi Furnished,West,7.0,Ready to Move,,False
11000000.0,1050.0,2.0,2,1,"Dubasi Palya, Kengeri Satellite Town",1.0,7.0,Semi Furnished,Unknown,5.0,Ready to Move,,False
27500000.0,1950.0,2.0,3,1,"Gunjur Village, Bengaluru",1.0,28.0,Semi Furnished,West,5.0,Ready to Move,,False
27300000.0,1996.0,3.0,3,1,"Manayata Tech Park, Thanisandra",4.0,27.0,Semi Furnished,West,6.0,Ready to Move,,False
40000000.0,2652.0,5.0,5,1,"Dodsworth Layout, Whitefield",1.0,19.0,Unfurnished,East,5.0,Ready to Move,,False
7000000.0,850.0,2.0,2,1,"Janatha Colony, Doddakannelli",1.0,4.0,Semi Furnished,East,3.0,Ready to Move,,False
4400000.0,510.0,1.0,1,0,"Gummanahalli, Bengaluru",5.0,22.0,Unfurnished,West,,Upcoming,2028-12-01,True
42900000.0,2200.0,3.5,3,1,"Whitefield, Bengaluru",19.0,21.0,Unfurnished,East,14.0,Ready to Move,,False
43200000.0,2544.0,4.0,5,1,"Gunjur Village, Bengaluru",8.0,33.0,Unfurnished,West,,Ready to Move,,False
14000000.0,1010.0,2.0,2,1,"Konadasapura, Bengaluru",14.0,17.0,Semi Furnished,East,5.0,Ready to Move,,False
9000000.0,1200.0,2.0,2,1,"Eshwari Industrial Estate, Arakere",2.0,4.0,Semi Furnished,East,6.0,Ready to Move,,False
11299999.999999998,1057.0,2.0,2,1,"Huvinayakanahalli, Bengaluru",2.0,21.0,Unfurnished,East,,Ready to Move,,False
13000000.0,1090.0,2.0,2,1,"Mallasandra, Bengaluru",2.0,3.0,Semi Furnished,Unknown,2.0,Ready to Move,,False
16700000.0,1700.0,3.0,3,1,"Essel Gardens, Bengaluru",8.0,14.0,Unfurnished,East,,Upcoming,2026-09-15,True
19000000.0,1840.0,3.0,3,1,"Mallasandra, Bengaluru",3.0,20.0,Unfurnished,East,11.0,Ready to Move,,False
23500000.0,1355.0,3.0,3,1,"Seetharampalya, Hoodi",1.0,15.0,Semi Furnished,North,7.0,Ready to Move,,False
19900000.0,1585.0,3.0,3,1,"Seegehalli, K R Puram",12.0,19.0,Semi Furnished,East,,Ready to Move,,False
23500000.0,1780.0,3.0,3,1,"Vignana Kendra, Bengaluru",7.0,13.0,Semi Furnished,West,13.0,Ready to Move,,False
7900000.0,610.0,1.0,1,1,"Pragathi Nagar, Electronic City",5.0,14.0,Unfurnished,East,5.0,Ready to Move,,False
17500000.0,1475.0,3.0,3,2,"Prakruthi Nagar, Kogilu",2.0,4.0,Fully Furnished,West,4.0,Ready to Move,,False
18000000.0,1864.0,3.0,3,1,"Choodasandra, Bengaluru",0.0,14.0,Semi Furnished,West,5.0,Ready to Move,,False
11000000.0,1485.0,3.0,2,2,"NN Farm Layout, Sanjaynagar",1.0,4.0,Semi Furnished,Unknown,19.0,Ready to Move,,False
47300000.00000001,4100.0,4.0,4,1,"Akshaya Vana, Akshayanagar",2.0,4.0,Unfurnished,North,1.0,Ready to Move,,False
15900000.0,1546.0,3.0,2,1,"Gunjur, Bengaluru",3.0,24.0,Semi Furnished,West,2.0,Ready to Move,,False
50000000.0,1528.0,3.0,4,1,"Panathur, Bengaluru",7.0,12.0,Unfurnished,West,1.0,Ready to Move,,False
14000000.0,1317.0,3.0,2,1,"Anekal, Bengaluru",7.0,14.0,Unfurnished,East,,Upcoming,2026-09-05,True
7100000.0,915.0,2.0,2,1,"Sarjapur, Bengaluru",4.0,19.0,Semi Furnished,North,3.0,Ready to Move,,False
18000000.0,1432.0,3.0,3,1,"Prakruthi Nagar, Kogilu",2.0,4.0,Fully Furnished,Unknown,4.0,Ready to Move,,False
18300000.0,1695.0,3.0,2,1,"Sector 2, Somasundarapalya",2.0,4.0,Semi Furnished,West,10.0,Ready to Move,,False
9400000.0,1215.0,2.0,2,1,"Rachenahalli, Thanisandra",4.0,5.0,Semi Furnished,East,13.0,Ready to Move,,False
18400000.0,1217.0,2.0,2,1,"Phase 1, Whitefield",5.0,21.0,Unfurnished,West,1.0,Ready to Move,,False
17500000.0,1295.0,2.0,2,1,"Glen Classic, Devinagar",7.0,18.0,Semi Furnished,West,5.0,Ready to Move,,False
12000000.0,1300.0,2.0,2,2,"Mohammed Sab Palya, Vidyaranyapura",2.0,4.0,Semi Furnished,North,10.0,Ready to Move,,False
9700000.0,885.0,2.0,2,1,"Budigere Cross, Bengaluru",9.0,19.0,Unfurnished,East,4.0,Ready to Move,,False
15700000.0,1151.0,2.0,1,1,"Ardendale, Kannamangala - Whitefield Hoskote Road",18.0,34.0,Unfurnished,Unknown,,Ready to Move,,False
15000000.0,957.0,2.0,2,1,"Phase I, Electronic City",19.0,21.0,Semi Furnished,East,3.0,Ready to Move,,False
25000000.0,2062.0,3.0,3,2,"Sannatammanahalli, Battarahalli",5.0,38.0,Semi Furnished,East,7.0,Ready to Move,,False
20000000.0,1721.0,3.0,3,1,"Ardendale, Kannamangala - Whitefield Hoskote Road",4.0,18.0,Semi Furnished,North,15.0,Ready to Move,,False
12500000.0,1070.0,2.0,2,1,"Hosahalli, Bengaluru",6.0,15.0,Unfurnished,East,,Ready to Move,,False
16900000.0,1362.0,2.5,2,2,"Devasthanagalu, Varthur",23.0,26.0,Semi Furnished,Unknown,4.0,Ready to Move,,False
4000000.0,590.0,1.0,1,1,"Sarjapur, Bengaluru",2.0,4.0,Semi Furnished,Unknown,7.0,Ready to Move,,False
18000000.0,1495.0,2.0,2,2,"Sulthangunta, Shivaji Nagar",2.0,4.0,Semi Furnished,East,25.0,Ready to Move,,False
8700000.0,1408.0,3.0,2,1,"Battarahalli, K R Puram",4.0,4.0,Unfurnished,Unknown,,Ready to Move,,False
26500000.0,1932.0,2.0,2,1,"Stage 1, BTM Layout",18.0,19.0,Semi Furnished,South,16.0,Ready to Move,,False
19000000.0,1601.0,3.0,3,1,"Devasthanagalu, Varthur",4.0,27.0,Semi Furnished,East,4.0,Ready to Move,,False
4350000.0,600.0,1.0,1,1,"Sarjapur, Bengaluru",4.0,9.0,Semi Furnished,North,4.0,Ready to Move,,False
13200000.0,1754.0,3.0,3,1,"Rachenahalli, Thanisandra",2.0,10.0,Unfurnished,East,15.0,Ready to Move,,False
17500000.0,1500.0,3.0,3,1,"Chikkagubbi Village, Bengaluru",17.0,20.0,Semi Furnished,West,,Upcoming,2026-08-04,True
12500000.0,1615.0,3.0,3,1,"Aishwarya Crystal Layout, Singasandra",1.0,6.0,Semi Furnished,East,10.0,Ready to Move,,False
9500000.0,1000.0,2.0,2,1,"Konappana Agrahara, Electronic City",1.0,9.0,Semi Furnished,Unknown,10.0,Ready to Move,,False
18000000.0,1433.0,3.0,3,2,"Prakruthi Nagar, Kogilu",2.0,4.0,Fully Furnished,North,4.0,Ready to Move,,False
6200000.0,711.0,1.0,1,1,"Srikrupa Layout, Abbigere",3.0,4.0,Semi Furnished,East,3.0,Ready to Move,,False
16000000.0,1435.0,3.0,2,2,"Yelenahalli, Akshayanagar",4.0,5.0,Unfurnished,East,1.0,Ready to Move,,False
21900000.0,1300.0,2.0,2,1,"Tigalarpalya, Brookefield",4.0,6.0,Unfurnished,East,3.0,Ready to Move,,False
17500000.0,1292.0,2.0,2,1,"Virgonagar, Aavalahalli",17.0,39.0,Unfurnished,North,,Ready to Move,,False
17200000.0,1334.0,3.0,2,1,"Samethanahalli, Bengaluru",3.0,18.0,Unfurnished,East,,Ready to Move,,False
14200000.0,1217.0,2.0,2,1,"Dodsworth Layout, Whitefield",8.0,9.0,Unfurnished,East,,Ready to Move,,False
26000000.0,939.0,3.0,3,1,"Classic Orchids Layout, Kalena Agrahara",16.0,16.0,Semi Furnished,North,2.0,Ready to Move,,False
9000000.0,927.0,2.0,2,1,"Huvinayakanahalli, Bengaluru",8.0,19.0,Unfurnished,North,,Ready to Move,,False
55199999.99999999,2046.0,3.0,3,1,"5th Block, Koramangala",5.0,12.0,Fully Furnished,East,10.0,Ready to Move,,False
12500000.0,670.0,1.0,1,1,"Nallurhalli, Whitefield",4.0,42.0,Unfurnished,North,,Upcoming,2027-12-31,True
15000000.0,1332.0,3.0,2,1,"Hosahalli, Bengaluru",11.0,13.0,Unfurnished,Unknown,3.0,Ready to Move,,False
29800000.0,1785.0,3.0,3,2,"Sonnenahalli, K R Puram",12.0,13.0,Semi Furnished,West,6.0,Ready to Move,,False
22500000.0,2224.0,3.0,3,2,"Terracon Doctors Enclave, Chandapura",2.0,2.0,Unfurnished,East,,Ready to Move,,False
4800000.0,432.0,1.0,1,0,"Boovanahalli, Bengaluru",10.0,19.0,Semi Furnished,Unknown,1.0,Ready to Move,,False
30600000.0,1765.0,3.0,3,1,"Seegehalli, K R Puram",16.0,19.0,Semi Furnished,East,3.0,Ready to Move,,False
7950000.0,1127.0,2.0,2,1,"Varthur, Bengaluru",3.0,5.0,Unfurnished,North,,Ready to Move,,False
24800000.0,1865.0,3.0,3,1,"Sarjapur, Bengaluru",9.0,31.0,Unfurnished,East,,Ready to Move,,False
13200000.0,957.0,2.0,2,1,"Phase I, Electronic City",9.0,21.0,Semi Furnished,East,4.0,Ready to Move,,False
16900000.0,1950.0,3.5,3,1,"Seegehalli, K R Puram",2.0,5.0,Unfurnished,West,,Ready to Move,,False
39800000.0,2489.0,3.0,4,1,"Dr.Shivaram Karanth Nagar, Jakkur",11.0,13.0,Unfurnished,East,,Upcoming,2026-11-01,True
23000000.0,1492.0,3.0,3,1,"Dommasandra, Bengaluru",7.0,28.0,Unfurnished,East,,Upcoming,2026-07-16,True
32000000.0,1815.0,2.5,2,1,"Kanakapura, Basavanagudi",1.0,6.0,Semi Furnished,South,15.0,Ready to Move,,False
35000000.0,2050.0,3.0,4,2,"Stage 3, Indira Nagar",3.0,4.0,Unfurnished,East,,Upcoming,2026-06-09,True
10700000.0,1560.0,3.0,3,1,"Horamavu Agara, Horamavu",3.0,4.0,Unfurnished,East,,Ready to Move,,False
19600000.0,1819.0,3.0,3,2,"Phase I, Electronic City",10.0,24.0,Unfurnished,East,,Upcoming,2026-06-06,True
20000000.0,1619.0,3.0,3,2,"Rachenahalli, Thanisandra",5.0,7.0,Unfurnished,West,,Upcoming,2026-09-10,True
9200000.0,955.0,2.0,2,1,"Prakruthi Nagar, Kogilu",4.0,12.0,Unfurnished,East,3.0,Ready to Move,,False
17200000.0,1910.0,3.0,3,1,"Battarahalli, K R Puram",4.0,5.0,Semi Furnished,North,2.0,Ready to Move,,False
19500000.0,1675.0,3.0,3,1,"Block 2, Agrahara Layout",12.0,13.0,Unfurnished,West,,Upcoming,2027-06-01,True
36000000.0,2488.0,4.5,4,2,"P&T Layout, Thanisandra",11.0,11.0,Semi Furnished,East,4.0,Ready to Move,,False
7500000.0,1100.0,2.0,2,0,"Anjanapura Township, Bengaluru",4.0,4.0,Semi Furnished,North,9.0,Ready to Move,,False
28000000.0,1820.0,3.0,3,1,"Budigere Cross, Bengaluru",29.0,39.0,Unfurnished,North,,Upcoming,2029-01-01,True
22500000.0,2600.0,4.0,4,1,"Ardendale, Kannamangala - Whitefield Hoskote Road",0.0,3.0,Semi Furnished,East,10.0,Ready to Move,,False
33000000.0,1910.0,3.0,3,1,"Hulimavu, Bengaluru",7.0,14.0,Semi Furnished,East,7.0,Ready to Move,,False
19200000.0,1346.0,2.5,2,1,"Gunjur Village, Bengaluru",23.0,31.0,Semi Furnished,West,8.0,Ready to Move,,False
14100000.0,1370.0,2.0,2,1,"Eastwood Township, Kasavanahalli",6.0,14.0,Semi Furnished,West,12.0,Ready to Move,,False
12500000.0,860.0,2.0,1,2,"Anchepalya, Bengaluru",12.0,30.0,Semi Furnished,North,5.0,Ready to Move,,False
6200000.0,1163.0,2.0,2,1,"Industrial Area, Hoodi",1.0,4.0,Semi Furnished,East,6.0,Ready to Move,,False
28900000.0,1900.0,3.0,3,1,"Tigalarpalya, Brookefield",4.0,5.0,Unfurnished,East,3.0,Ready to Move,,False
38000000.0,2226.0,3.0,3,1,"Richmond Town, Bengaluru",0.0,5.0,Semi Furnished,South,18.0,Ready to Move,,False
36000000.0,2280.0,3.5,4,2,"Gunjur Village, Bengaluru",3.0,29.0,Fully Furnished,Unknown,5.0,Ready to Move,,False
15000000.0,1476.0,3.0,3,1,"Anekal, Bengaluru",10.0,14.0,Unfurnished,East,,Upcoming,2026-08-20,True
7500000.0,1190.0,3.0,2,1,"Sarjapur, Bengaluru",1.0,5.0,Semi Furnished,West,6.0,Ready to Move,,False
13799999.999999998,1320.0,3.0,2,1,"Anekal, Bengaluru",13.0,14.0,Unfurnished,East,,Upcoming,2026-08-21,True
20000000.0,1795.0,3.0,3,1,"Konadasapura, Bengaluru",20.0,35.0,Unfurnished,East,,Upcoming,2026-08-31,True
7490000.000000001,1150.0,2.0,2,1,"Ankappa Layout, Uttarahalli Hobli",1.0,4.0,Unfurnished,North,,Ready to Move,,False
7600000.0,468.0,1.0,1,1,"Konappana Agrahara, Rayasandra",5.0,14.0,Unfurnished,East,,Ready to Move,,False
20500000.0,1500.0,3.0,3,1,"Kaikondrahalli, Bengaluru",7.0,10.0,Semi Furnished,South,15.0,Ready to Move,,False
11000000.0,981.0,2.0,2,1,"Dodsworth Layout, Whitefield",2.0,30.0,Unfurnished,Unknown,1.0,Ready to Move,,False
11000000.0,1139.0,2.0,2,1,"Central Park, Balagere",4.0,9.0,Semi Furnished,West,7.0,Ready to Move,,False
21100000.0,1690.0,3.0,3,1,"Eastwood Township, Harlur",9.0,13.0,Semi Furnished,East,9.0,Ready to Move,,False
41000000.0,3496.0,4.0,4,2,"Vyalikaval HBCS Layout, Nagavara",13.0,14.0,Semi Furnished,North,14.0,Ready to Move,,False
27000000.0,1920.0,3.0,3,1,"Cambridge Layout, Halasuru",2.0,4.0,Semi Furnished,East,6.0,Ready to Move,,False
15500000.0,1230.0,2.0,2,1,"Hanumanthappa Layout, Kyalasanahalli",17.0,19.0,Semi Furnished,North,7.0,Ready to Move,,False
8700000.0,1203.0,3.0,2,1,"Horamavu, Bengaluru",4.0,5.0,Semi Furnished,East,3.0,Ready to Move,,False
18300000.0,1498.0,3.0,2,1,"Buena Vista, Bommenahalli",4.0,22.0,Fully Furnished,North,4.0,Ready to Move,,False
17000000.0,1910.0,3.0,3,1,"Tigalarpalya, Brookefield",2.0,4.0,Semi Furnished,North,10.0,Ready to Move,,False
15800000.0,1650.0,3.0,3,1,"Phase I, Electronic City",12.0,15.0,Unfurnished,East,,Ready to Move,,False
32300000.0,2937.0,5.0,4,3,"7th Phase, JP Nagar",3.0,4.0,Semi Furnished,East,4.0,Ready to Move,,False
43000000.0,3455.0,4.0,4,1,"Sarjapur, Bengaluru",6.0,9.0,Semi Furnished,East,7.0,Ready to Move,,False
29800000.0,4159.0,3.0,3,2,"Sarjapur, Bengaluru",18.0,18.0,Unfurnished,Unknown,2.0,Ready to Move,,False
28900000.0,1760.0,3.0,3,1,"Vyalikaval HBCS Layout, Nagavara",6.0,10.0,Unfurnished,North,2.0,Ready to Move,,False
8000000.0,690.0,1.5,1,1,"Gummanahalli, Bengaluru",7.0,21.0,Semi Furnished,West,,Ready to Move,,False
6100000.0,926.0,2.0,2,1,"Sompura, Bengaluru",0.0,5.0,Semi Furnished,East,15.0,Ready to Move,,False
20000000.0,1000.0,2.0,2,1,"Reliaable Lifestyle Layout, Harlur",9.0,18.0,Semi Furnished,Unknown,6.0,Ready to Move,,False
11000000.0,1004.0,2.0,2,1,"Prakruthi Nagar, Kogilu",6.0,12.0,Unfurnished,North,1.0,Ready to Move,,False
11500000.0,956.0,2.0,2,1,"Aishwarya Crystal Layout, Singasandra",9.0,18.0,Unfurnished,East,,Ready to Move,,False
14000000.0,1226.0,2.0,2,1,"Konadasapura, Bengaluru",22.0,36.0,Unfurnished,East,2.0,Ready to Move,,False
11200000.000000002,757.0,2.0,2,1,"Aishwarya Crystal Layout, Begur",9.0,18.0,Unfurnished,East,,Ready to Move,,False
12200000.0,890.0,2.0,2,1,"Manayata Tech Park, Thanisandra",9.0,22.0,Unfurnished,Unknown,3.0,Ready to Move,,False
19500000.0,1950.0,3.0,3,1,"Chikkavaderapura, Kachamaranahalli",8.0,27.0,Unfurnished,East,,Ready to Move,,False
11000000.0,600.0,1.0,1,1,"Sarjapur, Bengaluru",12.0,28.0,Unfurnished,Unknown,1.0,Ready to Move,,False
19500000.0,2044.0,3.0,3,1,"Chikkagubbi Village, Bengaluru",4.0,12.0,Unfurnished,South,9.0,Ready to Move,,False
14000000.0,1518.0,3.0,3,1,"Sarjapur, Bengaluru",1.0,4.0,Unfurnished,North,2.0,Ready to Move,,False
17500000.0,1000.0,3.0,2,1,"Shriram Sameeksha, Singapura",3.0,7.0,Semi Furnished,North,7.0,Ready to Move,,False
11100000.000000002,669.0,1.0,1,1,"Gunjur Village, Bengaluru",27.0,33.0,Unfurnished,West,,Ready to Move,,False
7000000.0,1082.0,2.0,2,0,"Seegehalli, K R Puram",2.0,5.0,Unfurnished,East,2.0,Ready to Move,,False
65000000.0,4000.0,4.0,4,1,"Kothnur, JP Nagar",4.0,14.0,Semi Furnished,East,2.0,Ready to Move,,False
12500000.0,1900.0,3.0,3,1,"Aishwarya Crystal Layout, Singasandra",2.0,4.0,Unfurnished,East,13.0,Ready to Move,,False
31000000.0,1610.0,3.0,3,1,"Phase 1, Whitefield",6.0,22.0,Semi Furnished,North,,Upcoming,2030-04-01,True
19500000.0,1216.0,2.0,2,1,"Gunjur Village, Bengaluru",24.0,28.0,Unfurnished,Unknown,6.0,Ready to Move,,False
132500000.0,4200.0,4.0,5,3,"Block A, Sahakara Nagar",1.0,3.0,Semi Furnished,South,1.0,Ready to Move,,False
28900000.0,1900.0,3.0,3,1,"Phase 1, Whitefield",6.0,14.0,Unfurnished,East,10.0,Ready to Move,,False
15600000.0,1320.0,2.0,2,1,"SNN Raj Serenity, Akshayanagar",7.0,14.0,Unfurnished,North,9.0,Ready to Move,,False
6500000.0,814.0,2.0,2,2,"Huskur, Bengaluru",7.0,10.0,Semi Furnished,Unknown,8.0,Ready to Move,,False
28000000.0,2210.0,4.0,4,1,"Chikkakannalli, Bengaluru",25.0,27.0,Unfurnished,West,3.0,Ready to Move,,False
28000000.0,1644.0,3.0,3,1,"Agrahara Dasarahalli, Rajajinagar",2.0,31.0,Unfurnished,East,,Upcoming,2026-09-01,True
21500000.0,1800.0,3.0,3,1,"Rachenahalli, Thanisandra",18.0,28.0,Unfurnished,East,,Upcoming,2026-09-15,True
40000000.0,2145.0,3.0,3,1,"Police Quarters, R.K. Hegde Nagar",9.0,20.0,Semi Furnished,East,7.0,Ready to Move,,False
21100000.0,1295.0,2.0,2,1,"Devinagar, Bengaluru",16.0,19.0,Semi Furnished,West,5.0,Ready to Move,,False
27500000.0,1771.0,3.0,3,1,"Jyotipuram, Bengaluru",7.0,26.0,Semi Furnished,East,1.0,Ready to Move,,False
22000000.0,1434.0,3.0,2,1,"Sarjapur, Bengaluru",9.0,9.0,Semi Furnished,Unknown,16.0,Ready to Move,,False
17200000.0,1100.0,2.5,2,1,"Phase I, Electronic City",15.0,20.0,Semi Furnished,Unknown,9.0,Ready to Move,,False
24500000.0,1525.0,3.0,3,2,"Thigala Chowdadenahalli, Bengaluru",17.0,25.0,Unfurnished,West,,Upcoming,2028-12-01,True
38000000.0,1900.0,3.0,3,4,"Gopalapura, Binnipete",15.0,25.0,Semi Furnished,East,1.0,Ready to Move,,False
9900000.0,1043.0,3.0,3,1,"Gummanahalli, Bengaluru",20.0,21.0,Fully Furnished,East,1.0,Ready to Move,,False
14300000.0,1012.0,2.0,2,1,"Balagere, Bengaluru",14.0,14.0,Semi Furnished,Unknown,1.0,Ready to Move,,False
24500000.0,1285.0,3.0,3,1,"Phase 2, Doddanagamangala",1.0,9.0,Semi Furnished,West,6.0,Ready to Move,,False
8895000.0,800.0,2.0,2,1,"Budigere Cross, Bengaluru",5.0,10.0,Unfurnished,Unknown,,Upcoming,2027-08-01,True
27700000.0,1900.0,3.0,3,1,"Akshaya Vana, Akshayanagar",14.0,22.0,Unfurnished,East,7.0,Ready to Move,,False
28900000.0,1890.0,3.0,3,1,"Kundalahalli, Brookefield",6.0,15.0,Unfurnished,East,6.0,Ready to Move,,False
15200000.0,1300.0,2.0,2,1,"Belatur Colony, K R Puram",5.0,12.0,Semi Furnished,East,17.0,Ready to Move,,False
20000000.0,1550.0,3.0,3,1,"Thomas Town, Cooke Town",2.0,4.0,Semi Furnished,North,5.0,Ready to Move,,False
33200000.0,1920.0,3.0,3,1,"Binny Pete, Jagajeevanram Nagar",19.0,33.0,Unfurnished,East,,Ready to Move,,False
30000000.0,1850.0,3.0,3,1,"Hosapalya, Kudlu Gate",3.0,22.0,Semi Furnished,East,7.0,Ready to Move,,False
9500000.0,700.0,2.0,2,1,"Seegehalli, Whitefield - Hoskote Road, K R Puram",4.0,34.0,Unfurnished,East,1.0,Ready to Move,,False
13200000.0,1401.0,3.0,2,1,"Gummanahalli, Bengaluru",8.0,20.0,Unfurnished,West,,Ready to Move,,False
19000000.0,1630.0,3.0,3,1,"V S Reddy Colony, Kadugodi",4.0,10.0,Semi Furnished,West,2.0,Ready to Move,,False
9000000.0,640.0,1.0,1,1,"Bommenahalli, Bengaluru",1.0,18.0,Unfurnished,East,,Ready to Move,,False
9500000.0,1467.0,3.0,3,1,"Chikka Nanjundappa Layout, NRI Layout",0.0,4.0,Semi Furnished,East,4.0,Ready to Move,,False
65000000.0,3697.0,4.0,5,2,"Sector 1, HSR Layout",4.0,8.0,Unfurnished,East,,Upcoming,2026-06-13,True
24000000.0,1675.0,3.0,3,1,"Sri Balaji Krupa Layout, R.K. Hegde Nagar",27.0,31.0,Unfurnished,West,2.0,Ready to Move,,False
28000000.0,1600.0,3.0,3,1,"Lingadheeranahalli, Bengaluru",22.0,26.0,Semi Furnished,East,8.0,Ready to Move,,False
25000000.0,1183.0,2.0,2,2,"Orchid Piccadilly, Chokkanahalli",3.0,4.0,Fully Furnished,Unknown,4.0,Ready to Move,,False
17000000.0,1474.0,3.0,3,1,"Suryanagar, Bommasandra",14.0,27.0,Unfurnished,East,,Ready to Move,,False
20099999.999999996,1500.0,3.0,3,1,"Manayata Tech Park, Thanisandra",1.0,8.0,Semi Furnished,East,1.0,Ready to Move,,False
31000000.0,1973.0,3.0,3,1,"BDA Colony, Jeevan Bima Nagar",6.0,9.0,Semi Furnished,South,16.0,Ready to Move,,False
15400000.0,1400.0,3.0,2,1,"Gopalareddy Layout, Choodasandra",4.0,4.0,Semi Furnished,North,1.0,Ready to Move,,False
22000000.0,1844.0,3.0,3,1,"Gunjur Village, Bengaluru",2.0,21.0,Unfurnished,North,3.0,Ready to Move,,False
17800000.0,999.0,2.5,2,1,"Phase I, Electronic City",17.0,21.0,Semi Furnished,Unknown,9.0,Ready to Move,,False
20000000.0,1279.0,2.0,2,1,"Rachenahalli, Thanisandra",22.0,29.0,Unfurnished,Unknown,5.0,Ready to Move,,False
45000000.0,2989.0,3.0,4,1,"Virgonagar, Aavalahalli",33.0,36.0,Fully Furnished,Unknown,8.0,Ready to Move,,False
12500000.0,1062.0,2.0,2,1,"Hosahalli, Bengaluru",11.0,13.0,Unfurnished,North,1.0,Ready to Move,,False
9200000.0,696.0,1.0,1,1,"Chikkagubbi Village, Bengaluru",2.0,3.0,Semi Furnished,East,3.0,Ready to Move,,False
31200000.0,2010.0,3.0,3,1,"Srinivasa Nagar, Banashankari",10.0,32.0,Unfurnished,West,,Ready to Move,,False
29300000.0,1853.0,3.0,3,1,"Srinivasa Nagar, Banashankari",14.0,32.0,Unfurnished,West,,Ready to Move,,False
35300000.0,1958.0,3.0,3,2,"Jaya Nagar East, Jayanagar",1.0,4.0,Unfurnished,North,5.0,Ready to Move,,False
11500000.0,1500.0,3.0,3,1,"Marathahalli Village, Marathahalli",0.0,5.0,Unfurnished,East,,Ready to Move,,False
14300000.0,1455.0,3.0,2,2,"Phase I, Electronic City",13.0,15.0,Unfurnished,North,,Ready to Move,,False
30700000.0,1500.0,3.0,3,1,"Kothnur, JP Nagar",4.0,15.0,Semi Furnished,East,2.0,Ready to Move,,False
6500000.0,914.0,3.0,2,1,"Attibele, Bengaluru",10.0,16.0,Unfurnished,West,,Ready to Move,,False
38700000.0,2514.0,4.0,5,1,"Gunjur Village, Bengaluru",13.0,32.0,Unfurnished,East,,Ready to Move,,False
6400000.0,884.0,2.0,2,1,"Kambipura, Bengaluru",6.0,12.0,Semi Furnished,North,5.0,Ready to Move,,False
9300000.0,1087.0,2.0,2,1,"Rainbow Drive, Junnasandra",4.0,5.0,Semi Furnished,North,11.0,Ready to Move,,False
18000000.0,1432.0,3.0,3,2,"Prakruthi Nagar, Kogilu",2.0,4.0,Fully Furnished,North,4.0,Ready to Move,,False
8000000.0,586.0,1.0,1,1,"Suryanagar, Bommasandra",19.0,22.0,Unfurnished,East,,Ready to Move,,False
17700000.0,1235.0,2.0,2,1,"Akshaya Vana, Begur",1.0,19.0,Semi Furnished,East,6.0,Ready to Move,,False
15000000.0,1150.0,2.0,2,1,"Sanjay Nagar, Marathahalli",2.0,5.0,Semi Furnished,East,7.0,Ready to Move,,False
9000000.0,696.0,1.0,1,1,"Chikkagubbi Village, Bengaluru",1.0,3.0,Semi Furnished,East,3.0,Ready to Move,,False
10000000.0,974.0,2.0,2,1,"Jyotipuram, Bengaluru",12.0,14.0,Unfurnished,East,1.0,Ready to Move,,False
16000000.0,1234.0,3.0,3,1,"Belathur, K R Puram",23.0,27.0,Unfurnished,East,,Upcoming,2027-03-01,True
30000000.0,2600.0,4.0,4,2,"Dodsworth Layout, Whitefield",2.0,4.0,Unfurnished,Unknown,13.0,Ready to Move,,False
22200000.000000004,3200.0,8.0,8,2,"Sreenivasa Reddy Layout, Devarachikkana Halli",1.0,4.0,Semi Furnished,North,5.0,Ready to Move,,False
12500000.0,924.0,2.0,2,1,"Uttarahalli -Manavarthekaval, Bengaluru",3.0,15.0,Semi Furnished,Unknown,1.0,Ready to Move,,False
8800000.0,1185.0,2.0,2,1,"Choodasandra, Bengaluru",1.0,4.0,Semi Furnished,East,7.0,Ready to Move,,False
9000000.0,1025.0,2.0,2,1,"Bommasandra, Bengaluru",3.0,4.0,Semi Furnished,North,7.0,Ready to Move,,False
11000000.0,1300.0,3.0,2,1,"Kammavari Pete, Hoskote",8.0,14.0,Semi Furnished,East,2.0,Ready to Move,,False
13200000.0,1270.0,2.0,2,2,"Veer Sandra, Electronic City",3.0,15.0,Semi Furnished,East,3.0,Ready to Move,,False
15100000.0,1873.0,3.0,3,1,"Ali Estate, Yelahanka",2.0,4.0,Unfurnished,Unknown,1.0,Ready to Move,,False
13799999.999999998,960.0,2.0,2,1,"Devasthanagalu, Varthur",25.0,26.0,Semi Furnished,East,4.0,Ready to Move,,False
16000000.0,1170.0,2.0,2,1,"Buena Vista, Bommenahalli",12.0,35.0,Unfurnished,Unknown,1.0,Ready to Move,,False
14200000.0,1221.0,2.0,2,1,"Phase I, Electronic City",6.0,18.0,Unfurnished,East,9.0,Ready to Move,,False
22700000.0,1860.0,3.0,3,2,"Maruthi Nagar, Yelahanka",8.0,17.0,Unfurnished,East,,Upcoming,2026-09-15,True
12100000.0,1176.0,2.0,2,1,"Gopasandra, Bengaluru",8.0,15.0,Unfurnished,West,,Ready to Move,,False
15500000.0,1709.0,3.0,3,3,"Kodigehalli, K R Puram",12.0,12.0,Semi Furnished,West,4.0,Ready to Move,,False
8800000.0,1001.0,3.0,3,1,"Gummanahalli, Bengaluru",15.0,20.0,Unfurnished,East,1.0,Ready to Move,,False
33900000.0,1800.0,3.0,4,1,"Whitefield, Bengaluru",19.0,21.0,Unfurnished,East,9.0,Ready to Move,,False
28500000.0,1700.0,3.0,3,3,"Lakedew Residency- Phase 2, Harlur",17.0,18.0,Unfurnished,Unknown,7.0,Ready to Move,,False
5760000.0,1200.0,3.0,3,0,"Rajiv Gandhi Nagar, Kodigehalli",0.0,8.0,Semi Furnished,East,6.0,Ready to Move,,False
11200000.000000002,1065.0,2.0,2,1,"Hosahalli, Bengaluru",13.0,13.0,Semi Furnished,East,3.0,Ready to Move,,False
29500000.0,2649.0,5.0,4,2,"Seegehalli, K R Puram",18.0,29.0,Unfurnished,West,,Ready to Move,,False
21000000.0,1843.0,3.0,3,1,"Mallasandra, Bengaluru",3.0,19.0,Unfurnished,East,11.0,Ready to Move,,False
25500000.0,1500.0,3.0,3,1,"Varthur, Bengaluru",23.0,23.0,Semi Furnished,West,5.0,Ready to Move,,False
65000000.0,2190.0,3.0,4,2,"Kempegowda Nagar, Bengaluru",15.0,23.0,Unfurnished,East,6.0,Ready to Move,,False
22500000.0,1583.0,3.0,2,1,"Talaghattapura, Bengaluru",1.0,24.0,Unfurnished,Unknown,1.0,Ready to Move,,False
26200000.0,1907.0,3.0,2,2,"Virgonagar, Aavalahalli",30.0,39.0,Unfurnished,Unknown,,Ready to Move,,False
28000000.0,1500.0,3.0,3,1,"Varthur, Bengaluru",5.0,24.0,Semi Furnished,East,3.0,Ready to Move,,False
7600000.0,1350.0,3.0,2,2,"Horamavu Agara, Lakeview Residency",2.0,5.0,Unfurnished,North,,Upcoming,2026-08-01,True
22500000.0,1200.0,2.0,2,0,"7th Phase, JP Nagar",17.0,20.0,Semi Furnished,East,13.0,Ready to Move,,False
24000000.0,1000.0,2.0,2,1,"Attibele, Bengaluru",27.0,41.0,Unfurnished,East,6.0,Ready to Move,,False
45000000.0,3730.0,3.0,4,2,"Thanisandra, Bengaluru",5.0,6.0,Unfurnished,Unknown,,Ready to Move,,False
12000000.0,1205.0,2.5,2,1,"K R Garden, Murugeshpalya",3.0,4.0,Semi Furnished,North,10.0,Ready to Move,,False
40000000.0,2050.0,3.0,3,2,"Srinivasa Nagar, Banashankari",6.0,15.0,Semi Furnished,East,,Upcoming,2026-07-25,True
16399999.999999998,1234.0,2.0,2,1,"Dodsworth Layout, Whitefield",18.0,28.0,Unfurnished,East,,Ready to Move,,False
25000000.0,1410.0,3.0,3,1,"Rachenahalli, Jakkur",7.0,9.0,Unfurnished,North,1.0,Ready to Move,,False
11500000.0,855.0,1.0,1,1,"Raghuvanahalli, Subramanyapura",5.0,14.0,Unfurnished,South,1.0,Ready to Move,,False
17000000.0,1200.0,3.0,3,1,"Aishwarya Crystal Layout, Begur",9.0,18.0,Unfurnished,East,3.0,Ready to Move,,False
24500000.0,1675.0,3.0,3,1,"Eshwara Layout, Indira Nagar",2.0,4.0,Semi Furnished,East,20.0,Ready to Move,,False
27500000.0,2030.0,4.5,4,2,"Upkar Layout, Whitefield",23.0,30.0,Unfurnished,West,,Ready to Move,,False
17500000.0,1896.0,3.0,3,1,"Seegehalli, K R Puram",1.0,5.0,Semi Furnished,West,11.0,Ready to Move,,False
19000000.0,1267.0,3.0,2,1,"Chikkagubbi Village, Bengaluru",4.0,21.0,Unfurnished,East,3.0,Ready to Move,,False
17400000.0,1450.0,3.0,3,1,"Balaji Layout, Cooke Town",2.0,5.0,Unfurnished,Unknown,1.0,Ready to Move,,False
22500000.0,1690.0,3.0,3,1,"Thigala Chowdadenahalli, Bengaluru",3.0,27.0,Unfurnished,Unknown,1.0,Ready to Move,,False
17000000.0,1482.0,3.0,3,1,"Virgonagar, Aavalahalli",4.0,24.0,Unfurnished,East,,Ready to Move,,False
18000000.0,1303.0,2.0,2,1,"Carmelaram, Bengaluru",12.0,14.0,Unfurnished,East,2.0,Ready to Move,,False
130000000.0,4200.0,4.0,5,3,"Block A, Sahakara Nagar",1.0,3.0,Semi Furnished,South,1.0,Ready to Move,,False
25000000.0,1478.0,3.0,2,2,"Ramanjaneyanagar, Chikkalasandra",18.0,26.0,Unfurnished,East,1.0,Ready to Move,,False
22500000.0,1500.0,3.0,3,2,"Hulimavu, Bengaluru",7.0,14.0,Semi Furnished,West,3.0,Ready to Move,,False
33700000.0,2710.0,3.0,4,1,"Rachenahalli, Jakkur",7.0,8.0,Semi Furnished,North,10.0,Ready to Move,,False
30000000.0,2050.0,4.0,4,2,"Anchepalya, Bengaluru",20.0,29.0,Semi Furnished,Unknown,5.0,Ready to Move,,False
15800000.0,1334.0,2.0,2,1,"Dodsworth Layout, Whitefield",3.0,4.0,Semi Furnished,East,15.0,Ready to Move,,False
38000000.0,2072.0,3.0,3,1,"Whitefield, Bengaluru",2.0,19.0,Semi Furnished,South,14.0,Ready to Move,,False
9200000.0,920.0,2.0,2,2,"Sree Narayana Nagar, Kadagrahara",6.0,6.0,Fully Furnished,Unknown,3.0,Ready to Move,,False
10300000.0,1150.0,2.0,2,1,"2nd Stage, Uttarahalli Hobli",1.0,4.0,Unfurnished,East,2.0,Ready to Move,,False
24200000.0,1758.0,3.0,3,2,"Ardendale, Kannamangala - Whitefield Hoskote Road",23.0,24.0,Unfurnished,East,,Ready to Move,,False
7000000.0,1250.0,2.0,2,2,"5th Phase, JP Nagar",2.0,4.0,Semi Furnished,East,8.0,Ready to Move,,False
27500000.0,1771.0,3.0,3,1,"Jyotipuram, Bengaluru",8.0,28.0,Unfurnished,East,1.0,Ready to Move,,False
22200000.000000004,1660.0,3.0,3,1,"Hosahalli, Bengaluru",5.0,15.0,Unfurnished,East,1.0,Ready to Move,,False
14400000.0,1200.0,2.0,2,1,"Kodigehalli, K R Puram",1.0,20.0,Fully Furnished,East,,Upcoming,2026-08-03,True
15500000.0,1149.0,3.0,2,1,"Laxminarayana Layout, Whitefield",2.0,4.0,Fully Furnished,North,6.0,Ready to Move,,False
11200000.000000002,1225.0,2.0,2,1,"Residential Quarters, Yelahanka",1.0,15.0,Semi Furnished,East,9.0,Ready to Move,,False
12000000.0,1175.0,2.0,2,1,"Thirumalashettyhally, Bengaluru",3.0,14.0,Unfurnished,West,3.0,Ready to Move,,False
15900000.0,1595.0,3.0,3,1,"Seegehalli, K R Puram",1.0,17.0,Semi Furnished,Unknown,15.0,Ready to Move,,False
17000000.0,1467.0,2.0,2,1,"Jayanagar Housing Society Layout, Subramanyapura",1.0,5.0,Semi Furnished,Unknown,2.0,Ready to Move,,False
21000000.0,1517.0,3.0,3,1,"Sai Sree Layout, Parappana Agrahara",7.0,13.0,Unfurnished,North,1.0,Ready to Move,,False
32000000.0,1800.0,3.0,3,1,"Government Quarters, C V Raman Nagar",4.0,8.0,Semi Furnished,South,10.0,Ready to Move,,False
10500000.0,1100.0,2.0,2,3,"Gollahalli, Electronic City",4.0,13.0,Unfurnished,Unknown,7.0,Ready to Move,,False
29000000.0,1850.0,4.0,3,2,"Anchepalya, Bengaluru",12.0,30.0,Semi Furnished,East,5.0,Ready to Move,,False
12800000.0,970.0,2.0,2,1,"Begur, Bengaluru",12.0,28.0,Unfurnished,East,1.0,Ready to Move,,False
33000000.0,1700.0,3.0,3,1,"7th Phase, JP Nagar",4.0,8.0,Fully Furnished,Unknown,13.0,Ready to Move,,False
17500000.0,2345.0,4.0,4,2,"Horamavu Agara, Horamavu",1.0,4.0,Semi Furnished,North,1.0,Ready to Move,,False
29000000.0,2337.0,4.0,4,1,"Begur, Bengaluru",16.0,25.0,Unfurnished,East,,Ready to Move,,False
9000000.0,1200.0,2.0,2,2,"Block A, Sahakara Nagar",2.0,5.0,Semi Furnished,West,15.0,Ready to Move,,False
19600000.0,1796.0,3.0,3,1,"Ardendale, Kannamangala - Whitefield Hoskote Road",6.0,24.0,Unfurnished,West,,Ready to Move,,False
17000000.0,2345.0,4.0,4,2,"Horamavu Agara, Horamavu",1.0,4.0,Semi Furnished,North,1.0,Ready to Move,,False
41500000.0,2000.0,3.0,3,2,"1st Phase, Jayanagar",2.0,4.0,Semi Furnished,South,24.0,Ready to Move,,False
29000000.0,2516.0,3.0,4,1,"Ardendale, Kannamangala - Whitefield Hoskote Road",2.0,7.0,Unfurnished,East,,Ready to Move,,False
23500000.0,1470.0,3.0,3,1,"P&T Layout, Thanisandra",11.0,15.0,Semi Furnished,North,6.0,Ready to Move,,False
19000000.0,1843.0,3.0,3,1,"Mallasandra, Bengaluru",16.0,18.0,Semi Furnished,North,15.0,Ready to Move,,False
27500000.0,1653.0,3.0,3,1,"Akshaya Vana, Akshayanagar",6.0,28.0,Semi Furnished,East,3.0,Ready to Move,,False
95000000.0,9300.0,12.0,12,3,"Sanjay Nagar, Marathahalli",1.0,5.0,Fully Furnished,West,4.0,Ready to Move,,False
34000000.0,2182.0,3.0,3,2,"Rachenahalli, Thanisandra",10.0,35.0,Unfurnished,North,,Ready to Move,,False
7900000.0,1055.0,2.0,2,1,"Madagondanahalli, Electronic City",6.0,10.0,Semi Furnished,East,9.0,Ready to Move,,False
290000000.0,6444.0,5.0,6,5,"One Bangalore West, Rajajinagar",26.0,30.0,Semi Furnished,North,5.0,Ready to Move,,False
6000000.0,1000.0,2.0,2,1,"Bommasandra, Bengaluru",2.0,4.0,Unfurnished,North,7.0,Ready to Move,,False
15900000.0,1545.0,3.0,2,1,"Gunjur, Bengaluru",3.0,23.0,Semi Furnished,West,3.0,Ready to Move,,False
17500000.0,1383.0,3.0,2,1,"Chikkakannalli, Bengaluru",1.0,27.0,Unfurnished,North,,Upcoming,2026-08-14,True
12500000.0,1350.0,3.0,3,1,"Budigere Cross, Bengaluru",8.0,19.0,Semi Furnished,South,6.0,Ready to Move,,False
12000000.0,1200.0,2.0,1,1,"Yelahanka, Bengaluru",1.0,8.0,Semi Furnished,East,10.0,Ready to Move,,False
22400000.000000004,1476.0,3.0,3,1,"Akshaya Gardens, Akshayanagar",7.0,27.0,Semi Furnished,West,9.0,Ready to Move,,False
8500000.0,1251.0,2.0,2,1,"Prakruthi Layout, HBR Layout",3.0,4.0,Semi Furnished,East,10.0,Ready to Move,,False
13000000.0,1100.0,2.0,2,2,"Gandhi Bazaar, Basavanagudi",1.0,4.0,Semi Furnished,Unknown,20.0,Ready to Move,,False
18500000.0,1250.0,2.0,2,1,"Gandhi Nagar, Munnekollal",7.0,9.0,Semi Furnished,West,15.0,Ready to Move,,False
28000000.0,1660.0,3.0,3,1,"7th Phase, JP Nagar",5.0,20.0,Semi Furnished,South,13.0,Ready to Move,,False
28500000.0,1804.0,3.0,3,2,"Balagere, Bengaluru",17.0,17.0,Unfurnished,North,2.0,Ready to Move,,False
14100000.0,1221.0,2.0,2,1,"Phase I, Electronic City",5.0,18.0,Unfurnished,East,9.0,Ready to Move,,False
9000000.0,1003.0,2.0,2,3,"Madagondanahalli, Electronic City",5.0,7.0,Semi Furnished,North,6.0,Ready to Move,,False
33000000.0,1900.0,4.0,4,2,"Anchepalya, Bengaluru",12.0,30.0,Semi Furnished,East,3.0,Ready to Move,,False
8800000.0,1043.0,3.0,2,1,"Gummanahalli, Bengaluru",13.0,21.0,Unfurnished,East,,Upcoming,2026-12-01,True
13500000.0,480.0,2.0,1,1,"Someshwara Layout, Doddakannelli",4.0,14.0,Semi Furnished,East,1.0,Ready to Move,,False
26000000.0,1520.0,3.0,3,1,"Varthur, Bengaluru",18.0,23.0,Semi Furnished,West,5.0,Ready to Move,,False
13500000.0,1225.0,2.0,2,1,"Janatha Colony, Carmelaram",0.0,10.0,Semi Furnished,East,6.0,Ready to Move,,False
16500000.0,1104.0,2.0,2,1,"Ramanjaneyanagar, Chikkalasandra",1.0,25.0,Unfurnished,West,1.0,Ready to Move,,False
12500000.0,1065.0,2.5,2,1,"Phase I, Electronic City",6.0,14.0,Unfurnished,Unknown,3.0,Ready to Move,,False
32500000.0,1800.0,3.0,3,1,"Kariyammana Agrahara, Bellandur",1.0,16.0,Semi Furnished,East,9.0,Ready to Move,,False
14500000.0,1100.0,2.0,2,2,"Brookefield, Bengaluru",2.0,12.0,Semi Furnished,North,9.0,Ready to Move,,False
8600000.0,977.0,2.0,2,1,"Gummanahalli, Bengaluru",2.0,21.0,Semi Furnished,Unknown,2.0,Ready to Move,,False
9300000.0,1220.0,3.0,2,1,"Horamavu Agara, Horamavu",1.0,4.0,Semi Furnished,East,4.0,Ready to Move,,False
19700000.0,1600.0,3.0,3,1,"Sarjapur, Bengaluru",15.0,30.0,Unfurnished,East,,Upcoming,2026-07-01,True
45000000.0,3600.0,4.0,4,0,"Rajiv Gandhi Nagar, Kodigehalli",1.0,3.0,Semi Furnished,East,1.0,Ready to Move,,False
59500000.0,3870.0,4.0,4,2,"Jogappa Layout, Nagavara",8.0,40.0,Semi Furnished,Unknown,5.0,Ready to Move,,False
80000000.0,3000.0,3.0,4,4,"One Bangalore West, Rajajinagar",25.0,30.0,Semi Furnished,North,1.0,Ready to Move,,False
12900000.0,1300.0,3.0,3,1,"2nd Stage, Uttarahalli Hobli",2.0,4.0,Unfurnished,East,2.0,Ready to Move,,False
9000000.0,885.0,2.0,2,1,"Budigere Cross, Bengaluru",,,Unfurnished,East,1.0,Ready to Move,,False
12000000.0,1500.0,3.0,3,1,"ITI Employees Layout, Mallathahalli",3.0,4.0,Semi Furnished,East,2.0,Ready to Move,,False
11500000.0,1062.0,2.0,2,1,"Hosahalli, Bengaluru",8.0,13.0,Unfurnished,East,3.0,Ready to Move,,False
36500000.0,1930.0,3.0,3,2,"Jakkuru Layout, Jakkur",5.0,18.0,Semi Furnished,North,3.0,Ready to Move,,False
29000000.0,2676.0,4.5,4,1,"Seegehalli, K R Puram",17.0,28.0,Unfurnished,West,,Ready to Move,,False
26500000.0,1850.0,3.0,3,1,"EPIP Zone, Brookefield",1.0,12.0,Semi Furnished,Unknown,18.0,Ready to Move,,False
13500000.0,1133.0,2.0,2,1,"Adityanagar, Vidyaranyapura",14.0,15.0,Unfurnished,Unknown,1.0,Ready to Move,,False
21200000.0,1517.0,3.0,3,1,"Sai Sree Layout, Parappana Agrahara",8.0,13.0,Unfurnished,East,1.0,Ready to Move,,False
33000000.0,2061.0,3.0,3,2,"Akshaya Gardens, Akshayanagar",11.0,27.0,Semi Furnished,East,9.0,Ready to Move,,False
22000000.0,1803.0,3.0,3,0,"Dasarahalli, Bengaluru",5.0,10.0,Semi Furnished,West,15.0,Ready to Move,,False
48900000.0,2441.0,4.0,4,2,"Jakkasandra Extension, Koramangala",3.0,14.0,Unfurnished,East,4.0,Ready to Move,,False
32500000.0,1749.0,3.0,3,1,"Eastwood Township, Harlur",3.0,18.0,Semi Furnished,East,8.0,Ready to Move,,False
21000000.0,1820.0,3.0,3,1,"DNA Eden View, Whitefield",6.0,9.0,Unfurnished,East,10.0,Ready to Move,,False
68000000.0,4275.0,4.0,4,2,"Phase 1, Whitefield",0.0,10.0,Fully Furnished,North,8.0,Ready to Move,,False
24500000.0,1500.0,3.0,3,1,"Varthur, Bengaluru",22.0,24.0,Semi Furnished,East,5.0,Ready to Move,,False
7640000.000000001,1189.0,2.0,2,1,"Budigere Cross, Bengaluru",3.0,9.0,Semi Furnished,Unknown,7.0,Ready to Move,,False
19500000.0,2030.0,3.0,3,1,"Seegehalli, K R Puram",3.0,5.0,Unfurnished,West,,Ready to Move,,False
20700000.0,1545.0,3.0,3,1,"Kothnur, JP Nagar",2.0,4.0,Unfurnished,East,6.0,Ready to Move,,False
16000000.0,1350.0,3.0,3,1,"Konappana Agrahara, Electronic City",11.0,12.0,Semi Furnished,East,7.0,Ready to Move,,False
19100000.0,1100.0,2.0,2,1,"Kothnur, JP Nagar",4.0,15.0,Semi Furnished,East,2.0,Ready to Move,,False
17700000.0,1644.0,3.0,3,1,"Hadosiddapura, Carmelaram",2.0,15.0,Semi Furnished,West,10.0,Ready to Move,,False
8500000.0,1224.0,3.0,3,1,"Hennagara, Bommasandra",12.0,12.0,Semi Furnished,West,8.0,Ready to Move,,False
14200000.0,1209.0,2.0,2,1,"Phase I, Electronic City",6.0,14.0,Unfurnished,West,,Ready to Move,,False
20000000.0,1379.0,3.0,3,1,"Phase I, Electronic City",15.0,21.0,Semi Furnished,Unknown,3.0,Ready to Move,,False
3200000.0,600.0,1.0,1,1,"Sarjapur, Bengaluru",2.0,5.0,Semi Furnished,East,3.0,Ready to Move,,False
27400000.000000004,1905.0,3.0,3,1,"Rachenahalli, Thanisandra",33.0,35.0,Unfurnished,West,,Ready to Move,,False
8200000.0,1150.0,2.0,2,2,"Devarachikkana Halli, Bengaluru",3.0,4.0,Semi Furnished,East,6.0,Ready to Move,,False
7900000.0,910.0,2.0,2,1,"Sarjapur, Bengaluru",5.0,8.0,Unfurnished,East,,Ready to Move,,False
17500000.0,2345.0,4.0,4,2,"Horamavu Agara, Horamavu",1.0,4.0,Semi Furnished,North,1.0,Ready to Move,,False
22200000.000000004,1495.0,3.0,3,1,"Chikkakannalli, Bengaluru",5.0,15.0,Unfurnished,Unknown,3.0,Ready to Move,,False
18500000.0,906.0,2.0,2,1,"Kundalahalli, Brookefield",10.0,18.0,Semi Furnished,Unknown,7.0,Ready to Move,,False
24500000.0,1850.0,3.0,3,0,"RMZ Galleria Residences, Yelahanka",2.0,17.0,Semi Furnished,East,9.0,Ready to Move,,False
21500000.0,1284.0,3.0,2,1,"Banashankari Layout, K R Puram",2.0,19.0,Semi Furnished,East,2.0,Ready to Move,,False
70000000.0,4322.0,4.0,4,4,"4th Phase, JP Nagar",3.0,23.0,Semi Furnished,East,9.0,Ready to Move,,False
14900000.0,1210.0,2.0,2,1,"Sompura, Bengaluru",4.0,9.0,Unfurnished,East,4.0,Ready to Move,,False
27000000.0,1020.0,2.0,2,1,"Begur, Bengaluru",7.0,8.0,Semi Furnished,North,8.0,Ready to Move,,False
80000000.0,3700.0,4.0,5,4,"One Bangalore West, Rajajinagar",24.0,30.0,Semi Furnished,East,5.0,Ready to Move,,False
18500000.0,1490.0,3.0,3,1,"Stage 2, Vijayanagar",8.0,14.0,Unfurnished,West,1.0,Ready to Move,,False
8800000.0,1215.0,2.0,2,1,"Munnekollal, Bengaluru",3.0,4.0,Semi Furnished,West,8.0,Ready to Move,,False
14700000.0,1148.0,2.5,2,1,"Bommasandra Industrial Area, Bommasandra",6.0,23.0,Unfurnished,East,,Ready to Move,,False
21000000.0,1422.0,3.0,3,1,"Janatha Colony, Carmelaram",5.0,16.0,Fully Furnished,Unknown,6.0,Ready to Move,,False
15000000.0,1198.0,2.0,2,1,"Kannuru, Bengaluru",2.0,25.0,Semi Furnished,East,,Ready to Move,,False
12600000.0,1020.0,2.0,2,1,"Konappana Agrahara, Rayasandra",11.0,21.0,Unfurnished,East,,Upcoming,2027-09-02,True
14000000.0,1308.0,3.0,3,1,"Judicial Layout 2nd Phase, Talaghattapura",7.0,13.0,Unfurnished,North,1.0,Ready to Move,,False
6800000.0,1435.0,3.0,2,1,"Virgonagar Industrial Estate, K R Puram",5.0,5.0,Unfurnished,East,1.0,Ready to Move,,False
14500000.0,1420.0,3.0,3,1,"Bannerughatta, Bengaluru",1.0,4.0,Unfurnished,North,1.0,Ready to Move,,False
23000000.0,1500.0,3.0,3,1,"Rachenahalli, Jakkur",6.0,8.0,Unfurnished,North,2.0,Ready to Move,,False
21000000.0,1550.0,3.0,3,1,"Belathur, K R Puram",17.0,27.0,Unfurnished,North,,Ready to Move,,False
45000000.0,1915.0,3.0,1,1,"Palm Retreat Lake Front, Kaikondrahalli",6.0,15.0,Unfurnished,Unknown,1.0,Ready to Move,,False
29000000.0,1857.0,3.0,3,1,"Srinivasa Nagar, Banashankari",5.0,32.0,Unfurnished,West,,Ready to Move,,False
18000000.0,1569.0,3.0,3,2,"Devin Paradise Enclave, Tirumanahalli",10.0,16.0,Semi Furnished,East,7.0,Ready to Move,,False
13500000.0,1132.0,2.0,2,1,"Dodsworth Layout, Whitefield",7.0,12.0,Semi Furnished,East,8.0,Ready to Move,,False
41800000.0,2400.0,4.0,4,2,"Phase 2, Whitefield",6.0,19.0,Semi Furnished,East,1.0,Ready to Move,,False
13700000.000000002,1425.0,3.0,2,1,"Janatha Colony, Carmelaram",1.0,5.0,Semi Furnished,West,1.0,Ready to Move,,False
14800000.0,1188.0,2.0,2,1,"Phase I, Electronic City",12.0,25.0,Unfurnished,East,,Ready to Move,,False
22500000.0,1476.0,3.0,3,1,"Akshaya Gardens, Akshayanagar",7.0,27.0,Semi Furnished,West,9.0,Ready to Move,,False
9700000.0,1360.0,3.0,2,1,"Vignan Nagar, Basavanagar",0.0,4.0,Semi Furnished,North,12.0,Ready to Move,,False
8000000.0,1100.0,2.0,2,2,"Nanjappa Reddy Colony, Mathikere",1.0,4.0,Semi Furnished,North,14.0,Ready to Move,,False
16200000.000000002,1090.0,2.0,2,1,"Rachenahalli, Thanisandra",7.0,13.0,Unfurnished,West,,Ready to Move,,False
17400000.0,1456.0,2.0,3,1,"Kaverappa Layout, Panathur",3.0,13.0,Unfurnished,East,1.0,Ready to Move,,False
20000000.0,1661.0,3.0,3,1,"Pai Layout, Mahadevapura",3.0,7.0,Semi Furnished,West,16.0,Ready to Move,,False
38000000.0,1900.0,3.0,3,1,"Munivenkatppa Layout, Bilekahalli",6.0,18.0,Semi Furnished,East,12.0,Ready to Move,,False
13600000.000000002,1091.0,2.0,2,1,"Hadosiddapura, Carmelaram",11.0,17.0,Semi Furnished,Unknown,4.0,Ready to Move,,False
8500000.0,700.0,2.0,2,1,"Bendiganahalli, Bengaluru",6.0,14.0,Unfurnished,Unknown,1.0,Ready to Move,,False
11500000.0,982.0,2.0,2,1,"Doddabanahalli, Bidare Agraha",0.0,5.0,Semi Furnished,East,2.0,Ready to Move,,False
24000000.0,1995.0,4.0,3,2,"Prakruthi Nagar, Kogilu",10.0,12.0,Unfurnished,East,2.0,Ready to Move,,False
39000000.0,1700.0,3.0,3,3,"Nagavarapalya, C V Raman Nagar",10.0,14.0,Fully Furnished,West,8.0,Ready to Move,,False
28500000.0,1750.0,3.0,3,1,"7th Phase, JP Nagar",14.0,18.0,Semi Furnished,South,4.0,Ready to Move,,False
45500000.0,2436.0,3.0,3,2,"4th Phase, JP Nagar",6.0,26.0,Semi Furnished,East,10.0,Ready to Move,,False
21500000.0,1377.0,3.0,2,1,"Ardendale, Kannamangala - Whitefield Hoskote Road",28.0,29.0,Unfurnished,West,1.0,Ready to Move,,False
12500000.0,950.0,2.0,2,1,"Hadosiddapura, Carmelaram",7.0,14.0,Semi Furnished,East,10.0,Ready to Move,,False
22500000.0,1724.0,3.0,3,1,"Sai Sree Layout, Parappana Agrahara",10.0,13.0,Unfurnished,East,1.0,Ready to Move,,False
22799999.999999996,1724.0,3.0,3,1,"Sai Sree Layout, Parappana Agrahara",10.0,13.0,Unfurnished,East,1.0,Ready to Move,,False
12800000.0,1025.0,2.0,2,1,"Konappana Agrahara, Rayasandra",12.0,21.0,Unfurnished,East,1.0,Ready to Move,,False
25000000.0,1113.0,2.0,2,1,"Alpine Viva, K R Puram",11.0,16.0,Semi Furnished,Unknown,11.0,Ready to Move,,False
9800000.0,955.0,2.0,2,1,"Prakruthi Nagar, Kogilu",6.0,12.0,Unfurnished,West,1.0,Ready to Move,,False
11500000.0,1009.0,2.0,2,2,"Manayata Tech Park, Thanisandra",11.0,23.0,Semi Furnished,East,,Upcoming,2026-07-16,True
19500000.0,1400.0,3.0,2,1,"Budigere Cross, Bengaluru",26.0,39.0,Unfurnished,East,,Upcoming,2029-01-01,True
22000000.0,1827.0,3.0,3,2,"Srinivasa Nagar, Banashankari",1.0,3.0,Unfurnished,East,,Ready to Move,,False
17200000.0,1374.0,1.0,2,1,"Phase I, Electronic City",17.0,24.0,Unfurnished,Unknown,1.0,Ready to Move,,False
10500000.0,1240.0,3.0,2,1,"Stage 1, Kumaraswamy Layout",2.0,5.0,Semi Furnished,West,10.0,Ready to Move,,False
10800000.0,1320.0,2.0,3,1,"Budigere Cross, Bengaluru",3.0,5.0,Semi Furnished,East,5.0,Ready to Move,,False
12000000.0,1175.0,3.0,3,1,"Sri Balaji Krupa Layout, R.K. Hegde Nagar",3.0,5.0,Semi Furnished,East,8.0,Ready to Move,,False
10000000.0,1131.0,2.0,2,1,"Phase I, Electronic City",8.0,13.0,Unfurnished,West,,Ready to Move,,False
15500000.0,1585.0,3.0,3,1,"Bidare Agraha, Bengaluru",1.0,11.0,Fully Furnished,East,4.0,Ready to Move,,False
35000000.0,1925.0,3.0,4,2,"Lakshminarayana Pura, Munnekollal",4.0,4.0,Semi Furnished,West,21.0,Ready to Move,,False
21000000.0,1701.0,3.0,3,2,"Devanahalli, Bengaluru",7.0,14.0,Unfurnished,East,,Upcoming,2028-10-01,True
32500000.0,1973.0,3.0,3,2,"BDA Colony, Jeevan Bima Nagar",5.0,8.0,Semi Furnished,East,16.0,Ready to Move,,False
23500000.0,1575.0,3.0,3,0,"Rachenahalli, Jakkur",7.0,8.0,Unfurnished,North,1.0,Ready to Move,,False
44000000.0,2170.0,3.0,4,2,"Anjanadri Layout, Konanakunte",28.0,32.0,Semi Furnished,East,5.0,Ready to Move,,False
11500000.0,829.0,2.0,2,2,"Manayata Tech Park, Thanisandra",20.0,23.0,Unfurnished,East,1.0,Ready to Move,,False
11500000.0,789.0,2.0,2,2,"Manayata Tech Park, Thanisandra",16.0,23.0,Unfurnished,East,1.0,Ready to Move,,False
16900000.0,1439.0,3.0,2,1,"Manjunatha Nagar, Bagalakunte",10.0,19.0,Unfurnished,West,1.0,Ready to Move,,False
11800000.0,827.0,2.0,2,1,"Manayata Tech Park, Thanisandra",18.0,23.0,Unfurnished,Unknown,1.0,Ready to Move,,False
11500000.0,980.0,2.0,2,2,"Manayata Tech Park, Thanisandra",13.0,23.0,Unfurnished,East,1.0,Ready to Move,,False
17000000.0,1562.0,3.0,3,1,"Choodasandra, Bengaluru",4.0,14.0,Semi Furnished,East,3.0,Ready to Move,,False
11500000.0,827.0,2.0,2,1,"Manayata Tech Park, Thanisandra",14.0,23.0,Unfurnished,Unknown,1.0,Ready to Move,,False
11500000.0,829.0,2.0,2,1,"Manayata Tech Park, Thanisandra",22.0,23.0,Unfurnished,East,1.0,Ready to Move,,False
11500000.0,827.0,2.0,2,1,"Manayata Tech Park, Thanisandra",20.0,23.0,Unfurnished,Unknown,1.0,Ready to Move,,False
11500000.0,827.0,2.0,2,1,"Manayata Tech Park, Thanisandra",20.0,23.0,Unfurnished,Unknown,1.0,Ready to Move,,False
17000000.0,1280.0,2.5,2,1,"Anjanadri Layout, Konanakunte",10.0,15.0,Semi Furnished,South,6.0,Ready to Move,,False
19500000.0,1197.0,2.0,2,1,"Eastwood Township, Harlur",4.0,12.0,Semi Furnished,Unknown,8.0,Ready to Move,,False
25000000.0,2000.0,3.0,4,1,"Bellandur, Bengaluru",2.0,3.0,Semi Furnished,North,22.0,Ready to Move,,False
35000000.0,2379.0,4.0,4,1,"Rachenahalli, Jakkur",14.0,14.0,Unfurnished,North,,Ready to Move,,False
15000000.0,1750.0,3.0,3,1,"GM Global Techies Town, Electronic City",9.0,33.0,Unfurnished,Unknown,3.0,Ready to Move,,False
24900000.000000004,1553.0,3.0,2,1,"Balagere, Bengaluru",12.0,15.0,Unfurnished,West,,Ready to Move,,False
11500000.0,826.0,2.0,2,1,"Manayata Tech Park, Thanisandra",19.0,23.0,Unfurnished,East,1.0,Ready to Move,,False
18000000.0,1515.0,3.0,2,1,"KHB Colony, Hoskote",1.0,5.0,Unfurnished,East,3.0,Ready to Move,,False
28500000.0,1920.0,3.0,3,1,"Akme Ballet, Doddanekundi",1.0,10.0,Semi Furnished,East,16.0,Ready to Move,,False
17000000.0,1419.0,3.0,3,1,"Seegehalli, K R Puram",2.0,5.0,Semi Furnished,West,8.0,Ready to Move,,False
11700000.0,1052.0,2.0,2,2,"Manayata Tech Park, Thanisandra",10.0,23.0,Semi Furnished,East,,Ready to Move,,False
11500000.0,826.0,2.0,2,1,"Manayata Tech Park, Thanisandra",19.0,23.0,Unfurnished,East,,Ready to Move,,False
8200000.0,1327.0,3.0,3,1,"Gundappa Layout, Gottigere",,,Semi Furnished,East,11.0,Ready to Move,,False
43000000.0,2475.0,4.0,4,1,"Phase 2, Whitefield",19.0,19.0,Unfurnished,East,1.0,Ready to Move,,False
8620000.0,1431.0,3.0,2,1,"Dodsworth Layout, Whitefield",4.0,6.0,Unfurnished,North,,Ready to Move,,False
46000000.0,1963.0,3.0,3,1,"Nagashetty Halli, RMV Extension Stage 2",9.0,28.0,Semi Furnished,East,1.0,Ready to Move,,False
13100000.0,1315.0,3.0,3,1,"Mahaveer Orchid, Choodasandra",2.0,6.0,Semi Furnished,North,11.0,Ready to Move,,False
17600000.0,2345.0,4.0,4,2,"Horamavu Agara, Horamavu",1.0,4.0,Semi Furnished,North,1.0,Ready to Move,,False
17300000.0,1067.0,2.0,2,1,"Dodsworth Layout, Whitefield",1.0,16.0,Unfurnished,East,,Ready to Move,,False
10700000.0,1090.0,2.5,2,1,"Phase I, Electronic City",10.0,14.0,Unfurnished,North,,Upcoming,2026-08-20,True
14000000.0,1147.0,2.0,2,2,"Markandhaiha Nagar, Agrahara Layout",7.0,33.0,Semi Furnished,East,3.0,Ready to Move,,False
25299999.999999996,1497.0,2.5,2,1,"Seegehalli, K R Puram",15.0,19.0,Semi Furnished,North,1.0,Ready to Move,,False
7500000.0,1140.0,2.0,2,1,"Shirdi Sai Baba Nagar, Munnekollal",2.0,5.0,Unfurnished,North,,Upcoming,2026-08-21,True
7700000.0,604.0,1.0,1,2,"Belathur, K R Puram",3.0,27.0,Unfurnished,East,,Ready to Move,,False
9300000.0,1045.0,2.0,2,1,"Dodsworth Layout, Whitefield",3.0,5.0,Semi Furnished,North,13.0,Ready to Move,,False
9000000.0,1300.0,2.0,2,1,"AECS C Block, Begur",7.0,7.0,Semi Furnished,North,13.0,Ready to Move,,False
24000000.0,2100.0,3.0,3,4,"Mohammed Sab Palya, Vidyaranyapura",2.0,3.0,Fully Furnished,East,5.0,Ready to Move,,False
30000000.0,2013.0,4.0,4,2,"Kanakapura, Bengaluru",1.0,28.0,Unfurnished,North,1.0,Ready to Move,,False
12000000.0,1062.0,2.0,2,1,"Hosahalli, Bengaluru",5.0,14.0,Unfurnished,East,3.0,Ready to Move,,False
29400000.0,1958.0,3.0,3,1,"Sulthangunta, Shivaji Nagar",2.0,4.0,Semi Furnished,West,1.0,Ready to Move,,False
11000000.0,1250.0,2.0,2,2,"AGS Layout, RMV Extension Stage 2",2.0,4.0,Semi Furnished,North,10.0,Ready to Move,,False
11200000.000000002,980.0,2.0,2,1,"Upkar Layout, Whitefield",27.0,27.0,Unfurnished,West,1.0,Ready to Move,,False
11000000.0,1300.0,2.0,2,2,"Sri Balaji Krupa Layout, Thanisandra",13.0,16.0,Semi Furnished,North,9.0,Ready to Move,,False
19000000.0,2100.0,3.0,3,1,"Electronic City, Bengaluru",1.0,20.0,Semi Furnished,Unknown,12.0,Ready to Move,,False
21000000.0,1630.0,3.0,3,1,"Janatha Colony, Carmelaram",5.0,12.0,Fully Furnished,North,5.0,Ready to Move,,False
20000000.0,1280.0,2.0,2,1,"Kariyammana Agrahara, Bellandur",6.0,14.0,Semi Furnished,West,9.0,Ready to Move,,False
35000000.0,1428.0,3.0,3,1,"Nagavarapalya, C V Raman Nagar",1.0,7.0,Semi Furnished,North,18.0,Ready to Move,,False
23000000.0,1952.0,3.0,3,1,"Chikkagubbi Village, Bengaluru",3.0,4.0,Unfurnished,West,3.0,Ready to Move,,False
15600000.0,1302.0,2.0,2,1,"Byadarahalli, Benson Town",2.0,4.0,Semi Furnished,Unknown,2.0,Ready to Move,,False
27000000.0,1596.0,3.0,3,1,"Phase 1, Whitefield",11.0,18.0,Semi Furnished,Unknown,4.0,Ready to Move,,False
12500000.0,1120.0,3.0,3,1,"Judicial Layout 2nd Phase, Talaghattapura",7.0,13.0,Semi Furnished,East,1.0,Ready to Move,,False
35000000.0,2100.0,3.0,3,2,"Amarjyoti Layout, Domlur Layout",3.0,4.0,Unfurnished,East,6.0,Ready to Move,,False
22000000.0,1810.0,3.0,3,2,"Reliaable Tranquil Layout, Bengaluru",3.0,6.0,Semi Furnished,East,12.0,Ready to Move,,False
13100000.0,1305.0,3.0,2,1,"6th Phase, JP Nagar",1.0,5.0,Semi Furnished,East,6.0,Ready to Move,,False
26000000.0,1553.0,3.0,2,1,"Balagere, Bengaluru",10.0,14.0,Unfurnished,East,,Ready to Move,,False
31000000.0,1771.0,3.5,4,1,"Gottigere, Bengaluru",15.0,27.0,Fully Furnished,West,3.0,Ready to Move,,False
15800000.0,1721.0,3.0,3,1,"RWF West Colony, Yelahanka New Town",4.0,14.0,Semi Furnished,East,7.0,Ready to Move,,False
16200000.000000002,1450.0,3.0,3,2,"Arge Urban Bloom, Yeswanthpur",5.0,12.0,Semi Furnished,East,7.0,Ready to Move,,False
8400000.0,678.0,1.0,1,2,"Manayata Tech Park, Thanisandra",5.0,23.0,Semi Furnished,East,2.0,Ready to Move,,False
16500000.0,1250.0,3.0,2,1,"Kyalasanahalli, Bengaluru",5.0,19.0,Semi Furnished,East,1.0,Ready to Move,,False
20000000.0,1712.0,3.0,3,1,"Sompura, Bengaluru",0.0,14.0,Unfurnished,North,10.0,Ready to Move,,False
9800000.0,974.0,2.0,2,1,"Parkway Homes, Rayasandra",7.0,19.0,Semi Furnished,West,6.0,Ready to Move,,False
7800000.0,1092.0,2.0,2,2,"Sannatammanahalli, Battarahalli",2.0,9.0,Semi Furnished,East,6.0,Ready to Move,,False
18500000.0,1387.0,2.0,2,1,"Chikkagubbi Village, Bengaluru",11.0,21.0,Unfurnished,West,3.0,Ready to Move,,False
17000000.0,1190.0,3.0,2,1,"Dodsworth Layout, Whitefield",5.0,13.0,Semi Furnished,East,4.0,Ready to Move,,False
21900000.0,1752.0,3.0,3,1,"Jayanti Nagar, Horamavu",7.0,16.0,Unfurnished,East,6.0,Ready to Move,,False
15600000.0,1300.0,3.0,2,1,"Konappana Agrahara, Rayasandra",11.0,21.0,Unfurnished,East,,Upcoming,2027-05-06,True
9000000.0,1259.0,3.0,2,1,"Sarjapur, Bengaluru",4.0,8.0,Semi Furnished,North,,Ready to Move,,False
21500000.0,1350.0,3.0,3,1,"Carmelaram, Bengaluru",8.0,15.0,Semi Furnished,West,2.0,Ready to Move,,False
12000000.0,957.0,2.0,2,1,"Budigere Cross, Bengaluru",6.0,10.0,Unfurnished,East,4.0,Ready to Move,,False
4500000.0,1200.0,2.0,2,1,"Kammasandra, Electronic City",0.0,5.0,Semi Furnished,East,16.0,Ready to Move,,False
38000000.0,3700.0,4.0,5,1,"Cleveland Town, Frazer Town",3.0,4.0,Semi Furnished,North,8.0,Ready to Move,,False
18000000.0,1001.0,3.0,3,1,"Vastu Bhoomi, K R Puram",15.0,20.0,Unfurnished,East,,Upcoming,2026-12-01,True
6200000.0,966.0,2.0,2,1,"Dasanapura, Bengaluru",9.0,12.0,Unfurnished,Unknown,2.0,Ready to Move,,False
8800000.0,1105.0,2.0,2,1,"Phase I, Electronic City",1.0,5.0,Semi Furnished,West,8.0,Ready to Move,,False
12500000.0,1160.0,3.0,2,1,"Devanahalli, Bengaluru",9.0,14.0,Unfurnished,North,3.0,Ready to Move,,False
19000000.0,1900.0,3.0,3,1,"Devin Paradise Enclave, Chokkanahalli",2.0,31.0,Semi Furnished,Unknown,5.0,Ready to Move,,False
18000000.0,1040.0,2.0,2,1,"Vastu Bhoomi, K R Puram",15.0,20.0,Unfurnished,East,1.0,Ready to Move,,False
16500000.0,1685.0,3.0,3,1,"Konappana Agrahara, Electronic City",8.0,12.0,Semi Furnished,East,7.0,Ready to Move,,False
16500000.0,1192.0,2.0,2,1,"Budigere Cross, Bengaluru",31.0,39.0,Unfurnished,East,,Upcoming,2029-01-01,True
22200000.000000004,1286.0,3.0,3,1,"Stage 2, Vijayanagar",3.0,4.0,Semi Furnished,East,27.0,Ready to Move,,False
10000000.0,1370.0,3.0,2,1,"Terracon Doctors Enclave, Chandapura",8.0,9.0,Unfurnished,West,,Ready to Move,,False
19500000.0,1629.0,3.0,3,1,"Sarjapur, Bengaluru",15.0,31.0,Unfurnished,East,,Ready to Move,,False
19800000.0,1700.0,3.0,4,1,"Prakruthi Nagar, Kogilu",6.0,12.0,Semi Furnished,Unknown,2.0,Ready to Move,,False
40000000.0,1300.0,3.0,3,1,"Suncity Gloria, Carmelaram",4.0,12.0,Semi Furnished,North,8.0,Ready to Move,,False
85000000.0,6000.0,5.0,5,3,"Sector 1, HSR Layout",5.0,13.0,Semi Furnished,East,8.0,Ready to Move,,False
27500000.0,2100.0,3.0,3,1,"Raghuvanahalli, Subramanyapura",2.0,16.0,Unfurnished,East,1.0,Ready to Move,,False
58900000.0,2195.0,3.5,4,1,"Tigalarpalya, Brookefield",6.0,6.0,Semi Furnished,Unknown,2.0,Ready to Move,,False
6740000.000000001,985.0,2.0,2,1,"Gunjur Village, Bengaluru",3.0,5.0,Semi Furnished,Unknown,10.0,Ready to Move,,False
17500000.0,1374.0,2.0,2,1,"Phase I, Electronic City",17.0,24.0,Semi Furnished,East,8.0,Ready to Move,,False
3650000.0,600.0,1.0,1,1,"Sarjapur, Bengaluru",1.0,5.0,Semi Furnished,Unknown,4.0,Ready to Move,,False
20000000.0,1645.0,3.0,3,1,"Dodsworth Layout, Whitefield",5.0,11.0,Unfurnished,West,1.0,Ready to Move,,False
33000000.0,1603.0,3.0,3,2,"Anjanadri Layout, Konanakunte",27.0,32.0,Semi Furnished,East,5.0,Ready to Move,,False
8000000.0,1030.0,2.0,2,1,"Boodihal, Bengaluru",4.0,13.0,Semi Furnished,East,2.0,Ready to Move,,False
31000000.0,1830.0,3.5,3,1,"Dodsworth Layout, Whitefield",2.0,14.0,Unfurnished,Unknown,,Ready to Move,,False
13000000.0,1350.0,3.0,3,1,"Madagondanahalli, Electronic City",4.0,12.0,Semi Furnished,Unknown,13.0,Ready to Move,,False
7900000.0,642.0,1.0,1,1,"Sarjapur, Bengaluru",22.0,28.0,Semi Furnished,Unknown,1.0,Ready to Move,,False
15500000.0,1170.0,2.0,2,1,"Nallurhalli, Whitefield",4.0,4.0,Unfurnished,North,10.0,Ready to Move,,False
20000000.0,1600.0,3.0,3,2,"Kyalasanahalli, Bengaluru",11.0,18.0,Semi Furnished,North,2.0,Ready to Move,,False
14500000.0,1295.0,2.0,2,1,"Kodigehalli, K R Puram",1.0,5.0,Semi Furnished,East,2.0,Ready to Move,,False
16000000.0,1074.0,2.0,2,1,"Medahalli, Bengaluru",24.0,27.0,Fully Furnished,East,1.0,Ready to Move,,False
26000000.0,1905.0,3.0,3,2,"Varthur, Bengaluru",18.0,26.0,Semi Furnished,North,,Upcoming,2026-09-08,True
22000000.0,1500.0,2.5,2,1,"Varthur, Bengaluru",8.0,26.0,Semi Furnished,East,1.0,Ready to Move,,False
16500000.0,1250.0,2.0,2,1,"Varthur, Bengaluru",9.0,26.0,Semi Furnished,Unknown,1.0,Ready to Move,,False
31000000.0,1857.0,3.0,3,1,"Green Glen Layout, Bellandur",1.0,9.0,Semi Furnished,North,16.0,Ready to Move,,False
18300000.0,1365.0,2.5,2,1,"Sai Sree Layout, Parappana Agrahara",9.0,15.0,Unfurnished,North,1.0,Ready to Move,,False
11500000.0,896.0,2.0,2,1,"Govinda Reddy Layout, Panduranga Nagar",17.0,19.0,Semi Furnished,North,6.0,Ready to Move,,False
11800000.0,1009.0,2.0,2,2,"Manayata Tech Park, Thanisandra",8.0,23.0,Semi Furnished,East,,Upcoming,2026-07-24,True
30700000.0,2050.0,3.0,3,1,"Kothnur, JP Nagar",4.0,14.0,Semi Furnished,East,1.0,Ready to Move,,False
18000000.0,1740.0,3.5,3,1,"Narayanapura, Bengaluru",10.0,17.0,Semi Furnished,Unknown,3.0,Ready to Move,,False
15000000.0,1522.0,3.0,3,2,"Seegehalli, K R Puram",4.0,5.0,Semi Furnished,Unknown,9.0,Ready to Move,,False
65000000.0,4000.0,3.0,3,1,"Kothnur, JP Nagar",8.0,14.0,Semi Furnished,East,1.0,Ready to Move,,False
8200000.0,1010.0,2.0,2,1,"Sarjapur, Bengaluru",3.0,5.0,Semi Furnished,North,1.0,Ready to Move,,False
9500000.0,1200.0,2.0,2,1,"Kodigehalli, K R Puram",3.0,5.0,Semi Furnished,North,8.0,Ready to Move,,False
13500000.0,1397.0,2.5,2,2,"Sri Balaji Krupa Layout, Thanisandra",9.0,13.0,Fully Furnished,East,9.0,Ready to Move,,False
19000000.0,1625.0,3.0,3,1,"Adityanagar, Vidyaranyapura",14.0,15.0,Unfurnished,North,1.0,Ready to Move,,False
17500000.0,1480.0,3.0,3,1,"Mallasandra, Bengaluru",5.0,20.0,Semi Furnished,North,11.0,Ready to Move,,False
7000000.0,1015.0,2.0,2,1,"Sarjapur, Bengaluru",3.0,8.0,Semi Furnished,North,2.0,Ready to Move,,False
8200000.0,1208.0,2.0,2,1,"Begur, Bengaluru",0.0,4.0,Semi Furnished,East,9.0,Ready to Move,,False
21200000.0,1260.0,3.0,3,1,"Phase I, Electronic City",6.0,18.0,Unfurnished,East,9.0,Ready to Move,,False
39500000.0,1906.0,3.0,3,1,"Jakkuru Layout, Jakkur",12.0,15.0,Unfurnished,West,,Upcoming,2026-08-27,True
15000000.0,1250.0,2.0,2,2,"Chinnapa Garden, Benson Town",3.0,4.0,Semi Furnished,West,2.0,Ready to Move,,False
26000000.0,1553.0,3.0,2,1,"Balagere, Bengaluru",2.0,15.0,Unfurnished,East,,Ready to Move,,False
18700000.0,1457.0,3.0,3,1,"Nagasandra Colony, Nagasandra, Bengaluru North",6.0,15.0,Unfurnished,East,2.0,Ready to Move,,False
5900000.0,658.0,1.0,1,2,"Devanahalli, Bengaluru",15.0,21.0,Unfurnished,West,2.0,Ready to Move,,False
14000000.0,1150.0,2.0,2,1,"Kundalahalli, Brookefield",2.0,4.0,Semi Furnished,East,,Upcoming,2026-07-27,True
13300000.0,1295.0,3.0,3,1,"Bommasandra Industrial Area, Bommasandra",7.0,8.0,Unfurnished,East,,Ready to Move,,False
16500000.0,1451.0,3.0,2,1,"Hosahalli, Bengaluru",5.0,15.0,Semi Furnished,Unknown,1.0,Ready to Move,,False
18400000.0,2077.0,3.0,3,1,"Dodsworth Layout, Whitefield",2.0,5.0,Fully Furnished,East,18.0,Ready to Move,,False
31000000.0,1650.0,3.0,2,1,"Hongasandra, Bengaluru",21.0,21.0,Semi Furnished,Unknown,10.0,Ready to Move,,False
45000000.0,2315.0,3.0,3,1,"Palm Retreat Lake Front, Kaikondrahalli",9.0,14.0,Unfurnished,Unknown,2.0,Ready to Move,,False
30000000.0,1920.0,3.0,3,2,"Kundalahalli, Brookefield",12.0,15.0,Semi Furnished,West,9.0,Ready to Move,,False
7000000.0,1160.0,2.0,2,1,"6th Phase, JP Nagar",1.0,3.0,Semi Furnished,West,2.0,Ready to Move,,False
45900000.0,2330.0,3.5,3,1,"Jakkuru Layout, Jakkur",8.0,15.0,Unfurnished,West,,Upcoming,2026-08-27,True
9100000.0,852.0,2.0,2,1,"Budigere Cross, Bengaluru",6.0,11.0,Unfurnished,North,1.0,Ready to Move,,False
22000000.0,1948.0,3.0,3,1,"7th Phase, JP Nagar",0.0,12.0,Unfurnished,East,1.0,Ready to Move,,False
19900000.0,1154.0,3.0,3,2,"Ambedkar Nagar, Whitefield",7.0,13.0,Semi Furnished,Unknown,5.0,Ready to Move,,False
52500000.0,2165.0,3.0,3,4,"Block 3, Koramangala",3.0,8.0,Semi Furnished,Unknown,25.0,Ready to Move,,False
11500000.0,1522.0,3.0,2,3,"Sri Balaji Layout, K R Puram",4.0,4.0,Fully Furnished,East,4.0,Ready to Move,,False
40500000.0,1760.0,3.0,3,1,"Whitefield, Bengaluru",15.0,19.0,Semi Furnished,South,14.0,Ready to Move,,False
21000000.0,1171.0,2.0,2,1,"Sector 7, HSR Layout",1.0,8.0,Semi Furnished,West,21.0,Ready to Move,,False
12500000.0,1086.0,2.0,2,1,"Jyotipuram, Bengaluru",12.0,13.0,Semi Furnished,Unknown,1.0,Ready to Move,,False
18300000.0,950.0,2.0,2,1,"Basavanapura, K R Puram",9.0,16.0,Unfurnished,West,1.0,Ready to Move,,False
30500000.0,2090.0,4.0,4,2,"Anchepalya, Bengaluru",23.0,29.0,Semi Furnished,North,3.0,Ready to Move,,False
35000000.0,2000.0,3.0,3,4,"Phase 1, Yeswanthpur",42.0,50.0,Semi Furnished,Unknown,,Ready to Move,,False
16000000.0,1445.0,3.5,2,2,"Narayanapura, Bengaluru",7.0,17.0,Semi Furnished,East,4.0,Ready to Move,,False
17000000.0,1450.0,3.0,3,2,"P&T Layout, Thanisandra",18.0,33.0,Semi Furnished,North,5.0,Ready to Move,,False
14800000.0,1342.0,3.0,2,1,"Phase I, Electronic City",11.0,18.0,Unfurnished,East,,Ready to Move,,False
15500000.0,1118.0,3.0,3,2,"Kothnur, JP Nagar",1.0,4.0,Semi Furnished,Unknown,9.0,Ready to Move,,False
14000000.0,1183.0,2.0,2,2,"Devin Paradise Enclave, Tirumanahalli",7.0,26.0,Semi Furnished,East,3.0,Ready to Move,,False
31000000.0,1653.0,3.0,3,1,"Dwarka Nagar, Kattigenahalli",6.0,13.0,Semi Furnished,East,7.0,Ready to Move,,False
18100000.0,1365.0,3.0,3,1,"Sai Sree Layout, Parappana Agrahara",8.0,15.0,Unfurnished,East,1.0,Ready to Move,,False
12000000.0,820.0,2.0,2,2,"Manayata Tech Park, Thanisandra",22.0,23.0,Unfurnished,Unknown,1.0,Ready to Move,,False
12200000.0,1058.0,2.0,2,2,"Manayata Tech Park, Thanisandra",18.0,23.0,Semi Furnished,East,1.0,Ready to Move,,False
12000000.0,873.0,2.0,2,1,"Manayata Tech Park, Thanisandra",13.0,23.0,Unfurnished,East,1.0,Ready to Move,,False
32500000.0,1800.0,3.0,3,1,"6th Phase, JP Nagar",25.0,31.0,Unfurnished,North,,Upcoming,2030-12-01,True
14700000.0,1104.0,2.0,2,1,"Rachenahalli, Thanisandra",29.0,39.0,Unfurnished,North,,Ready to Move,,False
12000000.0,829.0,2.0,2,1,"Manayata Tech Park, Thanisandra",2.0,23.0,Semi Furnished,East,1.0,Ready to Move,,False
12000000.0,829.0,2.0,2,1,"Manayata Tech Park, Thanisandra",15.0,23.0,Semi Furnished,East,1.0,Ready to Move,,False
12500000.0,890.0,2.0,2,2,"Manayata Tech Park, Thanisandra",6.0,23.0,Semi Furnished,East,1.0,Ready to Move,,False
16500000.0,1200.0,2.0,2,1,"Silver Springs Layout, Munnekollal",2.0,4.0,Semi Furnished,East,16.0,Ready to Move,,False
15000000.0,1178.0,2.0,2,1,"Kothnur, JP Nagar",2.0,4.0,Unfurnished,East,4.0,Ready to Move,,False
12000000.0,980.0,2.0,2,2,"Manayata Tech Park, Thanisandra",11.0,23.0,Semi Furnished,East,1.0,Ready to Move,,False
12000000.0,872.0,2.0,2,2,"Manayata Tech Park, Thanisandra",18.0,23.0,Semi Furnished,East,1.0,Ready to Move,,False
16500000.0,1331.0,2.5,2,1,"Phase I, Electronic City",5.0,18.0,Semi Furnished,East,9.0,Ready to Move,,False
17500000.0,1473.0,2.5,2,2,"Jakkuru Village, Jakkur",5.0,9.0,Fully Furnished,West,9.0,Ready to Move,,False
12000000.0,890.0,2.0,2,2,"Manayata Tech Park, Thanisandra",16.0,23.0,Semi Furnished,East,1.0,Ready to Move,,False
29500000.0,2100.0,3.0,3,2,"Raghuvanahalli, Subramanyapura",2.0,16.0,Unfurnished,East,1.0,Ready to Move,,False
17600000.0,1173.0,2.0,2,1,"Immadihalli, Whitefield",16.0,18.0,Semi Furnished,West,5.0,Ready to Move,,False
12000000.0,827.0,2.0,2,1,"Manayata Tech Park, Thanisandra",11.0,23.0,Semi Furnished,West,1.0,Ready to Move,,False
14200000.0,1329.0,3.0,3,1,"Devanahalli, Bengaluru",17.0,25.0,Unfurnished,West,1.0,Ready to Move,,False
39500000.0,2320.0,3.0,3,1,"Cleveland Town, Frazer Town",2.0,4.0,Fully Furnished,Unknown,20.0,Ready to Move,,False
34000000.0,1950.0,3.0,3,1,"Vayunandana Layout, Hebbal Kempapura",6.0,10.0,Unfurnished,East,2.0,Ready to Move,,False
22500000.0,1555.0,3.0,2,1,"Janatha Colony, Carmelaram",4.0,12.0,Semi Furnished,North,7.0,Ready to Move,,False
12000000.0,1009.0,2.0,2,2,"Manayata Tech Park, Thanisandra",18.0,23.0,Semi Furnished,East,1.0,Ready to Move,,False
18000000.0,1771.0,3.0,3,1,"Ardendale, Kannamangala - Whitefield Hoskote Road",4.0,8.0,Semi Furnished,East,15.0,Ready to Move,,False
9400000.0,1259.0,3.0,2,1,"Sarjapur, Bengaluru",1.0,10.0,Unfurnished,North,,Ready to Move,,False
24500000.0,1789.0,3.5,3,1,"Budigere Cross, Bengaluru",2.0,19.0,Unfurnished,East,,Ready to Move,,False
18800000.0,1335.0,3.0,2,1,"Seegehalli, K R Puram",9.0,19.0,Unfurnished,West,,Ready to Move,,False
9000000.0,1000.0,2.0,2,1,"HAL 3rd Stage, Kodihalli",1.0,4.0,Semi Furnished,East,18.0,Ready to Move,,False
80000000.0,3000.0,4.0,5,4,"One Bangalore West, Rajajinagar",26.0,30.0,Semi Furnished,West,1.0,Ready to Move,,False
12000000.0,826.0,2.0,2,1,"Manayata Tech Park, Thanisandra",11.0,23.0,Semi Furnished,West,1.0,Ready to Move,,False
18600000.0,1591.0,3.0,3,1,"Chikkabasavanapura, K R Puram",3.0,26.0,Unfurnished,East,,Ready to Move,,False
13000000.0,1150.0,2.0,2,1,"Kothnur, JP Nagar",2.0,15.0,Semi Furnished,East,6.0,Ready to Move,,False
18000000.0,1736.0,3.0,3,1,"Shikaripalya, Electronic City",3.0,7.0,Semi Furnished,East,9.0,Ready to Move,,False
11100000.000000002,1240.0,2.0,2,1,"Ganga Layout, Rayasandra",2.0,14.0,Semi Furnished,North,4.0,Ready to Move,,False
9500000.0,1200.0,2.0,2,1,"Seegehalli, K R Puram",,,Semi Furnished,West,9.0,Ready to Move,,False
13500000.0,1210.0,2.0,2,1,"P&T Layout, Thanisandra",9.0,26.0,Semi Furnished,Unknown,4.0,Ready to Move,,False
13500000.0,1900.0,3.0,3,1,"Sarjapur, Bengaluru",2.0,4.0,Semi Furnished,East,,Ready to Move,,False
39200000.0,3141.0,3.0,4,2,"Virgonagar, Aavalahalli",18.0,34.0,Semi Furnished,Unknown,8.0,Ready to Move,,False
15000000.0,1412.0,3.0,3,1,"JP Nagar, Bengaluru",1.0,4.0,Semi Furnished,West,16.0,Ready to Move,,False
23000000.0,1661.0,3.0,3,1,"Hadosiddapura, Carmelaram",10.0,17.0,Unfurnished,North,4.0,Ready to Move,,False
25800000.0,1553.0,3.0,2,1,"Balagere, Bengaluru",13.0,14.0,Unfurnished,East,,Ready to Move,,False
14000000.0,1221.0,2.0,2,1,"Phase I, Electronic City",4.0,18.0,Semi Furnished,East,9.0,Ready to Move,,False
26300000.0,1584.0,3.0,2,1,"Jakkur, Bengaluru",1.0,25.0,Unfurnished,East,,Ready to Move,,False
16500000.0,1451.0,3.0,2,1,"Hosahalli, Bengaluru",5.0,15.0,Semi Furnished,Unknown,1.0,Ready to Move,,False
22200000.000000004,1719.0,3.0,3,1,"Dodsworth Layout, Whitefield",4.0,5.0,Semi Furnished,West,10.0,Ready to Move,,False
8900000.0,1154.0,3.0,2,1,"Sarjapur, Bengaluru",2.0,10.0,Unfurnished,North,,Ready to Move,,False
12200000.0,964.0,2.0,2,1,"Suryanagar, Bommasandra",11.0,22.0,Unfurnished,North,,Ready to Move,,False
9500000.0,1010.0,2.0,2,1,"Veer Sandra, Electronic City",5.0,7.0,Semi Furnished,West,2.0,Ready to Move,,False
18000000.0,1290.0,2.0,2,1,"Judicial Layout 2nd Phase, Talaghattapura",11.0,18.0,Semi Furnished,Unknown,5.0,Ready to Move,,False
22500000.0,1740.0,3.0,2,1,"Rachenahalli, Thanisandra",13.0,15.0,Semi Furnished,West,3.0,Ready to Move,,False
21600000.0,1500.0,3.0,3,2,"Maruthi Nagar, Yelahanka",10.0,17.0,Unfurnished,East,,Upcoming,2026-09-15,True
42900000.0,2292.0,3.0,3,1,"Chikku Lakshmaiah Layout, Adugodi",5.0,9.0,Semi Furnished,Unknown,10.0,Ready to Move,,False
13000000.0,1056.0,2.0,2,1,"DLF Newtown, Akshayanagar",2.0,5.0,Semi Furnished,East,,Upcoming,2026-09-01,True
7220000.0,1080.0,2.0,2,1,"Dodsworth Layout, Whitefield",4.0,5.0,Semi Furnished,East,6.0,Ready to Move,,False
15000000.0,1115.0,2.0,2,1,"Kothnur, JP Nagar",3.0,4.0,Unfurnished,East,4.0,Ready to Move,,False
45000000.0,3600.0,4.0,4,3,"Thanisandra, Bengaluru",3.0,4.0,Unfurnished,East,10.0,Ready to Move,,False
6800000.0,1121.0,2.0,2,1,"Kadugodi, Bengaluru",1.0,4.0,Semi Furnished,East,15.0,Ready to Move,,False
14000000.0,1183.0,2.0,2,2,"Devin Paradise Enclave, Tirumanahalli",9.0,26.0,Semi Furnished,East,3.0,Ready to Move,,False
31000000.0,2004.0,3.0,3,1,"Dodsworth Layout, Whitefield",2.0,18.0,Unfurnished,West,,Ready to Move,,False
75000000.0,3100.0,4.0,4,2,"Nagashetty Halli, RMV Extension Stage 2",16.0,22.0,Semi Furnished,South,7.0,Ready to Move,,False
21100000.0,1320.0,3.0,3,1,"Phase I, Electronic City",4.0,18.0,Unfurnished,East,9.0,Ready to Move,,False
11500000.0,1075.0,2.0,2,1,"Kammasandra, Electronic City",0.0,14.0,Semi Furnished,West,7.0,Ready to Move,,False
13500000.0,1133.0,2.0,2,1,"Adityanagar, Vidyaranyapura",14.0,17.0,Unfurnished,North-West,,Ready to Move,,False
23000000.0,1600.0,2.0,2,2,"HAL 3rd Stage, New Tippasandra",0.0,4.0,Semi Furnished,East,8.0,Ready to Move,,False
14000000.0,1100.0,2.0,2,1,"Phase I, Electronic City",9.0,15.0,Semi Furnished,East,8.0,Ready to Move,,False
8000000.0,1372.0,3.0,2,1,"Rammana Layout, Byrathi",4.0,4.0,Semi Furnished,East,6.0,Ready to Move,,False
15000000.0,957.0,2.0,2,2,"Phase I, Electronic City",19.0,21.0,Semi Furnished,East,5.0,Ready to Move,,False
70000000.0,5300.0,4.0,4,4,"Ali Estate, Yelahanka",13.0,14.0,Semi Furnished,East,3.0,Ready to Move,,False
46500000.0,4030.0,4.0,5,1,"Brookefield, Bengaluru",10.0,11.0,Fully Furnished,East,14.0,Ready to Move,,False
12500000.0,1010.0,2.0,2,1,"Manayata Tech Park, Thanisandra",10.0,23.0,Semi Furnished,East,,Ready to Move,,False
11000000.0,661.0,1.0,1,1,"Balagere, Bengaluru",5.0,18.0,Unfurnished,East,,Ready to Move,,False
16700000.0,1331.0,2.5,2,1,"Phase I, Electronic City",6.0,18.0,Unfurnished,East,9.0,Ready to Move,,False
54000000.0,3640.0,3.0,4,3,"Sannatammanahalli, Battarahalli",38.0,38.0,Semi Furnished,East,7.0,Ready to Move,,False
14600000.0,1427.0,3.0,3,1,"Huvinayakanahalli, Bengaluru",3.0,23.0,Unfurnished,East,,Ready to Move,,False
12000000.0,2000.0,4.0,3,2,"NN Farm Layout, Sanjaynagar",1.0,3.0,Semi Furnished,North,18.0,Ready to Move,,False
13799999.999999998,1348.0,2.0,2,1,"Kothnur, JP Nagar",4.0,4.0,Unfurnished,North,4.0,Ready to Move,,False
52500000.0,2176.0,3.0,3,1,"Stage 3, Indira Nagar",2.0,4.0,Unfurnished,East,,Upcoming,2026-08-18,True
53000000.0,3640.0,3.0,4,2,"Sannatammanahalli, Battarahalli",37.0,38.0,Semi Furnished,East,7.0,Ready to Move,,False
5700000.0,1126.0,2.0,2,1,"Ayyappa Nagar, K R Puram",2.0,5.0,Semi Furnished,East,10.0,Ready to Move,,False
18900000.0,2040.0,3.0,3,1,"Chikkagubbi Village, Bengaluru",6.0,12.0,Unfurnished,Unknown,9.0,Ready to Move,,False
9000000.0,1150.0,2.0,2,1,"Kundalahalli, Brookefield",2.0,4.0,Semi Furnished,East,15.0,Ready to Move,,False
35500000.0,2565.0,3.0,4,1,"Balaji Layout, Cooke Town",2.0,4.0,Semi Furnished,North,10.0,Ready to Move,,False
16000000.0,985.0,2.0,2,1,"Varthur, Bengaluru",7.0,32.0,Unfurnished,Unknown,1.0,Ready to Move,,False
19500000.0,1283.0,2.0,2,1,"Mana Tropicale, Gattahalli",4.0,4.0,Unfurnished,East,6.0,Ready to Move,,False
30000000.0,1275.0,3.0,3,1,"Shikaripalya, Electronic City",1.0,15.0,Semi Furnished,West,1.0,Ready to Move,,False
16000000.0,1103.0,2.0,2,1,"Chikkakannalli, Bengaluru",23.0,27.0,Unfurnished,Unknown,,Ready to Move,,False
22100000.0,1575.0,3.0,3,1,"Kothnur, JP Nagar",6.0,14.0,Unfurnished,East,1.0,Ready to Move,,False
16800000.0,1000.0,2.0,2,1,"Gottigere, Bengaluru",23.0,29.0,Semi Furnished,West,3.0,Ready to Move,,False
49800000.00000001,2510.0,3.0,3,3,"Sagayapura, Richards Town",4.0,4.0,Semi Furnished,East,18.0,Ready to Move,,False
24500000.0,1300.0,2.0,2,2,"Nagavarapalya, C V Raman Nagar",10.0,14.0,Semi Furnished,South,8.0,Ready to Move,,False
16000000.0,1250.0,2.0,2,1,"Kyalasanahalli, Bengaluru",16.0,17.0,Unfurnished,East,4.0,Ready to Move,,False
6300000.0,1050.0,2.0,2,1,"Vajarahalli, Bengaluru",1.0,5.0,Semi Furnished,East,11.0,Ready to Move,,False
8500000.0,1047.0,2.0,2,1,"Utsav Raaga, Kannuru",4.0,13.0,Semi Furnished,Unknown,4.0,Ready to Move,,False
125000000.0,6651.0,4.0,5,2,"Sathya Sai Layout, Whitefield",10.0,11.0,Semi Furnished,East,10.0,Ready to Move,,False
19000000.0,1771.0,3.0,3,1,"Ardendale, Kannamangala - Whitefield Hoskote Road",9.0,19.0,Semi Furnished,East,15.0,Ready to Move,,False
21000000.0,1600.0,3.0,3,1,"Carmelaram, Bengaluru",7.0,10.0,Semi Furnished,East,9.0,Ready to Move,,False
19700000.0,1700.0,3.0,4,1,"Prakruthi Nagar, Kogilu",8.0,12.0,Semi Furnished,East,2.0,Ready to Move,,False
15500000.0,1350.0,2.0,2,1,"H Colony, New Baiyyappanahalli",3.0,4.0,Semi Furnished,East,11.0,Ready to Move,,False
29900000.000000004,1970.0,3.0,3,1,"Kadubeesanahalli, Bengaluru",2.0,17.0,Semi Furnished,East,10.0,Ready to Move,,False
9850000.0,1026.0,3.0,1,1,"Bengaluru Hardware Park, Bengaluru",4.0,24.0,Unfurnished,North,,Ready to Move,,False
33500000.0,1804.0,3.0,3,1,"Hadosiddapura, Carmelaram",1.0,18.0,Fully Furnished,East,7.0,Ready to Move,,False
27599999.999999996,1592.0,2.0,2,1,"Pattandur Agrahara, Whitefield",0.0,4.0,Unfurnished,East,3.0,Ready to Move,,False
25000000.0,1660.0,3.0,3,1,"Jayasurya Nagar Phase 2, Agrahara Layout",11.0,13.0,Semi Furnished,West,8.0,Ready to Move,,False
19000000.0,1352.0,3.0,2,1,"Anchepalya, Bengaluru",11.0,30.0,Semi Furnished,North,5.0,Ready to Move,,False
82500000.0,4500.0,4.0,5,3,"Nanjappa Garden, Horamavu",17.0,18.0,Semi Furnished,East,9.0,Ready to Move,,False
21400000.0,1428.0,2.0,2,1,"Mango Garden Layout, Bikasipura",5.0,9.0,Semi Furnished,North,7.0,Ready to Move,,False
12500000.0,1054.0,2.0,2,1,"Manayata Tech Park, Thanisandra",6.0,23.0,Unfurnished,Unknown,1.0,Ready to Move,,False
11200000.000000002,940.0,2.0,2,1,"Phase I, Electronic City",12.0,13.0,Semi Furnished,North,12.0,Ready to Move,,False
7800000.0,1145.0,2.0,2,1,"Phase I, Electronic City",3.0,5.0,Semi Furnished,North,9.0,Ready to Move,,False
16200000.000000002,1207.0,2.0,2,1,"Gunjur Village, Bengaluru",28.0,30.0,Unfurnished,West,,Ready to Move,,False
16900000.0,1360.0,3.0,2,2,"Devasthanagalu, Varthur",23.0,26.0,Semi Furnished,Unknown,4.0,Ready to Move,,False
14500000.0,1449.0,3.0,3,1,"Madiwala, BTM Layout",1.0,8.0,Semi Furnished,East,10.0,Ready to Move,,False
18000000.0,1240.0,2.0,2,1,"Dodsworth Layout, Whitefield",6.0,12.0,Semi Furnished,East,11.0,Ready to Move,,False
37000000.0,1800.0,4.0,4,2,"Agrahara Dasarahalli, Rajajinagar",19.0,31.0,Unfurnished,East,1.0,Ready to Move,,False
15000000.0,1790.0,3.0,3,1,"Raghuvanahalli, Bangalore City Municipal Corporation Layout",5.0,6.0,Semi Furnished,Unknown,13.0,Ready to Move,,False
16299999.999999998,1845.0,3.0,3,1,"Ganga Layout, Rayasandra",4.0,15.0,Semi Furnished,West,4.0,Ready to Move,,False
7200000.0,764.0,1.5,1,1,"Devanahalli, Bengaluru",6.0,15.0,Unfurnished,North,,Ready to Move,,False
21000000.0,1000.0,2.0,2,1,"Reliaable Lifestyle Layout, Harlur",18.0,24.0,Semi Furnished,Unknown,6.0,Ready to Move,,False
10000000.0,950.0,2.0,2,1,"Choodasandra, Bengaluru",6.0,19.0,Unfurnished,North,1.0,Ready to Move,,False
22500000.0,1663.0,3.0,3,1,"Hadosiddapura, Carmelaram",14.0,17.0,Semi Furnished,East,4.0,Ready to Move,,False
39900000.0,2000.0,3.0,4,2,"Malleswaram, Bengaluru",11.0,22.0,Semi Furnished,Unknown,10.0,Ready to Move,,False
26500000.0,1675.0,3.0,3,1,"Thomas Town, Cooke Town",2.0,4.0,Semi Furnished,Unknown,3.0,Ready to Move,,False
24000000.0,1936.0,3.0,3,2,"Mallasandra, Bengaluru",2.0,20.0,Semi Furnished,East,,Upcoming,2026-12-02,True
13000000.0,1505.0,3.0,3,2,"Dodsworth Layout, Whitefield",1.0,6.0,Semi Furnished,East,12.0,Ready to Move,,False
15800000.0,1800.0,3.0,3,2,"Dodsworth Layout, Whitefield",2.0,6.0,Semi Furnished,East,8.0,Ready to Move,,False
9000000.0,1008.0,2.0,2,1,"Yelahanka New Town, Bengaluru",5.0,19.0,Unfurnished,Unknown,1.0,Ready to Move,,False
34300000.0,1724.0,3.0,3,1,"Dodsworth Layout, Whitefield",5.0,16.0,Semi Furnished,Unknown,7.0,Ready to Move,,False
18000000.0,1630.0,3.0,3,1,"Begur, Bengaluru",8.0,11.0,Unfurnished,East,4.0,Ready to Move,,False
23400000.0,1937.0,3.0,3,1,"Jakkuru Layout, Jakkur",1.0,4.0,Unfurnished,North,10.0,Ready to Move,,False
18400000.0,1340.0,2.0,3,1,"Dodsworth Layout, Whitefield",1.0,29.0,Unfurnished,East,,Ready to Move,,False
7500000.0,1154.0,2.5,2,1,"Tunganagara, Bengaluru",1.0,4.0,Unfurnished,East,6.0,Ready to Move,,False
7650000.0,1100.0,2.0,2,2,"Vijaya Bank Layout, Bilekahalli",2.0,4.0,Semi Furnished,West,15.0,Ready to Move,,False
12000000.0,1009.0,2.0,2,2,"Manayata Tech Park, Thanisandra",22.0,23.0,Unfurnished,East,,Upcoming,2026-07-24,True
11500000.0,977.0,2.0,2,1,"Gummanahalli, Bengaluru",17.0,20.0,Semi Furnished,East,3.0,Ready to Move,,False
12000000.0,1300.0,2.0,2,1,"Phase I, Electronic City",13.0,15.0,Semi Furnished,North,8.0,Ready to Move,,False
18500000.0,1773.0,3.0,3,1,"Chikkagubbi Village, Bengaluru",0.0,4.0,Unfurnished,West,2.0,Ready to Move,,False
34500000.0,1800.0,3.5,3,1,"Pattabhirama Nagar, Jayanagar",0.0,3.0,Semi Furnished,North,26.0,Ready to Move,,False
31500000.0,1420.0,3.0,3,1,"Bellandur Village, Bellandur",5.0,13.0,Semi Furnished,North,10.0,Ready to Move,,False
12100000.0,1057.0,2.0,2,1,"Gummanahalli, Bengaluru",6.0,19.0,Unfurnished,East,,Upcoming,2026-08-11,True
37400000.0,2210.0,4.0,4,1,"Dodsworth Layout, Whitefield",10.0,14.0,Unfurnished,East,,Ready to Move,,False
19000000.0,980.0,2.0,2,1,"Eastwood Township, Harlur",4.0,19.0,Fully Furnished,North,8.0,Ready to Move,,False
17000000.0,1180.0,3.0,3,1,"Aishwarya Crystal Layout, Begur",10.0,18.0,Unfurnished,East,4.0,Ready to Move,,False
15500000.0,1290.0,2.5,2,1,"Seegehalli, Whitefield - Hoskote Road, K R Puram",4.0,27.0,Unfurnished,West,,Ready to Move,,False
16500000.0,1331.0,2.5,2,1,"Phase I, Electronic City",4.0,18.0,Unfurnished,East,9.0,Ready to Move,,False
7000000.0,586.0,1.0,1,1,"Suryanagar, Bommasandra",19.0,28.0,Unfurnished,Unknown,,Ready to Move,,False
16000000.0,1195.0,2.0,2,1,"Sri Krishnadevaraya Layout, Agrahara Layout",8.0,14.0,Unfurnished,North,2.0,Ready to Move,,False
15000000.0,1600.0,3.0,3,1,"7th Phase, JP Nagar",2.0,5.0,Semi Furnished,North,,Ready to Move,,False
18000000.0,1408.0,3.0,3,2,"Anchepalya, Bengaluru",9.0,30.0,Semi Furnished,West,4.0,Ready to Move,,False
12000000.0,1660.0,3.0,2,1,"Tigalarpalya, Brookefield",3.0,3.0,Semi Furnished,West,18.0,Ready to Move,,False
18600000.0,1460.0,3.0,3,1,"Ashwath Nagar, HBR Layout",16.0,26.0,Unfurnished,East,1.0,Ready to Move,,False
18000000.0,1281.0,2.0,2,1,"Kariyammana Agrahara, Bellandur",4.0,14.0,Semi Furnished,West,9.0,Ready to Move,,False
15000000.0,1050.0,2.0,2,1,"Kothnur, JP Nagar",1.0,4.0,Unfurnished,East,4.0,Ready to Move,,False
19000000.0,1790.0,3.0,3,1,"Sai Sree Layout, Parappana Agrahara",3.0,15.0,Semi Furnished,Unknown,4.0,Ready to Move,,False
17500000.0,1730.0,3.0,3,2,"Reliaable Tranquil Layout, Bengaluru",4.0,17.0,Semi Furnished,Unknown,12.0,Ready to Move,,False
6880000.0,1485.0,3.0,3,1,"Bommasandra Industrial Area, Bommasandra",1.0,4.0,Semi Furnished,East,16.0,Ready to Move,,False
55000000.0,3750.0,4.0,5,2,"4th Phase, JP Nagar",11.0,11.0,Fully Furnished,East,19.0,Ready to Move,,False
20000000.0,1764.0,3.0,3,1,"Bharthi Nagar, K R Puram",0.0,14.0,Semi Furnished,North,9.0,Ready to Move,,False
19700000.0,1840.0,3.0,3,1,"Vignana Kendra, Bengaluru",13.0,17.0,Semi Furnished,Unknown,13.0,Ready to Move,,False
48000000.0,3550.0,4.0,4,2,"Dodsworth Layout, Whitefield",2.0,4.0,Semi Furnished,East,1.0,Ready to Move,,False
9500000.0,1210.0,2.0,2,1,"Sree Narayana Nagar, Kadagrahara",5.0,5.0,Semi Furnished,East,6.0,Ready to Move,,False
18000000.0,1546.0,3.0,3,1,"Phase I, Electronic City",19.0,25.0,Unfurnished,East,1.0,Ready to Move,,False
23200000.0,1726.0,3.0,3,1,"Choodasandra, Bengaluru",9.0,15.0,Semi Furnished,East,7.0,Ready to Move,,False
18100000.0,1540.0,3.0,2,1,"Devasthanagalu, Varthur",2.0,26.0,Semi Furnished,West,4.0,Ready to Move,,False
16700000.0,1660.0,3.0,3,1,"Phase I, Electronic City",6.0,13.0,Semi Furnished,East,8.0,Ready to Move,,False
19100000.0,1275.0,2.0,2,1,"Kothnur, JP Nagar",4.0,13.0,Semi Furnished,East,1.0,Ready to Move,,False
23700000.0,1486.0,3.0,2,1,"Dodsworth Layout, Whitefield",5.0,16.0,Unfurnished,West,,Ready to Move,,False
13700000.000000002,1625.0,3.0,3,1,"Sarjapur, Bengaluru",8.0,9.0,Unfurnished,North,,Ready to Move,,False
15300000.0,1350.0,3.0,3,1,"Choodasandra, Bengaluru",3.0,5.0,Semi Furnished,East,5.0,Ready to Move,,False
13200000.0,1050.0,2.0,2,1,"Seegehalli, K R Puram",13.0,19.0,Unfurnished,East,,Ready to Move,,False
18600000.0,1230.0,3.0,3,2,"K R Puram, Bengaluru",12.0,20.0,Unfurnished,East,,Ready to Move,,False
14000000.0,933.0,2.5,2,1,"Anekal, Bengaluru",9.0,14.0,Unfurnished,East,2.0,Ready to Move,,False
6570000.0,814.0,1.0,1,1,"Kengeri Village, Kengeri",0.0,4.0,Unfurnished,East,1.0,Ready to Move,,False
5200000.0,933.0,2.0,2,1,"Dasanapura, Bengaluru",2.0,11.0,Semi Furnished,Unknown,5.0,Ready to Move,,False
