listingId,price,area_sqft,bhk,bathrooms,parking,location,floor_number,total_floors,furnishing,facing,age_years,possession_category,possession_date,is_under_construction,data_source
SYN_00001,7640000,1219,2.0,2,1,"Subramanyapura, Bengaluru",13,18,Semi Furnished,North,1.6,Ready to Move,,False,Synthetic
SYN_00002,15130000,1498,3.0,3,1,"Aishwarya Crystal Layout, Begur",10,14,Unfurnished,Unknown,5.0,Ready to Move,,False,Synthetic
SYN_00003,25940000,1740,3.0,3,2,"Varthur, Bengaluru",1,17,Semi Furnished,East,2.9,Ready to Move,,False,Synthetic
SYN_00004,11560000,1123,2.0,2,1,"Anekal, Bengaluru",1,5,Semi Furnished,West,1.3,Ready to Move,,False,Synthetic
SYN_00005,13260000,1089,2.0,2,1,"Judicial Layout 2nd Phase, Talaghattapura",5,5,Unfurnished,Unknown,2.0,Ready to Move,,False,Synthetic
SYN_00006,22040000,1325,3.0,3,1,"Chansandra, Bengaluru",17,20,Unfurnished,Unknown,8.3,Ready to Move,,False,Synthetic
SYN_00007,11510000,1184,2.0,2,2,"Budigere Cross, Bengaluru",11,12,Semi Furnished,East,1.2,Ready to Move,,False,Synthetic
SYN_00008,26150000,1814,3.0,3,2,"Nallurhalli, Whitefield",11,14,Unfurnished,West,16.0,Ready to Move,,False,Synthetic
SYN_00009,55390000,4273,4.0,4,1,"Chikkabana Halli, Bengaluru",0,15,Unfurnished,North,30.0,Ready to Move,,False,Synthetic
SYN_00010,44520000,2565,3.0,3,1,"Maruthi Nagar, Yelahanka",5,32,Unfurnished,East,1.5,Ready to Move,,False,Synthetic
SYN_00011,31180000,1884,3.5,3,2,"Ambedkar Colony, Yelahanka",2,14,Unfurnished,West,3.1,Ready to Move,,False,Synthetic
SYN_00012,16010000,1396,2.0,2,2,"Kadagrahara, Bengaluru",3,4,Semi Furnished,North,6.0,Ready to Move,,False,Synthetic
SYN_00013,12810000,853,2.0,2,1,"Yadavanahalli, Bengaluru",24,39,Semi Furnished,East,12.7,Ready to Move,,True,Synthetic
SYN_00014,31550000,2041,4.0,3,3,"1A Block, Koramangala",6,18,Semi Furnished,East,7.2,Upcoming,2027-07-18,True,Synthetic
SYN_00015,11480000,992,2.0,2,2,"Sarjapur, Bengaluru",20,20,Semi Furnished,East,5.0,Ready to Move,,False,Synthetic
SYN_00016,14600000,1557,3.0,3,1,"Hunasamaranahalli, Bengaluru",20,23,Unfurnished,East,4.0,Ready to Move,,True,Synthetic
SYN_00017,25270000,1613,3.0,3,1,"Thigala Chowdadenahalli, Bengaluru",7,14,Semi Furnished,East,9.1,Ready to Move,,True,Synthetic
SYN_00018,12710000,1008,2.0,2,1,"Konena Agrahara, Murugeshpalya",2,8,Semi Furnished,Unknown,1.0,Ready to Move,,False,Synthetic
SYN_00019,10860000,1030,2.0,2,1,"Jyotipuram, Bengaluru",10,19,Unfurnished,East,4.5,Ready to Move,,False,Synthetic
SYN_00020,18480000,1573,3.0,3,1,"Nandi Durga Road Extension, Jayamahal",2,4,Semi Furnished,East,9.9,Ready to Move,,False,Synthetic
SYN_00021,19070000,1471,2.0,2,2,"Anchepalya, Bengaluru",10,21,Semi Furnished,Unknown,14.0,Ready to Move,,False,Synthetic
SYN_00022,15390000,1161,2.0,2,1,"Dodsworth Layout, Whitefield",11,13,Unfurnished,West,7.0,Ready to Move,,False,Synthetic
SYN_00023,17430000,1596,3.0,3,1,"Chambenahalli, Bengaluru",1,4,Semi Furnished,East,0.1,Ready to Move,,False,Synthetic
SYN_00024,33240000,1700,3.0,3,1,"Seetharampalya, Hoodi",3,4,Unfurnished,North,9.9,Ready to Move,,False,Synthetic
SYN_00025,28350000,1837,3.0,3,1,"5th Block, Koramangala",5,8,Semi Furnished,North,1.0,Ready to Move,,True,Synthetic
SYN_00026,12610000,1288,2.0,2,1,"Govinda Reddy Layout, Panduranga Nagar",0,14,Semi Furnished,Unknown,9.7,Ready to Move,,False,Synthetic
SYN_00027,5170000,983,2.0,2,2,"Hoskote, Bengaluru",5,7,Unfurnished,West,8.4,Ready to Move,,False,Synthetic
SYN_00028,21540000,1318,2.0,2,1,"Gunjur Village, Bengaluru",4,8,Semi Furnished,North,1.7,Ready to Move,,False,Synthetic
SYN_00029,15710000,1031,3.0,3,1,"Rays Of Dawn, Kambipura",2,18,Semi Furnished,West,16.8,Ready to Move,,False,Synthetic
SYN_00030,12550000,1221,2.0,2,1,"Samethanahalli, Bengaluru",0,4,Semi Furnished,North-East,4.2,Ready to Move,,False,Synthetic
SYN_00031,16860000,1059,3.0,3,1,"Industrial Suburb, Yeswanthpur",0,5,Semi Furnished,East,0.9,Ready to Move,,False,Synthetic
SYN_00032,17530000,1996,3.0,3,2,"Chowdeshwari Layout, Yelahanka",18,21,Semi Furnished,West,1.6,Ready to Move,,False,Synthetic
SYN_00033,16160000,1066,2.0,2,1,"Sarjapur, Bengaluru",3,4,Semi Furnished,North,0.5,Ready to Move,,False,Synthetic
SYN_00034,28720000,1993,3.0,3,1,"Ardendale, Kannamangala - Whitefield Hoskote Road",6,14,Semi Furnished,West,2.0,Ready to Move,,False,Synthetic
SYN_00035,8380000,654,1.0,1,0,"Sarjapur, Bengaluru",27,28,Semi Furnished,North,0.6,Ready to Move,,False,Synthetic
SYN_00036,20210000,1294,3.0,2,1,"Chikkabana Halli, Bengaluru",2,30,Unfurnished,Unknown,1.8,Ready to Move,,False,Synthetic
SYN_00037,10470000,829,2.0,2,1,"Thirumalashettyhally, Bengaluru",1,11,Unfurnished,East,8.9,Ready to Move,,False,Synthetic
SYN_00038,18150000,1379,3.0,3,1,"Devasthanagalu, Varthur",3,4,Semi Furnished,North,5.0,Upcoming,2027-07-29,True,Synthetic
SYN_00039,13390000,1305,2.0,2,1,"Dodsworth Layout, Whitefield",4,5,Semi Furnished,West,1.0,Ready to Move,,False,Synthetic
SYN_00040,13280000,1012,2.0,1,1,"Budigere Cross, Bengaluru",12,14,Semi Furnished,East,12.7,Ready to Move,,False,Synthetic
SYN_00041,14090000,892,2.0,2,1,"Sarjapur, Bengaluru",1,9,Semi Furnished,East,6.8,Ready to Move,,False,Synthetic
SYN_00042,25650000,1329,2.0,2,1,"Bhoganhalli, Bengaluru",19,20,Unfurnished,Unknown,9.1,Ready to Move,,False,Synthetic
SYN_00043,14950000,1123,2.0,2,1,"Kannuru, Bengaluru",8,12,Semi Furnished,East,8.5,Ready to Move,,False,Synthetic
SYN_00044,16280000,1963,3.0,3,1,"Shriram Sameeksha, Singapura",17,21,Unfurnished,Unknown,9.9,Upcoming,2027-01-25,True,Synthetic
SYN_00045,14220000,1310,3.0,3,1,"Medahalli, Bengaluru",1,10,Unfurnished,East,13.0,Ready to Move,,False,Synthetic
SYN_00046,9080000,1311,2.0,2,1,"Phase 1, Whitefield",9,14,Unfurnished,North,27.7,Ready to Move,,False,Synthetic
SYN_00047,15630000,1049,3.0,3,1,"Dodsworth Layout, Whitefield",1,4,Unfurnished,North,0.7,Ready to Move,,False,Synthetic
SYN_00048,13790000,1418,2.0,2,1,"Gummanahalli, Bengaluru",8,16,Semi Furnished,Unknown,1.0,Ready to Move,,False,Synthetic
SYN_00049,34070000,2240,4.0,4,2,"Rachenahalli, Jakkur",9,14,Semi Furnished,South-East,3.9,Ready to Move,,False,Synthetic
SYN_00050,16620000,1322,3.0,3,1,"Akme Ballet, Mahadevapura",8,14,Semi Furnished,East,3.1,Upcoming,2026-07-11,True,Synthetic
SYN_00051,20030000,1414,3.0,3,1,"Industrial Suburb, Yeswanthpur",7,32,Semi Furnished,East,24.6,Ready to Move,,True,Synthetic
SYN_00052,18880000,1481,3.0,3,2,"SNN Raj Serenity, Akshayanagar",11,18,Unfurnished,Unknown,17.0,Ready to Move,,False,Synthetic
SYN_00053,22770000,2073,3.0,3,1,"Buena Vista, Bommenahalli",20,27,Semi Furnished,West,7.8,Ready to Move,,False,Synthetic
SYN_00054,20920000,1907,3.0,3,1,"Dodsworth Layout, Whitefield",3,6,Semi Furnished,North,9.0,Ready to Move,,False,Synthetic
SYN_00055,10630000,988,2.0,2,1,"Chaithanya Samarth, Bommenahalli",14,23,Semi Furnished,East,14.5,Ready to Move,,False,Synthetic
SYN_00056,9580000,1222,2.0,2,1,"Chambenahalli, Bengaluru",9,9,Semi Furnished,East,6.2,Ready to Move,,False,Synthetic
SYN_00057,13320000,1063,2.0,2,2,"Gummanahalli, Bengaluru",3,12,Semi Furnished,Unknown,10.0,Upcoming,2026-11-26,True,Synthetic
SYN_00058,11430000,1458,3.0,2,1,"Marathahalli Village, Marathahalli",13,15,Semi Furnished,Unknown,6.0,Ready to Move,,False,Synthetic
SYN_00059,14280000,1601,3.0,3,1,"Nagavara, Bengaluru",11,14,Semi Furnished,East,1.0,Upcoming,2026-04-14,True,Synthetic
SYN_00060,28170000,1758,4.0,3,0,"Banakshankari 6th Stage 11th Block, Srinivaspura",2,18,Unfurnished,North,11.1,Ready to Move,,True,Synthetic
SYN_00061,15000000,1154,3.0,3,1,"Devanahalli, Bengaluru",3,11,Semi Furnished,West,5.0,Ready to Move,,False,Synthetic
SYN_00062,9850000,967,2.0,2,1,"Parkway Homes, Rayasandra",1,4,Unfurnished,North,1.7,Ready to Move,,False,Synthetic
SYN_00063,18540000,976,2.0,2,1,"Rajanukunte, Bengaluru",18,19,Unfurnished,North,0.8,Ready to Move,,False,Synthetic
SYN_00064,10550000,1076,2.0,2,1,"Gummanahalli, Bengaluru",3,4,Semi Furnished,Unknown,7.4,Ready to Move,,False,Synthetic
SYN_00065,35570000,1698,3.0,3,1,"Thomas Town, Cooke Town",0,3,Unfurnished,North,1.3,Ready to Move,,False,Synthetic
SYN_00066,24560000,1937,3.0,3,1,"Sannatammanahalli, Battarahalli",3,15,Semi Furnished,East,10.0,Ready to Move,,True,Synthetic
SYN_00067,88490000,5108,4.0,4,1,"Industrial Layout, Kudlu Gate",0,3,Semi Furnished,North,0.1,Ready to Move,,False,Synthetic
SYN_00068,10300000,1042,3.0,3,1,"Paramount Gardens, Jyotipuram",0,5,Semi Furnished,North,17.0,Ready to Move,,True,Synthetic
SYN_00069,20090000,1543,3.0,3,1,"Yadavanahalli, Bengaluru",7,8,Unfurnished,East,10.0,Ready to Move,,False,Synthetic
SYN_00070,31240000,2109,3.0,2,2,"Varthur, Bengaluru",2,5,Semi Furnished,East,1.9,Upcoming,2027-01-11,True,Synthetic
SYN_00071,16580000,1171,3.0,3,2,"Green Glen Layout, Bellandur",0,4,Semi Furnished,West,10.6,Ready to Move,,True,Synthetic
SYN_00072,11110000,939,2.0,2,1,"Konappana Agrahara, Rayasandra",20,21,Unfurnished,West,22.0,Ready to Move,,False,Synthetic
SYN_00073,10050000,680,1.0,1,1,"Lords Steps Layout, Panathur",5,13,Semi Furnished,Unknown,1.9,Upcoming,2026-11-16,True,Synthetic
SYN_00074,13940000,1320,2.0,2,1,"Hanumanthappa Layout, Kyalasanahalli",0,4,Semi Furnished,Unknown,6.0,Ready to Move,,False,Synthetic
SYN_00075,45900000,3218,5.0,4,5,"Brookefield, Bengaluru",3,9,Semi Furnished,Unknown,8.4,Ready to Move,,False,Synthetic
SYN_00076,17770000,1350,3.0,3,1,"Srinivasa Nagar, Banashankari",10,14,Semi Furnished,Unknown,8.4,Upcoming,2027-01-01,True,Synthetic
SYN_00077,21080000,1664,3.0,3,1,"Bengaluru Hardware Park, Bengaluru",29,30,Fully Furnished,West,1.0,Ready to Move,,False,Synthetic
SYN_00078,22380000,1621,3.0,3,1,"Shanthala Nagar, Ashok Nagar",41,42,Unfurnished,East,8.4,Ready to Move,,False,Synthetic
SYN_00079,12600000,1251,2.0,2,1,"Chaithanya Samarth, Bommenahalli",0,5,Unfurnished,Unknown,9.0,Ready to Move,,False,Synthetic
SYN_00080,15220000,1040,2.0,2,1,"Eastwood Township, Harlur",1,5,Semi Furnished,North,6.0,Ready to Move,,False,Synthetic
SYN_00081,9870000,1039,2.0,2,1,"Dodsworth Layout, Whitefield",5,13,Fully Furnished,East,3.0,Ready to Move,,False,Synthetic
SYN_00082,11740000,1491,3.0,3,1,"Sompura, Bengaluru",15,30,Unfurnished,South,1.4,Upcoming,2026-07-08,True,Synthetic
SYN_00083,6800000,1049,2.0,2,2,"Pattabhirama Nagar, Jayanagar",7,9,Unfurnished,North,5.0,Ready to Move,,False,Synthetic
SYN_00084,18840000,1292,2.0,2,1,"Muthurayya Swamy Layout, Hulimavu",7,21,Semi Furnished,East,9.5,Ready to Move,,False,Synthetic
SYN_00085,21490000,1893,3.0,3,1,"Buena Vista, Bommenahalli",22,39,Semi Furnished,East,5.0,Ready to Move,,False,Synthetic
SYN_00086,14140000,1306,2.0,2,1,"Madagondanahalli, Electronic City",13,20,Semi Furnished,East,1.2,Ready to Move,,False,Synthetic
SYN_00087,39300000,2561,4.5,4,4,"4th Phase, JP Nagar",11,11,Semi Furnished,East,6.4,Ready to Move,,False,Synthetic
SYN_00088,5540000,854,2.0,2,1,"Gopasandra, Bengaluru",3,5,Unfurnished,Unknown,7.0,Ready to Move,,False,Synthetic
SYN_00089,14440000,1168,2.0,2,1,"Uttarahalli -Manavarthekaval, Bengaluru",8,13,Unfurnished,Unknown,1.3,Ready to Move,,False,Synthetic
SYN_00090,18560000,1435,3.0,3,1,"Budigere Cross, Bengaluru",7,18,Semi Furnished,North,1.2,Ready to Move,,False,Synthetic
SYN_00091,22530000,1803,3.0,2,1,"P&T Layout, Thanisandra",14,20,Unfurnished,East,6.1,Upcoming,2026-04-24,True,Synthetic
SYN_00092,22630000,1228,2.0,2,1,"Bileshivale, Bengaluru",18,19,Semi Furnished,Unknown,0.4,Upcoming,2026-07-18,True,Synthetic
SYN_00093,17310000,1169,2.0,2,2,"Devasthanagalu, Varthur",3,5,Unfurnished,North,1.5,Ready to Move,,False,Synthetic
SYN_00094,22110000,1410,3.0,3,1,"Sathya Sai Layout, Whitefield",17,17,Semi Furnished,Unknown,10.9,Ready to Move,,False,Synthetic
SYN_00095,17170000,994,2.0,2,1,"Stage 3, Indira Nagar",15,15,Semi Furnished,North,10.0,Ready to Move,,False,Synthetic
SYN_00096,8370000,1566,3.0,3,1,"Ali Estate, Yelahanka",4,20,Semi Furnished,North,3.1,Ready to Move,,False,Synthetic
SYN_00097,10930000,1031,3.0,3,2,"Varthur, Bengaluru",3,4,Unfurnished,East,1.5,Ready to Move,,False,Synthetic
SYN_00098,10340000,1301,2.0,2,2,"Utsav Raaga, Kannuru",2,21,Unfurnished,East,14.0,Ready to Move,,False,Synthetic
SYN_00099,9220000,1293,3.0,3,1,"Sannatammanahalli, Battarahalli",20,25,Unfurnished,East,4.5,Ready to Move,,False,Synthetic
SYN_00100,25300000,1312,3.0,3,1,"Nallurhalli, Whitefield",3,5,Unfurnished,East,6.0,Ready to Move,,False,Synthetic
SYN_00101,19820000,1214,2.0,2,1,"Ieglo Villa, Hoodi",5,12,Unfurnished,East,13.0,Ready to Move,,False,Synthetic
SYN_00102,16880000,1478,3.0,3,1,"Chambenahalli, Bengaluru",1,5,Semi Furnished,North,7.8,Ready to Move,,True,Synthetic
SYN_00103,7480000,1024,2.0,2,1,"Chikkadasarahalli, Bengaluru",5,18,Fully Furnished,West,11.1,Ready to Move,,False,Synthetic
SYN_00104,30570000,1859,3.0,3,1,"Phase 2, Whitefield",1,8,Semi Furnished,East,10.7,Upcoming,2026-08-15,True,Synthetic
SYN_00105,7300000,432,1.0,1,1,"Shriram Sameeksha, Singapura",2,13,Unfurnished,North,2.0,Ready to Move,,False,Synthetic
SYN_00106,14560000,1021,2.0,2,2,"Kodathi, Bengaluru",8,13,Semi Furnished,East,8.9,Ready to Move,,False,Synthetic
SYN_00107,6400000,761,2.0,2,1,"Subramanyapura, Bengaluru",11,13,Semi Furnished,Unknown,2.1,Upcoming,2026-09-07,True,Synthetic
SYN_00108,39100000,2164,3.0,3,1,"Sri Balaji Krupa Layout, R.K. Hegde Nagar",0,4,Semi Furnished,East,7.0,Ready to Move,,False,Synthetic
SYN_00109,10910000,1302,2.0,2,1,"Kodigehalli, K R Puram",9,11,Semi Furnished,Unknown,9.0,Ready to Move,,False,Synthetic
SYN_00110,13460000,938,2.0,2,1,"Kundalahalli, Brookefield",1,8,Semi Furnished,East,7.0,Upcoming,2027-03-14,True,Synthetic
SYN_00111,18650000,2565,3.0,3,1,"Sree Narayana Nagar, Kadagrahara",11,14,Semi Furnished,East,1.1,Ready to Move,,False,Synthetic
SYN_00112,18420000,1731,3.0,3,1,"Mallasandra, Bengaluru",7,25,Semi Furnished,East,4.2,Ready to Move,,False,Synthetic
SYN_00113,14190000,1428,3.0,3,1,"Bengaluru Hardware Park, Bengaluru",12,23,Unfurnished,Unknown,2.0,Upcoming,2026-11-10,True,Synthetic
SYN_00114,52830000,4359,4.0,4,2,"Kodathi, Bengaluru",7,16,Semi Furnished,West,3.2,Ready to Move,,False,Synthetic
SYN_00115,10060000,1029,2.0,2,1,"Sree Narayana Nagar, Chikkadunnasandra",14,18,Semi Furnished,Unknown,2.9,Ready to Move,,False,Synthetic
SYN_00116,25970000,1876,3.0,3,1,"Sri Balaji Krupa Layout, R.K. Hegde Nagar",27,36,Semi Furnished,North,4.0,Ready to Move,,False,Synthetic
SYN_00117,14300000,1252,2.0,2,1,"Belathur, K R Puram",9,13,Unfurnished,East,3.0,Ready to Move,,False,Synthetic
SYN_00118,12630000,1478,3.0,2,2,"Ecolife Elements Of Nature, Balagere",23,30,Semi Furnished,East,6.2,Ready to Move,,False,Synthetic
SYN_00119,12450000,911,2.0,2,1,"Shriram Surabhi, Mallasandra",3,14,Unfurnished,East,0.5,Ready to Move,,False,Synthetic
SYN_00120,31050000,1878,3.0,2,1,"Kothnur, JP Nagar",3,4,Unfurnished,East,20.0,Ready to Move,,False,Synthetic
SYN_00121,17560000,1402,3.0,2,1,"Dommasandra, Bengaluru",4,7,Semi Furnished,East,15.0,Upcoming,2026-09-17,True,Synthetic
SYN_00122,16420000,1142,2.0,2,2,"Devasthanagalu, Varthur",0,4,Unfurnished,West,5.0,Ready to Move,,False,Synthetic
SYN_00123,31530000,1927,3.0,3,1,"7th Phase, JP Nagar",7,8,Unfurnished,West,1.0,Ready to Move,,False,Synthetic
SYN_00124,23950000,1919,3.5,2,1,"Sonam Layout, Visthar",2,33,Semi Furnished,East,26.1,Upcoming,2027-02-16,True,Synthetic
SYN_00125,13210000,1915,4.0,4,2,"Horamavu Agara, Horamavu",14,14,Semi Furnished,North,4.5,Ready to Move,,False,Synthetic
SYN_00126,28360000,1758,4.0,4,1,"Sathya Sai Layout, Whitefield",16,30,Semi Furnished,East,1.0,Ready to Move,,True,Synthetic
SYN_00127,12520000,1729,3.0,3,1,"Aishwarya Crystal Layout, Begur",26,28,Unfurnished,East,14.8,Upcoming,2030-07-09,True,Synthetic
SYN_00128,10720000,830,2.0,2,2,"Devasthanagalu, Varthur",4,13,Semi Furnished,South,8.3,Ready to Move,,False,Synthetic
SYN_00129,9850000,1071,2.0,2,1,"Gollahalli, Electronic City",15,15,Semi Furnished,East,12.5,Ready to Move,,False,Synthetic
SYN_00130,19950000,1299,3.0,3,1,"Lords Steps Layout, Panathur",17,19,Unfurnished,North,4.4,Ready to Move,,False,Synthetic
SYN_00131,21440000,1378,3.0,3,1,"Green Glen Layout, Bellandur",6,10,Semi Furnished,East,16.5,Ready to Move,,False,Synthetic
SYN_00132,18540000,1691,3.0,2,1,"Pai Layout, Mahadevapura",11,20,Semi Furnished,West,6.1,Ready to Move,,False,Synthetic
SYN_00133,17010000,1439,3.0,3,1,"Eastwood Township, Harlur",14,28,Semi Furnished,East,2.5,Ready to Move,,False,Synthetic
SYN_00134,9270000,986,2.0,2,1,"Gummanahalli, Bengaluru",0,4,Unfurnished,East,12.8,Ready to Move,,False,Synthetic
SYN_00135,19150000,1187,2.0,2,1,"Jakkur, Bengaluru",21,32,Fully Furnished,Unknown,24.0,Ready to Move,,False,Synthetic
SYN_00136,5870000,658,1.0,1,1,"Sarjapur, Bengaluru",11,24,Semi Furnished,East,2.0,Ready to Move,,False,Synthetic
SYN_00137,8120000,937,2.0,2,2,"Madagondanahalli, Electronic City",15,29,Semi Furnished,East,9.3,Ready to Move,,False,Synthetic
SYN_00138,22110000,1643,3.0,3,1,"Hadosiddapura, Carmelaram",4,4,Semi Furnished,West,15.5,Ready to Move,,False,Synthetic
SYN_00139,17550000,1508,3.0,3,2,"Munnekollal, Bengaluru",5,7,Unfurnished,West,14.7,Upcoming,2026-10-20,True,Synthetic
SYN_00140,9910000,923,2.0,2,1,"Bendiganahalli, Bengaluru",2,6,Unfurnished,North,5.5,Ready to Move,,False,Synthetic
SYN_00141,13090000,1077,2.0,2,1,"Medahalli, Bengaluru",2,33,Unfurnished,East,6.0,Ready to Move,,False,Synthetic
SYN_00142,7680000,653,1.0,1,1,"Nirman Layout, S.Bingipura",2,14,Semi Furnished,North,0.0,Ready to Move,,False,Synthetic
SYN_00143,17440000,1336,3.0,3,1,"Veeranna Garden, Richards Town",16,29,Unfurnished,East,12.0,Ready to Move,,False,Synthetic
SYN_00144,11340000,1158,2.0,2,1,"Shetty Halli, Jalahalli West",12,15,Semi Furnished,West,5.4,Upcoming,2026-07-05,True,Synthetic
SYN_00145,13720000,1167,2.0,2,1,"Kannuru, Bengaluru",0,9,Semi Furnished,North,8.5,Ready to Move,,False,Synthetic
SYN_00146,34700000,2479,4.0,4,3,"Devin Paradise Enclave, Tirumanahalli",7,16,Unfurnished,East,7.4,Ready to Move,,False,Synthetic
SYN_00147,19870000,1209,3.0,3,2,"Buena Vista, Bommenahalli",22,29,Unfurnished,East,6.9,Ready to Move,,False,Synthetic
SYN_00148,23310000,1243,3.0,3,1,"Nallurhalli, Whitefield",3,3,Unfurnished,North,8.0,Upcoming,2026-06-19,True,Synthetic
SYN_00149,16690000,1243,2.0,2,1,"Sarjapur, Bengaluru",16,31,Semi Furnished,East,1.9,Ready to Move,,True,Synthetic
SYN_00150,15860000,1512,3.0,2,2,"7th Phase, JP Nagar",18,18,Semi Furnished,East,1.3,Upcoming,2030-09-12,True,Synthetic
SYN_00151,10480000,1040,2.5,2,1,"Thirumalashettyhally, Bengaluru",10,22,Semi Furnished,Unknown,1.1,Ready to Move,,False,Synthetic
SYN_00152,19430000,1425,3.0,3,2,"Sunny Brooks, Kaikondrahalli",2,4,Unfurnished,East,2.4,Ready to Move,,True,Synthetic
SYN_00153,19950000,1006,2.0,2,1,"Jayanagar Housing Society Layout, Subramanyapura",14,16,Semi Furnished,North,10.5,Ready to Move,,False,Synthetic
SYN_00154,30440000,1383,3.0,3,1,"Lords Steps Layout, Panathur",21,21,Semi Furnished,East,1.2,Ready to Move,,True,Synthetic
SYN_00155,10160000,664,1.0,1,2,"Uttarahalli -Manavarthekaval, Bengaluru",10,21,Semi Furnished,East,3.0,Upcoming,2029-05-28,True,Synthetic
SYN_00156,12100000,1000,2.0,2,1,"Manayata Tech Park, Thanisandra",7,13,Semi Furnished,East,10.1,Ready to Move,,False,Synthetic
SYN_00157,26000000,1473,3.0,3,2,"Stage 3, Indira Nagar",12,16,Unfurnished,East,4.0,Ready to Move,,False,Synthetic
SYN_00158,21080000,2089,3.0,2,1,"Stage 1, BTM Layout",4,25,Unfurnished,West,11.4,Ready to Move,,True,Synthetic
SYN_00159,27370000,1769,3.0,3,1,"Rammana Layout, Byrathi",5,10,Semi Furnished,North,1.4,Upcoming,2030-06-29,True,Synthetic
SYN_00160,14850000,1192,2.0,2,1,"SNN Raj Serenity, Akshayanagar",3,11,Semi Furnished,East,5.3,Ready to Move,,True,Synthetic
SYN_00161,30330000,2565,3.0,2,1,"P&T Layout, Thanisandra",4,8,Unfurnished,East,8.3,Ready to Move,,False,Synthetic
SYN_00162,7940000,607,1.0,1,2,"Suryanagar, Bommasandra",8,18,Unfurnished,East,0.5,Ready to Move,,False,Synthetic
SYN_00163,12490000,915,2.0,2,1,"Chikkagubbi Village, Bengaluru",9,33,Unfurnished,East,0.8,Ready to Move,,False,Synthetic
SYN_00164,36120000,2705,4.5,4,4,"Phase 2, Doddanagamangala",2,34,Semi Furnished,West,6.0,Ready to Move,,False,Synthetic
SYN_00165,37120000,1821,4.0,4,2,"Sathya Sai Layout, Whitefield",0,27,Unfurnished,East,1.8,Upcoming,2030-02-13,True,Synthetic
SYN_00166,23290000,1617,3.0,3,1,"SBI Bank Colony, Battarahalli",1,16,Unfurnished,North,6.0,Ready to Move,,False,Synthetic
SYN_00167,7960000,789,2.0,2,1,"Subramanyapura, Bengaluru",16,25,Semi Furnished,East,3.1,Ready to Move,,False,Synthetic
SYN_00168,19610000,1239,2.0,2,1,"Sri Balaji Krupa Layout, R.K. Hegde Nagar",1,5,Semi Furnished,East,11.0,Ready to Move,,False,Synthetic
SYN_00169,10320000,1181,2.0,2,1,"Hadosiddapura, Carmelaram",25,30,Semi Furnished,East,5.2,Ready to Move,,False,Synthetic
SYN_00170,10730000,954,2.0,2,1,"Phase I, Electronic City",7,12,Semi Furnished,West,12.8,Ready to Move,,False,Synthetic
SYN_00171,42360000,3585,4.5,4,5,"4th Phase, JP Nagar",11,11,Unfurnished,East,6.2,Ready to Move,,False,Synthetic
SYN_00172,17140000,1569,3.0,3,1,"Gunjur Village, Bengaluru",13,28,Semi Furnished,East,6.0,Ready to Move,,False,Synthetic
SYN_00173,16580000,1274,2.0,2,1,"BEML Cooperative Society Layout, Bidaraguppe",28,33,Fully Furnished,East,11.4,Ready to Move,,False,Synthetic
SYN_00174,10090000,1129,2.0,2,1,"Devin Paradise Enclave, Chokkanahalli",21,39,Unfurnished,West,2.6,Upcoming,2028-01-15,True,Synthetic
SYN_00175,10110000,1213,2.0,2,2,"Dodsworth Layout, Whitefield",1,13,Semi Furnished,North,3.0,Ready to Move,,False,Synthetic
SYN_00176,7720000,730,2.0,2,1,"Ardendale, Kannamangala - Whitefield Hoskote Road",13,14,Semi Furnished,West,3.0,Ready to Move,,False,Synthetic
SYN_00177,9090000,857,1.5,1,1,"Gummanahalli, Bengaluru",10,21,Unfurnished,Unknown,1.3,Ready to Move,,False,Synthetic
SYN_00178,9840000,886,2.0,2,1,"Bommasandra Industrial Area, Bommasandra",15,27,Semi Furnished,West,7.8,Ready to Move,,False,Synthetic
SYN_00179,10010000,992,2.0,2,1,"Chaithanya Samarth, Bommenahalli",4,14,Semi Furnished,North,8.6,Ready to Move,,False,Synthetic
SYN_00180,17460000,1546,3.0,3,1,"Uttarahalli -Manavarthekaval, Bengaluru",0,4,Unfurnished,West,7.9,Ready to Move,,False,Synthetic
SYN_00181,15680000,1047,2.0,2,1,"Sri Balaji Krupa Layout, R.K. Hegde Nagar",18,21,Unfurnished,Unknown,1.0,Ready to Move,,False,Synthetic
SYN_00182,11870000,1816,3.0,3,2,"Sarjapur, Bengaluru",14,15,Unfurnished,East,6.8,Ready to Move,,True,Synthetic
SYN_00183,13100000,1743,3.0,3,1,"Muthurayya Swamy Layout, Hulimavu",10,19,Unfurnished,Unknown,2.9,Ready to Move,,False,Synthetic
SYN_00184,12720000,983,2.0,2,1,"Kothnur, JP Nagar",0,4,Semi Furnished,Unknown,5.4,Ready to Move,,False,Synthetic
SYN_00185,5460000,682,1.0,1,1,"Boovanahalli, Bengaluru",4,4,Unfurnished,Unknown,1.8,Ready to Move,,False,Synthetic
SYN_00186,22300000,1491,3.0,3,1,"Sathnur, Bengaluru",10,27,Unfurnished,East,0.9,Upcoming,2030-04-01,True,Synthetic
SYN_00187,11940000,1086,3.0,2,1,"Phase I, Electronic City",2,24,Unfurnished,Unknown,8.0,Ready to Move,,False,Synthetic
SYN_00188,23600000,1758,4.0,4,2,"Nallurhalli, Whitefield",9,18,Unfurnished,East,8.0,Ready to Move,,False,Synthetic
SYN_00189,12210000,1110,2.0,2,1,"Doddakannelli, Bengaluru",2,16,Unfurnished,North,8.7,Ready to Move,,True,Synthetic
SYN_00190,27860000,1611,3.0,3,2,"Laxminarayana Layout, Whitefield",10,14,Unfurnished,Unknown,10.7,Ready to Move,,False,Synthetic
SYN_00191,12420000,965,2.0,2,1,"Balagere, Bengaluru",1,4,Unfurnished,North,7.0,Ready to Move,,False,Synthetic
SYN_00192,120460000,2631,5.0,5,1,"Hebbal, Bengaluru",12,30,Unfurnished,East,10.7,Ready to Move,,False,Synthetic
SYN_00193,14610000,916,2.0,2,1,"Rammana Layout, Byrathi",2,4,Semi Furnished,Unknown,33.1,Ready to Move,,False,Synthetic
SYN_00194,10370000,931,2.0,2,1,"Kannuru, Bengaluru",22,28,Semi Furnished,Unknown,1.6,Upcoming,2029-07-15,True,Synthetic
SYN_00195,35340000,2555,4.5,5,1,"V. Kallahalli, Bengaluru",23,27,Semi Furnished,North,6.0,Ready to Move,,True,Synthetic
SYN_00196,22010000,1705,3.0,2,2,"Chikkakannalli, Bengaluru",0,29,Fully Furnished,East,16.0,Ready to Move,,False,Synthetic
SYN_00197,9230000,995,2.0,2,1,"Bendiganahalli, Bengaluru",0,4,Semi Furnished,East,16.0,Ready to Move,,False,Synthetic
SYN_00198,15310000,1879,3.0,3,0,"Kambipura, Bengaluru",5,18,Semi Furnished,Unknown,0.9,Ready to Move,,False,Synthetic
SYN_00199,8820000,954,2.0,2,1,"Gummanahalli, Bengaluru",9,23,Unfurnished,West,2.0,Ready to Move,,False,Synthetic
SYN_00200,8150000,665,1.0,1,1,"Gummanahalli, Bengaluru",0,4,Unfurnished,West,2.0,Upcoming,2028-12-02,True,Synthetic
SYN_00201,11240000,1524,3.0,2,1,"Stage 2, BTM Layout 2nd Stage",0,5,Unfurnished,Unknown,0.1,Ready to Move,,True,Synthetic
SYN_00202,16730000,1237,3.0,3,1,"Gupta Layout, Halasuru",7,14,Unfurnished,South-East,0.5,Ready to Move,,False,Synthetic
SYN_00203,14290000,1274,2.0,2,1,"Dodsworth Layout, Whitefield",0,4,Unfurnished,East,13.0,Ready to Move,,False,Synthetic
SYN_00204,21090000,2214,3.0,3,2,"Shriram Sameeksha, Singapura",21,23,Unfurnished,West,1.0,Ready to Move,,False,Synthetic
SYN_00205,13400000,1007,2.0,2,1,"Balagere, Bengaluru",4,4,Semi Furnished,West,3.3,Ready to Move,,False,Synthetic
SYN_00206,23010000,2010,3.0,3,1,"Hosahalli, Bengaluru",4,6,Semi Furnished,Unknown,3.8,Upcoming,2026-07-07,True,Synthetic
SYN_00207,15310000,1471,2.0,2,1,"Judicial Layout 2nd Phase, Talaghattapura",32,38,Unfurnished,East,10.5,Ready to Move,,False,Synthetic
SYN_00208,19730000,1566,3.0,3,1,"Gunjur Village, Bengaluru",18,34,Unfurnished,East,0.3,Ready to Move,,False,Synthetic
SYN_00209,42380000,2388,3.0,3,1,"Kaikondrahalli, Bengaluru",9,14,Semi Furnished,South,8.0,Ready to Move,,False,Synthetic
SYN_00210,16940000,1598,3.0,3,1,"Judicial Layout 2nd Phase, Talaghattapura",2,9,Unfurnished,Unknown,9.4,Ready to Move,,False,Synthetic
SYN_00211,13230000,1299,2.0,2,1,"Judicial Layout 2nd Phase, Talaghattapura",4,5,Unfurnished,East,5.1,Ready to Move,,False,Synthetic
SYN_00212,10660000,965,2.0,2,1,"Phase 5, Chikkanayakanahalli, Choodasandra",22,23,Semi Furnished,East,2.7,Ready to Move,,True,Synthetic
SYN_00213,27240000,1784,3.0,3,1,"Anand Nagar, Hebbal",0,26,Semi Furnished,Unknown,2.0,Ready to Move,,True,Synthetic
SYN_00214,10020000,1057,2.0,2,1,"Chaithanya Samarth, Bommenahalli",3,5,Semi Furnished,Unknown,5.5,Ready to Move,,False,Synthetic
SYN_00215,10220000,911,2.0,2,1,"Varthur, Bengaluru",2,4,Unfurnished,North,6.8,Ready to Move,,False,Synthetic
SYN_00216,14000000,1350,3.0,3,1,"Huvinayakanahalli, Bengaluru",5,26,Unfurnished,East,8.0,Ready to Move,,False,Synthetic
SYN_00217,8440000,1017,2.0,2,1,"Panathur, Bengaluru",10,21,Semi Furnished,West,21.0,Ready to Move,,False,Synthetic
SYN_00218,28250000,1830,3.0,3,1,"Pattandur Agrahara, Whitefield",9,10,Semi Furnished,East,14.0,Ready to Move,,False,Synthetic
SYN_00219,18550000,1471,2.0,2,1,"Bommenahalli, Bengaluru",0,27,Semi Furnished,East,1.2,Ready to Move,,True,Synthetic
SYN_00220,20350000,1471,2.0,2,1,"EPIP Zone, Brookefield",13,19,Unfurnished,North,7.6,Ready to Move,,False,Synthetic
SYN_00221,9280000,1164,3.0,3,2,"Stage 2, BTM Layout 2nd Stage",29,34,Semi Furnished,East,5.7,Upcoming,2026-07-31,True,Synthetic
SYN_00222,35580000,2061,3.0,2,3,"Ardendale, Kannamangala - Whitefield Hoskote Road",27,50,Unfurnished,East,14.0,Ready to Move,,False,Synthetic
SYN_00223,17050000,1466,3.0,3,1,"Budigere Cross, Bengaluru",4,4,Unfurnished,North,2.5,Upcoming,2027-02-10,True,Synthetic
SYN_00224,6550000,994,2.0,2,1,"Phase I, Electronic City",2,12,Unfurnished,West,10.0,Ready to Move,,False,Synthetic
SYN_00225,10580000,833,2.0,2,1,"Varthur, Bengaluru",0,14,Unfurnished,East,0.6,Ready to Move,,False,Synthetic
SYN_00226,29730000,2070,3.0,3,1,"V. Kallahalli, Bengaluru",8,12,Semi Furnished,North,3.0,Ready to Move,,False,Synthetic
SYN_00227,17130000,1167,2.0,2,1,"Kariyammana Agrahara, Bellandur",2,4,Semi Furnished,North,5.0,Ready to Move,,False,Synthetic
SYN_00228,8370000,943,2.0,2,0,"Mohammed Sab Palya, Vidyaranyapura",1,4,Semi Furnished,North,6.1,Ready to Move,,True,Synthetic
SYN_00229,32370000,2290,3.5,3,2,"Sri Balaji Krupa Layout, R.K. Hegde Nagar",9,17,Semi Furnished,North,4.7,Upcoming,2026-02-19,True,Synthetic
SYN_00230,47770000,2203,4.0,3,2,"Nagashetty Halli, RMV Extension Stage 2",11,13,Semi Furnished,West,9.6,Ready to Move,,False,Synthetic
SYN_00231,11370000,1090,3.0,2,1,"Gummanahalli, Bengaluru",12,20,Unfurnished,North,26.3,Upcoming,2029-03-05,True,Synthetic
SYN_00232,14680000,1325,3.0,3,1,"Gummanahalli, Bengaluru",18,18,Unfurnished,East,4.9,Ready to Move,,False,Synthetic
SYN_00233,14870000,1594,3.0,3,4,"Bengaluru Hardware Park, Bengaluru",32,32,Semi Furnished,East,6.9,Ready to Move,,False,Synthetic
SYN_00234,19020000,1697,3.0,3,1,"Varthur, Bengaluru",10,15,Semi Furnished,East,3.7,Ready to Move,,False,Synthetic
SYN_00235,20560000,1259,2.0,2,1,"Parappana Agrahara, Bengaluru",8,11,Semi Furnished,East,15.0,Ready to Move,,False,Synthetic
SYN_00236,26140000,1479,3.0,3,1,"Classic Orchids Layout, Kalena Agrahara",9,9,Semi Furnished,North,2.0,Ready to Move,,False,Synthetic
SYN_00237,19060000,1145,2.0,2,1,"Hosapalya, Kudlu Gate",2,3,Semi Furnished,East,7.2,Ready to Move,,False,Synthetic
SYN_00238,24350000,1377,3.0,3,1,"Nallurhalli, Whitefield",3,15,Unfurnished,West,15.0,Ready to Move,,False,Synthetic
SYN_00239,9780000,768,1.0,1,1,"Aishwarya Crystal Layout, Begur",7,22,Fully Furnished,Unknown,2.0,Ready to Move,,False,Synthetic
SYN_00240,11190000,1346,3.0,2,1,"Kacharakanahalli,Bisnahalli, Bengaluru",3,4,Unfurnished,North,13.0,Ready to Move,,True,Synthetic
SYN_00241,14010000,1132,2.0,2,3,"Belathur, K R Puram",3,19,Semi Furnished,Unknown,5.1,Ready to Move,,False,Synthetic
SYN_00242,18920000,1541,3.0,3,2,"Dodsworth Layout, Whitefield",5,17,Semi Furnished,East,2.0,Ready to Move,,False,Synthetic
SYN_00243,8130000,1089,2.0,2,1,"Gunjur, Bengaluru",5,5,Unfurnished,West,5.8,Ready to Move,,False,Synthetic
SYN_00244,87120000,4163,4.0,3,2,"Sathya Sai Layout, Whitefield",9,14,Unfurnished,West,2.5,Upcoming,2026-04-29,True,Synthetic
SYN_00245,17180000,1166,2.0,2,1,"Kattanallur, Sannatammanahalli",1,5,Unfurnished,East,8.7,Ready to Move,,False,Synthetic
SYN_00246,12080000,1010,2.0,2,1,"Manayata Tech Park, Thanisandra",8,19,Semi Furnished,West,10.0,Ready to Move,,False,Synthetic
SYN_00247,36440000,1601,3.0,3,1,"Thigala Chowdadenahalli, Bengaluru",9,33,Semi Furnished,East,0.9,Ready to Move,,False,Synthetic
SYN_00248,28780000,2429,4.0,4,2,"Nehru Nagar, Bengaluru",2,18,Unfurnished,North,11.1,Ready to Move,,False,Synthetic
SYN_00249,27000000,1614,3.0,3,2,"Panathur, Bengaluru",4,4,Semi Furnished,East,3.7,Upcoming,2027-05-18,True,Synthetic
SYN_00250,74780000,4476,4.0,4,2,"Sathya Sai Layout, Whitefield",8,10,Semi Furnished,East,10.0,Ready to Move,,True,Synthetic
SYN_00251,21410000,1621,3.0,2,1,"Janatha Colony, Carmelaram",2,4,Unfurnished,East,9.0,Ready to Move,,False,Synthetic
SYN_00252,11010000,1086,2.0,2,1,"Anekal, Bengaluru",4,4,Unfurnished,West,1.1,Ready to Move,,False,Synthetic
SYN_00253,15970000,1471,2.0,2,1,"Jyotipuram, Bengaluru",18,24,Unfurnished,East,10.0,Upcoming,2027-02-02,True,Synthetic
SYN_00254,27250000,1608,2.5,2,1,"Ilyas Nagar, Kumaraswamy Layout",10,18,Semi Furnished,Unknown,9.0,Ready to Move,,False,Synthetic
SYN_00255,24960000,2079,3.0,2,1,"Varthur, Bengaluru",0,13,Unfurnished,East,12.0,Ready to Move,,False,Synthetic
SYN_00256,14350000,1604,3.0,3,2,"Koralur, Samethanahalli",6,14,Semi Furnished,North,1.0,Upcoming,2027-11-06,True,Synthetic
SYN_00257,10290000,1013,2.0,2,2,"Eastwood Township, Harlur",13,25,Semi Furnished,South,7.8,Ready to Move,,False,Synthetic
SYN_00258,11050000,1294,2.0,2,1,"Shriram Sameeksha, Singapura",3,12,Semi Furnished,West,12.7,Ready to Move,,False,Synthetic
SYN_00259,9270000,1048,2.0,2,1,"Glass Factory Layout, Electronic City",4,5,Semi Furnished,North,7.3,Ready to Move,,False,Synthetic
SYN_00260,7880000,699,1.5,2,1,"Seenappa Layout, Bommanahalli",0,22,Unfurnished,East,0.6,Ready to Move,,False,Synthetic
SYN_00261,19210000,1814,3.0,3,0,"Vignana Kendra, Bengaluru",7,17,Fully Furnished,West,1.2,Ready to Move,,False,Synthetic
SYN_00262,12420000,1119,2.0,2,1,"DNA Eden View, Whitefield",5,27,Semi Furnished,Unknown,1.0,Ready to Move,,False,Synthetic
SYN_00263,15340000,1053,2.0,2,2,"Balagere, Bengaluru",17,26,Semi Furnished,East,6.1,Ready to Move,,False,Synthetic
SYN_00264,22660000,1884,3.0,2,1,"Hosahalli, Bengaluru",34,38,Semi Furnished,East,1.0,Upcoming,2027-05-05,True,Synthetic
SYN_00265,9310000,1263,3.0,3,1,"Subramanyapura, Bengaluru",4,4,Unfurnished,North,10.6,Ready to Move,,False,Synthetic
SYN_00266,32420000,1921,3.0,3,1,"Sri Balaji Krupa Layout, R.K. Hegde Nagar",3,4,Unfurnished,East,8.3,Ready to Move,,False,Synthetic
SYN_00267,21740000,1524,3.0,2,2,"Attibele, Bengaluru",1,34,Semi Furnished,West,2.0,Ready to Move,,False,Synthetic
SYN_00268,10830000,1686,3.0,2,1,"V. Kallahalli, Bengaluru",18,18,Unfurnished,North,4.0,Ready to Move,,False,Synthetic
SYN_00269,10160000,677,1.0,1,1,"Dodsworth Layout, Whitefield",15,19,Unfurnished,North,1.0,Ready to Move,,True,Synthetic
SYN_00270,51050000,2693,4.0,4,1,"Lords Steps Layout, Panathur",13,13,Unfurnished,West,2.4,Ready to Move,,False,Synthetic
SYN_00271,11460000,862,2.0,2,1,"Chikkakannalli, Bengaluru",15,19,Semi Furnished,East,5.0,Ready to Move,,False,Synthetic
SYN_00272,9140000,630,1.0,1,2,"Sarjapur, Bengaluru",13,30,Semi Furnished,North,6.7,Upcoming,2026-10-30,True,Synthetic
SYN_00273,15050000,1365,2.0,2,1,"Sulthangunta, Shivaji Nagar",3,4,Unfurnished,East,28.0,Ready to Move,,False,Synthetic
SYN_00274,28760000,1951,3.5,3,1,"Sri Balaji Krupa Layout, R.K. Hegde Nagar",28,33,Semi Furnished,North,10.9,Ready to Move,,False,Synthetic
SYN_00275,20910000,1797,3.0,3,1,"Hosahalli, Bengaluru",26,33,Unfurnished,West,2.0,Ready to Move,,False,Synthetic
SYN_00276,33820000,1659,3.0,3,1,"Ramagondanahalli, Whitefield",20,31,Semi Furnished,Unknown,1.8,Ready to Move,,False,Synthetic
SYN_00277,27400000,1768,3.0,3,1,"Krishna Reddy Layout, Jeevan Bima Nagar",5,20,Semi Furnished,Unknown,17.6,Ready to Move,,False,Synthetic
SYN_00278,20140000,1454,2.0,2,1,"Carmelaram, Bengaluru",0,3,Semi Furnished,East,5.2,Ready to Move,,False,Synthetic
SYN_00279,21830000,1378,2.0,2,1,"Subramanyapura, Bengaluru",0,33,Semi Furnished,Unknown,8.0,Ready to Move,,False,Synthetic
SYN_00280,20060000,1364,2.0,2,2,"Yadavanahalli, Bengaluru",4,19,Semi Furnished,Unknown,7.0,Ready to Move,,False,Synthetic
SYN_00281,12570000,1247,2.0,2,1,"Hunasamaranahalli, Bengaluru",6,14,Semi Furnished,Unknown,8.6,Ready to Move,,False,Synthetic
SYN_00282,11420000,1221,3.0,3,1,"Choodasandra, Bengaluru",1,5,Unfurnished,North,5.8,Ready to Move,,False,Synthetic
SYN_00283,11060000,1023,2.0,2,1,"Bommenahalli, Bengaluru",14,15,Semi Furnished,North,3.1,Ready to Move,,False,Synthetic
SYN_00284,24050000,2565,3.0,2,1,"SNN Raj Serenity, Akshayanagar",3,4,Unfurnished,East,3.1,Ready to Move,,False,Synthetic
SYN_00285,10390000,907,2.0,2,1,"Manayata Tech Park, Thanisandra",3,14,Unfurnished,East,9.4,Ready to Move,,True,Synthetic
SYN_00286,10550000,486,1.0,1,1,"Shabhari Nagar, Sahakara Nagar",0,5,Semi Furnished,East,8.0,Ready to Move,,False,Synthetic
SYN_00287,13790000,1062,2.0,2,1,"Sarjapur, Bengaluru",10,14,Semi Furnished,East,3.6,Ready to Move,,False,Synthetic
SYN_00288,26890000,2074,3.0,3,1,"Virgonagar, Aavalahalli",3,22,Fully Furnished,South,5.0,Ready to Move,,False,Synthetic
SYN_00289,28340000,1861,3.0,3,1,"Hosapalya, Kudlu Gate",4,6,Semi Furnished,West,4.7,Ready to Move,,False,Synthetic
SYN_00290,22510000,1802,3.0,3,0,"Varthur, Bengaluru",1,3,Semi Furnished,East,15.0,Ready to Move,,False,Synthetic
SYN_00291,21760000,1822,3.0,2,1,"Hadosiddapura, Carmelaram",10,17,Unfurnished,East,1.0,Ready to Move,,False,Synthetic
SYN_00292,26590000,2162,3.0,3,1,"Rachenahalli, Jakkur",21,41,Semi Furnished,East,8.6,Ready to Move,,False,Synthetic
SYN_00293,27200000,1965,3.0,3,1,"Adityanagar, Vidyaranyapura",1,4,Semi Furnished,Unknown,17.8,Upcoming,2026-07-31,True,Synthetic
SYN_00294,13130000,1089,2.0,2,1,"Dodsworth Layout, Whitefield",11,14,Semi Furnished,East,5.4,Ready to Move,,False,Synthetic
SYN_00295,17700000,1035,2.0,2,2,"Sarjapur, Bengaluru",2,4,Semi Furnished,West,8.0,Ready to Move,,False,Synthetic
SYN_00296,17540000,1548,3.0,3,1,"Klassik Landmark, KPC Layout",0,4,Semi Furnished,Unknown,2.8,Ready to Move,,False,Synthetic
SYN_00297,50690000,3114,4.0,4,2,"Devasthanagalu, Varthur",10,16,Unfurnished,Unknown,2.0,Ready to Move,,False,Synthetic
SYN_00298,63190000,3574,4.0,4,3,"Basavanna Nagar, K R Puram",1,3,Unfurnished,Unknown,1.3,Upcoming,2026-10-12,True,Synthetic
SYN_00299,10040000,1401,3.0,2,1,"Bommenahalli, Bengaluru",0,2,Semi Furnished,East,3.7,Ready to Move,,False,Synthetic
SYN_00300,17450000,1353,3.0,2,2,"EPIP Zone, Brookefield",2,5,Unfurnished,East,7.0,Ready to Move,,False,Synthetic
SYN_00301,11730000,1082,2.0,2,1,"Bengaluru Hardware Park, Bengaluru",14,14,Unfurnished,West,10.7,Upcoming,2026-11-17,True,Synthetic
SYN_00302,14160000,1304,2.0,2,1,"Kumbalgodu, Bengaluru",37,41,Unfurnished,East,9.8,Ready to Move,,False,Synthetic
SYN_00303,17630000,1325,2.0,2,1,"Manayata Tech Park, Thanisandra",3,3,Semi Furnished,East,1.0,Ready to Move,,False,Synthetic
SYN_00304,9640000,1569,3.0,3,1,"Gunjur, Bengaluru",3,4,Semi Furnished,East,0.7,Ready to Move,,False,Synthetic
SYN_00305,12890000,1023,2.0,2,1,"Manayata Tech Park, Thanisandra",14,29,Semi Furnished,East,3.5,Ready to Move,,False,Synthetic
SYN_00306,20010000,1371,2.5,2,1,"Phase I, Electronic City",29,35,Unfurnished,West,1.1,Ready to Move,,False,Synthetic
SYN_00307,17570000,1256,2.0,2,1,"Gunjur Village, Bengaluru",7,27,Unfurnished,East,8.2,Ready to Move,,False,Synthetic
SYN_00308,31670000,2312,3.5,3,2,"KIADB Export Promotion Industrial Area, K R Puram",19,26,Semi Furnished,North,1.5,Upcoming,2026-10-14,True,Synthetic
SYN_00309,20760000,2444,4.0,3,1,"Green Glen Layout, Bellandur",36,37,Unfurnished,West,2.2,Ready to Move,,True,Synthetic
SYN_00310,27120000,1610,3.0,3,1,"Stage 2, BTM Layout",11,21,Unfurnished,West,3.2,Ready to Move,,False,Synthetic
SYN_00311,14860000,1164,2.0,2,1,"Vignan Nagar, Kaggadasapura",15,19,Unfurnished,East,8.2,Ready to Move,,False,Synthetic
SYN_00312,24160000,1299,2.0,2,1,"VISL Layout, Talaghattapura",0,13,Semi Furnished,East,1.7,Ready to Move,,False,Synthetic
SYN_00313,6560000,673,1.0,1,0,"Gummanahalli, Bengaluru",3,14,Semi Furnished,East,4.0,Ready to Move,,False,Synthetic
SYN_00314,11730000,1698,3.0,3,1,"GM Global Techies Town, Electronic City",12,21,Semi Furnished,North,3.9,Ready to Move,,True,Synthetic
SYN_00315,46000000,2043,3.0,3,1,"Shabhari Nagar, Sahakara Nagar",5,5,Unfurnished,East,11.4,Ready to Move,,False,Synthetic
SYN_00316,18790000,1636,3.0,3,1,"Bommenahalli, Bengaluru",10,14,Semi Furnished,East,1.9,Ready to Move,,False,Synthetic
SYN_00317,7280000,709,1.0,1,1,"Boovanahalli, Bengaluru",5,19,Unfurnished,East,1.2,Ready to Move,,False,Synthetic
SYN_00318,8610000,1013,2.0,2,1,"Excellencia, Choodasandra",2,4,Semi Furnished,East,1.0,Ready to Move,,False,Synthetic
SYN_00319,7750000,1097,3.0,3,2,"Seegehalli, K R Puram",6,21,Semi Furnished,West,4.5,Ready to Move,,False,Synthetic
SYN_00320,32480000,2229,3.0,3,1,"Hosapalya, Kudlu Gate",11,14,Semi Furnished,East,1.8,Ready to Move,,False,Synthetic
SYN_00321,18320000,1393,3.0,3,1,"Dinnuru, KSRTC Colony",2,8,Fully Furnished,Unknown,0.6,Ready to Move,,False,Synthetic
SYN_00322,12660000,1035,3.0,3,2,"Balagere, Bengaluru",5,15,Semi Furnished,East,1.0,Ready to Move,,False,Synthetic
SYN_00323,86140000,2632,5.0,5,3,"One Bangalore West, Rajajinagar",2,20,Unfurnished,West,8.9,Ready to Move,,False,Synthetic
SYN_00324,13790000,1096,2.0,2,1,"Hosahalli, Bengaluru",4,5,Fully Furnished,East,2.3,Ready to Move,,False,Synthetic
SYN_00325,13880000,1342,2.0,2,2,"P&T Layout, Thanisandra",26,33,Semi Furnished,East,12.8,Ready to Move,,False,Synthetic
SYN_00326,10370000,1129,2.0,2,2,"Veer Sandra, Electronic City",38,43,Semi Furnished,East,6.0,Ready to Move,,False,Synthetic
SYN_00327,10190000,948,2.0,2,2,"Eastwood Township, Kasavanahalli",6,9,Semi Furnished,Unknown,0.9,Ready to Move,,False,Synthetic
SYN_00328,37000000,2332,4.0,4,1,"Dodsworth Layout, Whitefield",4,31,Unfurnished,Unknown,0.0,Ready to Move,,False,Synthetic
SYN_00329,14050000,1300,2.0,2,1,"Gummanahalli, Bengaluru",9,23,Fully Furnished,East,4.0,Ready to Move,,False,Synthetic
SYN_00330,36180000,1940,3.0,2,1,"6th Phase, JP Nagar",0,4,Unfurnished,East,7.2,Ready to Move,,False,Synthetic
SYN_00331,12760000,1121,2.0,2,1,"Manayata Tech Park, Thanisandra",13,23,Unfurnished,North,5.2,Ready to Move,,False,Synthetic
SYN_00332,18580000,1231,2.0,2,1,"Prakruthi Nagar, Kogilu",0,13,Fully Furnished,West,3.8,Ready to Move,,False,Synthetic
SYN_00333,43460000,3414,4.0,4,1,"Green Glen Layout, Bellandur",11,15,Unfurnished,North,6.9,Ready to Move,,False,Synthetic
SYN_00334,11360000,1455,3.0,2,2,"Coconut Grove Layout, Horamavu",37,42,Semi Furnished,West,6.9,Ready to Move,,False,Synthetic
SYN_00335,13430000,1185,2.0,2,1,"Phase I, Electronic City",1,8,Semi Furnished,South,7.5,Ready to Move,,False,Synthetic
SYN_00336,20080000,1606,3.0,3,1,"Kothnur, JP Nagar",11,14,Semi Furnished,West,8.0,Ready to Move,,False,Synthetic
SYN_00337,5190000,528,1.0,1,2,"Huvinayakanahalli, Bengaluru",10,27,Unfurnished,East,5.3,Ready to Move,,False,Synthetic
SYN_00338,10380000,1702,3.0,3,2,"Dodsworth Layout, Whitefield",5,14,Fully Furnished,East,17.0,Ready to Move,,False,Synthetic
SYN_00339,34490000,2264,4.0,4,2,"Phase 2, Tejaswini Nagar",1,4,Unfurnished,Unknown,25.6,Upcoming,2026-07-01,True,Synthetic
SYN_00340,22630000,1601,3.0,3,2,"Sarjapur, Bengaluru",3,14,Unfurnished,East,1.0,Ready to Move,,False,Synthetic
SYN_00341,8850000,1097,2.0,2,1,"Sarjapur, Bengaluru",3,4,Semi Furnished,Unknown,13.0,Ready to Move,,False,Synthetic
SYN_00342,8220000,704,1.0,1,1,"Aishwarya Crystal Layout, Begur",5,14,Unfurnished,North,7.4,Ready to Move,,False,Synthetic
SYN_00343,18060000,1545,3.0,3,1,"Virgonagar, Aavalahalli",0,25,Unfurnished,East,12.5,Upcoming,2026-12-19,True,Synthetic
SYN_00344,10010000,1098,2.0,2,1,"Madagondanahalli, Electronic City",1,19,Unfurnished,East,5.2,Ready to Move,,False,Synthetic
SYN_00345,16900000,1179,3.0,3,1,"Devasthanagalu, Varthur",9,14,Unfurnished,South,7.0,Upcoming,2028-02-29,True,Synthetic
SYN_00346,15680000,1694,3.0,3,1,"Electronic City, Bengaluru",1,5,Unfurnished,Unknown,9.5,Ready to Move,,False,Synthetic
SYN_00347,19230000,1592,3.0,3,1,"Kothnur, JP Nagar",2,4,Unfurnished,North,5.6,Ready to Move,,False,Synthetic
SYN_00348,16500000,1474,3.0,3,1,"Thirumalashettyhally, Bengaluru",4,11,Semi Furnished,East,8.8,Ready to Move,,True,Synthetic
SYN_00349,14390000,1187,2.0,2,0,"Aishwarya Crystal Layout, Begur",6,14,Unfurnished,Unknown,24.5,Ready to Move,,False,Synthetic
SYN_00350,37490000,1798,3.0,2,1,"Thigala Chowdadenahalli, Bengaluru",7,20,Semi Furnished,East,1.0,Upcoming,2026-10-13,True,Synthetic
SYN_00351,25720000,1846,3.0,3,1,"Rachenahalli, Thanisandra",14,15,Semi Furnished,Unknown,9.1,Ready to Move,,False,Synthetic
SYN_00352,14090000,1267,2.0,2,1,"Akshaya Vana, Akshayanagar",12,13,Semi Furnished,East,13.8,Ready to Move,,False,Synthetic
SYN_00353,24220000,1540,3.0,3,1,"Isha Misty Green, Chansandra",3,4,Unfurnished,North,0.3,Ready to Move,,False,Synthetic
SYN_00354,18130000,1325,3.0,3,1,"Ardendale, Kannamangala - Whitefield Hoskote Road",6,26,Semi Furnished,East,0.0,Upcoming,2029-03-25,True,Synthetic
SYN_00355,6660000,730,2.0,2,1,"DNA Eden View, Whitefield",12,20,Semi Furnished,Unknown,3.8,Ready to Move,,False,Synthetic
SYN_00356,10850000,879,2.0,2,1,"Ardendale, Kannamangala - Whitefield Hoskote Road",8,9,Unfurnished,East,2.3,Ready to Move,,True,Synthetic
SYN_00357,19350000,1344,2.0,2,1,"Muthurayya Swamy Layout, Hulimavu",6,21,Semi Furnished,East,1.5,Ready to Move,,False,Synthetic
SYN_00358,26480000,1867,3.0,3,1,"Bileshivale, Bengaluru",9,27,Semi Furnished,West,3.5,Ready to Move,,False,Synthetic
SYN_00359,17390000,1785,3.0,2,1,"Bollineni Silas, K R Puram",4,13,Semi Furnished,East,1.0,Ready to Move,,False,Synthetic
SYN_00360,14700000,1526,3.0,3,1,"V S Reddy Colony, Kadugodi",8,30,Semi Furnished,East,0.4,Ready to Move,,False,Synthetic
SYN_00361,20510000,1246,2.0,2,1,"Balagere, Bengaluru",8,12,Semi Furnished,East,7.8,Ready to Move,,False,Synthetic
SYN_00362,13480000,1196,2.0,2,1,"Prakruthi Nagar, Kogilu",2,4,Unfurnished,West,6.0,Ready to Move,,False,Synthetic
SYN_00363,28810000,1828,3.0,3,1,"Lakedew Residency- Phase 2, Harlur",8,10,Unfurnished,East,1.6,Upcoming,2026-03-23,True,Synthetic
SYN_00364,23820000,1603,3.0,2,1,"Hadosiddapura, Carmelaram",14,14,Semi Furnished,East,9.0,Ready to Move,,False,Synthetic
SYN_00365,10330000,1072,2.0,2,1,"Gunjur Village, Bengaluru",10,14,Unfurnished,Unknown,5.9,Ready to Move,,False,Synthetic
SYN_00366,17760000,1754,3.0,2,1,"7th Phase, JP Nagar",19,30,Semi Furnished,Unknown,1.0,Ready to Move,,False,Synthetic
SYN_00367,14710000,1539,3.0,3,1,"Sri Balaji Krupa Layout, R.K. Hegde Nagar",14,17,Semi Furnished,East,4.9,Upcoming,2026-09-29,True,Synthetic
SYN_00368,6260000,964,2.0,2,1,"Electronic City, Bengaluru",17,23,Semi Furnished,Unknown,5.2,Ready to Move,,False,Synthetic
SYN_00369,6550000,985,2.0,2,1,"Ganga Layout, Rayasandra",5,5,Semi Furnished,Unknown,0.6,Ready to Move,,False,Synthetic
SYN_00370,20510000,1699,3.0,3,1,"Chansandra, Bengaluru",7,11,Semi Furnished,East,15.8,Ready to Move,,False,Synthetic
SYN_00371,12660000,1243,2.0,2,2,"Seegehalli, K R Puram",10,12,Semi Furnished,West,15.0,Ready to Move,,False,Synthetic
SYN_00372,18120000,1139,3.0,2,2,"Sri Balaji Krupa Layout, R.K. Hegde Nagar",4,4,Semi Furnished,East,10.0,Ready to Move,,False,Synthetic
SYN_00373,23390000,1571,3.0,3,1,"ISRO Colony, Domlur Layout",5,5,Semi Furnished,East,10.5,Ready to Move,,False,Synthetic
SYN_00374,9360000,1052,2.0,2,1,"Ali Estate, Yelahanka",4,5,Semi Furnished,Unknown,2.0,Ready to Move,,False,Synthetic
SYN_00375,15940000,1198,2.0,2,1,"Kengeri Satellite Town, Bengaluru",29,29,Semi Furnished,East,1.7,Ready to Move,,False,Synthetic
SYN_00376,5660000,508,1.0,1,1,"Gummanahalli, Bengaluru",7,23,Unfurnished,East,1.0,Ready to Move,,False,Synthetic
SYN_00377,10440000,1206,2.0,2,1,"Dodsworth Layout, Whitefield",5,14,Unfurnished,East,25.8,Ready to Move,,False,Synthetic
SYN_00378,11630000,892,2.0,2,1,"Varthur, Bengaluru",0,4,Unfurnished,Unknown,7.3,Ready to Move,,False,Synthetic
SYN_00379,13470000,1271,2.0,2,1,"Gunjur, Bengaluru",4,4,Semi Furnished,West,5.8,Ready to Move,,False,Synthetic
SYN_00380,53580000,2305,4.0,4,3,"Nagashetty Halli, RMV Extension Stage 2",7,14,Semi Furnished,West,7.0,Ready to Move,,False,Synthetic
SYN_00381,14240000,933,2.0,2,2,"Immadihalli, Whitefield",5,27,Unfurnished,Unknown,10.8,Ready to Move,,False,Synthetic
SYN_00382,26610000,1948,3.0,3,1,"Janatha Colony, Carmelaram",6,9,Unfurnished,West,11.1,Ready to Move,,False,Synthetic
SYN_00383,19920000,1647,3.0,3,1,"V S Reddy Colony, Kadugodi",4,4,Semi Furnished,East,10.1,Ready to Move,,True,Synthetic
SYN_00384,19590000,1505,3.0,2,1,"V. Kallahalli, Bengaluru",9,16,Semi Furnished,East,3.5,Ready to Move,,False,Synthetic
SYN_00385,10320000,1454,3.0,3,4,"Varthur, Bengaluru",2,8,Unfurnished,West,0.6,Ready to Move,,False,Synthetic
SYN_00386,7760000,1170,2.0,2,1,"Plumeria, Kaggalipura",18,29,Unfurnished,Unknown,1.0,Ready to Move,,False,Synthetic
SYN_00387,9570000,1315,2.0,2,2,"Bommasandra, Bengaluru",9,39,Unfurnished,East,1.0,Ready to Move,,True,Synthetic
SYN_00388,11560000,1154,3.0,3,1,"Shriram Sameeksha, Singapura",13,22,Unfurnished,East,6.4,Ready to Move,,False,Synthetic
SYN_00389,18610000,1339,3.0,2,1,"Ardendale, Kannamangala - Whitefield Hoskote Road",0,5,Semi Furnished,East,0.6,Ready to Move,,False,Synthetic
SYN_00390,9640000,964,2.0,2,1,"Prakruthi Nagar, Kogilu",0,4,Semi Furnished,West,7.5,Ready to Move,,False,Synthetic
SYN_00391,16040000,1059,2.0,2,1,"Begur, Bengaluru",4,4,Semi Furnished,North,1.0,Ready to Move,,True,Synthetic
SYN_00392,11260000,1300,2.0,2,1,"Sector 2, HSR Layout",4,12,Semi Furnished,North,8.5,Ready to Move,,False,Synthetic
SYN_00393,13490000,921,2.0,2,1,"Virupakshapura, Bengaluru",11,14,Semi Furnished,West,4.0,Ready to Move,,False,Synthetic
SYN_00394,11940000,1124,2.0,2,0,"Varthur, Bengaluru",0,21,Semi Furnished,North,1.0,Ready to Move,,False,Synthetic
SYN_00395,11970000,1036,2.0,2,1,"Dodsworth Layout, Whitefield",0,14,Semi Furnished,North-East,5.1,Ready to Move,,False,Synthetic
SYN_00396,28900000,1825,3.0,2,1,"Panathur, Bengaluru",18,28,Semi Furnished,East,11.1,Upcoming,2026-12-31,True,Synthetic
SYN_00397,18610000,1663,3.0,3,1,"Gummanahalli, Bengaluru",11,33,Semi Furnished,Unknown,0.8,Ready to Move,,False,Synthetic
SYN_00398,12880000,1378,2.0,2,2,"Hunasamaranahalli, Bengaluru",5,11,Semi Furnished,Unknown,7.3,Ready to Move,,False,Synthetic
SYN_00399,6240000,654,1.0,1,1,"Boovanahalli, Bengaluru",17,21,Semi Furnished,East,1.3,Ready to Move,,False,Synthetic
SYN_00400,17120000,1071,3.0,3,1,"Jayasurya Nagar, Agrahara Layout",0,9,Semi Furnished,East,3.3,Ready to Move,,False,Synthetic
SYN_00401,24030000,1671,3.0,3,1,"Kasavanahalli, Bengaluru",5,21,Semi Furnished,North,15.2,Ready to Move,,False,Synthetic
SYN_00402,13000000,1484,3.0,3,1,"Phase I, Electronic City",26,30,Unfurnished,North,9.6,Ready to Move,,False,Synthetic
SYN_00403,26150000,1857,3.0,3,1,"Lakedew Residency- Phase 2, Harlur",9,15,Unfurnished,West,16.3,Ready to Move,,False,Synthetic
SYN_00404,8970000,1131,2.0,2,1,"Block A, Sahakara Nagar",4,13,Semi Furnished,Unknown,5.0,Ready to Move,,False,Synthetic
SYN_00405,19670000,1454,3.0,3,1,"Glen Classic, Devinagar",15,17,Unfurnished,East,5.4,Ready to Move,,False,Synthetic
SYN_00406,18330000,1128,2.0,2,1,"Seetharampalya, Hoodi",7,11,Semi Furnished,East,17.6,Ready to Move,,False,Synthetic
SYN_00407,20130000,1713,3.0,3,2,"4th Phase, JP Nagar",0,11,Unfurnished,East,7.7,Ready to Move,,False,Synthetic
SYN_00408,98630000,3882,4.0,4,1,"Nanjappa Garden, Horamavu",19,23,Unfurnished,East,1.3,Ready to Move,,False,Synthetic
SYN_00409,39730000,2565,3.0,3,1,"Classic Orchids Layout, Kalena Agrahara",8,14,Unfurnished,North,0.4,Ready to Move,,False,Synthetic
SYN_00410,16950000,1187,2.0,2,1,"Yadavanahalli, Bengaluru",20,24,Unfurnished,North,4.7,Ready to Move,,False,Synthetic
SYN_00411,14580000,1167,2.0,2,1,"Vasanthapura, Subramanyapura",17,29,Semi Furnished,East,1.0,Ready to Move,,False,Synthetic
SYN_00412,23510000,1226,3.0,3,1,"Rachenahalli, Mesthri Palya",7,21,Semi Furnished,North,4.5,Upcoming,2028-05-10,True,Synthetic
SYN_00413,10130000,854,2.0,2,1,"Phase I, Electronic City",21,21,Semi Furnished,East,12.0,Ready to Move,,False,Synthetic
SYN_00414,34610000,2108,4.0,4,2,"Phase 2, Whitefield",9,40,Semi Furnished,Unknown,2.1,Ready to Move,,False,Synthetic
SYN_00415,16950000,1445,3.5,4,1,"Konadasapura, Bengaluru",6,32,Unfurnished,East,3.1,Ready to Move,,False,Synthetic
SYN_00416,53480000,3470,4.0,4,1,"Sri Venkateshpura Layout, Sampigehalli",21,32,Semi Furnished,West,7.0,Ready to Move,,False,Synthetic
SYN_00417,22470000,1726,3.0,3,1,"Dommasandra, Bengaluru",24,27,Semi Furnished,Unknown,3.2,Upcoming,2029-01-21,True,Synthetic
SYN_00418,8400000,1133,2.0,2,2,"NN Farm Layout, Sanjaynagar",3,5,Unfurnished,East,1.0,Ready to Move,,False,Synthetic
SYN_00419,9010000,1085,2.0,2,1,"Utsav Raaga, Kannuru",1,4,Unfurnished,West,5.8,Ready to Move,,False,Synthetic
SYN_00420,16480000,1579,3.0,3,1,"Phase I, Electronic City",2,19,Unfurnished,East,4.3,Ready to Move,,False,Synthetic
SYN_00421,15840000,1210,2.0,2,1,"Aishwarya Crystal Layout, Begur",7,7,Semi Furnished,East,6.3,Ready to Move,,False,Synthetic
SYN_00422,20290000,1233,2.0,2,1,"B Narayanapura, Mahadevapura",3,3,Semi Furnished,North,10.0,Ready to Move,,False,Synthetic
SYN_00423,11820000,983,2.0,2,1,"Chikkakannalli, Bengaluru",2,4,Unfurnished,East,1.0,Ready to Move,,False,Synthetic
SYN_00424,16920000,1889,3.0,3,1,"Sarjapur, Bengaluru",0,12,Semi Furnished,Unknown,4.3,Upcoming,2027-02-17,True,Synthetic
SYN_00425,30380000,1974,3.0,2,1,"Varthur, Bengaluru",9,16,Semi Furnished,North,3.2,Ready to Move,,False,Synthetic
SYN_00426,13160000,1080,2.0,2,1,"Gummanahalli, Bengaluru",3,21,Unfurnished,East,16.0,Ready to Move,,False,Synthetic
SYN_00427,17910000,1031,3.0,3,1,"Bellandur Village, Bellandur",10,14,Semi Furnished,West,1.0,Ready to Move,,False,Synthetic
SYN_00428,8840000,1117,2.0,2,1,"Kaverappa Layout, Panathur",5,21,Unfurnished,North,1.2,Ready to Move,,False,Synthetic
SYN_00429,30150000,1421,3.0,3,1,"Venugopal Reddy Layout, Arakere",11,14,Semi Furnished,East,11.4,Ready to Move,,False,Synthetic
SYN_00430,12060000,1099,2.0,2,1,"Manayata Tech Park, Thanisandra",2,12,Unfurnished,East,2.3,Ready to Move,,False,Synthetic
SYN_00431,21180000,1522,3.0,3,1,"Dommasandra, Bengaluru",9,26,Unfurnished,West,0.9,Ready to Move,,False,Synthetic
SYN_00432,11750000,1095,2.0,2,1,"Phase 5, Chikkanayakanahalli, Choodasandra",7,15,Unfurnished,Unknown,1.0,Ready to Move,,False,Synthetic
SYN_00433,6020000,940,2.0,2,1,"Vijaya Bank Layout, Bilekahalli",2,4,Unfurnished,West,0.9,Ready to Move,,False,Synthetic
SYN_00434,8270000,730,2.0,2,1,"Gummanahalli, Bengaluru",15,30,Fully Furnished,North,5.0,Ready to Move,,False,Synthetic
SYN_00435,18990000,1287,2.0,2,1,"Chikkabana Halli, Bengaluru",1,35,Fully Furnished,North,3.9,Ready to Move,,False,Synthetic
SYN_00436,30380000,2185,3.0,3,1,"Stage 3, Indira Nagar",12,25,Semi Furnished,West,8.9,Ready to Move,,False,Synthetic
SYN_00437,6150000,858,2.0,2,1,"Belathur, K R Puram",0,4,Semi Furnished,East,1.2,Ready to Move,,False,Synthetic
SYN_00438,12070000,1065,2.0,2,2,"Belathur, K R Puram",0,7,Semi Furnished,West,26.0,Ready to Move,,False,Synthetic
SYN_00439,39640000,2553,4.0,4,2,"Rachenahalli, Jakkur",3,5,Semi Furnished,East,2.1,Ready to Move,,False,Synthetic
SYN_00440,15360000,1076,2.0,2,1,"Embassy Golf Links Business Park, Challaghatta",8,15,Unfurnished,Unknown,1.3,Upcoming,2026-04-09,True,Synthetic
SYN_00441,19440000,1052,3.0,3,1,"NN Farm Layout, Sanjaynagar",1,16,Unfurnished,East,1.0,Ready to Move,,False,Synthetic
SYN_00442,15800000,1210,2.0,2,1,"Kannuru, Bengaluru",0,9,Unfurnished,East,2.9,Ready to Move,,False,Synthetic
SYN_00443,29220000,1845,3.5,3,1,"Cheemasandra, Bengaluru",15,33,Semi Furnished,East,11.1,Upcoming,2027-11-19,True,Synthetic
SYN_00444,17020000,1322,2.0,2,1,"Bendiganahalli, Bengaluru",8,29,Unfurnished,Unknown,10.0,Ready to Move,,False,Synthetic
SYN_00445,22740000,2089,4.0,4,2,"Sudhama Nagar, Bengaluru",6,11,Fully Furnished,Unknown,16.4,Ready to Move,,False,Synthetic
SYN_00446,27290000,1870,3.0,3,1,"Dommasandra, Bengaluru",0,24,Unfurnished,North,6.3,Ready to Move,,False,Synthetic
SYN_00447,13860000,992,2.0,2,1,"Phase I, Electronic City",0,18,Semi Furnished,East,2.3,Ready to Move,,False,Synthetic
SYN_00448,14270000,1362,3.0,3,1,"Gummanahalli, Bengaluru",18,20,Unfurnished,East,20.3,Ready to Move,,False,Synthetic
SYN_00449,23990000,1776,3.0,3,1,"Dr.Shivaram Karanth Nagar, Jakkur",3,14,Semi Furnished,North,9.6,Ready to Move,,False,Synthetic
SYN_00450,20320000,2382,3.0,3,2,"Subramanyapura, Bengaluru",6,14,Semi Furnished,East,1.0,Upcoming,2027-04-11,True,Synthetic
SYN_00451,19050000,1441,3.0,3,1,"Chikkanagamangala, Bengaluru",12,12,Semi Furnished,North,1.7,Ready to Move,,False,Synthetic
SYN_00452,14850000,1317,2.0,2,1,"Boovanahalli, Bengaluru",4,5,Semi Furnished,East,7.5,Ready to Move,,False,Synthetic
SYN_00453,18560000,1171,2.0,2,1,"Prithvi Layout, Whitefield",6,6,Fully Furnished,East,5.0,Ready to Move,,False,Synthetic
SYN_00454,8210000,585,1.0,1,1,"Chikkabana Halli, Bengaluru",15,19,Unfurnished,Unknown,1.0,Ready to Move,,False,Synthetic
SYN_00455,19760000,1471,2.0,2,1,"Manayata Tech Park, Thanisandra",1,5,Semi Furnished,West,9.0,Ready to Move,,False,Synthetic
SYN_00456,9080000,830,2.0,2,1,"Phase 1, Whitefield",3,4,Semi Furnished,East,1.4,Ready to Move,,False,Synthetic
SYN_00457,21000000,1886,3.5,4,1,"Jyotipuram, Bengaluru",15,33,Semi Furnished,Unknown,11.0,Upcoming,2026-06-10,True,Synthetic
SYN_00458,12710000,1201,2.0,2,1,"Ramanjaneyanagar, Uttarahalli Hobli",8,10,Unfurnished,Unknown,0.5,Ready to Move,,False,Synthetic
SYN_00459,12790000,1392,2.0,2,1,"Terracon Doctors Enclave, Chandapura",1,4,Unfurnished,East,2.0,Upcoming,2026-06-10,True,Synthetic
SYN_00460,14100000,1255,3.0,3,1,"Chikkagubbi Village, Bengaluru",1,4,Semi Furnished,North,1.0,Ready to Move,,False,Synthetic
SYN_00461,12280000,994,2.5,2,1,"Thirumalashettyhally, Bengaluru",0,5,Semi Furnished,Unknown,9.0,Ready to Move,,False,Synthetic
SYN_00462,10760000,1126,3.0,2,2,"Gummanahalli, Bengaluru",6,13,Unfurnished,East,2.1,Upcoming,2028-08-30,True,Synthetic
SYN_00463,26770000,1778,3.0,2,1,"Phase I, Electronic City",13,31,Semi Furnished,East,20.0,Ready to Move,,False,Synthetic
SYN_00464,28500000,2119,3.0,2,1,"Virgonagar, Aavalahalli",25,28,Unfurnished,West,1.0,Upcoming,2028-03-23,True,Synthetic
SYN_00465,26710000,1628,3.0,3,2,"Varthur, Bengaluru",1,20,Unfurnished,Unknown,8.1,Ready to Move,,False,Synthetic
SYN_00466,7370000,730,2.0,2,2,"Chambenahalli, Bengaluru",3,7,Unfurnished,North,2.2,Ready to Move,,False,Synthetic
SYN_00467,58580000,3409,5.0,5,1,"Brookefield, Bengaluru",21,30,Unfurnished,West,3.5,Upcoming,2029-07-28,True,Synthetic
SYN_00468,41060000,1920,3.0,3,1,"Kithiganur, Kithiganur",1,21,Semi Furnished,West,7.1,Upcoming,2026-07-24,True,Synthetic
SYN_00469,39010000,2469,4.0,4,1,"9th Phase, JP Nagar",12,15,Semi Furnished,East,10.3,Ready to Move,,False,Synthetic
SYN_00470,11490000,1440,2.0,2,2,"Balagere, Bengaluru",2,22,Semi Furnished,East,22.0,Ready to Move,,False,Synthetic
SYN_00471,27250000,1378,3.0,3,1,"Gaundanapalya, Uttarahalli Hobli",17,18,Unfurnished,East,4.7,Upcoming,2026-06-01,True,Synthetic
SYN_00472,14590000,1103,2.0,2,3,"Gummanahalli, Bengaluru",1,12,Semi Furnished,North,1.2,Ready to Move,,False,Synthetic
SYN_00473,17820000,1269,3.0,2,1,"Sathya Sai Layout, Whitefield",13,18,Unfurnished,Unknown,0.3,Ready to Move,,False,Synthetic
SYN_00474,13140000,1238,2.0,2,1,"Thirumalashettyhally, Bengaluru",8,23,Semi Furnished,Unknown,5.7,Ready to Move,,False,Synthetic
SYN_00475,26040000,1993,3.5,4,2,"Nandi Durga Road Extension, Jayamahal",28,28,Unfurnished,East,26.6,Ready to Move,,False,Synthetic
SYN_00476,15320000,1460,3.0,3,2,"Bengaluru Hardware Park, Bengaluru",3,5,Semi Furnished,West,9.6,Ready to Move,,True,Synthetic
SYN_00477,20630000,1447,3.0,3,1,"Sai Sree Layout, Parappana Agrahara",5,23,Unfurnished,Unknown,10.1,Ready to Move,,False,Synthetic
SYN_00478,18550000,1301,2.0,2,1,"Gattahalli, Bengaluru",2,4,Unfurnished,East,10.0,Ready to Move,,False,Synthetic
SYN_00479,37330000,2565,3.0,3,1,"Uttarahalli -Manavarthekaval, Bengaluru",2,12,Unfurnished,West,1.9,Ready to Move,,False,Synthetic
SYN_00480,11530000,1207,2.0,2,0,"Rohan Iksha, Bhoganhalli",8,9,Unfurnished,Unknown,4.4,Ready to Move,,False,Synthetic
SYN_00481,25650000,1810,3.0,3,2,"Lakedew Residency- Phase 2, Harlur",5,5,Unfurnished,North,5.7,Ready to Move,,False,Synthetic
SYN_00482,20310000,1608,3.0,3,1,"P&T Layout, Thanisandra",11,14,Unfurnished,West,10.0,Ready to Move,,False,Synthetic
SYN_00483,36820000,2565,3.0,3,1,"Richmond Town, Bengaluru",13,38,Unfurnished,West,6.9,Ready to Move,,False,Synthetic
SYN_00484,65890000,3416,4.0,4,1,"Basavanna Nagar, K R Puram",16,30,Unfurnished,East,2.9,Ready to Move,,False,Synthetic
SYN_00485,10150000,1157,3.0,3,1,"Dommasandra, Bengaluru",3,4,Semi Furnished,South,10.0,Ready to Move,,False,Synthetic
SYN_00486,12250000,1152,2.0,2,1,"Chaithanya Samarth, Bommenahalli",4,12,Semi Furnished,West,7.2,Ready to Move,,False,Synthetic
SYN_00487,14730000,1131,2.0,2,1,"Sonnenahalli, K R Puram",8,9,Unfurnished,West,13.6,Ready to Move,,False,Synthetic
SYN_00488,8630000,1088,2.0,2,1,"Bommenahalli, Bengaluru",26,28,Semi Furnished,Unknown,6.0,Ready to Move,,False,Synthetic
SYN_00489,21980000,1668,3.0,3,1,"Judicial Layout 2nd Phase, Talaghattapura",5,8,Unfurnished,East,7.0,Ready to Move,,False,Synthetic
SYN_00490,11170000,730,2.0,2,1,"Ardendale, Kannamangala - Whitefield Hoskote Road",7,14,Semi Furnished,North,9.3,Ready to Move,,False,Synthetic
SYN_00491,5190000,636,1.0,1,1,"Lords Steps Layout, Panathur",5,7,Unfurnished,East,1.0,Upcoming,2028-06-06,True,Synthetic
SYN_00492,10370000,1129,2.0,2,1,"Gummanahalli, Bengaluru",1,16,Semi Furnished,South,0.6,Ready to Move,,False,Synthetic
SYN_00493,25410000,1958,3.0,2,1,"3G Homes Crimson Layout, Kadugodi",1,11,Semi Furnished,East,0.9,Upcoming,2026-06-14,True,Synthetic
SYN_00494,12340000,1125,2.0,2,2,"Parkway Homes, Rayasandra",3,14,Semi Furnished,East,1.2,Ready to Move,,False,Synthetic
SYN_00495,9710000,826,2.0,2,1,"Phase I, Electronic City",1,15,Semi Furnished,East,8.0,Ready to Move,,False,Synthetic
SYN_00496,19730000,1634,3.0,2,1,"Buena Vista, Bommenahalli",14,20,Unfurnished,East,1.0,Ready to Move,,False,Synthetic
SYN_00497,15670000,1649,3.0,2,2,"Sarjapur, Bengaluru",12,15,Semi Furnished,North,10.3,Ready to Move,,False,Synthetic
SYN_00498,43330000,2629,4.5,5,2,"Jakkur, Bengaluru",1,34,Semi Furnished,North,6.3,Ready to Move,,False,Synthetic
SYN_00499,8920000,1031,3.0,3,1,"Chikkakannalli, Bengaluru",2,5,Unfurnished,Unknown,4.8,Upcoming,2026-03-24,True,Synthetic
SYN_00500,12680000,1031,3.0,3,1,"Bellandur, Bengaluru",28,32,Unfurnished,North,14.0,Ready to Move,,True,Synthetic
SYN_00501,19330000,1843,3.0,3,2,"V S Reddy Colony, Kadugodi",1,5,Unfurnished,East,8.7,Ready to Move,,False,Synthetic
SYN_00502,7900000,1123,2.0,2,1,"Budigere Cross, Bengaluru",15,17,Unfurnished,East,9.9,Ready to Move,,False,Synthetic
SYN_00503,22100000,1721,3.5,3,1,"Balaji Layout, Narayanapura",25,31,Unfurnished,East,9.7,Upcoming,2027-11-16,True,Synthetic
SYN_00504,13790000,1353,2.0,2,1,"Kacharakanahalli,Bisnahalli, Bengaluru",2,4,Semi Furnished,North,9.1,Ready to Move,,False,Synthetic
SYN_00505,15310000,1052,2.0,2,1,"Manayata Tech Park, Thanisandra",4,7,Semi Furnished,South,1.3,Upcoming,2027-08-27,True,Synthetic
SYN_00506,27010000,1799,3.0,3,1,"Anekal, Bengaluru",17,28,Semi Furnished,West,2.1,Ready to Move,,False,Synthetic
SYN_00507,32080000,2177,4.0,4,1,"2nd Stage, Uttarahalli Hobli",41,41,Unfurnished,East,3.6,Upcoming,2026-07-11,True,Synthetic
SYN_00508,13020000,1640,3.0,3,1,"Sarjapur, Bengaluru",4,9,Semi Furnished,East,18.9,Ready to Move,,False,Synthetic
SYN_00509,9920000,648,1.0,1,1,"Lords Steps Layout, Panathur",3,14,Fully Furnished,East,0.3,Upcoming,2029-01-01,True,Synthetic
SYN_00510,16410000,1063,2.0,2,1,"Prakruthi Nagar, Kogilu",35,35,Unfurnished,West,2.2,Ready to Move,,False,Synthetic
SYN_00511,14060000,1100,2.0,2,1,"Chaithanya Samarth, Bommenahalli",11,12,Unfurnished,Unknown,0.6,Ready to Move,,False,Synthetic
SYN_00512,25730000,1953,3.5,3,2,"Nallurhalli, Whitefield",2,5,Unfurnished,East,2.7,Upcoming,2027-09-16,True,Synthetic
SYN_00513,6380000,735,1.5,2,1,"Gummanahalli, Bengaluru",20,21,Unfurnished,East,3.3,Ready to Move,,False,Synthetic
SYN_00514,25670000,1576,3.0,2,1,"Subramanyapura, Bengaluru",3,20,Unfurnished,West,1.0,Ready to Move,,False,Synthetic
SYN_00515,74400000,5400,11.0,11,2,"Stage 2, BTM Layout 2nd Stage",3,4,Semi Furnished,East,5.0,Ready to Move,,False,Synthetic
SYN_00516,9650000,1065,2.0,2,2,"Excellencia, Choodasandra",2,4,Unfurnished,West,6.3,Ready to Move,,False,Synthetic
SYN_00517,19000000,1384,3.0,2,1,"Vignan Nagar, Kaggadasapura",8,22,Semi Furnished,East,16.8,Ready to Move,,False,Synthetic
SYN_00518,19260000,1294,2.0,2,1,"Gunjur Village, Bengaluru",11,27,Unfurnished,East,3.0,Ready to Move,,False,Synthetic
SYN_00519,18920000,1290,2.5,2,1,"Sai Sree Layout, Parappana Agrahara",20,35,Unfurnished,Unknown,9.0,Ready to Move,,False,Synthetic
SYN_00520,14650000,1373,2.0,2,1,"Bollineni Silas, K R Puram",24,30,Semi Furnished,East,4.4,Ready to Move,,True,Synthetic
SYN_00521,18070000,1746,3.0,3,1,"Budigere Cross, Bengaluru",8,16,Unfurnished,East,3.7,Ready to Move,,False,Synthetic
SYN_00522,13620000,1232,2.0,2,2,"BEML Cooperative Society Layout, Bidaraguppe",2,4,Semi Furnished,Unknown,2.0,Ready to Move,,False,Synthetic
SYN_00523,22130000,1758,4.0,4,2,"Suryanagar, Bommasandra",21,27,Semi Furnished,West,11.4,Ready to Move,,True,Synthetic
SYN_00524,8230000,697,1.0,1,1,"Gummanahalli, Bengaluru",4,8,Semi Furnished,East,1.0,Ready to Move,,False,Synthetic
SYN_00525,9220000,767,1.0,1,0,"Boodihal, Bengaluru",4,19,Unfurnished,North,8.0,Upcoming,2027-07-02,True,Synthetic
SYN_00526,70040000,4150,4.0,3,2,"Hulimavu, Bengaluru",4,5,Unfurnished,East,7.7,Ready to Move,,False,Synthetic
SYN_00527,12090000,1556,3.0,3,1,"Bommasandra Industrial Area, Bommasandra",5,7,Semi Furnished,North,1.5,Ready to Move,,False,Synthetic
SYN_00528,27500000,1828,3.5,3,1,"Devasthanagalu, Varthur",6,21,Semi Furnished,West,7.1,Ready to Move,,True,Synthetic
SYN_00529,10740000,1086,2.0,2,1,"Bengaluru Hardware Park, Bengaluru",4,5,Semi Furnished,East,9.0,Upcoming,2026-08-06,True,Synthetic
SYN_00530,23110000,1378,3.0,3,1,"Glen Classic, Devinagar",4,5,Semi Furnished,East,5.0,Ready to Move,,False,Synthetic
SYN_00531,16090000,2278,4.0,4,2,"Nehru Nagar, Bengaluru",3,4,Unfurnished,East,7.4,Ready to Move,,False,Synthetic
SYN_00532,10130000,1102,1.0,1,1,"Gummanahalli, Bengaluru",7,14,Unfurnished,North,3.8,Ready to Move,,True,Synthetic
SYN_00533,17180000,1235,3.0,3,1,"Hadosiddapura, Carmelaram",14,18,Fully Furnished,West,5.1,Ready to Move,,False,Synthetic
SYN_00534,6100000,883,2.0,2,0,"Horamavu Agara, Horamavu",1,14,Semi Furnished,East,0.9,Ready to Move,,False,Synthetic
SYN_00535,15680000,1023,2.0,2,1,"Varthur, Bengaluru",12,21,Semi Furnished,East,6.0,Ready to Move,,False,Synthetic
SYN_00536,21490000,1549,3.0,3,1,"Aishwarya Crystal Layout, Begur",12,17,Semi Furnished,West,0.7,Ready to Move,,False,Synthetic
SYN_00537,22220000,1772,3.0,2,2,"Maruthi Nagar, Yelahanka",15,17,Unfurnished,East,6.6,Upcoming,2026-09-02,True,Synthetic
SYN_00538,19810000,1660,3.0,3,1,"Ardendale, Kannamangala - Whitefield Hoskote Road",17,21,Semi Furnished,East,1.2,Ready to Move,,True,Synthetic
SYN_00539,12940000,1253,2.0,2,0,"Gandhi Bazaar, Basavanagudi",16,18,Unfurnished,North-West,10.2,Ready to Move,,False,Synthetic
SYN_00540,33240000,2181,4.0,4,1,"Sri Venkateshpura Layout, Sampigehalli",9,16,Semi Furnished,Unknown,0.5,Upcoming,2026-10-31,True,Synthetic
SYN_00541,13350000,1138,2.0,2,0,"Medahalli, Bengaluru",1,23,Semi Furnished,East,14.0,Ready to Move,,False,Synthetic
SYN_00542,23270000,1536,3.0,3,1,"Ardendale, Kannamangala - Whitefield Hoskote Road",10,14,Semi Furnished,East,1.8,Upcoming,2026-11-25,True,Synthetic
SYN_00543,19990000,1196,3.0,2,1,"Yadavanahalli, Bengaluru",16,17,Semi Furnished,East,17.8,Upcoming,2026-06-15,True,Synthetic
SYN_00544,27100000,1889,3.0,3,2,"Hanumanthappa Layout, Kyalasanahalli",14,16,Semi Furnished,East,0.1,Upcoming,2026-10-14,True,Synthetic
SYN_00545,52080000,2258,4.0,4,4,"Basavanapura, K R Puram",30,32,Unfurnished,East,9.0,Ready to Move,,False,Synthetic
SYN_00546,17770000,1045,2.0,2,1,"Sarjapur, Bengaluru",4,5,Unfurnished,North,2.4,Ready to Move,,False,Synthetic
SYN_00547,14150000,2073,4.0,4,3,"Horamavu Agara, Horamavu",0,4,Fully Furnished,Unknown,2.9,Ready to Move,,False,Synthetic
SYN_00548,46950000,2848,4.0,4,3,"Ardendale, Kannamangala - Whitefield Hoskote Road",9,28,Semi Furnished,East,12.7,Ready to Move,,False,Synthetic
SYN_00549,22970000,1705,3.0,2,1,"Maruthi Nagar, Yelahanka",9,18,Unfurnished,West,6.0,Ready to Move,,False,Synthetic
SYN_00550,10180000,1050,2.0,2,1,"Hemmigepura Ward 198, RR Nagar",17,28,Semi Furnished,East,4.0,Ready to Move,,False,Synthetic
SYN_00551,16100000,1161,2.0,2,1,"Balagere, Bengaluru",13,13,Semi Furnished,South,9.7,Ready to Move,,False,Synthetic
SYN_00552,27930000,2287,3.0,3,1,"Sathya Sai Layout, Whitefield",1,4,Semi Furnished,West,4.0,Ready to Move,,False,Synthetic
SYN_00553,9240000,1445,3.5,3,1,"Dommasandra, Bengaluru",10,12,Unfurnished,North,1.0,Ready to Move,,False,Synthetic
SYN_00554,16050000,1456,3.0,2,2,"Stage 3, Indira Nagar",6,9,Semi Furnished,West,1.4,Ready to Move,,False,Synthetic
SYN_00555,18490000,1705,3.0,3,1,"Bommenahalli, Bengaluru",3,8,Semi Furnished,East,1.7,Ready to Move,,False,Synthetic
SYN_00556,9210000,1227,2.0,2,1,"Subramanyapura, Bengaluru",26,27,Semi Furnished,East,15.9,Ready to Move,,False,Synthetic
SYN_00557,33720000,1885,3.0,3,2,"Lords Steps Layout, Panathur",0,5,Unfurnished,North,1.3,Ready to Move,,False,Synthetic
SYN_00558,7180000,842,2.0,2,1,"Bommasandra, Bengaluru",16,27,Semi Furnished,East,5.1,Ready to Move,,False,Synthetic
SYN_00559,13060000,1689,3.0,2,1,"Horamavu, Bengaluru",2,21,Unfurnished,East,1.0,Ready to Move,,False,Synthetic
SYN_00560,20170000,1534,3.5,4,3,"Navarathna Agrahara, Bengaluru",1,18,Unfurnished,East,4.0,Upcoming,2026-12-30,True,Synthetic
SYN_00561,10050000,929,2.0,2,1,"Hosahalli, Bengaluru",5,35,Semi Furnished,East,9.0,Ready to Move,,False,Synthetic
SYN_00562,23490000,1971,3.0,3,1,"Mallasandra, Bengaluru",30,30,Unfurnished,East,7.2,Ready to Move,,False,Synthetic
SYN_00563,11340000,1076,2.0,2,1,"Bidare Agraha, Bengaluru",2,4,Semi Furnished,West,3.0,Ready to Move,,False,Synthetic
SYN_00564,25430000,1513,3.0,3,1,"Akme Encore, Brookefield",6,24,Unfurnished,East,5.0,Upcoming,2026-04-04,True,Synthetic
SYN_00565,11490000,1026,2.0,2,1,"Dodsworth Layout, Whitefield",2,8,Semi Furnished,Unknown,1.0,Ready to Move,,False,Synthetic
SYN_00566,30950000,1789,3.0,2,1,"Lords Steps Layout, Panathur",25,27,Semi Furnished,East,18.0,Ready to Move,,False,Synthetic
SYN_00567,8970000,1139,2.0,2,1,"Gummanahalli, Bengaluru",0,5,Fully Furnished,North,2.0,Ready to Move,,False,Synthetic
SYN_00568,23490000,1756,3.0,3,2,"Glen Classic, Devinagar",8,17,Semi Furnished,East,15.9,Ready to Move,,False,Synthetic
SYN_00569,17660000,1162,2.0,2,1,"Manayata Tech Park, Thanisandra",8,21,Semi Furnished,West,2.0,Ready to Move,,False,Synthetic
SYN_00570,24410000,1784,3.0,3,1,"Abbaiah Reddy Layout, Kaggadasapura",11,15,Semi Furnished,Unknown,3.3,Ready to Move,,False,Synthetic
SYN_00571,17990000,1432,2.0,2,1,"Pattandur Agrahara, Whitefield",3,4,Semi Furnished,West,7.0,Ready to Move,,False,Synthetic
SYN_00572,14830000,1537,3.0,3,1,"Budigere Cross, Bengaluru",2,4,Semi Furnished,East,10.2,Upcoming,2026-09-09,True,Synthetic
SYN_00573,46470000,3037,4.0,4,0,"Nallurhalli, Whitefield",4,13,Semi Furnished,Unknown,3.0,Ready to Move,,True,Synthetic
SYN_00574,13230000,1161,2.0,2,1,"Sree Narayana Nagar, Chikkadunnasandra",13,18,Unfurnished,North,10.0,Upcoming,2026-06-05,True,Synthetic
SYN_00575,24740000,1608,3.0,2,2,"Yamare, Bengaluru",19,28,Semi Furnished,North,7.6,Ready to Move,,False,Synthetic
SYN_00576,25090000,1906,3.0,3,1,"Raghuvanahalli, Subramanyapura",10,26,Unfurnished,West,8.0,Ready to Move,,False,Synthetic
SYN_00577,10380000,1093,2.0,2,1,"Shanthala Nagar, Ashok Nagar",3,5,Semi Furnished,West,9.0,Ready to Move,,False,Synthetic
SYN_00578,7850000,710,1.0,1,1,"Bengaluru Hardware Park, Bengaluru",29,33,Unfurnished,East,1.6,Ready to Move,,False,Synthetic
SYN_00579,20200000,1872,3.0,3,1,"Gunjur Palya, Bengaluru",16,18,Semi Furnished,Unknown,3.0,Upcoming,2026-11-20,True,Synthetic
SYN_00580,32720000,1869,3.0,3,1,"Pattandur Agrahara, Whitefield",6,16,Unfurnished,Unknown,2.0,Ready to Move,,False,Synthetic
SYN_00581,12320000,1059,2.0,2,1,"Yelenahalli, Akshayanagar",0,5,Semi Furnished,South,18.6,Ready to Move,,False,Synthetic
SYN_00582,20910000,1473,3.0,3,1,"Ashirvad Colony, Horamavu",24,31,Unfurnished,East,15.0,Ready to Move,,False,Synthetic
SYN_00583,31420000,2036,3.0,2,1,"Sri Balaji Krupa Layout, R.K. Hegde Nagar",4,4,Semi Furnished,East,12.4,Ready to Move,,False,Synthetic
SYN_00584,7550000,847,2.0,2,2,"Gummanahalli, Bengaluru",19,29,Unfurnished,East,7.0,Ready to Move,,False,Synthetic
SYN_00585,25790000,1729,3.0,3,2,"Choodasandra, Bengaluru",21,22,Unfurnished,West,3.4,Ready to Move,,False,Synthetic
SYN_00586,67730000,4087,4.0,4,1,"Seetharampalya, Hoodi",10,23,Unfurnished,East,1.3,Ready to Move,,False,Synthetic
SYN_00587,15400000,1053,2.0,2,1,"Chikkakannalli, Bengaluru",21,30,Unfurnished,South,1.0,Ready to Move,,False,Synthetic
SYN_00588,23320000,1820,3.0,2,1,"Anchepalya, Bengaluru",9,23,Semi Furnished,East,1.3,Upcoming,2027-08-03,True,Synthetic
SYN_00589,14100000,1004,2.0,2,1,"Manayata Tech Park, Thanisandra",17,20,Semi Furnished,East,9.0,Ready to Move,,False,Synthetic
SYN_00590,13360000,1362,3.0,2,1,"Sai Sree Layout, Parappana Agrahara",24,38,Unfurnished,West,16.0,Ready to Move,,False,Synthetic
SYN_00591,12500000,1279,3.0,3,1,"Gummanahalli, Bengaluru",20,27,Fully Furnished,East,1.1,Upcoming,2026-09-08,True,Synthetic
SYN_00592,24580000,1336,3.0,3,1,"Sri Balaji Krupa Layout, R.K. Hegde Nagar",13,13,Semi Furnished,East,3.5,Ready to Move,,False,Synthetic
SYN_00593,11230000,623,1.0,1,1,"Panathur, Bengaluru",0,18,Unfurnished,North,1.0,Ready to Move,,False,Synthetic
SYN_00594,38960000,2389,3.5,3,1,"Pattabhirama Nagar, Jayanagar",16,33,Unfurnished,North,3.8,Upcoming,2027-04-15,True,Synthetic
SYN_00595,10990000,942,2.0,2,1,"Hosahalli, Bengaluru",7,18,Unfurnished,East,7.5,Ready to Move,,False,Synthetic
SYN_00596,7140000,1184,2.0,2,1,"Sarjapur, Bengaluru",21,24,Semi Furnished,Unknown,1.0,Ready to Move,,False,Synthetic
SYN_00597,22010000,1390,2.0,2,3,"Dodsworth Layout, Whitefield",1,15,Semi Furnished,West,1.4,Ready to Move,,False,Synthetic
SYN_00598,9470000,1181,3.0,2,1,"Boovanahalli, Bengaluru",7,15,Fully Furnished,North,0.0,Ready to Move,,False,Synthetic
SYN_00599,20510000,1834,3.0,3,1,"Hosahalli, Bengaluru",31,31,Unfurnished,North,0.7,Ready to Move,,False,Synthetic
SYN_00600,8710000,1360,2.0,2,1,"Muthurayya Swamy Layout, Hulimavu",0,4,Semi Furnished,East,0.5,Ready to Move,,False,Synthetic
SYN_00601,14710000,1471,2.0,2,0,"Bhoganhalli, Bengaluru",0,4,Unfurnished,North,3.2,Ready to Move,,False,Synthetic
SYN_00602,7040000,730,2.0,2,1,"V S Reddy Colony, Kadugodi",6,13,Semi Furnished,West,8.1,Ready to Move,,False,Synthetic
SYN_00603,16880000,1441,3.0,3,1,"Vastu Bhoomi, K R Puram",2,13,Unfurnished,West,3.9,Ready to Move,,False,Synthetic
SYN_00604,18540000,1649,3.0,3,1,"Judicial Layout 2nd Phase, Talaghattapura",3,31,Semi Furnished,West,1.3,Ready to Move,,False,Synthetic
SYN_00605,16780000,1425,2.5,2,1,"Nagavara, Bengaluru",23,23,Unfurnished,North,5.4,Ready to Move,,False,Synthetic
SYN_00606,14730000,847,2.0,2,1,"Eastwood Township, Harlur",1,31,Unfurnished,North,0.4,Ready to Move,,False,Synthetic
SYN_00607,8760000,801,2.0,2,1,"Belathur, K R Puram",2,4,Unfurnished,Unknown,1.0,Ready to Move,,False,Synthetic
SYN_00608,8590000,1206,3.0,3,4,"Bharath Housing Society Layout, Subramanyapura",1,14,Semi Furnished,East,6.4,Upcoming,2026-01-25,True,Synthetic
SYN_00609,6470000,761,1.0,1,1,"Goravigere, Bengaluru",7,21,Unfurnished,Unknown,6.0,Ready to Move,,False,Synthetic
SYN_00610,15710000,1632,3.0,3,1,"Munnekollal, Bengaluru",11,25,Semi Furnished,East,14.5,Ready to Move,,False,Synthetic
SYN_00611,8390000,847,2.0,2,1,"Kothnur, Kalena Agrahara",16,30,Semi Furnished,Unknown,9.9,Ready to Move,,False,Synthetic
SYN_00612,12520000,1261,2.0,2,1,"Gummanahalli, Bengaluru",1,3,Unfurnished,North,2.3,Ready to Move,,False,Synthetic
SYN_00613,10950000,1016,2.0,2,1,"Govindayyanapalya, Jalahalli East",0,16,Fully Furnished,Unknown,7.0,Ready to Move,,False,Synthetic
SYN_00614,16160000,1140,2.0,2,1,"Ilyas Nagar, Kumaraswamy Layout",5,5,Semi Furnished,East,1.0,Upcoming,2026-06-28,True,Synthetic
SYN_00615,16280000,1958,3.0,3,1,"Gummanahalli, Bengaluru",29,32,Unfurnished,West,1.0,Ready to Move,,False,Synthetic
SYN_00616,15870000,951,2.0,2,1,"Sulthangunta, Shivaji Nagar",19,43,Semi Furnished,Unknown,10.0,Ready to Move,,False,Synthetic
SYN_00617,27620000,1509,3.0,3,1,"Isha Misty Green, Chansandra",2,4,Semi Furnished,West,15.8,Ready to Move,,False,Synthetic
SYN_00618,13710000,1510,3.0,3,1,"Chambenahalli, Bengaluru",19,32,Semi Furnished,North,7.2,Ready to Move,,False,Synthetic
SYN_00619,13500000,1067,2.0,2,1,"Hanumanthappa Layout, Kyalasanahalli",2,9,Unfurnished,Unknown,6.0,Ready to Move,,False,Synthetic
SYN_00620,16180000,1887,3.0,3,1,"Varthur, Bengaluru",15,15,Semi Furnished,Unknown,4.3,Upcoming,2026-03-07,True,Synthetic
SYN_00621,28220000,1313,2.0,2,1,"Kannuru, Bengaluru",3,14,Unfurnished,East,1.0,Ready to Move,,False,Synthetic
SYN_00622,15320000,1586,3.0,2,2,"Chambenahalli, Bengaluru",6,33,Semi Furnished,West,9.5,Ready to Move,,False,Synthetic
SYN_00623,15980000,1102,1.0,1,1,"Bychapura, Bengaluru",0,19,Unfurnished,South,0.9,Upcoming,2028-07-28,True,Synthetic
SYN_00624,11540000,1471,2.0,2,1,"Chowdeshwari Layout, Yelahanka",7,15,Unfurnished,West,1.3,Ready to Move,,False,Synthetic
SYN_00625,24600000,2337,3.0,3,1,"2nd Stage, Uttarahalli Hobli",4,5,Unfurnished,East,16.6,Ready to Move,,False,Synthetic
SYN_00626,9030000,1291,2.0,2,1,"Phase 1, Whitefield",4,17,Semi Furnished,Unknown,5.0,Ready to Move,,False,Synthetic
SYN_00627,15940000,1501,3.0,3,1,"Kuvempu Layout, Visthar",3,4,Unfurnished,East,7.8,Ready to Move,,False,Synthetic
SYN_00628,29510000,1116,2.0,2,1,"Iblur Village, Bellandur",14,14,Semi Furnished,Unknown,12.8,Ready to Move,,False,Synthetic
SYN_00629,9040000,956,2.0,2,2,"Chaithanya Samarth, Bommenahalli",10,14,Unfurnished,North,2.2,Ready to Move,,False,Synthetic
SYN_00630,12080000,1162,2.0,2,1,"Jyotipuram, Bengaluru",9,19,Semi Furnished,East,1.5,Ready to Move,,False,Synthetic
SYN_00631,8590000,1057,3.0,2,1,"Subramanyapura, Bengaluru",3,12,Unfurnished,East,8.0,Ready to Move,,False,Synthetic
SYN_00632,22180000,2638,4.0,4,2,"7th Phase, JP Nagar",2,18,Unfurnished,West,7.1,Upcoming,2030-07-31,True,Synthetic
SYN_00633,8840000,856,2.0,2,1,"Seegehalli, K R Puram",3,18,Semi Furnished,West,8.0,Ready to Move,,False,Synthetic
SYN_00634,15340000,1348,2.0,2,1,"Ashirvad Colony, Horamavu",8,14,Unfurnished,West,17.1,Ready to Move,,False,Synthetic
SYN_00635,13930000,1954,3.0,3,1,"Hennagara, Bommasandra",9,17,Semi Furnished,West,5.0,Ready to Move,,False,Synthetic
SYN_00636,35260000,1989,3.0,2,0,"Devasthanagalu, Varthur",6,15,Unfurnished,West,10.3,Ready to Move,,False,Synthetic
SYN_00637,7930000,828,2.0,2,1,"Pattabhirama Nagar, Jayanagar",9,15,Unfurnished,East,2.0,Ready to Move,,False,Synthetic
SYN_00638,21860000,1579,3.0,3,1,"Sunny Brooks, Kaikondrahalli",7,14,Unfurnished,East,1.3,Ready to Move,,False,Synthetic
SYN_00639,27090000,2565,3.0,3,1,"Phase 7, Arakere",0,6,Semi Furnished,West,3.3,Ready to Move,,False,Synthetic
SYN_00640,7970000,1027,2.0,2,1,"Hoodi, Bengaluru",4,7,Semi Furnished,North,10.5,Ready to Move,,False,Synthetic
SYN_00641,5510000,573,1.0,1,1,"Chikkagubbi Village, Bengaluru",5,19,Unfurnished,East,0.7,Ready to Move,,False,Synthetic
SYN_00642,43670000,2591,4.0,3,1,"1A Block, Koramangala",25,41,Fully Furnished,East,7.0,Ready to Move,,False,Synthetic
SYN_00643,33570000,1967,3.0,3,1,"Balagere, Bengaluru",16,27,Semi Furnished,East,5.0,Ready to Move,,False,Synthetic
SYN_00644,19820000,1033,2.0,2,2,"Ilyas Nagar, Kumaraswamy Layout",0,21,Semi Furnished,East,0.3,Ready to Move,,False,Synthetic
SYN_00645,16680000,1497,3.0,3,2,"Bommasandra Industrial Area, Bommasandra",3,22,Unfurnished,West,1.6,Upcoming,2026-12-10,True,Synthetic
SYN_00646,13600000,1407,3.0,3,1,"Chikkagubbi Village, Bengaluru",12,15,Unfurnished,West,0.9,Ready to Move,,False,Synthetic
SYN_00647,7200000,958,2.5,2,1,"Phase I, Electronic City",1,32,Unfurnished,Unknown,1.0,Upcoming,2027-01-28,True,Synthetic
SYN_00648,24170000,1886,3.0,2,1,"Akshaya Vana, Akshayanagar",12,14,Unfurnished,North,16.4,Ready to Move,,True,Synthetic
SYN_00649,7250000,971,2.0,2,1,"Janatha Colony, Chikkanagamangala",3,4,Semi Furnished,West,3.9,Ready to Move,,False,Synthetic
SYN_00650,22420000,1628,3.0,2,1,"Uttarahalli -Manavarthekaval, Bengaluru",15,27,Semi Furnished,East,2.1,Ready to Move,,False,Synthetic
SYN_00651,18480000,1258,2.0,2,1,"Uttarahalli -Manavarthekaval, Bengaluru",9,19,Unfurnished,North,6.7,Ready to Move,,False,Synthetic
SYN_00652,63120000,3064,5.0,4,5,"Kariyammana Agrahara, Bellandur",4,13,Unfurnished,North,7.4,Ready to Move,,False,Synthetic
SYN_00653,27890000,1849,3.0,3,1,"Kasavanahalli, Bengaluru",17,22,Semi Furnished,East,7.7,Ready to Move,,False,Synthetic
SYN_00654,22040000,1525,3.0,3,2,"Yadavanahalli, Bengaluru",6,6,Semi Furnished,East,7.2,Ready to Move,,True,Synthetic
SYN_00655,24500000,1559,3.0,2,1,"Sannatammanahalli, Battarahalli",3,5,Semi Furnished,South,15.0,Ready to Move,,False,Synthetic
SYN_00656,8630000,871,2.0,2,1,"Thirumalashettyhally, Bengaluru",9,14,Unfurnished,East,7.0,Ready to Move,,True,Synthetic
SYN_00657,15290000,1687,3.0,3,1,"Devanahalli, Bengaluru",3,31,Unfurnished,West,4.4,Ready to Move,,False,Synthetic
SYN_00658,10990000,1031,3.0,3,2,"Gopalareddy Layout, Choodasandra",1,5,Semi Furnished,East,11.7,Ready to Move,,True,Synthetic
SYN_00659,14490000,1098,2.0,2,1,"Sanjay Nagar, Marathahalli",4,4,Semi Furnished,East,12.3,Ready to Move,,False,Synthetic
SYN_00660,19820000,1216,3.0,3,1,"Thigala Chowdadenahalli, Bengaluru",21,21,Unfurnished,East,7.5,Ready to Move,,False,Synthetic
SYN_00661,22720000,1437,3.0,3,1,"Kadugodi, Bengaluru",7,14,Unfurnished,East,15.7,Ready to Move,,False,Synthetic
SYN_00662,10050000,945,2.0,2,1,"Hosahalli, Bengaluru",4,13,Unfurnished,Unknown,3.7,Ready to Move,,False,Synthetic
SYN_00663,9720000,639,1.0,1,0,"Nallurhalli, Whitefield",18,18,Unfurnished,South,1.0,Ready to Move,,False,Synthetic
SYN_00664,14890000,1262,2.0,2,1,"Phase I, Electronic City",18,19,Semi Furnished,North,4.0,Ready to Move,,False,Synthetic
SYN_00665,21080000,1668,3.0,3,1,"Hanumanthappa Layout, Kyalasanahalli",14,14,Semi Furnished,West,4.6,Ready to Move,,False,Synthetic
SYN_00666,22390000,1941,3.0,3,1,"Boovanahalli, Bengaluru",2,7,Semi Furnished,Unknown,10.7,Upcoming,2028-03-01,True,Synthetic
SYN_00667,9280000,1306,2.0,1,1,"Ramanashree Enclave, Bilekahalli",0,4,Unfurnished,East,13.2,Ready to Move,,False,Synthetic
SYN_00668,4330000,553,1.0,1,1,"AECS C Block, Begur",2,28,Unfurnished,West,0.5,Ready to Move,,False,Synthetic
SYN_00669,16550000,1254,3.0,2,1,"Manayata Tech Park, Thanisandra",13,14,Semi Furnished,West,0.4,Ready to Move,,True,Synthetic
SYN_00670,40430000,1965,3.0,3,2,"Basavanna Nagar, Whitefield",7,32,Semi Furnished,Unknown,10.0,Ready to Move,,False,Synthetic
SYN_00671,32290000,1689,3.0,3,1,"Balagere, Bengaluru",10,19,Semi Furnished,West,0.0,Ready to Move,,False,Synthetic
SYN_00672,33080000,1775,3.0,2,1,"Vastu Bhoomi, K R Puram",5,14,Semi Furnished,North,5.6,Ready to Move,,False,Synthetic
SYN_00673,11560000,802,2.0,2,1,"Kothnur, JP Nagar",0,4,Semi Furnished,Unknown,6.3,Ready to Move,,False,Synthetic
SYN_00674,14120000,967,2.0,2,1,"Gunjur Village, Bengaluru",4,4,Semi Furnished,East,1.6,Upcoming,2026-07-27,True,Synthetic
SYN_00675,16760000,1803,3.0,2,2,"Kothnur, JP Nagar",13,14,Semi Furnished,East,14.0,Ready to Move,,False,Synthetic
SYN_00676,7880000,984,2.0,2,1,"Balagere, Bengaluru",12,12,Semi Furnished,Unknown,8.7,Ready to Move,,False,Synthetic
SYN_00677,10040000,989,2.0,2,2,"Devasthanagalu, Varthur",3,5,Semi Furnished,East,1.0,Ready to Move,,False,Synthetic
SYN_00678,5400000,1160,2.5,2,1,"Phase I, Electronic City",18,32,Unfurnished,Unknown,2.4,Ready to Move,,False,Synthetic
SYN_00679,24360000,1546,3.0,3,1,"Akshaya Vana, Begur",0,4,Unfurnished,East,1.0,Ready to Move,,False,Synthetic
SYN_00680,11450000,1018,2.0,2,1,"Konappana Agrahara, Electronic City",1,3,Semi Furnished,East,4.1,Ready to Move,,True,Synthetic
SYN_00681,45580000,2345,4.0,4,1,"Sathya Sai Layout, Whitefield",14,16,Semi Furnished,East,2.3,Ready to Move,,False,Synthetic
SYN_00682,20780000,1803,3.0,3,1,"Nagarjuna Meadows, Anantapura",14,26,Unfurnished,Unknown,5.0,Ready to Move,,False,Synthetic
SYN_00683,15530000,1172,2.0,2,1,"Sri Ammembal Subbarao Pai Nagar, Sahakara Nagar",26,39,Semi Furnished,South,8.4,Ready to Move,,False,Synthetic
SYN_00684,16890000,1097,2.0,2,1,"Ardendale, Kannamangala - Whitefield Hoskote Road",2,4,Semi Furnished,East,8.4,Ready to Move,,False,Synthetic
SYN_00685,13580000,713,1.0,1,1,"Ashwath Nagar, Armane Nagar",29,33,Semi Furnished,Unknown,4.8,Ready to Move,,False,Synthetic
SYN_00686,9040000,1461,3.0,3,1,"Attibele, Bengaluru",7,15,Semi Furnished,South,6.3,Upcoming,2026-09-24,True,Synthetic
SYN_00687,8960000,815,2.0,2,1,"Bengaluru Hardware Park, Bengaluru",2,8,Semi Furnished,East,2.6,Ready to Move,,False,Synthetic
SYN_00688,10200000,1003,2.0,2,1,"V S Reddy Colony, Kadugodi",5,5,Semi Furnished,West,6.2,Ready to Move,,False,Synthetic
SYN_00689,18830000,1314,3.0,2,1,"Adityanagar, Vidyaranyapura",9,14,Semi Furnished,East,15.0,Ready to Move,,False,Synthetic
SYN_00690,6590000,1166,2.0,2,1,"BEML Cooperative Society Layout, Bengaluru",0,4,Semi Furnished,East,2.0,Ready to Move,,False,Synthetic
SYN_00691,7630000,1107,2.0,2,1,"Attibele, Bengaluru",5,11,Semi Furnished,North,5.3,Ready to Move,,False,Synthetic
SYN_00692,41250000,1850,3.0,2,1,"Sri Balaji Krupa Layout, R.K. Hegde Nagar",4,5,Unfurnished,Unknown,7.0,Ready to Move,,False,Synthetic
SYN_00693,19330000,1467,3.0,3,1,"Maruthi Layout, Kodigehalli",4,14,Semi Furnished,Unknown,3.4,Ready to Move,,True,Synthetic
SYN_00694,22080000,1458,3.0,3,2,"1st Phase, JP Nagar",0,7,Semi Furnished,Unknown,18.0,Upcoming,2026-08-19,True,Synthetic
SYN_00695,18540000,1707,3.0,3,2,"Raghuvanahalli, Bangalore City Municipal Corporation Layout",15,29,Fully Furnished,North-East,1.0,Upcoming,2026-07-02,True,Synthetic
SYN_00696,49700000,2456,3.5,3,1,"Vastu Bhoomi, K R Puram",15,33,Unfurnished,Unknown,1.3,Ready to Move,,False,Synthetic
SYN_00697,35100000,2369,3.0,2,1,"Lumos, Mahalakshmi Layout",10,25,Semi Furnished,West,14.5,Ready to Move,,False,Synthetic
SYN_00698,27800000,2085,3.0,3,1,"Sri Balaji Krupa Layout, R.K. Hegde Nagar",2,4,Unfurnished,West,1.0,Ready to Move,,False,Synthetic
SYN_00699,47340000,2648,4.0,4,3,"D Souza Layout, Lavelle Road",0,5,Fully Furnished,North,1.0,Ready to Move,,False,Synthetic
SYN_00700,13120000,1250,2.0,2,1,"Hosahalli, Bengaluru",9,11,Semi Furnished,East,0.5,Ready to Move,,False,Synthetic
SYN_00701,13090000,946,2.0,2,1,"Kothnur, JP Nagar",3,14,Unfurnished,East,7.0,Upcoming,2026-04-21,True,Synthetic
SYN_00702,14410000,1385,3.0,3,1,"Devin Paradise Enclave, Chokkanahalli",2,4,Semi Furnished,West,1.0,Ready to Move,,False,Synthetic
SYN_00703,18270000,1115,2.0,2,1,"Ilyas Nagar, Kumaraswamy Layout",5,12,Unfurnished,West,6.4,Ready to Move,,False,Synthetic
SYN_00704,21200000,1467,2.0,2,1,"Hanumanthappa Layout, Kyalasanahalli",2,5,Semi Furnished,East,6.0,Ready to Move,,False,Synthetic
SYN_00705,28520000,1623,3.0,2,1,"2nd Stage, Uttarahalli Hobli",10,18,Semi Furnished,North,1.7,Ready to Move,,False,Synthetic
SYN_00706,26350000,1642,3.0,3,1,"Sanjeevini Nagar, Bengaluru",8,23,Semi Furnished,North,3.0,Ready to Move,,True,Synthetic
SYN_00707,18010000,1375,2.0,2,1,"Rachenahalli, Thanisandra",15,22,Semi Furnished,West,13.0,Ready to Move,,False,Synthetic
SYN_00708,20430000,1490,3.0,3,1,"Chikkakannalli, Bengaluru",4,4,Unfurnished,North,2.3,Ready to Move,,False,Synthetic
SYN_00709,21540000,1357,3.0,2,1,"Gunjur Village, Bengaluru",30,31,Unfurnished,East,16.1,Ready to Move,,False,Synthetic
SYN_00710,6960000,750,1.0,1,0,"Gummanahalli, Bengaluru",10,12,Semi Furnished,East,3.0,Ready to Move,,False,Synthetic
SYN_00711,19780000,1373,2.0,2,1,"Shriram Surabhi, Mallasandra",6,14,Unfurnished,West,11.1,Ready to Move,,False,Synthetic
SYN_00712,12070000,1233,2.0,2,1,"Madagondanahalli, Electronic City",14,14,Semi Furnished,East,10.3,Ready to Move,,False,Synthetic
SYN_00713,15910000,1070,2.0,2,1,"V. Kallahalli, Bengaluru",3,5,Semi Furnished,East,1.0,Ready to Move,,False,Synthetic
SYN_00714,10820000,1562,3.0,2,2,"Dodsworth Layout, Whitefield",0,4,Unfurnished,East,12.0,Ready to Move,,False,Synthetic
SYN_00715,15800000,1725,3.0,3,1,"Ali Estate, Yelahanka",0,4,Unfurnished,North,7.0,Ready to Move,,False,Synthetic
SYN_00716,16930000,1176,2.0,2,1,"Uttarahalli -Manavarthekaval, Bengaluru",26,26,Unfurnished,Unknown,7.0,Ready to Move,,False,Synthetic
SYN_00717,13600000,1032,2.0,2,1,"Devasthanagalu, Varthur",0,4,Semi Furnished,West,4.9,Ready to Move,,False,Synthetic
SYN_00718,18830000,1229,2.0,2,1,"Dodsworth Layout, Whitefield",1,4,Semi Furnished,East,8.0,Upcoming,2026-09-01,True,Synthetic
SYN_00719,25840000,2101,3.5,3,1,"Silver Springs Layout, Munnekollal",3,5,Unfurnished,East,4.6,Ready to Move,,False,Synthetic
SYN_00720,25180000,1458,2.0,2,1,"Immadihalli, Whitefield",16,43,Semi Furnished,East,35.0,Ready to Move,,False,Synthetic
SYN_00721,27860000,1865,3.0,3,1,"Varthur, Bengaluru",6,11,Semi Furnished,North-East,3.2,Ready to Move,,False,Synthetic
SYN_00722,7770000,602,1.0,1,0,"Sarjapur, Bengaluru",13,14,Fully Furnished,West,1.0,Ready to Move,,False,Synthetic
SYN_00723,10250000,1203,2.0,2,1,"Gummanahalli, Bengaluru",13,13,Semi Furnished,East,1.0,Ready to Move,,False,Synthetic
SYN_00724,12180000,900,2.0,2,1,"Budigere Cross, Bengaluru",0,4,Semi Furnished,Unknown,6.0,Ready to Move,,False,Synthetic
SYN_00725,13800000,2210,3.5,3,2,"Seegehalli, K R Puram",3,5,Semi Furnished,East,2.0,Upcoming,2026-08-06,True,Synthetic
SYN_00726,12900000,1464,3.0,3,1,"Sarjapur, Bengaluru",28,38,Semi Furnished,East,12.2,Ready to Move,,True,Synthetic
SYN_00727,9960000,830,2.0,2,1,"Gummanahalli, Bengaluru",9,22,Unfurnished,East,1.0,Ready to Move,,True,Synthetic
SYN_00728,41310000,3003,4.0,4,2,"Maruthi Nagar, Yelahanka",0,14,Semi Furnished,North,1.0,Ready to Move,,False,Synthetic
SYN_00729,27360000,1717,3.0,3,2,"Nallurhalli, Whitefield",11,16,Semi Furnished,West,5.0,Ready to Move,,False,Synthetic
SYN_00730,28350000,2194,3.0,3,2,"5th Block, Koramangala",5,7,Unfurnished,East,9.8,Ready to Move,,False,Synthetic
SYN_00731,10110000,800,2.0,2,1,"Bommenahalli, Bengaluru",2,8,Semi Furnished,West,5.0,Ready to Move,,False,Synthetic
SYN_00732,19380000,1738,3.0,3,2,"Konadasapura, Bengaluru",3,20,Unfurnished,East,4.4,Ready to Move,,False,Synthetic
SYN_00733,25750000,2093,3.0,3,1,"Medahalli, Bengaluru",9,33,Unfurnished,East,8.5,Ready to Move,,False,Synthetic
SYN_00734,4840000,469,1.0,1,2,"Gummanahalli, Bengaluru",8,18,Semi Furnished,North,10.9,Ready to Move,,False,Synthetic
SYN_00735,10980000,987,2.0,2,1,"Gunjur Palya, Bengaluru",15,31,Unfurnished,Unknown,11.5,Ready to Move,,False,Synthetic
SYN_00736,16110000,1745,3.0,3,3,"HAL 3rd Stage, Kodihalli",6,13,Semi Furnished,East,6.0,Ready to Move,,False,Synthetic
SYN_00737,15770000,1328,2.0,2,1,"Chaithanya Samarth, Bommenahalli",15,30,Semi Furnished,East,1.4,Ready to Move,,False,Synthetic
SYN_00738,5420000,1014,2.0,2,1,"Phase I, Electronic City",20,27,Semi Furnished,North,7.4,Ready to Move,,False,Synthetic
SYN_00739,61520000,3563,4.0,4,3,"Arge Urban Bloom, Yeswanthpur",1,17,Unfurnished,Unknown,11.3,Upcoming,2028-04-09,True,Synthetic
SYN_00740,11460000,1634,3.0,3,2,"Sarjapur, Bengaluru",5,24,Semi Furnished,East,0.1,Upcoming,2028-12-01,True,Synthetic
SYN_00741,39510000,2565,3.0,3,1,"Thigala Chowdadenahalli, Bengaluru",9,20,Fully Furnished,East,3.6,Ready to Move,,False,Synthetic
SYN_00742,7680000,803,2.0,2,1,"Alpine Viva, K R Puram",1,18,Fully Furnished,West,5.4,Ready to Move,,False,Synthetic
SYN_00743,6220000,1185,2.0,2,1,"Akme Ballet, Doddanekundi",6,19,Semi Furnished,East,0.1,Ready to Move,,False,Synthetic
SYN_00744,13610000,1006,2.0,2,1,"Dommasandra, Bengaluru",0,13,Unfurnished,South,1.0,Ready to Move,,True,Synthetic
SYN_00745,9820000,1459,3.0,3,2,"Ganga Layout, Rayasandra",1,4,Semi Furnished,Unknown,7.6,Ready to Move,,False,Synthetic
SYN_00746,10930000,987,2.0,2,1,"V. Kallahalli, Bengaluru",15,19,Semi Furnished,Unknown,1.0,Upcoming,2026-03-04,True,Synthetic
SYN_00747,26780000,1721,3.0,2,2,"Lords Steps Layout, Panathur",10,18,Semi Furnished,North,7.4,Ready to Move,,False,Synthetic
SYN_00748,13020000,918,2.0,2,1,"Upkar Layout, Whitefield",6,14,Semi Furnished,East,18.5,Ready to Move,,False,Synthetic
SYN_00749,7520000,607,1.0,1,2,"Sarjapur, Bengaluru",9,19,Unfurnished,East,1.9,Ready to Move,,False,Synthetic
SYN_00750,44020000,2156,3.0,2,1,"Bommasandra Industrial Area, Electronic City",9,13,Unfurnished,West,8.9,Ready to Move,,False,Synthetic
SYN_00751,10050000,1380,3.0,2,1,"Devanahalli, Bengaluru",7,14,Unfurnished,East,8.6,Ready to Move,,False,Synthetic
SYN_00752,27990000,2505,4.5,4,4,"P&T Layout, Thanisandra",23,25,Semi Furnished,East,4.9,Ready to Move,,False,Synthetic
SYN_00753,13580000,1171,2.0,2,1,"Budigere Cross, Bengaluru",7,12,Semi Furnished,East,3.5,Ready to Move,,False,Synthetic
SYN_00754,22050000,1725,3.0,3,4,"Sri Balaji Layout, K R Puram",6,14,Fully Furnished,East,7.1,Ready to Move,,False,Synthetic
SYN_00755,14030000,1086,3.0,3,1,"Begur, Bengaluru",10,14,Semi Furnished,North,14.0,Upcoming,2031-02-10,True,Synthetic
SYN_00756,15840000,1225,2.0,2,1,"Kyalasanahalli, Bengaluru",17,33,Semi Furnished,West,2.2,Ready to Move,,False,Synthetic
SYN_00757,21440000,1467,3.0,3,1,"Srinivasa Nagar, Banashankari",10,22,Unfurnished,East,9.0,Ready to Move,,True,Synthetic
SYN_00758,20010000,1636,3.0,3,1,"Venkatapura, Kambipura, Bengaluru",18,22,Semi Furnished,East,2.0,Ready to Move,,False,Synthetic
SYN_00759,14880000,1161,2.0,2,2,"Stage 1, Indira Nagar",10,12,Semi Furnished,Unknown,2.7,Ready to Move,,False,Synthetic
SYN_00760,6630000,750,1.0,1,1,"Gummanahalli, Bengaluru",3,21,Semi Furnished,East,6.0,Ready to Move,,False,Synthetic
SYN_00761,26330000,1837,3.0,3,2,"Nagavarapalya, C V Raman Nagar",8,21,Unfurnished,Unknown,3.0,Ready to Move,,False,Synthetic
SYN_00762,10070000,1665,3.0,2,2,"Cambridge Layout, Halasuru",5,40,Semi Furnished,West,4.0,Ready to Move,,False,Synthetic
SYN_00763,9320000,1180,2.0,2,1,"Kodigehalli, K R Puram",4,18,Unfurnished,North,1.0,Ready to Move,,False,Synthetic
SYN_00764,34040000,1396,3.0,3,1,"Thomas Town, Cooke Town",1,9,Semi Furnished,East,3.8,Ready to Move,,True,Synthetic
SYN_00765,10340000,1196,2.0,2,0,"7th Phase, JP Nagar",28,40,Semi Furnished,East,2.0,Ready to Move,,True,Synthetic
SYN_00766,8390000,1165,2.0,2,1,"Somasundarapalya, Bengaluru",17,23,Unfurnished,South,7.0,Ready to Move,,False,Synthetic
SYN_00767,12420000,949,2.0,2,1,"Shirdi Sai Baba Nagar, Munnekollal",7,14,Unfurnished,West,1.2,Ready to Move,,False,Synthetic
SYN_00768,14480000,1167,3.0,3,1,"Reliaable Tranquil Layout, Bengaluru",4,4,Semi Furnished,Unknown,6.5,Ready to Move,,False,Synthetic
SYN_00769,6750000,537,1.0,1,1,"Anchepalya, Bengaluru",9,19,Semi Furnished,North,1.0,Ready to Move,,False,Synthetic
SYN_00770,44580000,4375,4.0,4,2,"Kuvempu Layout, Visthar",10,21,Semi Furnished,Unknown,7.0,Ready to Move,,False,Synthetic
SYN_00771,17110000,1109,2.0,2,1,"Varthur, Bengaluru",3,16,Semi Furnished,West,15.3,Ready to Move,,False,Synthetic
SYN_00772,10090000,730,2.0,2,1,"Gummanahalli, Bengaluru",14,32,Unfurnished,West,11.0,Ready to Move,,False,Synthetic
SYN_00773,11520000,1205,2.0,2,1,"Gummanahalli, Bengaluru",19,22,Semi Furnished,North,4.0,Ready to Move,,False,Synthetic
SYN_00774,15110000,1053,2.0,2,1,"Vijay Nagar, Whitefield",0,3,Semi Furnished,West,8.3,Ready to Move,,False,Synthetic
SYN_00775,15470000,1204,2.0,2,1,"Raj Mahal Vilas 2nd Stage, RMV Extension Stage 2",0,5,Semi Furnished,North,0.4,Ready to Move,,False,Synthetic
SYN_00776,18690000,1407,3.0,3,1,"Subramanyapura, Bengaluru",1,4,Unfurnished,East,7.9,Ready to Move,,True,Synthetic
SYN_00777,29760000,2613,4.0,4,4,"Vijay Nagar, Whitefield",12,12,Unfurnished,North,11.0,Ready to Move,,False,Synthetic
SYN_00778,8660000,652,1.0,1,1,"Pragathi Nagar, Electronic City",8,25,Unfurnished,Unknown,0.7,Ready to Move,,False,Synthetic
SYN_00779,16280000,1552,3.0,3,1,"Devasthanagalu, Varthur",15,15,Semi Furnished,Unknown,3.6,Ready to Move,,False,Synthetic
SYN_00780,10550000,984,2.0,2,2,"Thirumalashettyhally, Bengaluru",0,9,Semi Furnished,West,10.3,Ready to Move,,False,Synthetic
SYN_00781,12470000,1361,3.0,3,0,"Gandhi Nagar, Munnekollal",2,4,Unfurnished,Unknown,2.3,Upcoming,2028-01-17,True,Synthetic
SYN_00782,5020000,854,2.0,2,1,"V S Reddy Colony, Kadugodi",17,43,Semi Furnished,West,11.3,Upcoming,2026-05-06,True,Synthetic
SYN_00783,17360000,1092,2.0,2,1,"Chikkakannalli, Bengaluru",2,22,Unfurnished,East,7.5,Ready to Move,,False,Synthetic
SYN_00784,34540000,2257,3.0,3,1,"Sri Balaji Krupa Layout, R.K. Hegde Nagar",23,29,Semi Furnished,East,5.1,Ready to Move,,False,Synthetic
SYN_00785,21680000,1575,3.0,3,1,"Raghuvanahalli, Subramanyapura",7,7,Unfurnished,Unknown,3.0,Ready to Move,,True,Synthetic
SYN_00786,36410000,2439,3.5,3,1,"Devasthanagalu, Varthur",2,18,Unfurnished,West,3.7,Upcoming,2026-07-13,True,Synthetic
SYN_00787,21700000,1785,3.0,3,1,"Ahad Euphoria, Carmelaram",3,5,Unfurnished,North,11.4,Ready to Move,,False,Synthetic
SYN_00788,6670000,591,1.0,1,1,"Pillahalli, Nelamangala",22,22,Semi Furnished,South,1.1,Upcoming,2026-12-09,True,Synthetic
SYN_00789,29860000,2116,4.5,4,2,"Nallurhalli, Whitefield",12,24,Semi Furnished,East,1.0,Ready to Move,,True,Synthetic
SYN_00790,48280000,2536,4.0,4,1,"Hadosiddapura, Carmelaram",23,25,Unfurnished,East,0.8,Ready to Move,,False,Synthetic
SYN_00791,11350000,1483,3.0,3,1,"Utsav Raaga, Kannuru",7,13,Unfurnished,East,13.0,Ready to Move,,False,Synthetic
SYN_00792,31240000,2419,4.0,3,2,"Industrial Suburb, Yeswanthpur",13,30,Semi Furnished,North,0.1,Upcoming,2026-06-12,True,Synthetic
SYN_00793,15660000,1172,2.5,2,1,"Manayata Tech Park, Thanisandra",7,17,Unfurnished,East,9.0,Ready to Move,,False,Synthetic
SYN_00794,17230000,1318,2.0,2,1,"P&T Layout, Thanisandra",2,15,Semi Furnished,Unknown,7.0,Ready to Move,,False,Synthetic
SYN_00795,25250000,1701,3.5,4,1,"Varthur, Bengaluru",22,33,Unfurnished,East,8.0,Upcoming,2026-05-26,True,Synthetic
SYN_00796,15930000,1272,2.0,2,1,"Balagere, Bengaluru",3,27,Semi Furnished,North,6.8,Ready to Move,,False,Synthetic
SYN_00797,25110000,1734,3.0,3,1,"Ferns City, Kartik Nagar",13,15,Unfurnished,Unknown,4.0,Ready to Move,,False,Synthetic
SYN_00798,18730000,1249,2.0,2,1,"Uttarahalli -Manavarthekaval, Bengaluru",13,19,Semi Furnished,East,0.9,Ready to Move,,False,Synthetic
SYN_00799,7980000,983,2.0,2,0,"Sarjapur, Bengaluru",14,15,Semi Furnished,Unknown,4.1,Ready to Move,,False,Synthetic
SYN_00800,12590000,1019,2.0,2,1,"Dodsworth Layout, Whitefield",0,13,Semi Furnished,West,1.1,Ready to Move,,True,Synthetic
SYN_00801,20720000,1790,3.0,2,4,"P&T Layout, Thanisandra",4,7,Unfurnished,North,10.0,Upcoming,2027-07-24,True,Synthetic
SYN_00802,8790000,1409,3.0,2,1,"V. Kallahalli, Bengaluru",2,4,Unfurnished,East,5.7,Ready to Move,,False,Synthetic
SYN_00803,16910000,1132,2.0,2,1,"Prakruthi Nagar, Kogilu",15,19,Semi Furnished,North,6.0,Ready to Move,,False,Synthetic
SYN_00804,13050000,1362,3.0,3,1,"Government Quarters, C V Raman Nagar",13,14,Semi Furnished,Unknown,17.9,Upcoming,2027-10-26,True,Synthetic
SYN_00805,11530000,1349,3.0,2,4,"Bommasandra Industrial Area, Bommasandra",6,12,Semi Furnished,Unknown,11.2,Ready to Move,,False,Synthetic
SYN_00806,10440000,1119,2.0,2,1,"Gummanahalli, Bengaluru",28,32,Semi Furnished,Unknown,7.3,Ready to Move,,False,Synthetic
SYN_00807,31060000,1633,3.0,3,1,"Whitefield, Bengaluru",11,30,Unfurnished,East,1.0,Ready to Move,,False,Synthetic
SYN_00808,19280000,1471,2.0,2,2,"Dodsworth Layout, Whitefield",4,16,Semi Furnished,North,7.0,Ready to Move,,False,Synthetic
SYN_00809,36690000,1326,3.0,3,1,"Stage 2, Yeswanthpur",10,30,Semi Furnished,East,3.0,Ready to Move,,False,Synthetic
SYN_00810,16850000,799,2.0,2,1,"Kundalahalli, Brookefield",24,31,Semi Furnished,Unknown,10.0,Ready to Move,,False,Synthetic
SYN_00811,21850000,1551,3.0,3,2,"Sri Balaji Krupa Layout, R.K. Hegde Nagar",7,22,Semi Furnished,East,2.5,Ready to Move,,False,Synthetic
SYN_00812,17640000,1588,3.0,3,1,"Srinivasa Nagar, Banashankari",11,15,Unfurnished,East,6.8,Ready to Move,,False,Synthetic
SYN_00813,31060000,1910,3.0,3,1,"Varthur, Bengaluru",5,5,Fully Furnished,North,4.0,Upcoming,2027-03-01,True,Synthetic
SYN_00814,18680000,1771,3.0,3,1,"Hosapalya, Muneshwara Nagar",5,11,Semi Furnished,East,4.6,Ready to Move,,False,Synthetic
SYN_00815,28750000,2027,3.0,3,2,"Uttarahalli -Manavarthekaval, Bengaluru",14,28,Fully Furnished,West,10.0,Upcoming,2026-10-31,True,Synthetic
SYN_00816,28560000,1736,3.0,3,1,"Dommasandra, Bengaluru",7,27,Unfurnished,West,12.8,Ready to Move,,False,Synthetic
SYN_00817,28290000,1961,3.0,3,1,"Saraswathi Nagar, Vijayanagar",19,26,Semi Furnished,East,7.1,Ready to Move,,False,Synthetic
SYN_00818,13800000,2092,4.0,4,3,"Horamavu Agara, Horamavu",8,14,Unfurnished,West,10.4,Ready to Move,,False,Synthetic
SYN_00819,39170000,2554,4.0,4,2,"Horamavu Agara, Horamavu",6,18,Unfurnished,Unknown,5.0,Ready to Move,,False,Synthetic
SYN_00820,19000000,1236,3.0,3,1,"Jyotipuram, Bengaluru",1,5,Unfurnished,West,5.1,Ready to Move,,False,Synthetic
SYN_00821,13120000,1237,2.0,2,1,"Choodasandra, Bengaluru",2,14,Semi Furnished,North,6.0,Ready to Move,,False,Synthetic
SYN_00822,14460000,890,2.0,2,0,"Shirdi Sai Baba Nagar, Munnekollal",6,7,Semi Furnished,East,5.2,Ready to Move,,False,Synthetic
SYN_00823,11430000,1885,3.0,3,2,"Richmond Town, Bengaluru",1,3,Semi Furnished,East,1.0,Ready to Move,,False,Synthetic
SYN_00824,13040000,1372,3.0,3,1,"Gummanahalli, Bengaluru",13,21,Unfurnished,East,3.7,Ready to Move,,False,Synthetic
SYN_00825,46120000,3984,4.0,4,4,"Sathya Sai Layout, Whitefield",29,37,Semi Furnished,East,1.0,Ready to Move,,False,Synthetic
SYN_00826,25250000,1799,3.0,3,2,"Sri Balaji Krupa Layout, R.K. Hegde Nagar",9,17,Unfurnished,East,4.9,Ready to Move,,True,Synthetic
SYN_00827,44830000,2325,4.0,4,3,"7th Phase, JP Nagar",7,18,Fully Furnished,North,10.1,Ready to Move,,False,Synthetic
SYN_00828,13420000,1004,2.0,2,1,"Begur, Bengaluru",5,5,Fully Furnished,Unknown,6.8,Ready to Move,,False,Synthetic
SYN_00829,36740000,1273,3.0,3,1,"Vaikuntam Layout, Munnekollal",19,19,Unfurnished,East,0.9,Ready to Move,,False,Synthetic
SYN_00830,9270000,1184,2.0,2,1,"Narayanapura, Bengaluru",16,31,Unfurnished,North,4.3,Ready to Move,,False,Synthetic
SYN_00831,10130000,997,2.0,2,1,"Phase 5, Chikkanayakanahalli, Choodasandra",13,34,Semi Furnished,East,13.0,Ready to Move,,False,Synthetic
SYN_00832,26800000,1446,3.0,3,1,"III Stage, RR Nagar",8,18,Semi Furnished,Unknown,7.6,Ready to Move,,False,Synthetic
SYN_00833,8660000,883,2.0,2,1,"63 Degrees East, Chikkakannalli",8,8,Semi Furnished,West,4.3,Ready to Move,,False,Synthetic
SYN_00834,46330000,3574,4.0,4,3,"SNN Raj Serenity, Akshayanagar",4,18,Semi Furnished,East,3.0,Ready to Move,,False,Synthetic
SYN_00835,11960000,1286,2.0,2,1,"5th Phase, JP Nagar",7,11,Semi Furnished,East,9.9,Ready to Move,,False,Synthetic
SYN_00836,9140000,1147,2.0,2,2,"Belathur, K R Puram",14,15,Semi Furnished,Unknown,0.5,Ready to Move,,False,Synthetic
SYN_00837,27130000,2565,3.0,3,2,"Hosahalli, Bengaluru",3,17,Unfurnished,Unknown,9.4,Ready to Move,,True,Synthetic
SYN_00838,11300000,1013,2.5,2,1,"Anjanadri Layout, Konanakunte",6,18,Unfurnished,Unknown,4.6,Ready to Move,,False,Synthetic
SYN_00839,13670000,982,2.0,2,1,"Balagere, Bengaluru",5,5,Semi Furnished,West,1.1,Ready to Move,,False,Synthetic
SYN_00840,47650000,3486,4.0,4,2,"Chikkabana Halli, Bengaluru",11,21,Unfurnished,East,3.5,Ready to Move,,False,Synthetic
SYN_00841,85180000,3725,4.0,4,4,"Nagavara, Bengaluru",7,16,Unfurnished,East,5.8,Ready to Move,,True,Synthetic
SYN_00842,8440000,1029,2.0,2,1,"Attibele, Bengaluru",4,4,Semi Furnished,East,8.3,Ready to Move,,False,Synthetic
SYN_00843,8370000,1098,2.0,2,1,"Phase I, Electronic City",12,26,Semi Furnished,Unknown,4.0,Ready to Move,,False,Synthetic
SYN_00844,27400000,1533,3.0,3,1,"Sri Balaji Krupa Layout, R.K. Hegde Nagar",26,31,Semi Furnished,North,1.0,Upcoming,2028-03-21,True,Synthetic
SYN_00845,32690000,2500,3.0,3,2,"Sector 1, HSR Layout",3,17,Semi Furnished,Unknown,15.2,Upcoming,2029-02-12,True,Synthetic
SYN_00846,7640000,1111,2.0,2,1,"DNA Eden View, Whitefield",10,13,Semi Furnished,North,1.2,Ready to Move,,False,Synthetic
SYN_00847,9460000,949,2.0,2,1,"Gummanahalli, Bengaluru",10,21,Semi Furnished,East,10.0,Upcoming,2029-03-12,True,Synthetic
SYN_00848,20370000,1031,2.0,2,1,"Dasanapura, Bengaluru",4,28,Unfurnished,West,7.0,Ready to Move,,False,Synthetic
SYN_00849,9300000,1163,2.0,2,0,"Phase 1, Whitefield",7,8,Unfurnished,West,8.0,Ready to Move,,False,Synthetic
SYN_00850,34550000,2128,3.0,3,0,"Munivenkatppa Layout, Bilekahalli",13,13,Semi Furnished,West,6.3,Ready to Move,,False,Synthetic
SYN_00851,15940000,964,2.0,2,1,"Panathur, Bengaluru",0,13,Semi Furnished,East,7.6,Ready to Move,,False,Synthetic
SYN_00852,9200000,655,1.0,1,1,"Buena Vista, Bommenahalli",2,4,Unfurnished,East,1.9,Ready to Move,,False,Synthetic
SYN_00853,29320000,1797,3.0,2,1,"Panathur, Bengaluru",11,29,Fully Furnished,North,3.7,Ready to Move,,False,Synthetic
SYN_00854,11680000,1134,2.0,2,1,"Doddakannelli, Bengaluru",2,4,Semi Furnished,West,13.1,Ready to Move,,False,Synthetic
SYN_00855,9820000,1001,2.0,2,2,"Govinda Reddy Layout, Panduranga Nagar",14,18,Semi Furnished,Unknown,4.2,Ready to Move,,False,Synthetic
SYN_00856,11090000,908,2.0,2,1,"Gummanahalli, Bengaluru",2,4,Semi Furnished,East,0.5,Ready to Move,,False,Synthetic
SYN_00857,11410000,1144,2.0,2,1,"Parkway Homes, Rayasandra",2,7,Unfurnished,West,8.0,Upcoming,2026-11-09,True,Synthetic
SYN_00858,12860000,1114,2.0,2,1,"Rachenahalli, Jakkur",3,5,Unfurnished,Unknown,15.0,Ready to Move,,False,Synthetic
SYN_00859,25710000,1783,4.0,4,4,"Hulimavu, Bengaluru",1,3,Unfurnished,East,10.0,Ready to Move,,False,Synthetic
SYN_00860,9210000,1318,2.0,2,1,"Samethanahalli, Bengaluru",8,18,Unfurnished,East,13.1,Ready to Move,,False,Synthetic
SYN_00861,15830000,1075,2.0,2,1,"Eastwood Township, Harlur",0,3,Semi Furnished,Unknown,2.6,Ready to Move,,False,Synthetic
SYN_00862,11580000,943,2.0,2,1,"Belathur, K R Puram",2,4,Unfurnished,North,6.0,Ready to Move,,False,Synthetic
SYN_00863,20000000,1364,3.0,3,2,"Balagere, Bengaluru",21,22,Fully Furnished,East,3.8,Ready to Move,,False,Synthetic
SYN_00864,56610000,4317,4.0,4,1,"Sarjapur, Bengaluru",15,30,Semi Furnished,North,17.2,Ready to Move,,False,Synthetic
SYN_00865,17360000,1463,3.0,3,1,"Lakedew Residency- Phase 2, Harlur",8,15,Unfurnished,Unknown,1.4,Ready to Move,,False,Synthetic
SYN_00866,39580000,2683,4.0,4,1,"Chikkakannalli, Bengaluru",10,18,Semi Furnished,North,0.5,Ready to Move,,False,Synthetic
SYN_00867,13460000,1471,2.0,2,1,"Madagondanahalli, Electronic City",2,13,Semi Furnished,Unknown,1.0,Ready to Move,,False,Synthetic
SYN_00868,22560000,1033,2.0,2,1,"Reliaable Lifestyle Layout, Harlur",22,23,Semi Furnished,East,6.0,Ready to Move,,False,Synthetic
SYN_00869,127280000,5994,5.0,5,2,"Hebbal, Bengaluru",6,29,Unfurnished,North,6.9,Ready to Move,,False,Synthetic
SYN_00870,11880000,1016,2.0,2,1,"Silver Springs Layout, Munnekollal",13,20,Semi Furnished,East,4.8,Ready to Move,,False,Synthetic
SYN_00871,10560000,843,2.0,2,2,"Devanahalli, Bengaluru",12,15,Semi Furnished,West,14.9,Ready to Move,,False,Synthetic
SYN_00872,15580000,1257,2.0,2,1,"Manayata Tech Park, Thanisandra",5,12,Semi Furnished,West,4.0,Ready to Move,,False,Synthetic
SYN_00873,9940000,1087,2.0,2,1,"Budigere Cross, Bengaluru",6,14,Unfurnished,East,5.0,Ready to Move,,False,Synthetic
SYN_00874,14780000,1093,3.0,3,1,"Manayata Tech Park, Thanisandra",15,28,Unfurnished,West,1.0,Ready to Move,,False,Synthetic
SYN_00875,6330000,1022,2.0,2,1,"5th Phase, JP Nagar",22,27,Semi Furnished,South,4.1,Ready to Move,,False,Synthetic
SYN_00876,6000000,1052,2.0,2,1,"Phase 2, Gottigere",0,4,Semi Furnished,North,15.0,Ready to Move,,False,Synthetic
SYN_00877,12150000,1295,2.0,2,1,"Chikkagubbi Village, Bengaluru",2,6,Semi Furnished,East,8.0,Ready to Move,,False,Synthetic
SYN_00878,13880000,1117,2.0,2,1,"Sector 7, HSR Layout",2,15,Semi Furnished,East,2.2,Ready to Move,,False,Synthetic
SYN_00879,9470000,783,2.0,2,1,"Kodathi, Bengaluru",14,17,Semi Furnished,West,4.0,Ready to Move,,False,Synthetic
SYN_00880,15210000,1498,3.0,2,1,"Gummanahalli, Bengaluru",7,11,Unfurnished,Unknown,3.3,Ready to Move,,True,Synthetic
SYN_00881,5420000,730,2.0,2,1,"V S Reddy Colony, Kadugodi",1,4,Semi Furnished,East,1.2,Ready to Move,,False,Synthetic
SYN_00882,29430000,1526,3.0,2,1,"Sri Balaji Krupa Layout, R.K. Hegde Nagar",13,18,Semi Furnished,Unknown,0.1,Ready to Move,,False,Synthetic
SYN_00883,16570000,1719,3.0,3,1,"Dommasandra, Bengaluru",10,28,Unfurnished,West,0.8,Ready to Move,,False,Synthetic
SYN_00884,8770000,656,1.0,1,1,"Nirman Layout, S.Bingipura",2,21,Semi Furnished,East,1.5,Ready to Move,,False,Synthetic
SYN_00885,11970000,1043,2.0,2,1,"Sri Krishnadevaraya Layout, Agrahara Layout",29,29,Semi Furnished,East,5.1,Ready to Move,,False,Synthetic
SYN_00886,21990000,2038,3.0,2,1,"Manayata Tech Park, Nagavara",1,5,Unfurnished,West,4.3,Ready to Move,,False,Synthetic
SYN_00887,11630000,1298,3.0,3,1,"Choodasandra, Bengaluru",7,10,Semi Furnished,East,11.2,Ready to Move,,False,Synthetic
SYN_00888,9020000,1052,2.0,2,1,"Yelachanayakanapura, Bengaluru",26,27,Semi Furnished,North,4.3,Ready to Move,,False,Synthetic
SYN_00889,15010000,1081,2.0,2,1,"Balagere, Bengaluru",5,25,Unfurnished,South,9.4,Ready to Move,,False,Synthetic
SYN_00890,23770000,1477,3.0,3,1,"Attibele, Bengaluru",14,22,Unfurnished,Unknown,9.4,Ready to Move,,False,Synthetic
SYN_00891,14530000,1595,3.0,3,1,"Parkway Homes, Rayasandra",24,32,Semi Furnished,West,1.0,Ready to Move,,False,Synthetic
SYN_00892,30060000,1840,3.0,3,1,"Thomas Town, Cooke Town",1,4,Unfurnished,West,2.6,Ready to Move,,False,Synthetic
SYN_00893,13570000,1120,2.0,2,1,"Hosapalya, Muneshwara Nagar",10,18,Semi Furnished,East,3.1,Ready to Move,,False,Synthetic
SYN_00894,18180000,1108,3.0,3,1,"Hosapalya, Kudlu Gate",1,26,Semi Furnished,South,4.0,Ready to Move,,False,Synthetic
SYN_00895,18460000,1401,3.0,3,1,"Gummanahalli, Bengaluru",18,22,Unfurnished,West,6.9,Ready to Move,,False,Synthetic
SYN_00896,19210000,1740,3.0,3,1,"Gupta Layout, Halasuru",4,15,Semi Furnished,East,4.4,Ready to Move,,False,Synthetic
SYN_00897,17410000,1150,2.0,2,1,"Eastwood Township, Harlur",3,4,Unfurnished,West,6.8,Ready to Move,,True,Synthetic
SYN_00898,12760000,1080,2.0,2,1,"Shinivagalu Tank Bed Layout, Koramangala",21,24,Semi Furnished,East,7.0,Ready to Move,,False,Synthetic
SYN_00899,7030000,1239,2.0,2,1,"Bommasandra, Bengaluru",5,5,Unfurnished,Unknown,14.5,Ready to Move,,False,Synthetic
SYN_00900,7850000,730,2.0,2,1,"Park View Layout, Amrutahalli",6,13,Semi Furnished,East,1.0,Ready to Move,,False,Synthetic
SYN_00901,25800000,1899,3.0,3,1,"Bidare Agraha, Bengaluru",12,27,Semi Furnished,West,9.3,Ready to Move,,False,Synthetic
SYN_00902,18790000,1829,3.0,2,2,"Mallenahalli, Bidaraguppe",0,4,Semi Furnished,Unknown,1.2,Ready to Move,,False,Synthetic
SYN_00903,24110000,1852,3.0,3,1,"Manayata Tech Park, Thanisandra",28,30,Unfurnished,East,7.5,Ready to Move,,False,Synthetic
SYN_00904,9990000,1184,2.0,2,1,"SBI Bank Colony, Battarahalli",15,15,Unfurnished,East,1.2,Ready to Move,,False,Synthetic
SYN_00905,15360000,1906,3.0,3,1,"Rotary Nagar, Bommanahalli",5,18,Semi Furnished,West,0.1,Ready to Move,,False,Synthetic
SYN_00906,13730000,1036,2.0,2,1,"Chikkabana Halli, Bengaluru",23,26,Unfurnished,North,1.1,Ready to Move,,False,Synthetic
SYN_00907,22340000,1888,3.0,3,1,"Pragathi Nagar, Basapura",11,12,Semi Furnished,Unknown,5.3,Ready to Move,,False,Synthetic
SYN_00908,25460000,2025,3.0,2,2,"Kadugodi, Bengaluru",7,9,Semi Furnished,Unknown,0.9,Ready to Move,,False,Synthetic
SYN_00909,18300000,2108,3.5,3,1,"Devasthanagalu, Varthur",0,34,Unfurnished,East,6.9,Ready to Move,,True,Synthetic
SYN_00910,28220000,1480,3.0,3,1,"Lakedew Residency- Phase 2, Harlur",7,20,Semi Furnished,Unknown,1.3,Upcoming,2028-11-12,True,Synthetic
SYN_00911,32470000,1779,3.0,3,1,"B Narayanapura, Mahadevapura",3,18,Semi Furnished,North,1.0,Ready to Move,,False,Synthetic
SYN_00912,21810000,1470,3.0,3,1,"Ardendale, Kannamangala - Whitefield Hoskote Road",8,9,Semi Furnished,West,11.9,Ready to Move,,False,Synthetic
SYN_00913,18390000,2565,3.0,3,2,"Hennagara, Bommasandra",0,4,Unfurnished,West,10.0,Ready to Move,,False,Synthetic
SYN_00914,11900000,1075,2.0,2,1,"Bhoganhalli, Bengaluru",3,12,Unfurnished,Unknown,8.9,Ready to Move,,False,Synthetic
SYN_00915,19950000,1188,2.0,2,1,"Eastwood Township, Kasavanahalli",17,21,Semi Furnished,West,6.3,Ready to Move,,False,Synthetic
SYN_00916,21970000,1808,3.0,3,1,"Eastwood Township, Kasavanahalli",14,19,Semi Furnished,East,6.0,Ready to Move,,False,Synthetic
SYN_00917,22630000,2173,3.0,2,2,"Durgappa Layout, Agrahara Layout",2,4,Unfurnished,East,0.6,Ready to Move,,False,Synthetic
SYN_00918,21070000,1331,3.0,3,2,"Pragathi Nagar, Electronic City",3,29,Unfurnished,East,12.9,Ready to Move,,False,Synthetic
SYN_00919,18920000,1223,2.0,2,1,"Phase I, Electronic City",5,13,Semi Furnished,East,9.0,Ready to Move,,False,Synthetic
SYN_00920,6970000,965,2.0,2,3,"Gunjur Village, Bengaluru",3,12,Semi Furnished,Unknown,1.0,Ready to Move,,False,Synthetic
SYN_00921,15190000,1080,2.0,2,1,"Dodsworth Layout, Whitefield",13,25,Unfurnished,East,4.4,Ready to Move,,False,Synthetic
SYN_00922,26160000,1891,3.0,3,1,"Anjanapura Township, Bengaluru",3,5,Unfurnished,North,7.2,Ready to Move,,False,Synthetic
SYN_00923,13280000,1031,3.0,2,2,"Thomas Town, Cooke Town",12,27,Fully Furnished,West,12.0,Ready to Move,,True,Synthetic
SYN_00924,20650000,1593,3.0,3,1,"Chikkakannalli, Bengaluru",9,13,Semi Furnished,East,10.0,Upcoming,2027-06-17,True,Synthetic
SYN_00925,34790000,1682,3.0,3,1,"Chikku Lakshmaiah Layout, Adugodi",4,38,Semi Furnished,Unknown,10.0,Ready to Move,,False,Synthetic
SYN_00926,24730000,2684,4.0,4,4,"Devasthanagalu, Varthur",1,4,Unfurnished,Unknown,1.6,Ready to Move,,True,Synthetic
SYN_00927,10490000,910,1.0,1,1,"Gunjur Village, Bengaluru",12,24,Semi Furnished,Unknown,0.0,Ready to Move,,False,Synthetic
SYN_00928,11270000,968,2.0,2,1,"Doddakannelli, Bengaluru",1,13,Unfurnished,East,6.0,Ready to Move,,False,Synthetic
SYN_00929,24500000,1679,3.0,2,1,"Kodathi, Bengaluru",4,4,Unfurnished,East,2.8,Ready to Move,,True,Synthetic
SYN_00930,19720000,1588,3.0,3,2,"Begur, Bengaluru",10,29,Fully Furnished,East,4.0,Ready to Move,,False,Synthetic
SYN_00931,13250000,1219,2.0,2,1,"Doddakannelli, Bengaluru",12,21,Semi Furnished,North,10.2,Ready to Move,,False,Synthetic
SYN_00932,21100000,2071,3.0,3,2,"Chambenahalli, Bengaluru",16,21,Unfurnished,Unknown,10.7,Ready to Move,,False,Synthetic
SYN_00933,13550000,1158,2.0,2,1,"Prakruthi Nagar, Kogilu",8,13,Unfurnished,Unknown,6.2,Ready to Move,,False,Synthetic
SYN_00934,23530000,1624,3.0,3,1,"Devasthanagalu, Varthur",14,18,Semi Furnished,East,15.6,Ready to Move,,False,Synthetic
SYN_00935,7340000,923,2.0,1,1,"Hadosiddapura, Carmelaram",0,5,Semi Furnished,Unknown,8.0,Ready to Move,,False,Synthetic
SYN_00936,11510000,1602,3.0,3,1,"Stage 2, Yeswanthpur",13,15,Semi Furnished,East,3.4,Ready to Move,,True,Synthetic
SYN_00937,27480000,1903,3.0,3,2,"2nd Stage, Uttarahalli Hobli",2,12,Semi Furnished,East,5.0,Ready to Move,,False,Synthetic
SYN_00938,22720000,948,2.0,2,1,"Thomas Town, Cooke Town",5,18,Unfurnished,West,2.0,Ready to Move,,False,Synthetic
SYN_00939,6820000,1249,2.5,2,1,"Phase I, Electronic City",5,10,Semi Furnished,Unknown,8.4,Ready to Move,,True,Synthetic
SYN_00940,7160000,1127,2.0,2,1,"Radha Krishna Layout 1st Stage, Padmanabhanagar",3,20,Semi Furnished,East,2.2,Ready to Move,,False,Synthetic
SYN_00941,20040000,1161,2.0,2,1,"Anjanadri Layout, Konanakunte",15,20,Semi Furnished,East,2.6,Ready to Move,,False,Synthetic
SYN_00942,20080000,1685,3.0,3,2,"EPIP Zone, Brookefield",23,34,Semi Furnished,East,1.0,Ready to Move,,False,Synthetic
SYN_00943,10490000,1029,2.0,2,1,"Phase 5, Chikkanayakanahalli, Choodasandra",21,27,Semi Furnished,East,14.7,Ready to Move,,False,Synthetic
SYN_00944,5590000,699,1.0,1,1,"Chambenahalli, Bengaluru",23,27,Semi Furnished,Unknown,0.2,Ready to Move,,False,Synthetic
SYN_00945,11710000,984,2.0,2,1,"Kannuru, Bengaluru",1,9,Unfurnished,East,6.0,Ready to Move,,False,Synthetic
SYN_00946,24120000,1790,3.0,2,2,"Gummanahalli, Bengaluru",3,10,Unfurnished,North,2.4,Ready to Move,,False,Synthetic
SYN_00947,35570000,2473,4.0,4,2,"Sathya Sai Layout, Whitefield",1,18,Unfurnished,East,2.5,Upcoming,2028-10-05,True,Synthetic
SYN_00948,11950000,1057,2.0,2,2,"Devasthanagalu, Varthur",6,9,Semi Furnished,East,5.0,Ready to Move,,False,Synthetic
SYN_00949,22500000,1502,3.0,2,1,"Nallurhalli, Whitefield",0,23,Unfurnished,North,5.0,Ready to Move,,False,Synthetic
SYN_00950,12390000,1216,2.0,2,1,"Gummanahalli, Bengaluru",16,29,Unfurnished,East,1.8,Ready to Move,,False,Synthetic
SYN_00951,12130000,1278,2.0,2,1,"Varthur, Bengaluru",24,27,Semi Furnished,East,7.8,Ready to Move,,False,Synthetic
SYN_00952,20060000,1744,3.0,2,1,"5th Block, Koramangala",5,5,Semi Furnished,East,6.3,Ready to Move,,False,Synthetic
SYN_00953,322500000,8945,5.0,5,3,"One Bangalore West, Rajajinagar",17,30,Semi Furnished,East,11.0,Ready to Move,,False,Synthetic
SYN_00954,21970000,1575,3.0,3,1,"K R Puram, Bengaluru",16,18,Unfurnished,Unknown,1.6,Ready to Move,,False,Synthetic
SYN_00955,14890000,985,2.0,2,1,"Aishwarya Crystal Layout, Begur",4,6,Semi Furnished,Unknown,9.0,Ready to Move,,False,Synthetic
SYN_00956,6950000,774,1.5,1,1,"Gummanahalli, Bengaluru",13,15,Unfurnished,Unknown,1.0,Ready to Move,,False,Synthetic
SYN_00957,15970000,1036,3.0,2,1,"Phase 1, Whitefield",36,40,Unfurnished,East,2.0,Upcoming,2026-04-24,True,Synthetic
SYN_00958,27920000,2009,3.0,3,1,"Sri Balaji Layout, K R Puram",15,19,Semi Furnished,East,3.1,Ready to Move,,False,Synthetic
SYN_00959,15180000,1144,2.5,2,1,"Varthur, Bengaluru",6,9,Semi Furnished,Unknown,2.3,Ready to Move,,False,Synthetic
SYN_00960,51310000,2513,4.0,4,3,"Agrahara Dasarahalli, Rajajinagar",8,10,Semi Furnished,Unknown,8.0,Ready to Move,,False,Synthetic
SYN_00961,16500000,983,2.0,2,1,"B Narayanapura, Mahadevapura",5,18,Semi Furnished,East,3.7,Ready to Move,,True,Synthetic
SYN_00962,17120000,1031,3.0,2,1,"Lords Steps Layout, Panathur",13,14,Unfurnished,North,2.6,Ready to Move,,False,Synthetic
SYN_00963,10230000,730,2.0,2,1,"Kodathi, Bengaluru",5,20,Semi Furnished,South,0.7,Ready to Move,,False,Synthetic
SYN_00964,5680000,759,2.0,2,1,"Dodsworth Layout, Whitefield",9,10,Semi Furnished,West,9.7,Ready to Move,,False,Synthetic
SYN_00965,30130000,1762,3.0,3,1,"2nd Stage, Uttarahalli Hobli",21,22,Unfurnished,East,6.7,Ready to Move,,False,Synthetic
SYN_00966,13940000,1641,3.0,3,1,"BDA Colony, Jeevan Bima Nagar",0,4,Fully Furnished,East,8.7,Ready to Move,,False,Synthetic
SYN_00967,13790000,940,2.0,2,2,"Sri Balaji Krupa Layout, R.K. Hegde Nagar",4,23,Semi Furnished,North,10.1,Ready to Move,,False,Synthetic
SYN_00968,24540000,1765,3.0,3,1,"Sai Sree Layout, Parappana Agrahara",2,5,Unfurnished,West,12.0,Ready to Move,,False,Synthetic
SYN_00969,15780000,1046,2.0,2,1,"Gunjur Village, Bengaluru",4,4,Semi Furnished,East,6.8,Ready to Move,,False,Synthetic
SYN_00970,16670000,1888,3.0,3,1,"Stage 2, BTM Layout 2nd Stage",13,14,Semi Furnished,East,3.6,Ready to Move,,True,Synthetic
SYN_00971,20660000,1845,3.0,2,1,"Cambridge Layout, Halasuru",12,23,Unfurnished,East,10.5,Ready to Move,,False,Synthetic
SYN_00972,33610000,2537,3.0,2,1,"Kasavanahalli, Bengaluru",17,22,Unfurnished,East,1.0,Upcoming,2026-04-25,True,Synthetic
SYN_00973,11260000,1331,3.0,3,2,"Sri Balaji Layout, K R Puram",4,4,Semi Furnished,West,5.0,Ready to Move,,False,Synthetic
SYN_00974,20880000,1604,3.0,3,1,"Phase I, Electronic City",7,30,Semi Furnished,South,7.0,Ready to Move,,False,Synthetic
SYN_00975,27090000,1868,3.0,3,1,"Spice Garden Layout, Munnekollal",6,21,Unfurnished,East,6.3,Ready to Move,,True,Synthetic
SYN_00976,10920000,1201,2.0,2,1,"5th Phase, JP Nagar",4,4,Semi Furnished,North,1.8,Ready to Move,,False,Synthetic
SYN_00977,49490000,2023,3.5,3,1,"Sahakara Nagar, Bengaluru",9,19,Semi Furnished,North,12.7,Ready to Move,,True,Synthetic
SYN_00978,10950000,954,2.0,2,1,"Konadasapura, Bengaluru",25,27,Semi Furnished,East,8.0,Ready to Move,,False,Synthetic
SYN_00979,12580000,953,2.0,2,1,"EPIP Zone, Brookefield",7,12,Semi Furnished,East,3.0,Ready to Move,,False,Synthetic
SYN_00980,9730000,929,2.0,2,1,"3G Homes Crimson Layout, Kadugodi",4,4,Unfurnished,South,1.4,Ready to Move,,False,Synthetic
SYN_00981,17470000,1027,2.0,2,1,"Aishwarya Crystal Layout, Begur",6,6,Semi Furnished,East,18.0,Ready to Move,,False,Synthetic
SYN_00982,16090000,1895,3.0,2,1,"Sarjapur, Bengaluru",4,4,Semi Furnished,West,2.0,Ready to Move,,False,Synthetic
SYN_00983,25130000,1735,3.0,3,1,"Seetharampalya, Hoodi",7,17,Unfurnished,East,15.3,Ready to Move,,False,Synthetic
SYN_00984,12090000,1250,2.0,2,1,"Inasappa Layout, Kammanahalli",0,4,Semi Furnished,East,9.4,Ready to Move,,False,Synthetic
SYN_00985,36090000,2150,3.0,3,1,"Balagere, Bengaluru",10,14,Semi Furnished,Unknown,15.4,Ready to Move,,False,Synthetic
SYN_00986,24800000,1836,3.0,3,1,"V. Kallahalli, Bengaluru",5,20,Semi Furnished,Unknown,18.1,Ready to Move,,False,Synthetic
SYN_00987,6490000,446,1.0,1,2,"Sarjapur, Bengaluru",7,27,Semi Furnished,East,1.0,Ready to Move,,False,Synthetic
SYN_00988,10160000,1223,2.0,2,1,"Plumeria, Kaggalipura",1,16,Semi Furnished,West,8.7,Ready to Move,,False,Synthetic
SYN_00989,19520000,1296,2.0,2,1,"Yadavanahalli, Bengaluru",3,3,Unfurnished,Unknown,12.0,Ready to Move,,False,Synthetic
SYN_00990,6840000,1219,2.0,2,1,"Konappana Agrahara, Electronic City",4,11,Semi Furnished,Unknown,1.2,Ready to Move,,False,Synthetic
SYN_00991,17730000,1140,2.0,2,1,"Akshaya Vana, Begur",8,8,Unfurnished,East,1.1,Ready to Move,,False,Synthetic
SYN_00992,25950000,1618,3.0,3,2,"Bellandur Village, Bellandur",9,17,Semi Furnished,Unknown,9.8,Ready to Move,,True,Synthetic
SYN_00993,20740000,1824,3.0,3,2,"3G Homes Crimson Layout, Kadugodi",1,4,Semi Furnished,West,15.8,Ready to Move,,False,Synthetic
SYN_00994,18920000,1767,3.0,2,2,"Prakruthi Nagar, Kogilu",6,18,Unfurnished,North,1.2,Ready to Move,,False,Synthetic
SYN_00995,7100000,709,1.5,1,1,"Seenappa Layout, Bommanahalli",17,26,Unfurnished,East,1.9,Ready to Move,,False,Synthetic
SYN_00996,5740000,798,2.0,2,1,"Janatha Colony, Doddakannelli",0,13,Semi Furnished,West,8.4,Ready to Move,,False,Synthetic
SYN_00997,25790000,1860,3.0,3,2,"Gunjur Palya, Bengaluru",0,4,Unfurnished,West,1.0,Ready to Move,,False,Synthetic
SYN_00998,12230000,1037,3.0,3,1,"Varthur, Bengaluru",3,16,Unfurnished,West,3.1,Ready to Move,,False,Synthetic
SYN_00999,29820000,1977,3.0,3,1,"Ambedkar Colony, Yelahanka",17,32,Unfurnished,Unknown,4.0,Ready to Move,,True,Synthetic
SYN_01000,23410000,1920,4.0,4,2,"Eastwood Township, Kasavanahalli",25,30,Semi Furnished,Unknown,15.0,Ready to Move,,False,Synthetic
SYN_01001,7470000,678,1.0,1,1,"Bengaluru Hardware Park, Bengaluru",3,22,Unfurnished,East,4.7,Upcoming,2028-09-04,True,Synthetic
SYN_01002,10830000,1104,3.0,3,1,"Panduranga Nagar, Bengaluru",8,26,Unfurnished,West,2.0,Ready to Move,,False,Synthetic
SYN_01003,23150000,1871,3.0,3,1,"Paramount Gardens, Jyotipuram",12,22,Unfurnished,North,9.4,Ready to Move,,True,Synthetic
SYN_01004,16900000,1386,3.0,3,2,"Kattanallur, Goravigere",13,15,Semi Furnished,North,7.0,Ready to Move,,True,Synthetic
SYN_01005,9910000,1033,2.0,2,1,"Kengeri Village, Kengeri",6,7,Semi Furnished,East,6.9,Ready to Move,,False,Synthetic
SYN_01006,9130000,629,1.0,1,0,"Rachenahalli, Thanisandra",9,33,Fully Furnished,West,0.5,Ready to Move,,False,Synthetic
SYN_01007,20040000,1455,3.0,3,1,"B Narayanapura, Mahadevapura",0,11,Unfurnished,Unknown,0.5,Ready to Move,,False,Synthetic
SYN_01008,10250000,1154,2.0,2,1,"Shikaripalya, Electronic City",11,18,Unfurnished,Unknown,5.0,Ready to Move,,False,Synthetic
SYN_01009,24660000,1835,3.0,3,1,"JP Nagar, Bengaluru",24,26,Unfurnished,East,9.0,Ready to Move,,False,Synthetic
SYN_01010,12760000,1140,2.0,2,1,"Akshaya Vana, Akshayanagar",0,5,Unfurnished,North,14.0,Ready to Move,,False,Synthetic
SYN_01011,25160000,3948,5.0,5,2,"Seegehalli, K R Puram",2,4,Semi Furnished,East,5.6,Ready to Move,,False,Synthetic
SYN_01012,17920000,1502,3.0,3,1,"Hosahalli, Bengaluru",8,17,Unfurnished,Unknown,8.4,Ready to Move,,False,Synthetic
SYN_01013,10990000,896,2.0,2,1,"Anchepalya, Bengaluru",6,9,Semi Furnished,East,5.0,Ready to Move,,False,Synthetic
SYN_01014,25530000,1789,3.0,3,1,"Gunjur Palya, Bengaluru",6,22,Unfurnished,East,9.3,Ready to Move,,True,Synthetic
SYN_01015,42160000,4482,5.0,5,4,"Dodsworth Layout, Whitefield",8,9,Semi Furnished,East,9.2,Ready to Move,,False,Synthetic
SYN_01016,24930000,1609,3.0,2,1,"Hanumanthappa Layout, Kyalasanahalli",13,42,Semi Furnished,West,1.0,Upcoming,2028-10-11,True,Synthetic
SYN_01017,38960000,2877,3.5,4,2,"Chansandra, Bengaluru",0,4,Unfurnished,East,1.0,Ready to Move,,True,Synthetic
SYN_01018,11230000,1172,2.0,2,1,"Kothnur, Kalena Agrahara",13,30,Semi Furnished,East,2.0,Ready to Move,,False,Synthetic
SYN_01019,11340000,1031,2.0,2,1,"Pragathi Nagar, Basapura",17,19,Unfurnished,Unknown,3.5,Ready to Move,,False,Synthetic
SYN_01020,45550000,2565,3.0,3,1,"Whitefield, Bengaluru",19,21,Unfurnished,West,0.0,Ready to Move,,True,Synthetic
SYN_01021,18370000,1416,3.0,3,1,"V. Kallahalli, Bengaluru",9,17,Semi Furnished,East,3.0,Upcoming,2026-09-10,True,Synthetic
SYN_01022,10600000,755,1.0,1,1,"Thigala Chowdadenahalli, Bengaluru",2,18,Unfurnished,East,3.1,Ready to Move,,False,Synthetic
SYN_01023,14680000,1989,3.0,3,1,"Vijay Nagar, Whitefield",10,42,Semi Furnished,South,9.0,Ready to Move,,False,Synthetic
SYN_01024,16160000,1265,2.0,2,1,"Bendiganahalli, Bengaluru",4,9,Semi Furnished,West,2.0,Ready to Move,,False,Synthetic
SYN_01025,32350000,1907,3.0,3,1,"Fems Gardenia, Volagerekallahalli",7,25,Semi Furnished,North,5.0,Upcoming,2026-08-12,True,Synthetic
SYN_01026,25750000,1582,3.0,2,1,"Brindavanam Layout, Horamavu",30,32,Unfurnished,Unknown,4.0,Ready to Move,,True,Synthetic
SYN_01027,15890000,1075,2.0,2,1,"East Of NGEF Layout, Kasturi Nagar",38,38,Semi Furnished,West,3.4,Ready to Move,,False,Synthetic
SYN_01028,27480000,1488,3.0,2,1,"B Narayanapura, Mahadevapura",1,4,Semi Furnished,North,2.0,Ready to Move,,False,Synthetic
SYN_01029,15910000,1514,3.0,3,1,"SNN Raj Serenity, Akshayanagar",15,28,Semi Furnished,East,8.4,Ready to Move,,False,Synthetic
SYN_01030,7840000,1141,2.0,2,1,"7th Phase, JP Nagar",21,33,Unfurnished,East,9.2,Ready to Move,,False,Synthetic
SYN_01031,26520000,1668,3.0,2,1,"Chikkakannalli, Bengaluru",21,32,Semi Furnished,North,0.5,Ready to Move,,False,Synthetic
SYN_01032,10740000,942,2.0,2,1,"Aishwarya Crystal Layout, Begur",4,14,Unfurnished,East,6.0,Ready to Move,,False,Synthetic
SYN_01033,9440000,1031,3.0,3,1,"BEL Stage 1, Bedarahalli",6,9,Unfurnished,East,9.5,Ready to Move,,True,Synthetic
SYN_01034,5150000,467,1.0,1,2,"MIG Flats, Kengeri Satellite Town",0,3,Semi Furnished,West,3.1,Ready to Move,,False,Synthetic
SYN_01035,28820000,1884,3.0,3,1,"Bellandur, Bengaluru",15,15,Semi Furnished,East,0.6,Upcoming,2026-03-22,True,Synthetic
SYN_01036,13520000,1330,2.0,2,1,"Devasthanagalu, Varthur",5,14,Unfurnished,East,1.0,Ready to Move,,False,Synthetic
SYN_01037,13020000,922,2.0,2,1,"Doddakannelli, Bengaluru",26,32,Semi Furnished,East,5.0,Ready to Move,,False,Synthetic
SYN_01038,11360000,2010,3.0,3,0,"Horamavu, Bengaluru",5,19,Unfurnished,North,8.3,Ready to Move,,False,Synthetic
SYN_01039,13850000,1538,3.0,2,1,"HAL 3rd Stage, Kodihalli",11,13,Unfurnished,Unknown,0.1,Ready to Move,,False,Synthetic
SYN_01040,10570000,1172,2.0,2,2,"Gangaparameshwari Nagar, Bommanahalli",0,5,Unfurnished,West,7.7,Ready to Move,,False,Synthetic
SYN_01041,10690000,1033,2.0,2,1,"Sree Narayana Nagar, Kadagrahara",5,5,Semi Furnished,West,10.2,Ready to Move,,False,Synthetic
SYN_01042,27430000,1974,3.0,2,1,"Jigala, Bengaluru",6,17,Semi Furnished,East,6.7,Ready to Move,,False,Synthetic
SYN_01043,48220000,2826,4.0,4,2,"Rohan Iksha, Bhoganhalli",1,19,Unfurnished,West,0.6,Ready to Move,,False,Synthetic
SYN_01044,14630000,1051,2.0,2,1,"Manayata Tech Park, Thanisandra",3,4,Semi Furnished,East,2.5,Ready to Move,,False,Synthetic
SYN_01045,32250000,2033,3.0,3,4,"Thigala Chowdadenahalli, Bengaluru",9,14,Semi Furnished,East,1.3,Ready to Move,,False,Synthetic
SYN_01046,50570000,2739,4.0,4,1,"Whitefield, Bengaluru",5,21,Unfurnished,North,10.0,Ready to Move,,False,Synthetic
SYN_01047,19450000,1647,3.0,2,0,"Gummanahalli, Bengaluru",13,19,Semi Furnished,East,7.3,Ready to Move,,True,Synthetic
SYN_01048,25890000,3868,10.0,10,3,"Stage 2, BTM Layout 2nd Stage",5,5,Semi Furnished,West,8.0,Ready to Move,,False,Synthetic
SYN_01049,6280000,1067,3.0,3,4,"Stage 2, BTM Layout 2nd Stage",1,5,Semi Furnished,Unknown,4.6,Ready to Move,,False,Synthetic
SYN_01050,18640000,1758,3.0,3,1,"Jayanti Nagar, Horamavu",8,13,Unfurnished,Unknown,14.1,Upcoming,2028-11-02,True,Synthetic
SYN_01051,72470000,3467,4.0,4,1,"Shinivagalu Tank Bed Layout, Koramangala",4,11,Semi Furnished,East,6.1,Ready to Move,,False,Synthetic
SYN_01052,36900000,1812,3.0,3,3,"Balagere, Bengaluru",2,18,Unfurnished,Unknown,1.0,Ready to Move,,False,Synthetic
SYN_01053,14410000,1650,3.0,3,1,"Ganga Layout, Rayasandra",2,14,Unfurnished,Unknown,16.0,Ready to Move,,False,Synthetic
SYN_01054,33370000,1765,3.0,3,2,"Vignan Nagar, Basavanagar",12,18,Semi Furnished,East,7.1,Upcoming,2026-05-02,True,Synthetic
SYN_01055,10180000,1425,3.0,2,1,"Vyalikaval HBCS Layout, Nagavara",3,14,Semi Furnished,East,8.0,Ready to Move,,False,Synthetic
SYN_01056,20430000,1072,2.0,2,1,"Kundalahalli, Brookefield",29,33,Unfurnished,North,3.0,Ready to Move,,False,Synthetic
SYN_01057,7290000,665,1.0,1,1,"Sarjapur, Bengaluru",26,33,Semi Furnished,East,0.9,Ready to Move,,False,Synthetic
SYN_01058,11840000,1318,2.0,2,1,"Malleshpalya, Kaggadasapura",10,12,Unfurnished,East,12.2,Ready to Move,,False,Synthetic
SYN_01059,16220000,2093,3.0,3,2,"Block A, Sahakara Nagar",17,30,Unfurnished,East,4.2,Ready to Move,,False,Synthetic
SYN_01060,39610000,1378,3.0,3,1,"Maruthi Layout, Kodigehalli",0,5,Unfurnished,East,7.0,Ready to Move,,False,Synthetic
SYN_01061,13490000,987,2.0,2,1,"Vijay Nagar, Whitefield",2,6,Semi Furnished,East,2.0,Ready to Move,,False,Synthetic
SYN_01062,6200000,652,1.0,1,2,"Varthur, Bengaluru",20,22,Unfurnished,West,2.0,Ready to Move,,False,Synthetic
SYN_01063,37210000,1612,3.0,3,1,"Hadosiddapura, Carmelaram",11,11,Semi Furnished,North,2.0,Ready to Move,,False,Synthetic
SYN_01064,13430000,1176,2.0,2,1,"Narayanapura, Bengaluru",0,5,Unfurnished,North,7.9,Ready to Move,,False,Synthetic
SYN_01065,8730000,1357,2.0,2,1,"7th Phase, JP Nagar",3,4,Unfurnished,Unknown,5.9,Ready to Move,,False,Synthetic
SYN_01066,25940000,1805,3.0,2,1,"Arge Urban Bloom, Yeswanthpur",14,27,Unfurnished,East,8.0,Ready to Move,,False,Synthetic
SYN_01067,15330000,1515,3.0,3,2,"Doddabanahalli, Bidare Agraha",1,27,Unfurnished,East,3.6,Upcoming,2027-01-04,True,Synthetic
SYN_01068,29710000,1637,3.0,3,1,"Hulimavu, Bengaluru",3,5,Semi Furnished,East,3.8,Ready to Move,,False,Synthetic
SYN_01069,14060000,1261,2.0,2,1,"Navarathna Agrahara, Bengaluru",3,4,Unfurnished,East,5.2,Ready to Move,,False,Synthetic
SYN_01070,18420000,1168,3.0,3,1,"Chansandra, Bengaluru",2,5,Unfurnished,North,0.5,Ready to Move,,False,Synthetic
SYN_01071,11010000,1045,2.0,2,1,"Gummanahalli, Bengaluru",0,19,Unfurnished,Unknown,7.0,Upcoming,2026-05-21,True,Synthetic
SYN_01072,13510000,1337,2.0,2,1,"Choodasandra, Bengaluru",3,4,Semi Furnished,East,19.2,Ready to Move,,False,Synthetic
SYN_01073,10180000,1553,3.0,3,1,"Subramanyapura, Bengaluru",2,4,Semi Furnished,North,6.8,Ready to Move,,False,Synthetic
SYN_01074,7590000,730,2.0,2,1,"Ali Estate, Yelahanka",16,30,Semi Furnished,North,3.2,Ready to Move,,False,Synthetic
SYN_01075,17790000,1526,3.0,3,1,"Anekal, Bengaluru",2,31,Semi Furnished,East,1.7,Ready to Move,,False,Synthetic
SYN_01076,12650000,1238,3.0,2,1,"Gattahalli, Bengaluru",5,5,Semi Furnished,East,1.0,Ready to Move,,False,Synthetic
SYN_01077,15480000,1377,2.5,2,1,"Bommasandra Industrial Area, Bommasandra",1,4,Semi Furnished,West,8.0,Ready to Move,,False,Synthetic
SYN_01078,21460000,1467,3.0,3,1,"Dr.Shivaram Karanth Nagar, Jakkur",13,17,Unfurnished,North,7.0,Ready to Move,,False,Synthetic
SYN_01079,6470000,1091,2.0,2,1,"Kadugodi, Bengaluru",13,14,Semi Furnished,East,18.0,Ready to Move,,False,Synthetic
SYN_01080,15200000,1159,2.0,2,1,"Budigere Cross, Bengaluru",5,32,Unfurnished,Unknown,8.0,Ready to Move,,False,Synthetic
SYN_01081,35960000,2276,4.0,4,1,"Sathya Sai Layout, Whitefield",13,14,Unfurnished,North,14.0,Ready to Move,,False,Synthetic
SYN_01082,41320000,2234,4.0,4,4,"Kodigehalli, K R Puram",7,10,Unfurnished,West,3.8,Ready to Move,,False,Synthetic
SYN_01083,14020000,1150,2.0,2,1,"Bharathi Nagar, K R Puram",1,4,Unfurnished,North,9.4,Ready to Move,,False,Synthetic
SYN_01084,30690000,2294,4.0,4,1,"Devasthanagalu, Varthur",3,15,Semi Furnished,East,18.0,Ready to Move,,False,Synthetic
SYN_01085,42200000,2358,4.0,3,2,"Phase 2, Whitefield",20,26,Semi Furnished,East,1.8,Ready to Move,,False,Synthetic
SYN_01086,16170000,974,2.0,2,1,"Sarjapur, Bengaluru",4,4,Semi Furnished,North,1.0,Ready to Move,,False,Synthetic
SYN_01087,10800000,744,2.0,2,1,"Balagere, Bengaluru",2,18,Semi Furnished,North,7.9,Ready to Move,,False,Synthetic
SYN_01088,14480000,2423,4.5,4,2,"V. Kallahalli, Bengaluru",9,30,Unfurnished,North,8.6,Ready to Move,,False,Synthetic
SYN_01089,11280000,1341,2.0,2,1,"Varthur, Bengaluru",17,23,Semi Furnished,East,7.7,Ready to Move,,False,Synthetic
SYN_01090,6090000,988,2.0,2,1,"CQAL Layout, Sahakara Nagar",3,7,Semi Furnished,South,1.5,Ready to Move,,False,Synthetic
SYN_01091,10890000,1101,2.0,1,1,"Excellencia, Choodasandra",2,15,Semi Furnished,West,8.6,Ready to Move,,False,Synthetic
SYN_01092,24060000,1370,3.0,3,1,"Binny Pete, Jagajeevanram Nagar",3,6,Semi Furnished,North,12.2,Ready to Move,,False,Synthetic
SYN_01093,20000000,1047,2.5,2,1,"Kannuru, Bengaluru",10,35,Unfurnished,North,0.7,Upcoming,2026-07-27,True,Synthetic
SYN_01094,19400000,1061,2.0,2,1,"Dodsworth Layout, Whitefield",8,15,Unfurnished,East,20.0,Ready to Move,,False,Synthetic
SYN_01095,23710000,1544,3.0,3,1,"Sathya Sai Layout, Whitefield",14,30,Unfurnished,East,6.0,Ready to Move,,False,Synthetic
SYN_01096,18730000,1209,3.0,2,1,"Akshaya Vana, Begur",3,14,Unfurnished,East,1.9,Ready to Move,,False,Synthetic
SYN_01097,24750000,1549,3.0,3,1,"Babuji Nagar, Attiguppe",11,15,Semi Furnished,North,10.0,Ready to Move,,False,Synthetic
SYN_01098,27350000,1825,3.0,3,1,"4th Phase, JP Nagar",6,31,Semi Furnished,East,6.8,Ready to Move,,False,Synthetic
SYN_01099,24730000,1838,3.0,3,1,"Hadosiddapura, Carmelaram",8,28,Unfurnished,South,20.0,Ready to Move,,False,Synthetic
SYN_01100,11420000,785,1.0,1,1,"Sathya Sai Layout, Whitefield",13,28,Unfurnished,North,1.0,Ready to Move,,True,Synthetic
SYN_01101,15530000,1738,3.0,3,1,"Dodsworth Layout, Whitefield",2,4,Unfurnished,East,4.8,Ready to Move,,False,Synthetic
SYN_01102,9500000,1093,3.0,3,1,"Shriram Sameeksha, Singapura",7,14,Semi Furnished,Unknown,6.5,Ready to Move,,False,Synthetic
SYN_01103,25150000,1580,3.0,3,1,"RWF West Colony, Yelahanka New Town",2,5,Unfurnished,East,10.0,Ready to Move,,False,Synthetic
SYN_01104,11710000,1264,3.0,3,1,"Gullakaipura, Bengaluru",14,14,Semi Furnished,East,5.0,Ready to Move,,False,Synthetic
SYN_01105,39490000,1941,3.0,2,1,"Anjanadri Layout, Konanakunte",2,3,Unfurnished,West,4.7,Ready to Move,,True,Synthetic
SYN_01106,13630000,1058,2.0,2,1,"Bilekahalli, Bengaluru",11,22,Semi Furnished,West,1.0,Ready to Move,,True,Synthetic
SYN_01107,23790000,1938,3.0,3,1,"P&T Layout, Thanisandra",5,8,Semi Furnished,West,4.5,Ready to Move,,False,Synthetic
SYN_01108,13520000,1996,3.0,3,1,"Immadihalli, Whitefield",28,34,Semi Furnished,East,14.3,Ready to Move,,False,Synthetic
SYN_01109,13600000,2465,4.0,4,3,"7th Phase, JP Nagar",1,19,Unfurnished,East,2.0,Ready to Move,,True,Synthetic
SYN_01110,15930000,1645,3.0,3,3,"Gummanahalli, Bengaluru",7,9,Unfurnished,East,10.0,Ready to Move,,False,Synthetic
SYN_01111,16930000,1122,2.0,2,1,"Agrahara Dasarahalli, Rajajinagar",12,24,Unfurnished,West,2.4,Ready to Move,,False,Synthetic
SYN_01112,21790000,1724,3.0,3,1,"Suryanagar, Bommasandra",3,28,Fully Furnished,Unknown,14.8,Ready to Move,,False,Synthetic
SYN_01113,5480000,1085,2.0,2,1,"V S Reddy Colony, Kadugodi",3,5,Semi Furnished,East,25.0,Ready to Move,,False,Synthetic
SYN_01114,45740000,2829,4.0,4,2,"Chansandra, Bengaluru",3,10,Unfurnished,East,2.2,Upcoming,2029-01-09,True,Synthetic
SYN_01115,28880000,1795,3.0,3,1,"Industrial Suburb, Yeswanthpur",3,3,Semi Furnished,East,8.0,Ready to Move,,False,Synthetic
SYN_01116,33960000,1771,3.5,3,2,"Avalahalli, Avalahalli",1,6,Semi Furnished,South,0.4,Ready to Move,,False,Synthetic
SYN_01117,26640000,2409,3.0,3,1,"Ecolife Elements Of Nature, Balagere",13,19,Unfurnished,East,5.9,Ready to Move,,False,Synthetic
SYN_01118,20800000,1507,3.0,3,1,"Gowda Muniswamy Garden, Ejipura",12,20,Unfurnished,East,11.5,Ready to Move,,False,Synthetic
SYN_01119,9220000,1024,2.0,2,1,"Koralur, Samethanahalli",16,20,Unfurnished,West,1.4,Ready to Move,,False,Synthetic
SYN_01120,19430000,1211,3.0,3,1,"Sri Balaji Krupa Layout, R.K. Hegde Nagar",11,21,Unfurnished,West,15.0,Ready to Move,,False,Synthetic
SYN_01121,19490000,1158,3.0,3,1,"Roopena Agrahara, Bommanahalli",4,19,Semi Furnished,East,10.7,Ready to Move,,False,Synthetic
SYN_01122,9250000,947,2.0,2,1,"Orchid Piccadilly, Chokkanahalli",17,26,Unfurnished,East,2.2,Ready to Move,,False,Synthetic
SYN_01123,8850000,1234,2.0,2,1,"Sri Balaji Layout, K R Puram",5,5,Semi Furnished,Unknown,19.1,Ready to Move,,False,Synthetic
SYN_01124,11840000,851,2.0,2,1,"Gummanahalli, Bengaluru",19,21,Semi Furnished,East,8.0,Ready to Move,,False,Synthetic
SYN_01125,13270000,1177,2.0,2,1,"Boovanahalli, Bengaluru",4,13,Unfurnished,North,13.0,Ready to Move,,False,Synthetic
SYN_01126,14390000,1217,3.0,2,1,"Judicial Layout 2nd Phase, Talaghattapura",3,21,Unfurnished,East,9.2,Ready to Move,,False,Synthetic
SYN_01127,7160000,1107,2.0,2,1,"Sompura, Bengaluru",8,15,Semi Furnished,North,10.0,Ready to Move,,False,Synthetic
SYN_01128,17330000,1052,2.0,2,1,"Ilyas Nagar, Kumaraswamy Layout",18,21,Semi Furnished,North,1.7,Ready to Move,,False,Synthetic
SYN_01129,8240000,756,2.0,2,1,"Madhura Nagar, Bengaluru",5,5,Fully Furnished,East,5.9,Ready to Move,,False,Synthetic
SYN_01130,11000000,1015,2.0,2,1,"Prakruthi Layout, HBR Layout",7,19,Semi Furnished,North,9.0,Ready to Move,,False,Synthetic
SYN_01131,11120000,944,2.0,2,1,"PNB Layout, Konanakunte",3,4,Semi Furnished,North,3.6,Ready to Move,,False,Synthetic
SYN_01132,39870000,2602,4.0,4,2,"Sathya Sai Layout, Whitefield",21,41,Fully Furnished,East,7.0,Ready to Move,,False,Synthetic
SYN_01133,9830000,1165,2.0,2,1,"Shriram Sameeksha, Singapura",8,12,Semi Furnished,East,0.9,Ready to Move,,False,Synthetic
SYN_01134,10110000,1047,2.0,2,1,"Kaverappa Layout, Kadubeesanahalli",14,21,Semi Furnished,West,0.8,Ready to Move,,False,Synthetic
SYN_01135,52620000,3916,5.0,5,2,"Sarjapur, Bengaluru",20,20,Fully Furnished,East,6.0,Ready to Move,,False,Synthetic
SYN_01136,10150000,1079,2.0,2,2,"Kadubeesanahalli, Bengaluru",3,13,Semi Furnished,East,3.7,Upcoming,2026-07-29,True,Synthetic
SYN_01137,12170000,1073,2.0,2,2,"Chambenahalli, Bengaluru",2,5,Semi Furnished,North,13.0,Ready to Move,,False,Synthetic
SYN_01138,20960000,1506,3.0,3,1,"Praghathi Pura, Padmanabhanagar",6,18,Semi Furnished,South,14.8,Ready to Move,,False,Synthetic
SYN_01139,11770000,1248,2.0,2,1,"Choodasandra, Bengaluru",5,23,Semi Furnished,North,0.5,Ready to Move,,False,Synthetic
SYN_01140,12280000,912,2.0,2,1,"Chaithanya Samarth, Bommenahalli",0,4,Unfurnished,Unknown,13.0,Ready to Move,,False,Synthetic
SYN_01141,27280000,1777,3.0,3,1,"Chikkabasavanapura, K R Puram",13,18,Semi Furnished,South,1.4,Upcoming,2026-04-01,True,Synthetic
SYN_01142,9100000,1010,2.0,2,0,"BEML Cooperative Society Layout, Bidaraguppe",3,23,Semi Furnished,North,4.4,Ready to Move,,True,Synthetic
SYN_01143,14240000,1104,3.0,3,1,"Carmelaram, Bengaluru",4,4,Semi Furnished,North,1.2,Ready to Move,,False,Synthetic
SYN_01144,11330000,1102,1.0,1,1,"Gummanahalli, Bengaluru",3,4,Semi Furnished,East,11.0,Ready to Move,,False,Synthetic
SYN_01145,10730000,965,2.0,2,1,"Devasthanagalu, Varthur",11,12,Semi Furnished,North,18.0,Ready to Move,,False,Synthetic
SYN_01146,14090000,1030,2.0,2,1,"S.Bingipura, Bengaluru",3,9,Semi Furnished,West,7.0,Ready to Move,,False,Synthetic
SYN_01147,8610000,871,2.0,2,1,"Navarathna Agrahara, Bengaluru",19,21,Unfurnished,Unknown,6.0,Ready to Move,,False,Synthetic
SYN_01148,11590000,1804,3.0,3,1,"Vyalikaval HBCS Layout, Nagavara",21,25,Unfurnished,East,1.0,Ready to Move,,False,Synthetic
SYN_01149,24930000,1506,3.0,2,1,"Channasandra Layout, Srinivaspura",5,14,Semi Furnished,Unknown,1.6,Ready to Move,,False,Synthetic
SYN_01150,27030000,1544,3.0,3,1,"Whitefield, Bengaluru",0,5,Semi Furnished,South,4.0,Ready to Move,,False,Synthetic
SYN_01151,12030000,1050,2.0,2,1,"Manayata Tech Park, Thanisandra",8,9,Semi Furnished,Unknown,12.7,Ready to Move,,False,Synthetic
SYN_01152,35300000,2293,3.5,3,1,"Gunjur Village, Bengaluru",23,24,Semi Furnished,East,2.5,Ready to Move,,True,Synthetic
SYN_01153,27770000,1678,3.0,3,1,"Chansandra, Bengaluru",22,25,Fully Furnished,East,11.0,Ready to Move,,True,Synthetic
SYN_01154,6760000,993,2.0,2,1,"Rachenahalli, Sampigehalli",5,13,Semi Furnished,North,14.4,Ready to Move,,False,Synthetic
SYN_01155,16040000,1104,2.0,2,1,"Manayata Tech Park, Thanisandra",4,4,Unfurnished,West,0.4,Ready to Move,,False,Synthetic
SYN_01156,11220000,1393,2.5,2,1,"Seegehalli, K R Puram",23,26,Unfurnished,Unknown,0.6,Ready to Move,,True,Synthetic
SYN_01157,16320000,1483,3.0,3,1,"Konappana Agrahara, Electronic City",1,7,Semi Furnished,East,13.5,Ready to Move,,False,Synthetic
SYN_01158,29130000,1540,3.0,3,1,"Basavanapura, K R Puram",24,34,Semi Furnished,South,4.2,Ready to Move,,False,Synthetic
SYN_01159,8970000,868,1.0,1,2,"Boovanahalli, Bengaluru",3,5,Semi Furnished,East,1.9,Ready to Move,,False,Synthetic
SYN_01160,47490000,3413,4.0,4,1,"Sri Balaji Krupa Layout, Kothnur Narayanapura",3,4,Semi Furnished,Unknown,2.2,Ready to Move,,True,Synthetic
SYN_01161,24970000,1685,3.0,3,1,"Ardendale, Kannamangala - Whitefield Hoskote Road",20,27,Semi Furnished,East,0.7,Ready to Move,,False,Synthetic
SYN_01162,41100000,3057,4.0,4,2,"Green Glen Layout, Bellandur",11,14,Unfurnished,East,1.0,Ready to Move,,False,Synthetic
SYN_01163,22440000,1700,3.0,3,1,"Aishwarya Crystal Layout, Begur",3,4,Unfurnished,North,1.0,Ready to Move,,False,Synthetic
SYN_01164,15160000,1018,2.0,2,1,"Devasthanagalu, Varthur",10,10,Semi Furnished,East,1.0,Ready to Move,,False,Synthetic
SYN_01165,13010000,730,2.0,2,1,"Suma Dhura Eden Garden, Chikkabana Halli",6,13,Semi Furnished,Unknown,1.2,Ready to Move,,True,Synthetic
SYN_01166,12710000,1403,3.0,2,1,"Bengaluru Hardware Park, Bengaluru",6,19,Semi Furnished,East,16.1,Ready to Move,,False,Synthetic
SYN_01167,12890000,1152,2.0,2,1,"Gunjur Palya, Bengaluru",13,18,Semi Furnished,West,6.4,Ready to Move,,False,Synthetic
SYN_01168,9280000,1626,3.0,2,2,"Battarahalli, K R Puram",7,13,Unfurnished,East,7.4,Upcoming,2027-01-02,True,Synthetic
SYN_01169,15500000,1104,3.0,2,1,"Stage 3, Indira Nagar",5,5,Unfurnished,East,1.0,Ready to Move,,False,Synthetic
SYN_01170,15750000,1041,2.0,2,1,"Manayata Tech Park, Thanisandra",9,30,Semi Furnished,East,7.1,Ready to Move,,False,Synthetic
SYN_01171,13880000,1432,3.0,3,1,"Channasandra Layout, Srinivaspura",11,12,Unfurnished,South,1.0,Upcoming,2026-11-11,True,Synthetic
SYN_01172,26140000,2456,3.0,3,2,"Sarjapur, Bengaluru",2,4,Unfurnished,Unknown,2.5,Ready to Move,,False,Synthetic
SYN_01173,17420000,1779,3.0,3,1,"Thirumalashettyhally, Bengaluru",22,29,Semi Furnished,East,5.8,Ready to Move,,False,Synthetic
SYN_01174,27660000,1896,3.0,3,1,"Sai Sree Layout, Parappana Agrahara",6,28,Unfurnished,North,18.0,Upcoming,2027-03-14,True,Synthetic
SYN_01175,14080000,1471,2.0,2,1,"Govinda Reddy Layout, Panduranga Nagar",25,26,Semi Furnished,West,11.5,Ready to Move,,False,Synthetic
SYN_01176,20980000,1954,3.0,3,1,"2nd Stage, Uttarahalli Hobli",4,14,Unfurnished,Unknown,4.8,Ready to Move,,False,Synthetic
SYN_01177,11020000,919,2.0,2,1,"Phase I, Electronic City",16,17,Unfurnished,East,3.0,Ready to Move,,False,Synthetic
SYN_01178,12030000,1093,2.0,2,1,"Gopalan Olympia, Kumbalgodu",8,12,Semi Furnished,East,15.0,Ready to Move,,False,Synthetic
SYN_01179,22480000,2076,4.0,4,2,"Cleveland Town, Frazer Town",0,15,Unfurnished,West,9.0,Ready to Move,,False,Synthetic
SYN_01180,17190000,1398,3.0,3,1,"Phase I, Electronic City",0,14,Semi Furnished,East,10.0,Ready to Move,,False,Synthetic
SYN_01181,14340000,1198,2.0,2,1,"Gunjur Palya, Bengaluru",0,21,Unfurnished,Unknown,2.2,Ready to Move,,False,Synthetic
SYN_01182,15640000,1195,2.0,2,2,"Hemmigepura Ward 198, RR Nagar",3,4,Unfurnished,Unknown,9.0,Ready to Move,,False,Synthetic
SYN_01183,21660000,1727,3.0,3,1,"Lakedew Residency- Phase 2, Harlur",10,24,Semi Furnished,Unknown,16.0,Ready to Move,,True,Synthetic
SYN_01184,13610000,1079,2.0,2,1,"Hadosiddapura, Carmelaram",5,14,Semi Furnished,East,2.8,Ready to Move,,False,Synthetic
SYN_01185,11530000,1529,3.0,3,1,"Terracon Doctors Enclave, Chandapura",12,15,Semi Furnished,East,8.3,Ready to Move,,False,Synthetic
SYN_01186,22770000,1130,2.0,2,1,"BEML Cooperative Society Layout, Bidaraguppe",0,4,Unfurnished,Unknown,2.9,Ready to Move,,False,Synthetic
SYN_01187,12730000,1226,2.0,2,1,"Hadosiddapura, Chikkakannalli",14,27,Semi Furnished,East,1.0,Ready to Move,,False,Synthetic
SYN_01188,28140000,1825,3.0,3,2,"Seegehalli, K R Puram",9,13,Semi Furnished,Unknown,6.1,Ready to Move,,False,Synthetic
SYN_01189,14550000,1059,2.0,2,1,"Dodsworth Layout, Whitefield",8,29,Semi Furnished,West,1.2,Ready to Move,,False,Synthetic
SYN_01190,13230000,1471,2.0,2,1,"Phase I, Electronic City",1,19,Unfurnished,North,15.1,Ready to Move,,False,Synthetic
SYN_01191,10850000,1760,3.0,3,1,"Munnireddy Layout, Panathur",11,27,Unfurnished,East,3.0,Ready to Move,,False,Synthetic
SYN_01192,11150000,1010,2.0,2,2,"Belathur, K R Puram",4,5,Semi Furnished,West,9.0,Ready to Move,,False,Synthetic
SYN_01193,17630000,1448,2.0,2,1,"Abbaiah Reddy Layout, Kaggadasapura",8,12,Unfurnished,East,2.0,Ready to Move,,False,Synthetic
SYN_01194,13480000,1224,3.0,3,1,"Devasthanagalu, Varthur",0,5,Semi Furnished,Unknown,7.0,Upcoming,2026-08-29,True,Synthetic
SYN_01195,29440000,2434,4.0,4,3,"Suryanagar, Bommasandra",16,16,Semi Furnished,East,1.0,Ready to Move,,False,Synthetic
SYN_01196,19620000,1236,3.0,3,2,"HAL 2nd Stage, Indira Nagar",7,12,Unfurnished,East,8.8,Ready to Move,,False,Synthetic
SYN_01197,74710000,5108,4.0,4,1,"Meenakunte, Bengaluru",5,14,Semi Furnished,East,0.9,Ready to Move,,False,Synthetic
SYN_01198,20020000,1719,3.0,3,1,"Gummanahalli, Bengaluru",5,15,Semi Furnished,West,11.6,Ready to Move,,False,Synthetic
SYN_01199,17740000,2013,3.0,3,4,"Boovanahalli, Bengaluru",3,12,Unfurnished,East,4.8,Ready to Move,,False,Synthetic
SYN_01200,29530000,2056,3.0,3,1,"Nallurhalli, Whitefield",6,14,Unfurnished,North,5.0,Upcoming,2029-10-15,True,Synthetic
SYN_01201,15500000,1151,2.0,2,1,"Devarachikkana Halli, Bengaluru",2,15,Unfurnished,East,11.7,Ready to Move,,False,Synthetic
SYN_01202,21150000,1597,3.0,2,2,"Pantarapalya, Nayandahalli",8,14,Unfurnished,East,5.0,Ready to Move,,False,Synthetic
SYN_01203,18800000,1190,2.0,2,1,"Yadavanahalli, Bengaluru",7,19,Semi Furnished,East,8.5,Ready to Move,,False,Synthetic
SYN_01204,15530000,1471,3.0,2,1,"Shikaripalya, Electronic City",13,19,Semi Furnished,North,4.6,Ready to Move,,False,Synthetic
SYN_01205,21190000,1471,2.0,2,2,"Carmelaram, Bengaluru",4,4,Unfurnished,West,9.0,Ready to Move,,False,Synthetic
SYN_01206,11160000,1713,3.0,3,1,"Hoodi, Bengaluru",2,4,Unfurnished,West,4.6,Ready to Move,,False,Synthetic
SYN_01207,22120000,1224,2.0,2,1,"Sector 1, HSR Layout",0,5,Semi Furnished,East,11.1,Upcoming,2027-03-08,True,Synthetic
SYN_01208,19590000,1873,3.0,2,1,"Gunjur Palya, Bengaluru",7,19,Semi Furnished,East,1.0,Ready to Move,,False,Synthetic
SYN_01209,15190000,1558,3.0,3,2,"Gummanahalli, Bengaluru",4,5,Unfurnished,East,10.5,Ready to Move,,False,Synthetic
SYN_01210,25660000,1406,3.0,3,1,"Chansandra, Bengaluru",11,21,Unfurnished,North,15.5,Ready to Move,,True,Synthetic
SYN_01211,15370000,1152,2.0,2,1,"Kuvempu Layout, Visthar",4,4,Semi Furnished,West,15.1,Ready to Move,,False,Synthetic
SYN_01212,11910000,941,2.0,2,1,"Devasthanagalu, Varthur",3,5,Semi Furnished,East,10.0,Ready to Move,,False,Synthetic
SYN_01213,10900000,975,2.0,2,2,"Budigere Cross, Bengaluru",17,28,Unfurnished,East,7.0,Ready to Move,,False,Synthetic
SYN_01214,32710000,1869,3.0,3,1,"Anand Nagar, Hebbal",27,27,Semi Furnished,Unknown,0.4,Upcoming,2026-08-12,True,Synthetic
SYN_01215,24660000,1804,3.5,3,1,"Navarathna Agrahara, Bengaluru",0,5,Unfurnished,West,17.3,Ready to Move,,False,Synthetic
SYN_01216,33650000,2321,4.0,4,1,"Nallurhalli, Whitefield",2,3,Semi Furnished,South-East,9.0,Upcoming,2028-04-30,True,Synthetic
SYN_01217,18240000,1614,3.0,2,4,"Yelahanka, Bengaluru",4,4,Semi Furnished,East,11.0,Ready to Move,,False,Synthetic
SYN_01218,22000000,1219,2.0,2,0,"Thirumalashettyhally, Bengaluru",7,13,Unfurnished,West,1.0,Upcoming,2026-12-08,True,Synthetic
SYN_01219,25860000,1752,3.0,3,1,"Varthur, Bengaluru",15,26,Unfurnished,North,9.0,Ready to Move,,True,Synthetic
SYN_01220,11330000,1077,2.0,2,1,"Belathur, K R Puram",0,4,Unfurnished,South,7.9,Ready to Move,,False,Synthetic
SYN_01221,36880000,2565,3.0,3,1,"Varthur, Bengaluru",17,24,Unfurnished,Unknown,12.0,Ready to Move,,False,Synthetic
SYN_01222,30230000,2001,3.0,2,1,"Konadasapura, Bengaluru",4,6,Unfurnished,East,6.7,Ready to Move,,False,Synthetic
SYN_01223,12000000,817,2.0,2,1,"Phase 1, Whitefield",4,5,Semi Furnished,East,0.7,Upcoming,2026-05-27,True,Synthetic
SYN_01224,12710000,1211,2.0,2,1,"Devin Paradise Enclave, Chokkanahalli",14,14,Semi Furnished,East,1.9,Ready to Move,,True,Synthetic
SYN_01225,12760000,1205,2.0,2,1,"9th Phase, JP Nagar",2,6,Unfurnished,East,6.1,Ready to Move,,False,Synthetic
SYN_01226,25570000,1690,3.0,3,1,"Hoodi, Bengaluru",5,12,Semi Furnished,East,2.0,Ready to Move,,False,Synthetic
SYN_01227,8300000,730,2.0,2,1,"Devasthanagalu, Varthur",2,21,Semi Furnished,West,2.1,Ready to Move,,False,Synthetic
SYN_01228,14720000,1490,3.0,3,1,"Essel Gardens, Bengaluru",0,10,Semi Furnished,East,6.0,Ready to Move,,False,Synthetic
SYN_01229,33910000,1849,3.0,3,1,"East Of NGEF Layout, Kasturi Nagar",21,22,Unfurnished,East,12.0,Ready to Move,,False,Synthetic
SYN_01230,31910000,1583,3.0,3,1,"Dream Meadows, Brookefield",7,13,Unfurnished,East,5.2,Upcoming,2031-09-25,True,Synthetic
SYN_01231,15380000,1149,2.0,2,1,"Shinivagalu Tank Bed Layout, Koramangala",4,4,Semi Furnished,Unknown,5.9,Ready to Move,,False,Synthetic
SYN_01232,12550000,941,2.0,2,1,"Phase I, Electronic City",16,23,Semi Furnished,East,1.0,Ready to Move,,True,Synthetic
SYN_01233,36140000,1712,3.0,3,1,"South Avenue Layout, Gottigere",2,13,Semi Furnished,East,26.0,Upcoming,2026-04-24,True,Synthetic
SYN_01234,20560000,1408,2.0,2,1,"Varthur, Bengaluru",4,4,Semi Furnished,East,1.0,Ready to Move,,False,Synthetic
SYN_01235,35780000,2565,3.0,3,1,"Kattanallur, Sannatammanahalli",12,26,Unfurnished,East,15.8,Ready to Move,,False,Synthetic
SYN_01236,7880000,1058,2.0,2,0,"Dodsworth Layout, Whitefield",5,10,Semi Furnished,Unknown,4.2,Ready to Move,,False,Synthetic
SYN_01237,33360000,1758,3.0,3,1,"Gopalapura, Binnipete",21,25,Semi Furnished,East,7.0,Ready to Move,,False,Synthetic
SYN_01238,36050000,2180,3.0,3,1,"Thigala Chowdadenahalli, Bengaluru",0,4,Semi Furnished,Unknown,10.0,Ready to Move,,False,Synthetic
SYN_01239,41370000,2334,4.0,4,2,"Devin Paradise Enclave, Nagareshwara - Nagenahalli",8,14,Semi Furnished,East,4.7,Ready to Move,,False,Synthetic
SYN_01240,20230000,1229,3.0,3,1,"Lords Steps Layout, Panathur",10,22,Semi Furnished,North,1.0,Ready to Move,,False,Synthetic
SYN_01241,13920000,1209,2.0,2,1,"Manayata Tech Park, Thanisandra",1,8,Unfurnished,East,11.1,Ready to Move,,False,Synthetic
SYN_01242,17920000,1145,3.0,3,1,"Janatha Colony, Doddakannelli",8,9,Semi Furnished,Unknown,5.7,Ready to Move,,False,Synthetic
SYN_01243,53590000,2200,3.0,2,1,"Anjanadri Layout, Konanakunte",11,31,Semi Furnished,Unknown,1.7,Ready to Move,,False,Synthetic
SYN_01244,10890000,525,1.0,1,1,"Kannuru, Bengaluru",19,22,Unfurnished,Unknown,4.0,Ready to Move,,False,Synthetic
SYN_01245,10940000,1399,2.0,2,2,"Seegehalli, Whitefield - Hoskote Road, K R Puram",1,5,Semi Furnished,East,1.8,Ready to Move,,False,Synthetic
SYN_01246,54000000,3925,4.0,4,1,"Dream Meadows, Brookefield",19,23,Unfurnished,West,8.2,Ready to Move,,False,Synthetic
SYN_01247,28620000,1574,3.0,3,1,"Vallabha Nagar, Uttarahalli Hobli",15,18,Unfurnished,East,1.0,Ready to Move,,False,Synthetic
SYN_01248,18270000,1920,3.0,3,1,"Budigere Cross, Bengaluru",2,5,Semi Furnished,East,1.7,Ready to Move,,False,Synthetic
SYN_01249,15830000,1450,3.0,3,1,"Vignana Kendra, Bengaluru",8,21,Unfurnished,West,3.8,Upcoming,2027-12-18,True,Synthetic
SYN_01250,15220000,1418,3.0,3,1,"Dodsworth Layout, Whitefield",16,23,Unfurnished,West,6.2,Ready to Move,,False,Synthetic
SYN_01251,5430000,523,1.0,1,0,"Yelachanayakanapura, Bengaluru",2,7,Semi Furnished,North,10.2,Ready to Move,,True,Synthetic
SYN_01252,13670000,1152,2.0,2,1,"Doddakannelli, Bengaluru",9,19,Semi Furnished,North,9.0,Ready to Move,,False,Synthetic
SYN_01253,23460000,1904,3.0,3,1,"Kodathi, Bengaluru",5,5,Semi Furnished,East,15.0,Ready to Move,,False,Synthetic
SYN_01254,25190000,1531,3.0,2,1,"Ambedkar Colony, Yelahanka",11,14,Unfurnished,West,4.0,Ready to Move,,False,Synthetic
SYN_01255,17870000,1822,3.0,3,1,"Ardendale, Kannamangala - Whitefield Hoskote Road",8,18,Unfurnished,East,7.2,Ready to Move,,False,Synthetic
SYN_01256,10060000,923,2.0,2,1,"Muthurayya Swamy Layout, Hulimavu",3,4,Semi Furnished,East,2.7,Ready to Move,,False,Synthetic
SYN_01257,13140000,1103,2.0,2,1,"Hanumanthappa Layout, Kyalasanahalli",21,26,Semi Furnished,West,1.9,Ready to Move,,True,Synthetic
SYN_01258,28710000,2237,3.0,3,1,"HAL 2nd Stage, Indira Nagar",9,9,Semi Furnished,East,1.3,Ready to Move,,True,Synthetic
SYN_01259,18560000,1477,3.0,3,2,"OMBR Layout, Banaswadi",2,6,Semi Furnished,North,4.1,Ready to Move,,False,Synthetic
SYN_01260,28480000,2056,3.0,2,1,"Jyotipuram, Bengaluru",5,21,Semi Furnished,North,10.4,Ready to Move,,False,Synthetic
SYN_01261,21050000,1674,3.0,3,1,"Devanahalli, Bengaluru",29,33,Semi Furnished,North,9.1,Ready to Move,,True,Synthetic
SYN_01262,36690000,2344,4.0,4,2,"Bileshivale, Bengaluru",41,42,Semi Furnished,East,7.0,Ready to Move,,False,Synthetic
SYN_01263,6630000,490,1.0,1,2,"Sarjapur, Bengaluru",5,28,Unfurnished,East,2.1,Ready to Move,,False,Synthetic
SYN_01264,29210000,1992,3.0,3,1,"Sri Balaji Krupa Layout, R.K. Hegde Nagar",15,22,Unfurnished,West,7.0,Ready to Move,,False,Synthetic
SYN_01265,19940000,1291,2.0,2,1,"Devasthanagalu, Varthur",11,14,Semi Furnished,West,10.5,Ready to Move,,False,Synthetic
SYN_01266,13570000,1148,2.5,2,1,"Yadavanahalli, Bengaluru",8,14,Semi Furnished,East,6.6,Ready to Move,,True,Synthetic
SYN_01267,13160000,1436,3.0,3,2,"Sri Balaji Krupa Layout, R.K. Hegde Nagar",6,19,Unfurnished,North,9.3,Ready to Move,,False,Synthetic
SYN_01268,23410000,1893,3.0,2,1,"Dommasandra, Bengaluru",1,27,Semi Furnished,East,8.2,Ready to Move,,False,Synthetic
SYN_01269,9890000,1018,2.0,2,1,"Chikkanagamangala, Bengaluru",4,5,Semi Furnished,North,6.0,Upcoming,2026-05-09,True,Synthetic
SYN_01270,24480000,1730,3.0,3,1,"Vidhya Jyothi Nagar, Hongasandra",13,18,Semi Furnished,East,12.1,Ready to Move,,False,Synthetic
SYN_01271,18710000,1378,2.0,2,1,"Manayata Tech Park, Thanisandra",1,33,Semi Furnished,East,14.8,Ready to Move,,False,Synthetic
SYN_01272,25700000,1628,3.0,3,2,"Anchepalya, Bengaluru",7,16,Semi Furnished,North,10.3,Ready to Move,,False,Synthetic
SYN_01273,12850000,1050,2.0,2,1,"ITI Employees Housing Colony, Dooravani Nagar",10,21,Semi Furnished,East,2.6,Ready to Move,,True,Synthetic
SYN_01274,19360000,1313,2.0,2,1,"Phase 1, Whitefield",0,12,Semi Furnished,East,4.0,Ready to Move,,False,Synthetic
SYN_01275,13110000,817,2.0,2,1,"Balagere, Bengaluru",4,4,Semi Furnished,Unknown,8.5,Ready to Move,,False,Synthetic
SYN_01276,8670000,1146,2.0,2,1,"Phase I, Electronic City",7,30,Semi Furnished,East,1.0,Ready to Move,,False,Synthetic
SYN_01277,15670000,1810,3.0,3,1,"Horamavu Agara, Lakeview Residency",2,27,Semi Furnished,Unknown,14.0,Upcoming,2026-09-21,True,Synthetic
SYN_01278,15980000,1093,3.0,3,1,"Kothnur, JP Nagar",7,14,Semi Furnished,East,13.0,Ready to Move,,False,Synthetic
SYN_01279,9810000,637,1.0,1,1,"Lords Steps Layout, Panathur",16,23,Unfurnished,North,1.0,Ready to Move,,False,Synthetic
SYN_01280,19460000,1031,3.0,3,1,"Anjanadri Layout, Konanakunte",4,5,Semi Furnished,East,1.0,Ready to Move,,False,Synthetic
SYN_01281,13860000,1159,2.0,2,1,"Dodsworth Layout, Whitefield",3,4,Semi Furnished,East,3.0,Ready to Move,,False,Synthetic
SYN_01282,12460000,788,2.0,2,1,"Kodigehalli, K R Puram",4,35,Unfurnished,North,1.0,Ready to Move,,False,Synthetic
SYN_01283,7650000,1098,2.0,2,0,"Gollahalli, Electronic City",25,28,Semi Furnished,North,3.5,Ready to Move,,False,Synthetic
SYN_01284,9890000,1130,2.0,2,1,"Glass Factory Layout, Electronic City",4,4,Semi Furnished,West,2.7,Ready to Move,,False,Synthetic
SYN_01285,10170000,1070,2.0,2,3,"Kammasandra, Electronic City",15,15,Semi Furnished,East,5.9,Ready to Move,,False,Synthetic
SYN_01286,11090000,941,2.0,2,1,"Boodihal, Bengaluru",0,4,Semi Furnished,East,14.0,Ready to Move,,False,Synthetic
SYN_01287,14410000,1300,2.0,2,1,"Belatur Colony, K R Puram",1,14,Semi Furnished,Unknown,12.0,Ready to Move,,False,Synthetic
SYN_01288,6870000,730,2.0,2,2,"Gummanahalli, Bengaluru",0,4,Unfurnished,East,4.8,Ready to Move,,True,Synthetic
SYN_01289,6310000,758,1.0,1,1,"Sarjapur, Bengaluru",16,30,Unfurnished,North,7.0,Ready to Move,,False,Synthetic
SYN_01290,7790000,689,1.0,1,1,"Suryanagar, Bommasandra",12,14,Unfurnished,East,0.0,Upcoming,2027-04-30,True,Synthetic
SYN_01291,26200000,1773,3.5,4,3,"Avalahalli, Avalahalli",11,32,Unfurnished,West,1.7,Ready to Move,,False,Synthetic
SYN_01292,13600000,1777,3.0,3,1,"Sanjeevini Nagar, Bengaluru",6,19,Semi Furnished,North,7.3,Upcoming,2030-07-06,True,Synthetic
SYN_01293,23750000,1722,3.0,3,1,"Mahaveer Varna Whitefield, Kannamangala - Whitefield Hoskote Road",2,15,Semi Furnished,North,18.0,Ready to Move,,False,Synthetic
SYN_01294,13770000,765,1.0,1,1,"Hulimavu, Bengaluru",13,29,Semi Furnished,Unknown,7.0,Upcoming,2028-01-10,True,Synthetic
SYN_01295,12410000,1335,2.5,2,1,"Tunganagara, Bengaluru",10,11,Semi Furnished,East,2.2,Ready to Move,,False,Synthetic
SYN_01296,35130000,2261,3.0,3,1,"Devasthanagalu, Varthur",1,4,Semi Furnished,North,15.0,Ready to Move,,True,Synthetic
SYN_01297,36020000,1617,3.0,3,1,"Nallurhalli, Whitefield",8,10,Semi Furnished,Unknown,15.6,Ready to Move,,True,Synthetic
SYN_01298,11730000,1079,2.0,2,1,"Prakruthi Nagar, Kogilu",4,5,Fully Furnished,East,9.1,Ready to Move,,False,Synthetic
SYN_01299,58800000,2565,3.0,3,1,"Attibele, Bengaluru",3,4,Semi Furnished,East,3.9,Ready to Move,,False,Synthetic
SYN_01300,8440000,853,2.0,2,1,"Sudhama Nagar, Jeevan Bima Nagar",2,7,Unfurnished,West,2.2,Ready to Move,,False,Synthetic
SYN_01301,29760000,1755,3.0,3,1,"Medahalli, Bengaluru",17,18,Semi Furnished,East,6.0,Ready to Move,,False,Synthetic
SYN_01302,38810000,1792,3.0,3,2,"Shabhari Nagar, Sahakara Nagar",11,18,Semi Furnished,East,20.0,Upcoming,2026-07-11,True,Synthetic
SYN_01303,15950000,1048,2.0,2,0,"Ardendale, Kannamangala - Whitefield Hoskote Road",0,4,Semi Furnished,East,4.0,Ready to Move,,False,Synthetic
SYN_01304,19650000,1931,3.0,3,1,"Hosahalli, Bengaluru",8,16,Unfurnished,East,9.0,Ready to Move,,False,Synthetic
SYN_01305,18100000,1405,3.0,3,1,"Balagere, Bengaluru",0,12,Semi Furnished,East,7.1,Upcoming,2026-10-22,True,Synthetic
SYN_01306,23940000,1579,3.0,3,1,"Ardendale, Kannamangala - Whitefield Hoskote Road",18,27,Unfurnished,North,0.9,Ready to Move,,False,Synthetic
SYN_01307,25910000,1998,3.0,3,1,"Kyalasanahalli, Bengaluru",3,5,Semi Furnished,Unknown,2.0,Ready to Move,,True,Synthetic
SYN_01308,25280000,2056,3.0,2,1,"Chikku Lakshmaiah Layout, Adugodi",11,18,Unfurnished,Unknown,9.0,Ready to Move,,False,Synthetic
SYN_01309,18340000,671,1.0,1,1,"Yadavanahalli, Bengaluru",0,4,Unfurnished,West,6.2,Ready to Move,,False,Synthetic
SYN_01310,24830000,1588,3.0,3,2,"Green Glen Layout, Bellandur",1,12,Semi Furnished,East,0.8,Ready to Move,,False,Synthetic
SYN_01311,8130000,766,2.0,2,1,"Aishwarya Crystal Layout, Begur",10,10,Semi Furnished,West,6.1,Ready to Move,,False,Synthetic
SYN_01312,50290000,3564,4.0,4,2,"Sagayapura, Richards Town",14,16,Unfurnished,Unknown,4.1,Ready to Move,,False,Synthetic
SYN_01313,22630000,1869,3.0,3,1,"Adityanagar, Vidyaranyapura",10,18,Semi Furnished,East,5.9,Ready to Move,,False,Synthetic
SYN_01314,10960000,1105,2.0,2,1,"Hunasamaranahalli, Bengaluru",0,10,Semi Furnished,East,13.4,Ready to Move,,False,Synthetic
SYN_01315,9820000,1175,2.0,2,1,"Attibele, Bengaluru",12,27,Semi Furnished,Unknown,13.6,Ready to Move,,False,Synthetic
SYN_01316,24410000,1641,3.0,3,1,"Mahaveer Varna Whitefield, Kannamangala - Whitefield Hoskote Road",4,17,Semi Furnished,East,1.1,Upcoming,2026-12-05,True,Synthetic
SYN_01317,8690000,992,2.0,2,1,"Boovanahalli, Bengaluru",4,19,Unfurnished,East,6.9,Ready to Move,,False,Synthetic
SYN_01318,16000000,1429,3.0,3,1,"Medahalli, Bengaluru",1,17,Semi Furnished,East,3.9,Ready to Move,,False,Synthetic
SYN_01319,14940000,1682,3.0,3,1,"Dommasandra, Bengaluru",0,5,Semi Furnished,East,1.6,Ready to Move,,False,Synthetic
SYN_01320,11300000,1157,2.0,2,1,"Bengaluru Hardware Park, Bengaluru",2,5,Unfurnished,North,2.6,Ready to Move,,False,Synthetic
SYN_01321,10150000,934,2.0,2,1,"Varthur, Bengaluru",10,15,Unfurnished,Unknown,1.2,Ready to Move,,False,Synthetic
SYN_01322,13050000,1612,3.0,3,1,"Gummanahalli, Bengaluru",4,4,Semi Furnished,South,0.9,Ready to Move,,False,Synthetic
SYN_01323,18120000,1076,3.0,3,1,"Binny Pete, Jagajeevanram Nagar",6,12,Unfurnished,East,1.5,Ready to Move,,False,Synthetic
SYN_01324,13410000,1030,2.0,2,1,"Upkar Layout, Whitefield",1,13,Unfurnished,East,7.4,Ready to Move,,False,Synthetic
SYN_01325,7020000,1115,2.0,2,1,"Raghuvanahalli, Bangalore City Municipal Corporation Layout",16,19,Semi Furnished,Unknown,1.0,Ready to Move,,False,Synthetic
SYN_01326,12720000,1112,2.0,2,1,"Devin Paradise Enclave, Tirumanahalli",2,5,Semi Furnished,North,1.0,Ready to Move,,False,Synthetic
SYN_01327,25470000,1635,3.0,3,1,"Belur Nagasandra, Bellandur",16,17,Unfurnished,North,6.2,Ready to Move,,False,Synthetic
SYN_01328,38810000,2432,4.0,4,2,"Green Glen Layout, Bellandur",14,25,Unfurnished,East,1.5,Ready to Move,,False,Synthetic
SYN_01329,9470000,721,1.0,1,1,"Buena Vista, Bommenahalli",8,14,Unfurnished,East,1.1,Ready to Move,,False,Synthetic
SYN_01330,16860000,1170,2.0,2,1,"Gunjur Village, Bengaluru",9,32,Semi Furnished,North,3.9,Ready to Move,,False,Synthetic
SYN_01331,18710000,1434,3.0,3,1,"3G Homes Crimson Layout, Kadugodi",0,10,Semi Furnished,East,1.4,Upcoming,2030-02-27,True,Synthetic
SYN_01332,26810000,1487,3.0,3,1,"Isha Misty Green, Chansandra",0,4,Semi Furnished,Unknown,9.0,Ready to Move,,False,Synthetic
SYN_01333,15130000,1490,3.0,3,1,"Belathur, K R Puram",9,15,Unfurnished,South,1.0,Ready to Move,,False,Synthetic
SYN_01334,29530000,1911,3.0,2,2,"Nallurhalli, Whitefield",10,34,Fully Furnished,North,1.2,Ready to Move,,True,Synthetic
SYN_01335,22420000,1655,3.0,3,1,"Sri Balaji Krupa Layout, R.K. Hegde Nagar",1,5,Unfurnished,North,8.0,Ready to Move,,False,Synthetic
SYN_01336,6480000,884,2.0,2,1,"Sompura, Bengaluru",0,18,Unfurnished,East,5.0,Ready to Move,,False,Synthetic
SYN_01337,30530000,1824,3.0,3,2,"Medahalli, Bengaluru",15,17,Semi Furnished,Unknown,7.0,Ready to Move,,False,Synthetic
SYN_01338,15870000,1018,2.0,2,3,"Buena Vista, Bommenahalli",3,14,Semi Furnished,South,3.0,Ready to Move,,False,Synthetic
SYN_01339,25730000,1985,3.0,3,1,"Dommasandra, Bengaluru",8,9,Semi Furnished,East,1.4,Ready to Move,,False,Synthetic
SYN_01340,4990000,432,1.0,1,1,"Chikkagubbi Village, Bengaluru",15,28,Fully Furnished,Unknown,3.0,Ready to Move,,False,Synthetic
SYN_01341,30010000,2225,4.0,4,3,"Sathnur, Bengaluru",2,14,Unfurnished,North,1.0,Ready to Move,,False,Synthetic
SYN_01342,14420000,1388,3.0,3,1,"Aishwarya Crystal Layout, Begur",0,4,Unfurnished,Unknown,2.0,Ready to Move,,False,Synthetic
SYN_01343,236930000,8945,5.0,5,2,"One Bangalore West, Rajajinagar",0,3,Semi Furnished,East,3.0,Ready to Move,,False,Synthetic
SYN_01344,9950000,905,2.0,2,2,"Belathur, K R Puram",2,9,Semi Furnished,West,5.0,Ready to Move,,False,Synthetic
SYN_01345,21000000,1782,3.0,3,1,"CQAL Layout, Sahakara Nagar",25,29,Semi Furnished,West,7.0,Ready to Move,,False,Synthetic
SYN_01346,6360000,1166,2.0,2,0,"Gottigere, Bengaluru",13,14,Semi Furnished,East,1.0,Ready to Move,,False,Synthetic
SYN_01347,11410000,993,2.0,2,1,"Begur, Bengaluru",4,4,Unfurnished,East,7.1,Ready to Move,,False,Synthetic
SYN_01348,13050000,1140,2.0,2,1,"Belathur, K R Puram",11,13,Semi Furnished,East,1.1,Ready to Move,,False,Synthetic
SYN_01349,3080000,506,1.0,1,0,"Yelachanayakanapura, Bengaluru",14,14,Semi Furnished,East,3.7,Upcoming,2029-05-03,True,Synthetic
SYN_01350,22480000,1940,3.0,3,1,"Budigere Cross, Bengaluru",15,19,Semi Furnished,North,1.0,Ready to Move,,False,Synthetic
SYN_01351,16530000,1610,3.0,3,1,"Phase 2, Whitefield",0,18,Semi Furnished,East,6.1,Ready to Move,,False,Synthetic
SYN_01352,16100000,1131,2.0,2,1,"Aishwarya Crystal Layout, Begur",0,9,Semi Furnished,Unknown,13.4,Ready to Move,,False,Synthetic
SYN_01353,45810000,2031,3.0,3,1,"Bengaluru Hardware Park, Bengaluru",4,5,Unfurnished,East,8.3,Upcoming,2026-08-11,True,Synthetic
SYN_01354,7450000,588,1.0,1,1,"Chikkakannalli, Bengaluru",1,5,Unfurnished,East,1.6,Ready to Move,,False,Synthetic
SYN_01355,15150000,950,2.0,2,2,"2nd Stage, Uttarahalli Hobli",1,4,Unfurnished,West,3.2,Ready to Move,,False,Synthetic
SYN_01356,14070000,1130,2.0,2,1,"Gunjur Village, Bengaluru",10,12,Semi Furnished,North,0.5,Ready to Move,,False,Synthetic
SYN_01357,14470000,995,2.0,2,1,"Prakruthi Nagar, Kogilu",0,14,Semi Furnished,East,6.7,Ready to Move,,False,Synthetic
SYN_01358,21810000,3274,4.0,4,1,"Nagondanahalli, Bengaluru",24,32,Fully Furnished,East,9.5,Upcoming,2028-01-23,True,Synthetic
SYN_01359,7270000,486,1.0,1,1,"Vijay Nagar, Whitefield",7,14,Semi Furnished,Unknown,1.0,Ready to Move,,False,Synthetic
SYN_01360,16460000,1105,3.0,3,1,"Devasthanagalu, Varthur",13,14,Unfurnished,Unknown,6.3,Ready to Move,,False,Synthetic
SYN_01361,9720000,1051,2.0,2,1,"Dodsworth Layout, Whitefield",4,12,Semi Furnished,East,11.0,Ready to Move,,False,Synthetic
SYN_01362,12990000,1060,2.0,2,1,"Phase I, Electronic City",15,23,Unfurnished,East,4.0,Ready to Move,,False,Synthetic
SYN_01363,14120000,1314,3.0,2,2,"Phase 1, Whitefield",3,10,Unfurnished,Unknown,5.0,Ready to Move,,True,Synthetic
SYN_01364,12190000,807,2.0,2,2,"Ambedkar Nagar, Whitefield",2,18,Semi Furnished,East,2.0,Ready to Move,,False,Synthetic
SYN_01365,13870000,1364,3.0,3,1,"Essel Gardens, Bengaluru",1,6,Semi Furnished,Unknown,28.0,Ready to Move,,False,Synthetic
SYN_01366,18280000,1585,3.0,2,1,"Shivanahalli 2nd Stage, Nehru Nagar",13,22,Unfurnished,West,11.0,Ready to Move,,False,Synthetic
SYN_01367,23040000,1687,3.0,3,2,"Balagere, Bengaluru",15,27,Semi Furnished,West,7.6,Ready to Move,,False,Synthetic
SYN_01368,10360000,974,2.0,1,2,"Bommenahalli, Bengaluru",8,18,Semi Furnished,North,6.3,Ready to Move,,False,Synthetic
SYN_01369,10970000,949,2.0,2,2,"EPIP Zone, Brookefield",3,5,Semi Furnished,East,1.0,Ready to Move,,False,Synthetic
SYN_01370,13670000,950,2.0,2,1,"Nallurhalli, Whitefield",0,24,Semi Furnished,West,13.7,Ready to Move,,False,Synthetic
SYN_01371,10530000,892,2.0,2,1,"Manayata Tech Park, Thanisandra",5,5,Fully Furnished,West,5.0,Ready to Move,,False,Synthetic
SYN_01372,12630000,1061,2.0,2,1,"Kyalasanahalli, Bengaluru",4,19,Semi Furnished,Unknown,14.3,Ready to Move,,False,Synthetic
SYN_01373,6650000,754,2.0,2,2,"Chowdeshwari Layout, Yelahanka",12,13,Semi Furnished,South,5.4,Ready to Move,,False,Synthetic
SYN_01374,9960000,1104,2.0,2,2,"Venugopal Reddy Layout, Arakere",19,23,Semi Furnished,West,9.0,Ready to Move,,False,Synthetic
SYN_01375,8940000,1382,2.0,2,1,"Balagere, Bengaluru",6,13,Unfurnished,Unknown,5.6,Ready to Move,,False,Synthetic
SYN_01376,37550000,1824,3.0,3,2,"Shabhari Nagar, Sahakara Nagar",0,4,Semi Furnished,East,0.7,Ready to Move,,False,Synthetic
SYN_01377,12240000,1154,2.0,2,1,"Prakruthi Nagar, Kogilu",7,18,Unfurnished,East,6.8,Ready to Move,,False,Synthetic
SYN_01378,11680000,955,2.5,2,1,"Phase I, Electronic City",3,5,Unfurnished,Unknown,3.5,Ready to Move,,False,Synthetic
SYN_01379,25430000,1758,4.0,3,1,"Arge Urban Bloom, Yeswanthpur",0,14,Semi Furnished,West,10.0,Ready to Move,,False,Synthetic
SYN_01380,11070000,1372,3.0,3,1,"Anand Nagar, Hebbal",2,4,Unfurnished,Unknown,11.4,Ready to Move,,False,Synthetic
SYN_01381,14000000,1206,2.0,2,1,"P&T Layout, Thanisandra",3,14,Unfurnished,East,2.7,Ready to Move,,False,Synthetic
SYN_01382,10440000,937,2.0,2,2,"Belathur, K R Puram",3,13,Unfurnished,West,16.0,Ready to Move,,False,Synthetic
SYN_01383,7150000,1028,2.0,2,1,"Glass Factory Layout, Electronic City",2,13,Semi Furnished,East,2.1,Ready to Move,,False,Synthetic
SYN_01384,11190000,1116,2.0,2,1,"Gummanahalli, Bengaluru",1,14,Unfurnished,North,3.2,Ready to Move,,True,Synthetic
SYN_01385,18940000,1131,3.0,3,1,"Hosapalya, Kudlu Gate",3,24,Semi Furnished,Unknown,0.5,Ready to Move,,False,Synthetic
SYN_01386,53090000,2337,4.0,4,1,"Nagondanahalli, Bengaluru",17,18,Semi Furnished,Unknown,1.0,Ready to Move,,False,Synthetic
SYN_01387,8730000,1234,3.0,2,1,"Sree Narayana Nagar, Kadagrahara",12,18,Semi Furnished,West,6.0,Upcoming,2029-12-05,True,Synthetic
SYN_01388,8940000,876,2.0,2,1,"Madhura Nagar, Bengaluru",12,39,Semi Furnished,West,5.6,Ready to Move,,False,Synthetic
SYN_01389,19390000,1699,3.0,2,2,"Gummanahalli, Bengaluru",28,29,Unfurnished,Unknown,8.3,Ready to Move,,False,Synthetic
SYN_01390,14630000,1478,3.0,3,1,"Dommasandra, Bengaluru",9,12,Unfurnished,Unknown,7.1,Upcoming,2029-01-30,True,Synthetic
SYN_01391,22620000,1389,2.5,2,1,"Devasthanagalu, Varthur",26,41,Unfurnished,Unknown,6.0,Ready to Move,,False,Synthetic
SYN_01392,22200000,1915,3.0,3,1,"Huvinayakanahalli, Bengaluru",1,4,Semi Furnished,East,1.2,Upcoming,2026-09-21,True,Synthetic
SYN_01393,6730000,730,2.0,2,1,"Parkway Homes, Rayasandra",13,23,Semi Furnished,North,3.2,Ready to Move,,False,Synthetic
SYN_01394,5750000,1035,2.0,2,1,"Phase I, Electronic City",3,5,Semi Furnished,East,4.0,Ready to Move,,False,Synthetic
SYN_01395,23050000,1148,2.0,2,2,"Sree Narayana Nagar, Chikkadunnasandra",0,4,Unfurnished,West,21.0,Ready to Move,,True,Synthetic
SYN_01396,15620000,1144,2.0,2,1,"Hosapalya, Muneshwara Nagar",1,4,Semi Furnished,West,1.6,Ready to Move,,False,Synthetic
SYN_01397,11420000,1214,2.0,2,1,"Judicial Layout 2nd Phase, Talaghattapura",7,38,Semi Furnished,East,1.5,Ready to Move,,False,Synthetic
SYN_01398,12920000,1268,2.0,2,1,"Raj Mahal Vilas 2nd Stage, RMV Extension Stage 2",12,14,Unfurnished,East,6.5,Ready to Move,,False,Synthetic
SYN_01399,17730000,1738,3.0,3,1,"Sonam Layout, Visthar",13,19,Fully Furnished,West,4.0,Ready to Move,,False,Synthetic
SYN_01400,11670000,1084,2.0,2,1,"Ali Estate, Yelahanka",12,14,Unfurnished,West,6.0,Ready to Move,,False,Synthetic
SYN_01401,20870000,1503,3.0,3,1,"Varthur, Bengaluru",1,18,Fully Furnished,North,1.0,Ready to Move,,False,Synthetic
SYN_01402,31090000,2565,3.0,3,1,"Jayanagar Housing Society Layout, Subramanyapura",0,14,Semi Furnished,East,1.0,Ready to Move,,True,Synthetic
SYN_01403,25140000,2111,3.0,3,1,"Banashankari, Bengaluru",2,5,Unfurnished,West,7.9,Ready to Move,,False,Synthetic
SYN_01404,11170000,928,2.0,2,1,"Manayata Tech Park, Thanisandra",5,5,Semi Furnished,North,2.9,Ready to Move,,False,Synthetic
SYN_01405,25630000,1756,3.5,3,1,"Chikkakannalli, Bengaluru",0,4,Semi Furnished,West,5.1,Ready to Move,,False,Synthetic
SYN_01406,26340000,1754,3.0,3,1,"Buena Vista, Bommenahalli",16,20,Fully Furnished,East,10.2,Ready to Move,,True,Synthetic
SYN_01407,16740000,1830,3.0,3,1,"Mallasandra, Bengaluru",2,22,Unfurnished,Unknown,29.5,Upcoming,2029-04-13,True,Synthetic
SYN_01408,25850000,1779,3.0,3,2,"Sri Balaji Krupa Layout, R.K. Hegde Nagar",1,14,Unfurnished,West,10.0,Ready to Move,,False,Synthetic
SYN_01409,9560000,1354,2.0,2,1,"Phase I, Electronic City",18,19,Semi Furnished,East,2.0,Ready to Move,,False,Synthetic
SYN_01410,13040000,1152,2.0,2,2,"Dodsworth Layout, Whitefield",15,17,Semi Furnished,West,9.7,Ready to Move,,False,Synthetic
SYN_01411,16880000,1691,3.0,2,1,"Budigere Cross, Bengaluru",10,17,Semi Furnished,East,12.5,Upcoming,2026-12-14,True,Synthetic
SYN_01412,12890000,1239,2.0,2,1,"ISRO Akash Vihar Layout, Gantiganahalli",2,3,Semi Furnished,East,1.0,Ready to Move,,True,Synthetic
SYN_01413,3730000,639,1.0,1,1,"Sarjapur, Bengaluru",12,18,Unfurnished,East,2.0,Ready to Move,,False,Synthetic
SYN_01414,16610000,934,2.0,2,1,"Basavanapura, K R Puram",6,21,Unfurnished,South,7.0,Ready to Move,,False,Synthetic
SYN_01415,9750000,1197,2.0,2,1,"Virupakshapura, Bengaluru",6,15,Semi Furnished,West,1.9,Ready to Move,,False,Synthetic
SYN_01416,24010000,2565,3.0,3,1,"Gummanahalli, Bengaluru",14,21,Semi Furnished,East,30.0,Ready to Move,,False,Synthetic
SYN_01417,49160000,4000,4.0,4,2,"Kuvempu Layout, Visthar",8,12,Unfurnished,West,1.0,Ready to Move,,False,Synthetic
SYN_01418,17360000,1447,3.0,2,2,"Gunjur, Bengaluru",2,4,Semi Furnished,West,1.7,Ready to Move,,False,Synthetic
SYN_01419,19390000,1445,3.0,3,1,"Battarahalli, K R Puram",19,38,Unfurnished,East,25.5,Ready to Move,,False,Synthetic
SYN_01420,15280000,1031,3.0,3,1,"Rachenahalli, Jakkur",2,18,Semi Furnished,East,3.9,Ready to Move,,False,Synthetic
SYN_01421,66430000,3669,4.0,4,2,"Nagavara, Bengaluru",6,15,Unfurnished,East,3.1,Ready to Move,,False,Synthetic
SYN_01422,26030000,1484,3.0,2,1,"Hadosiddapura, Carmelaram",35,38,Unfurnished,East,3.0,Ready to Move,,False,Synthetic
SYN_01423,13110000,1187,2.0,2,1,"Boodihal, Bengaluru",0,6,Semi Furnished,West,2.0,Ready to Move,,False,Synthetic
SYN_01424,11440000,1163,2.0,2,1,"Kattanallur, Sannatammanahalli",2,6,Unfurnished,East,1.5,Ready to Move,,False,Synthetic
SYN_01425,11620000,1168,2.0,2,1,"Seegehalli, Whitefield - Hoskote Road, K R Puram",26,27,Unfurnished,East,5.0,Ready to Move,,False,Synthetic
SYN_01426,29040000,2565,3.0,2,1,"Choodasandra, Bengaluru",0,10,Semi Furnished,Unknown,2.2,Ready to Move,,False,Synthetic
SYN_01427,23110000,1322,3.0,3,1,"Attibele, Bengaluru",14,22,Semi Furnished,East,31.2,Upcoming,2026-04-02,True,Synthetic
SYN_01428,11120000,851,2.0,2,1,"Prakruthi Nagar, Kogilu",3,5,Semi Furnished,Unknown,1.5,Upcoming,2027-04-17,True,Synthetic
SYN_01429,49700000,2001,4.0,4,2,"Cleveland Town, Frazer Town",3,3,Unfurnished,East,1.0,Upcoming,2027-12-12,True,Synthetic
SYN_01430,13460000,1525,3.5,3,1,"Tigalarpalya, Brookefield",0,6,Unfurnished,East,8.2,Upcoming,2029-02-22,True,Synthetic
SYN_01431,31730000,1969,3.0,3,1,"Sri Balaji Krupa Layout, R.K. Hegde Nagar",25,28,Unfurnished,East,5.8,Ready to Move,,False,Synthetic
SYN_01432,19870000,1364,3.0,3,1,"Dodsworth Layout, Whitefield",3,4,Semi Furnished,East,20.2,Ready to Move,,False,Synthetic
SYN_01433,14260000,922,2.0,2,1,"Eastwood Township, Harlur",4,4,Unfurnished,Unknown,8.0,Ready to Move,,False,Synthetic
SYN_01434,19750000,1318,3.0,3,2,"Rachenahalli, Jakkur",4,4,Semi Furnished,East,7.0,Ready to Move,,False,Synthetic
SYN_01435,16990000,1092,2.0,2,1,"Balagere, Bengaluru",5,7,Unfurnished,Unknown,1.0,Ready to Move,,False,Synthetic
SYN_01436,16590000,971,2.0,2,1,"Classic Orchids Layout, Kalena Agrahara",0,4,Fully Furnished,Unknown,13.0,Ready to Move,,False,Synthetic
SYN_01437,25680000,2060,3.0,3,1,"Yemalur, Bengaluru",19,34,Unfurnished,North,8.5,Ready to Move,,False,Synthetic
SYN_01438,78070000,6250,5.0,3,4,"Phase I, Electronic City",13,20,Fully Furnished,East,2.0,Ready to Move,,False,Synthetic
SYN_01439,17310000,1646,3.0,3,1,"DLF Newtown, Akshayanagar",14,28,Semi Furnished,Unknown,2.5,Ready to Move,,False,Synthetic
SYN_01440,14360000,986,2.0,2,1,"Suma Dhura Eden Garden, Chikkabana Halli",5,12,Semi Furnished,West,1.3,Ready to Move,,False,Synthetic
SYN_01441,7560000,1089,2.0,2,1,"Attibele, Bengaluru",0,4,Unfurnished,Unknown,21.1,Ready to Move,,False,Synthetic
SYN_01442,8610000,1447,3.0,3,1,"Madagondanahalli, Electronic City",9,21,Unfurnished,North,7.0,Upcoming,2026-06-10,True,Synthetic
SYN_01443,4920000,845,2.0,2,1,"BEML Cooperative Society Layout, Bengaluru",14,14,Semi Furnished,West,2.0,Ready to Move,,False,Synthetic
SYN_01444,31380000,1696,3.0,3,2,"Balagere, Bengaluru",12,15,Semi Furnished,East,0.2,Ready to Move,,False,Synthetic
SYN_01445,31650000,1362,2.0,2,2,"Bommasandra Industrial Area, Electronic City",1,12,Unfurnished,East,4.0,Ready to Move,,False,Synthetic
SYN_01446,22660000,1447,3.0,3,3,"Kariyammana Agrahara, Bellandur",9,22,Semi Furnished,South,17.5,Ready to Move,,False,Synthetic
SYN_01447,28570000,1754,3.0,3,1,"Sri Balaji Krupa Layout, R.K. Hegde Nagar",3,8,Semi Furnished,East,3.0,Ready to Move,,False,Synthetic
SYN_01448,15930000,899,2.0,2,1,"Phase 1, Whitefield",4,4,Fully Furnished,East,9.6,Ready to Move,,False,Synthetic
SYN_01449,10800000,1081,2.0,2,2,"Bommenahalli, Bengaluru",9,15,Semi Furnished,East,5.5,Ready to Move,,False,Synthetic
SYN_01450,12260000,1142,3.0,3,1,"Excellencia, Choodasandra",0,8,Semi Furnished,East,1.2,Ready to Move,,False,Synthetic
SYN_01451,13930000,1048,3.0,3,1,"Ambedkar Nagar, Whitefield",20,20,Unfurnished,East,1.1,Ready to Move,,False,Synthetic
SYN_01452,14150000,989,2.0,2,1,"Phase I, Electronic City",13,16,Semi Furnished,West,6.0,Ready to Move,,False,Synthetic
SYN_01453,28880000,1896,3.0,3,2,"Sri Balaji Krupa Layout, R.K. Hegde Nagar",6,12,Unfurnished,North,9.9,Ready to Move,,False,Synthetic
SYN_01454,11540000,1171,2.0,2,1,"Rainbow Drive, Junnasandra",11,13,Unfurnished,East,1.0,Ready to Move,,False,Synthetic
SYN_01455,8580000,899,2.0,1,1,"Hosapalya, Muneshwara Nagar",2,5,Semi Furnished,East,6.0,Ready to Move,,False,Synthetic
SYN_01456,23950000,1358,3.0,3,1,"Balagere, Bengaluru",1,8,Unfurnished,Unknown,1.9,Ready to Move,,True,Synthetic
SYN_01457,8400000,1293,2.0,2,1,"Glass Factory Layout, Electronic City",8,16,Unfurnished,North,4.7,Ready to Move,,False,Synthetic
SYN_01458,15760000,1819,3.0,2,3,"Srinivasa Nagar, Banashankari",33,38,Unfurnished,West,8.1,Ready to Move,,False,Synthetic
SYN_01459,14160000,1664,3.0,3,1,"Shikaripalya, Electronic City",3,5,Semi Furnished,East,11.7,Ready to Move,,False,Synthetic
SYN_01460,7410000,1194,2.0,2,1,"Rachenahalli, Thanisandra",8,26,Semi Furnished,West,5.1,Ready to Move,,False,Synthetic
SYN_01461,17390000,1255,2.0,2,1,"Jayanagar Housing Society Layout, Subramanyapura",1,7,Semi Furnished,Unknown,1.6,Ready to Move,,False,Synthetic
SYN_01462,13620000,1177,2.0,2,1,"Chaithanya Samarth, Bommenahalli",3,12,Semi Furnished,East,0.5,Ready to Move,,False,Synthetic
SYN_01463,102380000,9300,12.0,12,3,"Sanjay Nagar, Marathahalli",3,5,Fully Furnished,West,4.0,Ready to Move,,False,Synthetic
SYN_01464,47040000,3469,4.0,3,1,"Green Glen Layout, Bellandur",19,20,Semi Furnished,North,2.0,Ready to Move,,False,Synthetic
SYN_01465,22470000,2199,4.0,4,2,"Yelenahalli, Akshayanagar",12,20,Unfurnished,East,1.0,Ready to Move,,False,Synthetic
SYN_01466,27580000,2131,3.0,3,1,"Kattanallur, Sannatammanahalli",5,14,Semi Furnished,North,1.0,Upcoming,2026-04-19,True,Synthetic
SYN_01467,22130000,1626,3.0,2,2,"Devasthanagalu, Varthur",2,33,Semi Furnished,North,0.5,Ready to Move,,False,Synthetic
SYN_01468,39560000,2661,4.0,3,2,"Rachenahalli, Jakkur",14,14,Unfurnished,North,3.0,Ready to Move,,False,Synthetic
SYN_01469,45430000,3703,4.0,4,1,"Yelenahalli, Akshayanagar",0,3,Fully Furnished,East,0.5,Ready to Move,,False,Synthetic
SYN_01470,16230000,1049,2.0,2,1,"Hulimavu, Bengaluru",4,4,Semi Furnished,East,1.9,Ready to Move,,False,Synthetic
SYN_01471,10670000,644,1.0,1,1,"Balagere, Bengaluru",2,27,Unfurnished,North,1.0,Ready to Move,,True,Synthetic
SYN_01472,14350000,1675,3.0,3,1,"Ashwath Nagar, HBR Layout",17,20,Unfurnished,West,20.0,Ready to Move,,False,Synthetic
SYN_01473,18520000,1758,4.0,4,1,"Block A, Sahakara Nagar",19,25,Semi Furnished,North,7.0,Ready to Move,,False,Synthetic
SYN_01474,30900000,1760,3.0,3,1,"Varthur, Bengaluru",2,4,Unfurnished,North,15.2,Ready to Move,,False,Synthetic
SYN_01475,66830000,3846,4.0,4,3,"Tasker Town, Shivaji Nagar",11,15,Unfurnished,Unknown,4.3,Upcoming,2026-09-02,True,Synthetic
SYN_01476,12890000,974,2.0,2,2,"Adityanagar, Vidyaranyapura",5,12,Unfurnished,North,7.0,Upcoming,2026-09-26,True,Synthetic
SYN_01477,14000000,1120,2.0,2,1,"Budigere Cross, Bengaluru",11,13,Semi Furnished,East,3.0,Upcoming,2026-06-17,True,Synthetic
SYN_01478,15340000,1364,2.5,2,1,"P&T Layout, Thanisandra",7,23,Semi Furnished,West,1.6,Ready to Move,,False,Synthetic
SYN_01479,36710000,2279,3.5,3,2,"Balaji Layout, Narayanapura",4,21,Semi Furnished,East,9.0,Ready to Move,,True,Synthetic
SYN_01480,9940000,1170,2.0,2,1,"Eastwood Township, Harlur",4,8,Semi Furnished,East,1.3,Ready to Move,,False,Synthetic
SYN_01481,11540000,1378,3.0,3,1,"Gunjur Palya, Bengaluru",1,16,Semi Furnished,Unknown,2.5,Ready to Move,,False,Synthetic
SYN_01482,6690000,1105,2.0,2,1,"BEML Cooperative Society Layout, Bengaluru",19,23,Unfurnished,North,4.6,Ready to Move,,False,Synthetic
SYN_01483,18120000,1137,2.0,2,1,"Block 2, Agrahara Layout",1,21,Semi Furnished,East,1.7,Ready to Move,,False,Synthetic
SYN_01484,16770000,1651,3.0,3,0,"Cholanayakanahalli, Hebbal",10,18,Unfurnished,West,11.6,Ready to Move,,False,Synthetic
SYN_01485,9460000,1078,2.0,2,1,"Basapura, Bengaluru",9,19,Unfurnished,North,8.5,Ready to Move,,False,Synthetic
SYN_01486,18140000,1350,3.0,3,1,"Aishwarya Crystal Layout, Begur",4,13,Unfurnished,East,3.4,Ready to Move,,True,Synthetic
SYN_01487,11810000,995,2.0,2,1,"Doddathoguru, Electronic City",2,9,Semi Furnished,North,8.9,Upcoming,2026-05-31,True,Synthetic
SYN_01488,6280000,1110,2.0,2,2,"Phase I, Electronic City",3,18,Unfurnished,Unknown,3.0,Ready to Move,,False,Synthetic
SYN_01489,34500000,1926,3.0,3,1,"Nallurhalli, Whitefield",3,12,Fully Furnished,North,1.0,Ready to Move,,False,Synthetic
SYN_01490,16960000,1347,2.0,2,1,"Gummanahalli, Bengaluru",26,28,Semi Furnished,West,1.8,Ready to Move,,False,Synthetic
SYN_01491,18990000,1452,3.0,2,0,"Uttarahalli -Manavarthekaval, Bengaluru",4,4,Unfurnished,West,2.5,Ready to Move,,False,Synthetic
SYN_01492,8120000,760,1.0,1,1,"Thirumalashettyhally, Bengaluru",15,22,Fully Furnished,North,6.2,Ready to Move,,False,Synthetic
SYN_01493,13830000,959,2.0,2,1,"Chowdeshwari Layout, Yelahanka",18,18,Semi Furnished,East,1.2,Ready to Move,,False,Synthetic
SYN_01494,14850000,1243,3.0,2,1,"Navarathna Agrahara, Bengaluru",22,26,Unfurnished,East,1.1,Ready to Move,,False,Synthetic
SYN_01495,12990000,1154,2.0,2,1,"Gundappa Layout, Gottigere",2,13,Semi Furnished,South,6.9,Ready to Move,,False,Synthetic
SYN_01496,9200000,1037,2.0,2,1,"Sompura, Bengaluru",0,5,Semi Furnished,South,6.8,Ready to Move,,False,Synthetic
SYN_01497,25170000,1296,3.0,3,1,"Spice Garden Layout, Munnekollal",23,29,Semi Furnished,Unknown,0.9,Ready to Move,,False,Synthetic
SYN_01498,141750000,3860,5.0,4,2,"Hebbal, Bengaluru",1,1,Unfurnished,Unknown,11.3,Ready to Move,,False,Synthetic
SYN_01499,9930000,1160,2.0,2,1,"Budigere Cross, Bengaluru",5,5,Unfurnished,North,2.1,Ready to Move,,False,Synthetic
SYN_01500,11960000,948,2.0,2,1,"Anjanapura Township, Bengaluru",10,14,Unfurnished,Unknown,0.0,Ready to Move,,False,Synthetic
SYN_01501,14170000,1131,2.0,2,1,"Bommasandra Industrial Area, Electronic City",3,18,Unfurnished,Unknown,1.4,Ready to Move,,True,Synthetic
SYN_01502,31280000,1585,3.0,2,1,"Nallurhalli, Whitefield",22,32,Semi Furnished,North,2.7,Ready to Move,,False,Synthetic
SYN_01503,6020000,1061,2.0,2,1,"Madagondanahalli, Electronic City",3,9,Semi Furnished,East,3.4,Ready to Move,,False,Synthetic
SYN_01504,23800000,1459,3.0,3,1,"Bommasandra Industrial Area, Vidyanagar",11,20,Unfurnished,Unknown,8.0,Ready to Move,,False,Synthetic
SYN_01505,26770000,1843,3.0,3,1,"Happy Valley Layout, Subramanyapura",4,14,Semi Furnished,East,8.5,Upcoming,2027-04-25,True,Synthetic
SYN_01506,13050000,1068,2.0,2,1,"EPIP Zone, Brookefield",0,5,Unfurnished,North,1.2,Ready to Move,,False,Synthetic
SYN_01507,20290000,1892,3.0,3,1,"Richmond Town, Bengaluru",12,14,Unfurnished,East,9.8,Ready to Move,,False,Synthetic
SYN_01508,6170000,919,2.0,2,1,"Industrial Area, Hoodi",10,12,Unfurnished,Unknown,1.0,Ready to Move,,False,Synthetic
SYN_01509,19350000,1569,2.5,2,1,"Manayata Tech Park, Thanisandra",32,41,Unfurnished,East,0.9,Ready to Move,,True,Synthetic
SYN_01510,7210000,661,1.0,1,1,"Nirman Layout, S.Bingipura",6,13,Unfurnished,East,4.0,Ready to Move,,False,Synthetic
SYN_01511,7310000,879,2.0,2,1,"EPIP Zone, Brookefield",18,19,Fully Furnished,West,3.0,Ready to Move,,False,Synthetic
SYN_01512,24240000,1157,2.0,2,1,"Reliaable Lifestyle Layout, Harlur",2,6,Semi Furnished,Unknown,2.0,Ready to Move,,False,Synthetic
SYN_01513,34660000,3088,4.0,4,2,"Dodsworth Layout, Whitefield",17,21,Semi Furnished,Unknown,6.0,Upcoming,2027-10-15,True,Synthetic
SYN_01514,9740000,1766,3.0,3,1,"Horamavu, Bengaluru",33,38,Semi Furnished,East,2.0,Upcoming,2030-05-19,True,Synthetic
SYN_01515,8690000,1170,2.0,2,1,"Sri Krishnadevaraya Layout, Agrahara Layout",4,5,Unfurnished,South,7.0,Ready to Move,,False,Synthetic
SYN_01516,10400000,1023,2.0,2,1,"Madhura Nagar, Bengaluru",8,19,Semi Furnished,West,1.0,Ready to Move,,False,Synthetic
SYN_01517,6740000,1114,2.0,2,1,"Sarjapur, Bengaluru",9,14,Semi Furnished,West,5.0,Ready to Move,,False,Synthetic
SYN_01518,19740000,1391,3.0,3,1,"Akshaya Vana, Akshayanagar",1,6,Semi Furnished,North,3.0,Ready to Move,,False,Synthetic
SYN_01519,15690000,1183,3.0,3,3,"Kuvempu Layout, Visthar",10,14,Unfurnished,East,1.0,Ready to Move,,False,Synthetic
SYN_01520,14960000,1328,2.5,2,1,"Chikkagubbi Village, Bengaluru",10,17,Semi Furnished,West,1.0,Ready to Move,,False,Synthetic
SYN_01521,8680000,1607,3.0,3,1,"Phase I, Electronic City",10,22,Unfurnished,East,6.7,Ready to Move,,False,Synthetic
SYN_01522,20340000,1525,3.0,3,1,"Kothnur, JP Nagar",4,15,Unfurnished,Unknown,1.7,Ready to Move,,False,Synthetic
SYN_01523,21070000,1479,3.0,2,1,"Aditya Layout, RR Nagar",7,14,Semi Furnished,South,1.0,Ready to Move,,True,Synthetic
SYN_01524,63760000,5108,4.0,4,3,"Hosahalli, Bengaluru",11,18,Semi Furnished,East,8.3,Ready to Move,,False,Synthetic
SYN_01525,23740000,2058,3.0,2,1,"Stage 1, Kumaraswamy Layout",8,17,Semi Furnished,North,1.4,Ready to Move,,False,Synthetic
SYN_01526,30040000,1959,3.0,3,1,"Stage 2, Vijayanagar",2,18,Unfurnished,East,1.4,Ready to Move,,False,Synthetic
SYN_01527,12110000,1105,2.0,2,1,"Chaithanya Samarth, Bommenahalli",17,18,Semi Furnished,Unknown,1.6,Ready to Move,,False,Synthetic
SYN_01528,13950000,1089,2.0,2,1,"Hennur, Bengaluru",9,9,Unfurnished,East,0.8,Ready to Move,,False,Synthetic
SYN_01529,16480000,1569,3.0,2,2,"Gummanahalli, Bengaluru",23,30,Semi Furnished,North,25.9,Ready to Move,,False,Synthetic
SYN_01530,23080000,1375,2.0,2,1,"Gunjur Village, Bengaluru",4,14,Semi Furnished,Unknown,3.1,Ready to Move,,True,Synthetic
SYN_01531,17950000,1377,3.0,3,1,"Vakil Garden City, Bengaluru",3,3,Semi Furnished,West,4.1,Ready to Move,,False,Synthetic
SYN_01532,8920000,1102,2.0,2,1,"Dodsworth Layout, Whitefield",15,30,Semi Furnished,Unknown,7.5,Ready to Move,,False,Synthetic
SYN_01533,5960000,526,1.0,1,1,"Boovanahalli, Bengaluru",1,4,Unfurnished,West,1.7,Ready to Move,,False,Synthetic
SYN_01534,39840000,2484,3.5,3,2,"Sri Balaji Krupa Layout, R.K. Hegde Nagar",4,15,Unfurnished,East,1.0,Ready to Move,,False,Synthetic
SYN_01535,7230000,1009,2.0,2,2,"Glass Factory Layout, Electronic City",4,9,Semi Furnished,East,9.0,Ready to Move,,False,Synthetic
SYN_01536,15650000,1975,3.5,4,2,"Varthur, Bengaluru",23,27,Semi Furnished,Unknown,6.1,Upcoming,2026-06-15,True,Synthetic
SYN_01537,23050000,1591,3.0,2,1,"Stage 3, Indira Nagar",2,6,Fully Furnished,North,3.4,Upcoming,2026-09-08,True,Synthetic
SYN_01538,10540000,1008,2.0,2,1,"Bengaluru Hardware Park, Bengaluru",20,23,Semi Furnished,East,5.2,Ready to Move,,False,Synthetic
SYN_01539,19500000,1284,2.0,2,1,"Akshaya Vana, Begur",0,4,Unfurnished,West,3.3,Ready to Move,,False,Synthetic
SYN_01540,21440000,1729,3.0,3,1,"Lakedew Residency- Phase 2, Harlur",4,5,Fully Furnished,East,0.9,Ready to Move,,True,Synthetic
SYN_01541,12010000,1068,2.0,2,2,"Seetharampalya, Hoodi",4,4,Semi Furnished,East,1.0,Ready to Move,,False,Synthetic
SYN_01542,29520000,1803,3.0,3,2,"Seetharampalya, Hoodi",0,5,Unfurnished,East,4.9,Ready to Move,,False,Synthetic
SYN_01543,26600000,1868,3.5,4,1,"Avalahalli, Avalahalli",17,33,Semi Furnished,East,10.8,Upcoming,2027-01-26,True,Synthetic
SYN_01544,31090000,1826,3.0,3,1,"Balaji Layout, Cooke Town",9,9,Unfurnished,East,3.0,Ready to Move,,False,Synthetic
SYN_01545,8510000,750,2.0,2,1,"P&T Layout, Thanisandra",14,22,Unfurnished,North,9.0,Ready to Move,,False,Synthetic
SYN_01546,6210000,816,2.0,2,1,"Veer Sandra, Electronic City",24,25,Fully Furnished,West,3.0,Ready to Move,,False,Synthetic
SYN_01547,16340000,1195,2.0,2,1,"Bendiganahalli, Bengaluru",12,14,Unfurnished,North,6.0,Ready to Move,,False,Synthetic
SYN_01548,22120000,1652,3.0,2,1,"Devarabisanahalli, Bellandur",2,10,Unfurnished,East,1.4,Upcoming,2026-12-30,True,Synthetic
SYN_01549,8360000,671,1.0,1,1,"Boodihal, Bengaluru",10,14,Semi Furnished,North,1.2,Ready to Move,,False,Synthetic
SYN_01550,41530000,1798,3.0,3,1,"Shikaripalya, Electronic City",4,4,Unfurnished,Unknown,1.2,Ready to Move,,True,Synthetic
SYN_01551,63890000,2897,4.0,4,2,"Vishwapriya Nagar, Begur",12,29,Semi Furnished,South-East,2.0,Ready to Move,,False,Synthetic
SYN_01552,12340000,1620,3.0,3,2,"Kambipura, Bengaluru",0,6,Semi Furnished,East,12.9,Ready to Move,,True,Synthetic
SYN_01553,17980000,924,2.0,2,1,"Anchepalya, Bengaluru",1,12,Semi Furnished,West,9.2,Ready to Move,,False,Synthetic
SYN_01554,8650000,1208,2.0,2,1,"Dodsworth Layout, Whitefield",6,9,Semi Furnished,East,1.0,Ready to Move,,False,Synthetic
SYN_01555,25010000,1212,2.0,2,1,"Bengaluru Hardware Park, Bengaluru",10,23,Semi Furnished,East,9.0,Ready to Move,,False,Synthetic
SYN_01556,27290000,1660,3.0,3,1,"Ranganatha Colony, Jagajeevanram Nagar",2,4,Semi Furnished,West,11.3,Upcoming,2026-11-27,True,Synthetic
SYN_01557,33100000,2861,4.0,4,4,"Maruthi Nagar, Yelahanka",16,33,Semi Furnished,East,1.3,Ready to Move,,False,Synthetic
SYN_01558,6960000,1369,3.0,3,1,"Terracon Doctors Enclave, Chandapura",1,19,Semi Furnished,East,2.0,Upcoming,2026-08-28,True,Synthetic
SYN_01559,13400000,1484,3.0,3,1,"Sarjapur, Bengaluru",0,4,Unfurnished,Unknown,24.0,Ready to Move,,False,Synthetic
SYN_01560,52220000,2561,3.0,3,1,"Nallurhalli, Whitefield",34,38,Unfurnished,East,6.8,Ready to Move,,False,Synthetic
SYN_01561,9850000,851,2.0,2,1,"Seegehalli, Whitefield - Hoskote Road, K R Puram",12,19,Unfurnished,East,4.4,Ready to Move,,False,Synthetic
SYN_01562,16960000,1755,3.0,3,1,"Budigere Cross, Bengaluru",0,4,Unfurnished,West,1.2,Upcoming,2026-04-01,True,Synthetic
SYN_01563,15110000,1055,2.0,2,1,"Rachenahalli, Jakkur",12,14,Semi Furnished,East,6.7,Ready to Move,,False,Synthetic
SYN_01564,20460000,1443,3.0,3,1,"Kanakapura, Bengaluru",15,21,Unfurnished,North,3.8,Ready to Move,,False,Synthetic
SYN_01565,9720000,915,2.0,2,1,"Gunjur, Bengaluru",4,4,Semi Furnished,East,11.4,Ready to Move,,True,Synthetic
SYN_01566,11960000,1096,2.0,2,1,"Parkway Homes, Rayasandra",19,21,Semi Furnished,North,8.9,Ready to Move,,False,Synthetic
SYN_01567,25010000,1482,3.0,3,1,"Konappana Agrahara, Rayasandra",18,28,Unfurnished,North,4.0,Ready to Move,,False,Synthetic
SYN_01568,35720000,2559,4.0,4,3,"Sri Balaji Krupa Layout, R.K. Hegde Nagar",10,10,Unfurnished,East,1.3,Ready to Move,,True,Synthetic
SYN_01569,7150000,1333,2.0,2,2,"Venkateshwara Layout, Panduranga Nagar",0,4,Semi Furnished,Unknown,1.6,Ready to Move,,False,Synthetic
SYN_01570,9630000,748,2.0,2,1,"Shanthi Pura, Electronic City Phase 2",17,18,Fully Furnished,Unknown,2.9,Ready to Move,,False,Synthetic
SYN_01571,7630000,1043,2.0,2,1,"Sarjapur, Bengaluru",2,14,Semi Furnished,Unknown,6.0,Ready to Move,,False,Synthetic
SYN_01572,16160000,1228,2.0,2,1,"Phase I, Electronic City",1,5,Semi Furnished,Unknown,2.8,Ready to Move,,False,Synthetic
SYN_01573,14530000,1452,3.0,3,1,"Phase I, Electronic City",1,28,Semi Furnished,West,1.1,Ready to Move,,True,Synthetic
SYN_01574,10180000,883,2.0,2,1,"Shivanahalli 2nd Stage, Nehru Nagar",6,7,Semi Furnished,North,1.1,Ready to Move,,False,Synthetic
SYN_01575,20260000,1361,3.0,3,1,"Lords Steps Layout, Panathur",9,9,Semi Furnished,East,8.0,Ready to Move,,False,Synthetic
SYN_01576,6930000,978,2.0,2,1,"Avalahalli, Yelahanka",4,13,Unfurnished,East,3.9,Ready to Move,,False,Synthetic
SYN_01577,13240000,1112,2.0,2,1,"Kannuru, Bengaluru",25,28,Semi Furnished,North,10.0,Ready to Move,,False,Synthetic
SYN_01578,11280000,1012,2.5,2,1,"P&T Layout, Thanisandra",0,5,Unfurnished,East,6.0,Ready to Move,,False,Synthetic
SYN_01579,7740000,806,2.0,2,1,"Bommasandra, Bengaluru",26,29,Semi Furnished,East,9.1,Upcoming,2026-03-05,True,Synthetic
SYN_01580,31470000,942,2.0,2,1,"Gopalan Olympia, Kumbalgodu",2,4,Unfurnished,East,3.9,Ready to Move,,False,Synthetic
SYN_01581,12950000,1394,3.0,3,2,"Varthur, Bengaluru",5,13,Fully Furnished,West,4.6,Ready to Move,,False,Synthetic
SYN_01582,20090000,1451,3.0,3,1,"Lakedew Residency- Phase 2, Harlur",18,30,Semi Furnished,North,0.9,Ready to Move,,False,Synthetic
SYN_01583,17250000,1395,2.0,2,1,"Prakruthi Nagar, Kogilu",5,12,Unfurnished,West,0.7,Ready to Move,,False,Synthetic
SYN_01584,25450000,1836,3.0,3,2,"Aishwarya Crystal Layout, Begur",1,24,Unfurnished,East,3.0,Ready to Move,,False,Synthetic
SYN_01585,13410000,1092,2.0,2,1,"Gummanahalli, Bengaluru",12,24,Semi Furnished,East,1.9,Ready to Move,,False,Synthetic
SYN_01586,18690000,1471,2.0,2,1,"Yemalur, Bengaluru",6,9,Semi Furnished,East,2.1,Ready to Move,,False,Synthetic
SYN_01587,27970000,1680,3.0,3,1,"Sri Balaji Krupa Layout, R.K. Hegde Nagar",5,14,Unfurnished,Unknown,9.0,Ready to Move,,True,Synthetic
SYN_01588,20040000,1587,3.0,2,1,"Maruthi Nagar, Yelahanka",8,8,Semi Furnished,North,1.8,Ready to Move,,False,Synthetic
SYN_01589,26110000,2194,3.0,3,2,"Nagashetty Halli, RMV Extension Stage 2",5,22,Unfurnished,Unknown,10.6,Ready to Move,,False,Synthetic
SYN_01590,25490000,1989,3.0,3,1,"Seetharampalya, Hoodi",9,10,Semi Furnished,Unknown,5.1,Ready to Move,,False,Synthetic
SYN_01591,13140000,1192,2.0,2,1,"Lottegollahalli, Devinagar",1,10,Semi Furnished,East,1.3,Ready to Move,,False,Synthetic
SYN_01592,6780000,1060,2.0,2,1,"Janatha Colony, Chikkanagamangala",9,16,Unfurnished,East,1.0,Ready to Move,,False,Synthetic
SYN_01593,11760000,841,1.0,1,1,"Chikkakannalli, Bengaluru",23,28,Unfurnished,East,3.5,Ready to Move,,False,Synthetic
SYN_01594,17370000,1540,3.0,3,1,"Laxminarayana Layout, Whitefield",8,9,Semi Furnished,East,3.5,Ready to Move,,False,Synthetic
SYN_01595,56780000,3270,4.0,4,1,"Byadarahalli, Benson Town",16,16,Unfurnished,North,8.0,Upcoming,2030-04-16,True,Synthetic
SYN_01596,25420000,2299,4.0,4,4,"Ramagondanahalli, Whitefield",12,14,Unfurnished,East,9.3,Ready to Move,,False,Synthetic
SYN_01597,24820000,1726,3.0,3,1,"Devin Paradise Enclave, Tirumanahalli",4,14,Fully Furnished,East,2.7,Upcoming,2026-12-20,True,Synthetic
SYN_01598,18020000,1412,3.0,3,1,"Dommasandra, Bengaluru",19,33,Semi Furnished,North,0.2,Ready to Move,,False,Synthetic
SYN_01599,18760000,1599,3.0,2,1,"Aishwarya Crystal Layout, Begur",2,29,Unfurnished,East,14.0,Ready to Move,,False,Synthetic
SYN_01600,26240000,1199,2.0,2,1,"Nagashetty Halli, RMV Extension Stage 2",5,12,Semi Furnished,North,10.2,Ready to Move,,False,Synthetic
SYN_01601,23110000,1680,3.0,3,1,"Kasavanahalli, Bengaluru",3,10,Semi Furnished,East,9.6,Ready to Move,,False,Synthetic
SYN_01602,27300000,1877,3.0,3,2,"Mahaveer Orchid, Choodasandra",2,4,Unfurnished,East,9.1,Ready to Move,,False,Synthetic
SYN_01603,13440000,1575,3.0,3,1,"Budigere Cross, Bengaluru",16,17,Unfurnished,North,12.8,Ready to Move,,True,Synthetic
SYN_01604,15050000,1175,2.0,2,1,"Gunjur Village, Bengaluru",3,4,Unfurnished,East,4.2,Ready to Move,,False,Synthetic
SYN_01605,17190000,2344,3.0,3,1,"Budigere Cross, Bengaluru",17,50,Unfurnished,North,3.6,Ready to Move,,False,Synthetic
SYN_01606,7120000,1186,3.0,3,1,"Phase 1, Whitefield",1,5,Unfurnished,North,0.0,Ready to Move,,False,Synthetic
SYN_01607,12030000,848,2.0,2,1,"Manayata Tech Park, Thanisandra",0,10,Unfurnished,West,4.0,Ready to Move,,False,Synthetic
SYN_01608,25560000,1287,2.0,2,1,"Kundalahalli, Brookefield",13,21,Semi Furnished,West,9.9,Upcoming,2026-03-23,True,Synthetic
SYN_01609,12920000,730,2.0,2,1,"Kundalahalli, Brookefield",7,12,Semi Furnished,Unknown,4.4,Ready to Move,,False,Synthetic
SYN_01610,29280000,1475,3.0,3,2,"Avalahalli, Avalahalli",4,4,Semi Furnished,North,14.2,Upcoming,2032-02-24,True,Synthetic
SYN_01611,16410000,1402,3.0,3,2,"Hunasamaranahalli, Bengaluru",17,21,Semi Furnished,West,1.5,Upcoming,2026-12-31,True,Synthetic
SYN_01612,12400000,1226,2.0,2,1,"Bengaluru Hardware Park, Bengaluru",12,27,Semi Furnished,West,7.0,Upcoming,2026-08-15,True,Synthetic
SYN_01613,15580000,1318,2.0,2,1,"Manayata Tech Park, Thanisandra",1,10,Unfurnished,Unknown,2.5,Ready to Move,,False,Synthetic
SYN_01614,14820000,1300,2.0,2,1,"Sri Balaji Layout, K R Puram",13,18,Unfurnished,North,8.3,Ready to Move,,False,Synthetic
SYN_01615,12570000,1404,2.0,2,1,"Srikrupa Layout, Abbigere",13,32,Unfurnished,West,0.7,Ready to Move,,False,Synthetic
SYN_01616,10090000,990,2.0,2,1,"Choodasandra, Bengaluru",5,17,Semi Furnished,East,9.5,Ready to Move,,False,Synthetic
SYN_01617,13220000,1192,2.0,2,1,"Samethanahalli, Bengaluru",4,5,Semi Furnished,East,13.0,Ready to Move,,False,Synthetic
SYN_01618,13380000,1422,3.0,3,1,"Gummanahalli, Bengaluru",19,21,Unfurnished,East,3.0,Ready to Move,,False,Synthetic
SYN_01619,10380000,1465,3.0,2,1,"Rachenahalli, Thanisandra",14,22,Unfurnished,East,4.9,Ready to Move,,False,Synthetic
SYN_01620,11000000,997,2.0,2,1,"Belathur, K R Puram",20,28,Semi Furnished,South,1.0,Ready to Move,,False,Synthetic
SYN_01621,14030000,1082,2.0,2,1,"Munnekollal, Bengaluru",16,21,Semi Furnished,North,5.0,Ready to Move,,False,Synthetic
SYN_01622,24690000,1439,3.0,3,1,"III Stage, RR Nagar",3,4,Semi Furnished,South,14.0,Ready to Move,,False,Synthetic
SYN_01623,12590000,1105,2.0,2,1,"Upkar Layout, Whitefield",22,28,Semi Furnished,North,5.0,Ready to Move,,False,Synthetic
SYN_01624,30500000,1992,3.0,3,1,"Malleswaram, Bengaluru",7,26,Semi Furnished,East,2.0,Upcoming,2026-08-28,True,Synthetic
SYN_01625,12890000,1471,2.0,2,1,"Veer Sandra, Electronic City",13,13,Unfurnished,Unknown,10.0,Ready to Move,,False,Synthetic
SYN_01626,6780000,1063,2.0,2,1,"Phase I, Electronic City",2,4,Unfurnished,West,6.6,Ready to Move,,False,Synthetic
SYN_01627,11230000,1460,3.0,3,1,"Kempapura, Bellandur",0,15,Unfurnished,East,1.0,Ready to Move,,False,Synthetic
SYN_01628,12290000,1322,2.0,2,1,"Gummanahalli, Bengaluru",4,4,Unfurnished,Unknown,12.2,Ready to Move,,False,Synthetic
SYN_01629,10340000,1013,2.0,1,1,"Prakruthi Nagar, Kogilu",1,13,Unfurnished,West,3.0,Ready to Move,,False,Synthetic
SYN_01630,32720000,1112,3.0,3,1,"NN Farm Layout, Sanjaynagar",3,13,Semi Furnished,East,15.9,Ready to Move,,False,Synthetic
SYN_01631,28800000,2067,3.0,3,1,"Prakruthi Nagar, Kogilu",9,23,Semi Furnished,West,7.0,Upcoming,2026-06-03,True,Synthetic
SYN_01632,18830000,1384,2.0,2,1,"Gunjur Village, Bengaluru",10,14,Unfurnished,East,13.0,Ready to Move,,False,Synthetic
SYN_01633,12400000,1058,2.0,2,1,"5th Phase, JP Nagar",17,19,Semi Furnished,Unknown,1.0,Ready to Move,,False,Synthetic
SYN_01634,18790000,1673,3.0,3,4,"Maithri Layout, Kadugodi",3,5,Semi Furnished,East,3.9,Ready to Move,,True,Synthetic
SYN_01635,12210000,1329,2.0,2,1,"Bluejay Ardley, Venkatapura, Kambipura",5,7,Semi Furnished,Unknown,8.0,Ready to Move,,False,Synthetic
SYN_01636,52390000,2294,4.0,4,4,"Basavanna Nagar, K R Puram",32,34,Unfurnished,North,9.0,Upcoming,2026-09-01,True,Synthetic
SYN_01637,11440000,1049,2.0,2,1,"Buena Vista, Bommenahalli",1,4,Unfurnished,Unknown,1.4,Ready to Move,,False,Synthetic
SYN_01638,19670000,1607,3.0,2,1,"Pattandur Agrahara, Whitefield",28,28,Semi Furnished,East,10.0,Ready to Move,,False,Synthetic
SYN_01639,8370000,695,1.0,1,1,"Prakruthi Nagar, Kogilu",5,15,Semi Furnished,East,1.0,Ready to Move,,False,Synthetic
SYN_01640,8570000,881,2.0,2,1,"Bendiganahalli, Bengaluru",6,13,Fully Furnished,Unknown,7.4,Ready to Move,,False,Synthetic
SYN_01641,26430000,1779,3.0,3,1,"Gunjur Village, Bengaluru",9,14,Semi Furnished,South,6.7,Ready to Move,,False,Synthetic
SYN_01642,23010000,1162,2.0,2,1,"Yadavanahalli, Bengaluru",23,25,Semi Furnished,South,5.5,Ready to Move,,False,Synthetic
SYN_01643,17650000,1418,3.0,3,1,"Aishwarya Crystal Layout, Begur",4,12,Semi Furnished,West,3.0,Upcoming,2026-11-12,True,Synthetic
SYN_01644,11070000,987,2.0,2,2,"Mana Tropicale, Gattahalli",3,6,Unfurnished,East,6.7,Ready to Move,,False,Synthetic
SYN_01645,20250000,1451,3.0,3,1,"Jigala, Bengaluru",37,38,Semi Furnished,East,1.0,Ready to Move,,False,Synthetic
SYN_01646,74030000,4138,4.0,4,1,"Ambedkar Colony, Yelahanka",12,18,Unfurnished,North,8.2,Ready to Move,,False,Synthetic
SYN_01647,29880000,1433,3.0,3,1,"Dodsworth Layout, Whitefield",27,28,Semi Furnished,Unknown,14.6,Ready to Move,,False,Synthetic
SYN_01648,5670000,951,2.0,2,1,"Sorahunase, Bengaluru",11,13,Semi Furnished,Unknown,11.2,Upcoming,2026-03-06,True,Synthetic
SYN_01649,11490000,1210,3.0,2,1,"Anekal, Bengaluru",12,20,Semi Furnished,East,12.0,Ready to Move,,False,Synthetic
SYN_01650,12940000,1955,3.0,3,1,"Aishwarya Crystal Layout, Singasandra",2,5,Semi Furnished,East,11.2,Ready to Move,,False,Synthetic
SYN_01651,18190000,1134,3.0,3,2,"Muthurayya Swamy Layout, Hulimavu",0,5,Semi Furnished,Unknown,15.0,Ready to Move,,False,Synthetic
SYN_01652,13610000,1031,3.0,3,1,"Nallurhalli, Whitefield",23,29,Semi Furnished,East,8.7,Ready to Move,,False,Synthetic
SYN_01653,16210000,1673,3.0,3,1,"Gummanahalli, Bengaluru",13,30,Unfurnished,North,2.6,Ready to Move,,False,Synthetic
SYN_01654,21780000,1862,4.0,4,2,"Sathnur, Bengaluru",3,3,Unfurnished,East,7.3,Ready to Move,,False,Synthetic
SYN_01655,13250000,1281,2.0,2,1,"Gummanahalli, Bengaluru",0,5,Semi Furnished,East,1.7,Ready to Move,,False,Synthetic
SYN_01656,12160000,1105,2.0,2,1,"Virgonagar, Aavalahalli",1,7,Semi Furnished,North,10.9,Ready to Move,,False,Synthetic
SYN_01657,11470000,1299,3.0,3,1,"Gummanahalli, Bengaluru",0,5,Unfurnished,North,1.5,Ready to Move,,False,Synthetic
SYN_01658,4820000,618,1.0,1,0,"Sarjapur, Bengaluru",10,21,Unfurnished,North,4.8,Ready to Move,,False,Synthetic
SYN_01659,10030000,1115,2.0,2,1,"Boovanahalli, Bengaluru",4,15,Semi Furnished,East,9.0,Ready to Move,,False,Synthetic
SYN_01660,34490000,2461,3.5,4,2,"Aditya Layout, RR Nagar",5,23,Semi Furnished,East,3.0,Ready to Move,,True,Synthetic
SYN_01661,32550000,1911,3.0,3,1,"Seetharampalya, Hoodi",10,17,Unfurnished,East,6.0,Ready to Move,,True,Synthetic
SYN_01662,13340000,1029,2.0,2,1,"Prakruthi Nagar, Kogilu",7,11,Semi Furnished,East,4.0,Ready to Move,,True,Synthetic
SYN_01663,9020000,1069,2.0,2,1,"Kaikondrahalli, Bengaluru",2,5,Unfurnished,West,12.0,Ready to Move,,False,Synthetic
SYN_01664,11920000,1223,2.0,2,1,"Parkway Homes, Rayasandra",20,23,Semi Furnished,West,0.5,Ready to Move,,False,Synthetic
SYN_01665,16670000,2086,3.0,3,1,"Bommenahalli, Bengaluru",1,4,Semi Furnished,North,0.5,Upcoming,2028-06-23,True,Synthetic
SYN_01666,33780000,1829,3.0,3,1,"Reliaable Lifestyle Layout, Harlur",6,28,Semi Furnished,Unknown,18.0,Ready to Move,,False,Synthetic
SYN_01667,7000000,1122,2.0,2,1,"Terracon Doctors Enclave, Chandapura",1,11,Semi Furnished,North,4.4,Ready to Move,,False,Synthetic
SYN_01668,11600000,1172,2.0,2,1,"Bidare Agraha, Bengaluru",7,7,Semi Furnished,Unknown,10.0,Ready to Move,,False,Synthetic
SYN_01669,24790000,2118,3.0,3,1,"Manayata Tech Park, Thanisandra",1,4,Semi Furnished,West,4.9,Ready to Move,,False,Synthetic
SYN_01670,24200000,1161,2.0,2,1,"Devarachikkana Halli, Bengaluru",10,16,Unfurnished,East,4.5,Ready to Move,,False,Synthetic
SYN_01671,8900000,1019,2.0,2,1,"Ambalipura, Harlur",1,4,Unfurnished,East,4.5,Ready to Move,,False,Synthetic
SYN_01672,7540000,1031,3.0,3,1,"Sree Narayana Nagar, Kadagrahara",12,12,Unfurnished,East,0.1,Ready to Move,,False,Synthetic
SYN_01673,26040000,1737,3.0,3,2,"Nagavara, Bengaluru",3,17,Semi Furnished,East,4.3,Upcoming,2029-06-29,True,Synthetic
SYN_01674,6920000,1155,2.0,2,1,"S.Bingipura, Bengaluru",10,13,Semi Furnished,West,5.4,Ready to Move,,False,Synthetic
SYN_01675,6130000,476,1.0,1,1,"Konappana Agrahara, Rayasandra",21,21,Semi Furnished,East,1.6,Ready to Move,,False,Synthetic
SYN_01676,16020000,1711,3.0,3,3,"Manjunatha Nagar, Bagalakunte",0,4,Fully Furnished,East,4.6,Upcoming,2027-01-24,True,Synthetic
SYN_01677,9300000,1378,2.0,2,1,"Varthur, Bengaluru",8,14,Semi Furnished,East,2.0,Ready to Move,,False,Synthetic
SYN_01678,28100000,1865,3.0,3,1,"Devasthanagalu, Varthur",0,6,Semi Furnished,South,8.0,Ready to Move,,True,Synthetic
SYN_01679,10950000,1241,3.0,3,1,"Dodsworth Layout, Whitefield",19,19,Semi Furnished,West,10.5,Upcoming,2029-05-28,True,Synthetic
SYN_01680,12710000,1101,2.0,2,2,"Devasthanagalu, Varthur",16,28,Semi Furnished,East,1.3,Ready to Move,,False,Synthetic
SYN_01681,4510000,505,1.0,1,1,"Thirumalashettyhally, Bengaluru",1,18,Semi Furnished,East,1.0,Ready to Move,,False,Synthetic
SYN_01682,12690000,1506,3.0,3,1,"Avalahalli, Yelahanka",11,15,Unfurnished,East,0.9,Ready to Move,,False,Synthetic
SYN_01683,10970000,992,2.0,1,1,"Hadosiddapura, Carmelaram",13,18,Semi Furnished,North,1.0,Ready to Move,,False,Synthetic
SYN_01684,9850000,1059,2.0,2,1,"Boovanahalli, Bengaluru",3,8,Unfurnished,North,1.0,Ready to Move,,False,Synthetic
SYN_01685,4890000,570,1.0,1,1,"Gummanahalli, Bengaluru",12,28,Unfurnished,East,11.0,Ready to Move,,False,Synthetic
SYN_01686,14500000,1031,2.0,2,1,"Ali Estate, Yelahanka",9,9,Semi Furnished,West,15.7,Ready to Move,,False,Synthetic
SYN_01687,10260000,1051,2.0,2,2,"Bollineni Silas, K R Puram",11,21,Semi Furnished,East,3.0,Ready to Move,,False,Synthetic
SYN_01688,8310000,753,1.0,1,1,"Chikkagubbi Village, Bengaluru",17,21,Unfurnished,North,2.0,Ready to Move,,False,Synthetic
SYN_01689,18880000,1844,3.0,2,1,"Sannatammanahalli, Battarahalli",4,15,Semi Furnished,West,9.2,Ready to Move,,False,Synthetic
SYN_01690,19610000,1601,3.0,3,1,"Dommasandra, Bengaluru",13,18,Semi Furnished,South,7.0,Ready to Move,,False,Synthetic
SYN_01691,81110000,1905,3.0,3,1,"Gupta Layout, Halasuru",6,25,Unfurnished,East,8.0,Ready to Move,,False,Synthetic
SYN_01692,22530000,1804,3.0,3,1,"Kodathi, Bengaluru",4,14,Unfurnished,West,5.3,Ready to Move,,True,Synthetic
SYN_01693,17310000,1768,3.0,3,1,"Varthur, Bengaluru",12,38,Unfurnished,East,7.3,Ready to Move,,True,Synthetic
SYN_01694,17050000,1261,2.0,2,1,"Saraswathi Nagar, Vijayanagar",11,15,Semi Furnished,East,1.6,Ready to Move,,False,Synthetic
SYN_01695,9700000,730,2.0,2,1,"Devin Paradise Enclave, Chokkanahalli",9,20,Semi Furnished,West,10.3,Ready to Move,,False,Synthetic
SYN_01696,7360000,1027,2.0,2,1,"East Of NGEF Layout, Kasturi Nagar",16,21,Unfurnished,North,7.1,Ready to Move,,False,Synthetic
SYN_01697,21300000,1235,2.0,2,1,"Medahalli, Bengaluru",2,4,Unfurnished,East,7.0,Ready to Move,,False,Synthetic
SYN_01698,13860000,1521,3.0,3,2,"Sadanandanagar, Bennigana Halli",0,12,Fully Furnished,North,6.5,Ready to Move,,False,Synthetic
SYN_01699,26820000,1557,3.0,3,2,"Gupta Layout, Halasuru",0,18,Semi Furnished,West,2.6,Ready to Move,,False,Synthetic
SYN_01700,7870000,1247,3.0,3,2,"Belathur, K R Puram",20,24,Unfurnished,East,17.5,Upcoming,2029-12-10,True,Synthetic
SYN_01701,14070000,1644,3.0,3,1,"Shriram Sameeksha, Singapura",11,14,Unfurnished,North,1.0,Ready to Move,,False,Synthetic
SYN_01702,26670000,2272,4.0,4,2,"Pattandur Agrahara, Whitefield",17,33,Unfurnished,East,11.0,Ready to Move,,False,Synthetic
SYN_01703,18310000,1518,3.0,3,1,"Adityanagar, Vidyaranyapura",4,14,Semi Furnished,South,7.8,Upcoming,2026-05-14,True,Synthetic
SYN_01704,25410000,1817,3.0,2,1,"Gunjur Village, Bengaluru",17,29,Semi Furnished,Unknown,3.1,Ready to Move,,False,Synthetic
SYN_01705,9490000,1112,2.0,2,1,"Sahyadri Layout, Panduranga Nagar",2,4,Semi Furnished,East,5.0,Ready to Move,,False,Synthetic
SYN_01706,15060000,932,2.0,2,1,"Chikkanagamangala, Bengaluru",5,28,Semi Furnished,Unknown,9.0,Ready to Move,,False,Synthetic
SYN_01707,21690000,1618,3.0,3,1,"III Stage, RR Nagar",3,4,Unfurnished,West,0.9,Ready to Move,,False,Synthetic
SYN_01708,35950000,1738,3.0,3,1,"Hadosiddapura, Carmelaram",15,19,Unfurnished,Unknown,4.3,Ready to Move,,False,Synthetic
SYN_01709,8070000,716,1.0,1,1,"Boovanahalli, Bengaluru",16,32,Unfurnished,Unknown,8.0,Upcoming,2028-03-12,True,Synthetic
SYN_01710,28460000,1600,3.0,3,1,"Yadavanahalli, Bengaluru",10,22,Semi Furnished,East,0.8,Ready to Move,,True,Synthetic
SYN_01711,15000000,1471,2.0,2,1,"Bommenahalli, Bengaluru",0,6,Semi Furnished,North,7.6,Ready to Move,,False,Synthetic
SYN_01712,40080000,3064,4.0,4,1,"Sathnur, Bengaluru",7,22,Semi Furnished,East,15.1,Ready to Move,,False,Synthetic
SYN_01713,5400000,605,1.0,1,1,"Sarjapur, Bengaluru",0,22,Unfurnished,North,0.5,Ready to Move,,False,Synthetic
SYN_01714,11070000,741,1.5,1,1,"Varthur, Bengaluru",0,10,Unfurnished,East,1.4,Ready to Move,,False,Synthetic
SYN_01715,16820000,1018,2.0,2,1,"Sarjapur, Bengaluru",7,14,Semi Furnished,East,7.4,Upcoming,2026-07-21,True,Synthetic
SYN_01716,28360000,1731,3.0,2,1,"Panathur, Bengaluru",2,4,Semi Furnished,East,18.6,Upcoming,2027-01-31,True,Synthetic
SYN_01717,19030000,1410,3.0,3,1,"Navarathna Agrahara, Bengaluru",0,4,Unfurnished,West,6.2,Ready to Move,,False,Synthetic
SYN_01718,10260000,1265,2.0,1,1,"Veer Sandra, Electronic City",0,4,Semi Furnished,East,5.0,Ready to Move,,False,Synthetic
SYN_01719,13330000,1031,3.0,3,1,"Jigala, Bengaluru",6,15,Unfurnished,Unknown,12.3,Ready to Move,,False,Synthetic
SYN_01720,7310000,1211,2.0,2,1,"Terracon Doctors Enclave, Chandapura",4,4,Semi Furnished,South,9.0,Ready to Move,,False,Synthetic
SYN_01721,19520000,1576,3.0,3,1,"Phase 1, Whitefield",22,30,Semi Furnished,East,4.7,Ready to Move,,False,Synthetic
SYN_01722,17880000,1191,2.5,2,1,"Seetharampalya, Hoodi",1,5,Semi Furnished,North,6.0,Ready to Move,,False,Synthetic
SYN_01723,94530000,3796,4.0,4,2,"Subramanyanagar, Rajajinagar",42,42,Unfurnished,East,9.1,Upcoming,2026-06-12,True,Synthetic
SYN_01724,21700000,1596,3.0,3,1,"Anjanadri Layout, Konanakunte",15,17,Semi Furnished,West,13.3,Ready to Move,,False,Synthetic
SYN_01725,14890000,1355,2.0,2,1,"Bendiganahalli, Bengaluru",5,8,Semi Furnished,West,25.6,Ready to Move,,False,Synthetic
SYN_01726,14070000,1086,3.0,2,1,"Kogilu Layout, Srinivaspur",17,28,Unfurnished,North,1.1,Ready to Move,,False,Synthetic
SYN_01727,8600000,734,2.0,2,1,"Gunjur Palya, Bengaluru",3,4,Semi Furnished,North,10.0,Ready to Move,,False,Synthetic
SYN_01728,43820000,2337,4.0,4,1,"Ramagondanahalli, Whitefield",10,30,Semi Furnished,Unknown,5.5,Ready to Move,,True,Synthetic
SYN_01729,19950000,1471,2.0,2,1,"ITI Employees Housing Colony, Dooravani Nagar",17,39,Semi Furnished,East,11.6,Ready to Move,,False,Synthetic
SYN_01730,8150000,1050,2.0,2,2,"Bengaluru Hardware Park, Bengaluru",2,12,Unfurnished,East,1.0,Ready to Move,,False,Synthetic
SYN_01731,5700000,586,1.0,1,1,"Chikkagubbi Village, Bengaluru",6,17,Unfurnished,East,1.5,Ready to Move,,False,Synthetic
SYN_01732,13910000,1017,2.0,2,1,"Balagere, Bengaluru",5,14,Fully Furnished,East,3.2,Upcoming,2028-05-20,True,Synthetic
SYN_01733,21200000,1838,3.0,3,1,"Seegehalli, K R Puram",4,18,Unfurnished,East,1.5,Ready to Move,,False,Synthetic
SYN_01734,24970000,2233,3.0,3,1,"Kumbalgodu, Bengaluru",3,4,Unfurnished,East,1.3,Ready to Move,,False,Synthetic
SYN_01735,18030000,1463,3.0,3,1,"Mallasandra, Bengaluru",0,4,Unfurnished,East,3.6,Ready to Move,,False,Synthetic
SYN_01736,21030000,3358,4.0,4,4,"Gundappa Layout, Gottigere",1,3,Unfurnished,East,2.0,Ready to Move,,False,Synthetic
SYN_01737,15170000,1409,2.0,2,1,"Bommasandra Industrial Area, Bommasandra",4,13,Semi Furnished,East,7.0,Ready to Move,,False,Synthetic
SYN_01738,5800000,868,2.0,2,1,"Ali Estate, Yelahanka",22,23,Semi Furnished,East,9.5,Ready to Move,,False,Synthetic
SYN_01739,19430000,1490,3.0,2,1,"Phase 7, Arakere",5,6,Unfurnished,South,11.0,Ready to Move,,False,Synthetic
SYN_01740,28000000,1794,3.0,3,1,"Classic Orchids Layout, Kalena Agrahara",1,3,Unfurnished,East,10.0,Ready to Move,,False,Synthetic
SYN_01741,21780000,1725,3.0,3,2,"Huvinayakanahalli, Bengaluru",9,30,Unfurnished,East,1.2,Ready to Move,,False,Synthetic
SYN_01742,16140000,1750,3.0,3,4,"SNN Raj Serenity, Akshayanagar",3,5,Unfurnished,East,25.4,Upcoming,2026-10-24,True,Synthetic
SYN_01743,9970000,592,1.0,1,1,"Panathur, Bengaluru",9,27,Semi Furnished,West,3.2,Ready to Move,,False,Synthetic
SYN_01744,4340000,464,1.0,1,1,"Hulimavu, Bengaluru",11,23,Unfurnished,West,4.7,Ready to Move,,False,Synthetic
SYN_01745,13410000,965,2.0,2,1,"Phase I, Electronic City",1,19,Unfurnished,West,8.0,Ready to Move,,False,Synthetic
SYN_01746,35750000,1909,3.0,3,1,"Nallurhalli, Whitefield",8,12,Unfurnished,Unknown,2.2,Ready to Move,,False,Synthetic
SYN_01747,14090000,1379,3.0,3,1,"Bengaluru Hardware Park, Bengaluru",15,18,Unfurnished,West,10.3,Ready to Move,,False,Synthetic
SYN_01748,9030000,889,2.0,2,1,"Uttarahalli -Manavarthekaval, Bengaluru",9,10,Semi Furnished,East,12.0,Ready to Move,,False,Synthetic
SYN_01749,10980000,931,2.0,2,1,"Goravigere, Bengaluru",20,28,Semi Furnished,East,4.9,Ready to Move,,False,Synthetic
SYN_01750,18700000,1597,3.0,3,1,"Phase I, Electronic City",4,31,Semi Furnished,West,2.1,Ready to Move,,False,Synthetic
SYN_01751,8900000,913,2.0,2,1,"Varthur, Bengaluru",0,15,Unfurnished,North,6.5,Ready to Move,,False,Synthetic
SYN_01752,21730000,2500,6.0,6,2,"Nanjundaiah Layout, Devarachikkana Halli",0,4,Semi Furnished,West,5.0,Ready to Move,,False,Synthetic
SYN_01753,26180000,1401,3.0,3,2,"Vastu Bhoomi, K R Puram",0,16,Semi Furnished,North,19.0,Upcoming,2026-10-25,True,Synthetic
SYN_01754,17980000,1116,2.0,2,2,"Devasthanagalu, Varthur",5,9,Semi Furnished,Unknown,1.0,Ready to Move,,False,Synthetic
SYN_01755,13270000,1031,3.0,2,1,"Uttarahalli -Manavarthekaval, Bengaluru",0,4,Unfurnished,North,9.0,Ready to Move,,False,Synthetic
SYN_01756,11300000,1029,2.0,2,1,"Block 2, Agrahara Layout",3,9,Semi Furnished,East,0.8,Ready to Move,,False,Synthetic
SYN_01757,13520000,1730,3.0,2,1,"Sarjapur, Bengaluru",19,19,Semi Furnished,East,8.5,Ready to Move,,False,Synthetic
SYN_01758,19510000,1417,3.0,3,1,"Rachenahalli, Thanisandra",3,5,Unfurnished,South,1.0,Ready to Move,,False,Synthetic
SYN_01759,6190000,1027,2.0,2,1,"BEML Cooperative Society Layout, Bengaluru",1,13,Unfurnished,West,3.0,Ready to Move,,True,Synthetic
SYN_01760,24210000,1704,3.0,2,1,"Huvinayakanahalli, Bengaluru",4,14,Semi Furnished,North,17.7,Ready to Move,,False,Synthetic
SYN_01761,19220000,1694,3.0,3,1,"Choodasandra, Bengaluru",0,7,Semi Furnished,East,8.1,Ready to Move,,False,Synthetic
SYN_01762,9490000,1216,2.0,2,1,"Bommasandra Industrial Area, Electronic City",7,21,Unfurnished,North,1.3,Ready to Move,,False,Synthetic
SYN_01763,6990000,934,2.0,2,1,"Sri Balaji Layout, K R Puram",4,4,Semi Furnished,West,5.0,Ready to Move,,False,Synthetic
SYN_01764,22480000,783,2.0,2,2,"Classic Orchids Layout, Kalena Agrahara",10,19,Semi Furnished,East,8.0,Ready to Move,,False,Synthetic
SYN_01765,27830000,1587,3.0,3,1,"KIADB Export Promotion Industrial Area, K R Puram",2,4,Unfurnished,East,8.4,Ready to Move,,False,Synthetic
SYN_01766,12980000,1217,3.0,3,1,"Boodihal, Bengaluru",4,4,Semi Furnished,Unknown,6.6,Ready to Move,,True,Synthetic
SYN_01767,12330000,1183,2.0,2,1,"Industrial Layout, Kudlu Gate",2,14,Unfurnished,West,1.5,Ready to Move,,False,Synthetic
SYN_01768,20690000,1258,2.0,2,1,"Anchepalya, Bengaluru",2,6,Semi Furnished,East,1.0,Ready to Move,,False,Synthetic
SYN_01769,7750000,1142,2.0,2,1,"Samethanahalli, Bengaluru",5,14,Semi Furnished,East,10.0,Ready to Move,,False,Synthetic
SYN_01770,11130000,1179,2.5,2,1,"Shriram Surabhi, Mallasandra",4,16,Unfurnished,East,3.0,Ready to Move,,False,Synthetic
SYN_01771,16030000,1232,3.0,3,1,"Kanakapura, Bengaluru",2,4,Semi Furnished,Unknown,9.7,Ready to Move,,False,Synthetic
SYN_01772,10240000,961,2.0,2,1,"Gulimangala, Bengaluru",0,4,Unfurnished,West,8.5,Ready to Move,,False,Synthetic
SYN_01773,19010000,1333,2.0,2,1,"P&T Layout, Thanisandra",19,21,Semi Furnished,Unknown,14.3,Ready to Move,,False,Synthetic
SYN_01774,9670000,1369,2.0,2,1,"Phase I, Electronic City",0,5,Semi Furnished,East,5.8,Ready to Move,,False,Synthetic
SYN_01775,27410000,1824,3.0,3,2,"Sri Balaji Layout, K R Puram",2,4,Semi Furnished,East,2.0,Ready to Move,,False,Synthetic
SYN_01776,52810000,3763,4.0,4,3,"Upkar Layout, Whitefield",13,16,Semi Furnished,South,9.1,Upcoming,2028-01-10,True,Synthetic
SYN_01777,9090000,1033,2.0,2,1,"Park View Layout, Amrutahalli",2,4,Semi Furnished,West,12.5,Ready to Move,,False,Synthetic
SYN_01778,8160000,1132,2.0,2,1,"Madagondanahalli, Electronic City",22,26,Unfurnished,East,6.8,Ready to Move,,False,Synthetic
SYN_01779,7530000,1114,2.0,2,1,"Subramanyapura, Bengaluru",12,14,Unfurnished,East,9.0,Ready to Move,,False,Synthetic
SYN_01780,8240000,1063,2.0,2,1,"Sarjapur, Bengaluru",3,8,Unfurnished,East,5.5,Ready to Move,,False,Synthetic
SYN_01781,14250000,996,2.0,2,1,"Manayata Tech Park, Thanisandra",4,20,Semi Furnished,Unknown,1.0,Ready to Move,,False,Synthetic
SYN_01782,26210000,1508,3.0,3,2,"Lords Steps Layout, Panathur",5,5,Unfurnished,East,25.3,Ready to Move,,False,Synthetic
SYN_01783,13050000,1073,2.0,2,1,"SNN Raj Serenity, Akshayanagar",11,17,Unfurnished,East,2.5,Ready to Move,,False,Synthetic
SYN_01784,19910000,1540,3.0,2,0,"Gunjur Village, Bengaluru",2,4,Unfurnished,East,1.1,Upcoming,2027-01-10,True,Synthetic
SYN_01785,32220000,2348,3.0,3,1,"Varthur, Bengaluru",2,18,Unfurnished,East,0.8,Ready to Move,,True,Synthetic
SYN_01786,6980000,819,2.0,2,2,"Bengaluru Hardware Park, Bengaluru",6,14,Semi Furnished,West,1.2,Ready to Move,,False,Synthetic
SYN_01787,12590000,1291,2.5,2,1,"Shriram Surabhi, Mallasandra",5,5,Unfurnished,Unknown,6.5,Ready to Move,,True,Synthetic
SYN_01788,14800000,979,2.0,2,1,"Balagere, Bengaluru",3,5,Semi Furnished,Unknown,6.0,Ready to Move,,False,Synthetic
SYN_01789,74710000,8363,5.0,3,2,"Phase I, Electronic City",13,30,Fully Furnished,East,7.7,Ready to Move,,False,Synthetic
SYN_01790,36390000,2170,3.0,3,1,"Nallurhalli, Whitefield",26,29,Unfurnished,Unknown,4.2,Ready to Move,,False,Synthetic
SYN_01791,15990000,1031,3.0,3,1,"Suma Dhura Eden Garden, Chikkabana Halli",3,14,Unfurnished,East,8.0,Ready to Move,,False,Synthetic
SYN_01792,14190000,1040,2.0,2,1,"Chikkakannalli, Bengaluru",0,28,Semi Furnished,West,8.1,Ready to Move,,False,Synthetic
SYN_01793,36410000,2616,4.5,4,2,"V. Kallahalli, Bengaluru",3,29,Semi Furnished,Unknown,4.0,Ready to Move,,False,Synthetic
SYN_01794,13510000,1198,2.0,2,1,"Belathur, K R Puram",17,17,Unfurnished,Unknown,14.2,Ready to Move,,False,Synthetic
SYN_01795,22370000,1474,3.0,3,1,"Sri Balaji Krupa Layout, R.K. Hegde Nagar",5,9,Semi Furnished,East,13.5,Ready to Move,,False,Synthetic
SYN_01796,16020000,1196,2.0,2,0,"Bidare Agraha, Bengaluru",4,4,Unfurnished,East,2.1,Ready to Move,,False,Synthetic
SYN_01797,18070000,1705,3.0,3,1,"Varsova Layout, Kaggadasapura",12,12,Unfurnished,West,10.0,Ready to Move,,False,Synthetic
SYN_01798,16470000,1687,3.0,3,1,"Gummanahalli, Bengaluru",29,38,Semi Furnished,Unknown,4.5,Ready to Move,,False,Synthetic
SYN_01799,16150000,1287,3.0,3,1,"P&T Layout, Thanisandra",2,5,Unfurnished,East,1.0,Upcoming,2028-06-10,True,Synthetic
SYN_01800,12930000,957,2.0,2,1,"Uttarahalli -Manavarthekaval, Bengaluru",4,4,Semi Furnished,Unknown,8.7,Ready to Move,,False,Synthetic
SYN_01801,25680000,3776,8.0,8,2,"Mico Layout, Hongasandra",1,4,Semi Furnished,West,4.9,Ready to Move,,False,Synthetic
SYN_01802,20350000,1566,3.0,2,1,"Battarahalli, K R Puram",15,18,Semi Furnished,East,9.9,Upcoming,2026-04-14,True,Synthetic
SYN_01803,20100000,1186,2.0,2,1,"Hosapalya, Kudlu Gate",8,12,Semi Furnished,North,2.4,Ready to Move,,False,Synthetic
SYN_01804,18120000,1971,3.0,2,1,"Kashi Nagar, Byatarayanapura",15,16,Semi Furnished,East,1.0,Ready to Move,,False,Synthetic
SYN_01805,14250000,1361,2.0,2,0,"Phase 5, Chikkanayakanahalli, Choodasandra",4,10,Semi Furnished,East,9.1,Ready to Move,,False,Synthetic
SYN_01806,20600000,1438,3.0,2,2,"Narayanpura, Kothanur",5,26,Unfurnished,East,1.0,Ready to Move,,True,Synthetic
SYN_01807,15880000,1450,3.0,3,2,"Yadavanahalli, Bengaluru",2,12,Unfurnished,East,1.6,Ready to Move,,False,Synthetic
SYN_01808,5750000,890,2.0,2,1,"Janatha Colony, Chikkanagamangala",3,4,Semi Furnished,West,2.8,Ready to Move,,False,Synthetic
SYN_01809,18020000,1606,3.0,2,1,"Prakruthi Nagar, Kogilu",1,3,Fully Furnished,East,1.1,Ready to Move,,False,Synthetic
SYN_01810,10210000,1705,3.0,3,1,"Attibele, Bengaluru",0,4,Unfurnished,North,1.3,Upcoming,2026-01-29,True,Synthetic
SYN_01811,19260000,2039,3.0,3,1,"Thirumalashettyhally, Bengaluru",3,5,Unfurnished,Unknown,5.0,Ready to Move,,False,Synthetic
SYN_01812,12140000,950,2.0,2,1,"Anchepalya, Bengaluru",2,5,Semi Furnished,East,3.2,Ready to Move,,False,Synthetic
SYN_01813,14380000,1210,3.0,3,1,"Shivanahalli 2nd Stage, Nehru Nagar",8,16,Unfurnished,East,6.0,Upcoming,2026-11-19,True,Synthetic
SYN_01814,8210000,730,2.0,2,1,"Doddakannelli, Bengaluru",1,4,Semi Furnished,East,14.7,Ready to Move,,False,Synthetic
SYN_01815,23750000,1590,3.0,2,1,"Dommasandra, Bengaluru",13,18,Semi Furnished,East,4.0,Ready to Move,,False,Synthetic
SYN_01816,10330000,1195,2.0,2,1,"Chaithanya Samarth, Bommenahalli",12,14,Semi Furnished,East,5.8,Ready to Move,,False,Synthetic
SYN_01817,18090000,1164,2.0,2,1,"Devasthanagalu, Varthur",0,7,Semi Furnished,Unknown,17.5,Ready to Move,,False,Synthetic
SYN_01818,12560000,1082,3.0,2,1,"Blue Waters, Parappana Agrahara",1,4,Unfurnished,East,2.5,Ready to Move,,False,Synthetic
SYN_01819,26310000,1685,3.0,3,1,"Rammana Layout, Byrathi",0,14,Unfurnished,North,15.0,Ready to Move,,True,Synthetic
SYN_01820,47950000,2095,3.5,3,1,"Sahakara Nagar, Bengaluru",16,33,Unfurnished,East,10.3,Ready to Move,,True,Synthetic
SYN_01821,21950000,1634,3.0,3,1,"Cambridge Layout, Halasuru",3,4,Semi Furnished,East,2.0,Ready to Move,,False,Synthetic
SYN_01822,30460000,2320,4.0,4,2,"Yadavanahalli, Bengaluru",2,18,Semi Furnished,East,11.2,Upcoming,2031-03-13,True,Synthetic
SYN_01823,44370000,2448,3.0,3,1,"Whitefield, Bengaluru",18,22,Unfurnished,East,6.5,Ready to Move,,False,Synthetic
SYN_01824,11360000,958,2.0,2,2,"Suncity Gloria, Carmelaram",12,14,Semi Furnished,East,10.3,Ready to Move,,False,Synthetic
SYN_01825,11120000,1138,2.0,2,1,"Thammenahalli Village, Bengaluru",1,10,Unfurnished,Unknown,0.8,Upcoming,2027-01-22,True,Synthetic
SYN_01826,12370000,1234,2.0,2,1,"Manayata Tech Park, Thanisandra",22,22,Semi Furnished,East,7.6,Upcoming,2028-04-27,True,Synthetic
SYN_01827,34340000,2291,3.0,3,4,"Nallurhalli, Whitefield",2,18,Unfurnished,West,4.6,Ready to Move,,False,Synthetic
SYN_01828,10010000,1138,2.0,2,1,"Boodihal, Bengaluru",22,23,Semi Furnished,Unknown,4.9,Ready to Move,,True,Synthetic
SYN_01829,6700000,829,2.0,2,1,"Balagere, Bengaluru",13,23,Unfurnished,North,7.2,Ready to Move,,False,Synthetic
SYN_01830,22670000,1577,3.0,3,1,"Mallasandra, Bengaluru",0,28,Semi Furnished,Unknown,0.8,Ready to Move,,False,Synthetic
SYN_01831,10240000,938,2.0,2,1,"Nagashetty Halli, RMV Extension Stage 2",3,14,Unfurnished,Unknown,6.0,Ready to Move,,False,Synthetic
SYN_01832,6140000,1122,2.0,2,1,"BEML Cooperative Society Layout, Bengaluru",10,14,Semi Furnished,East,10.5,Ready to Move,,False,Synthetic
SYN_01833,11650000,1102,2.0,2,1,"Halasahalli, Bengaluru",12,15,Semi Furnished,Unknown,0.4,Ready to Move,,False,Synthetic
SYN_01834,16550000,1430,3.0,3,1,"Rachenahalli, Thanisandra",18,34,Semi Furnished,West,2.4,Upcoming,2027-09-22,True,Synthetic
SYN_01835,8630000,1086,3.0,2,1,"Laxminarayana Layout, Whitefield",1,14,Semi Furnished,East,7.0,Ready to Move,,True,Synthetic
SYN_01836,15210000,1720,3.0,3,1,"Prakruthi Nagar, Kogilu",0,14,Semi Furnished,Unknown,1.8,Ready to Move,,False,Synthetic
SYN_01837,14680000,1193,2.0,2,1,"Adityanagar, Vidyaranyapura",0,3,Semi Furnished,North,3.0,Upcoming,2026-10-18,True,Synthetic
SYN_01838,34150000,2251,4.0,4,2,"Phase 1, Whitefield",22,22,Unfurnished,East,5.5,Ready to Move,,True,Synthetic
SYN_01839,43510000,2574,4.5,4,5,"Sathya Sai Layout, Whitefield",8,24,Semi Furnished,East,4.8,Ready to Move,,False,Synthetic
SYN_01840,21400000,1667,3.0,3,1,"Dommasandra, Bengaluru",4,5,Semi Furnished,Unknown,1.0,Ready to Move,,False,Synthetic
SYN_01841,10360000,1395,3.0,2,1,"Electronic City, Bengaluru",0,4,Semi Furnished,West,13.4,Ready to Move,,False,Synthetic
SYN_01842,16090000,1433,3.0,3,2,"Devasthanagalu, Varthur",1,14,Semi Furnished,East,3.7,Ready to Move,,False,Synthetic
SYN_01843,24710000,1382,3.0,3,1,"Paramount Gardens, Jyotipuram",4,5,Semi Furnished,East,5.2,Ready to Move,,True,Synthetic
SYN_01844,19320000,2075,3.0,3,1,"Hosapalya, Muneshwara Nagar",9,10,Unfurnished,North,17.4,Ready to Move,,False,Synthetic
SYN_01845,14120000,1209,2.0,2,1,"Gummanahalli, Bengaluru",9,12,Semi Furnished,West,4.0,Ready to Move,,False,Synthetic
SYN_01846,10700000,1329,2.0,2,1,"Pragathi Nagar, Electronic City",3,23,Semi Furnished,Unknown,7.1,Ready to Move,,False,Synthetic
SYN_01847,11630000,1192,2.0,2,1,"Gummanahalli, Bengaluru",2,14,Semi Furnished,Unknown,7.0,Ready to Move,,False,Synthetic
SYN_01848,26420000,1321,2.0,2,1,"Devanahalli, Bengaluru",25,26,Unfurnished,West,1.1,Ready to Move,,False,Synthetic
SYN_01849,14440000,1193,2.0,2,1,"Biotech Park, Chandapura",9,14,Fully Furnished,Unknown,1.4,Ready to Move,,False,Synthetic
SYN_01850,15770000,917,2.0,2,1,"Veer Sandra, Electronic City",7,13,Unfurnished,Unknown,3.0,Ready to Move,,False,Synthetic
SYN_01851,28450000,1915,3.0,3,1,"Vakil Garden City, Bengaluru",1,4,Semi Furnished,East,10.0,Ready to Move,,True,Synthetic
SYN_01852,23170000,2017,3.0,3,1,"Budigere Cross, Bengaluru",18,33,Semi Furnished,East,1.0,Upcoming,2027-07-14,True,Synthetic
SYN_01853,24150000,1279,3.0,3,1,"KIADB Export Promotion Industrial Area, K R Puram",18,31,Semi Furnished,Unknown,1.6,Ready to Move,,False,Synthetic
SYN_01854,17680000,1297,2.0,2,1,"Someshwara Layout, Doddakannelli",4,27,Semi Furnished,East,4.9,Ready to Move,,False,Synthetic
SYN_01855,7660000,998,2.0,2,0,"Gunjur, Bengaluru",0,4,Unfurnished,East,9.0,Ready to Move,,False,Synthetic
SYN_01856,18560000,1517,3.0,3,1,"Whitefield, Bengaluru",16,18,Unfurnished,East,13.0,Ready to Move,,False,Synthetic
SYN_01857,13610000,1228,2.0,2,1,"Belathur, K R Puram",4,4,Semi Furnished,West,9.3,Ready to Move,,False,Synthetic
SYN_01858,90190000,3285,4.0,4,2,"Channasandra Layout, Srinivaspura",4,4,Unfurnished,Unknown,3.0,Ready to Move,,True,Synthetic
SYN_01859,11550000,1073,2.0,2,1,"7th Phase, JP Nagar",5,5,Unfurnished,Unknown,4.0,Ready to Move,,False,Synthetic
SYN_01860,11430000,987,2.0,2,2,"Utsav Raaga, Kannuru",32,33,Unfurnished,East,1.1,Ready to Move,,False,Synthetic
SYN_01861,13450000,2108,3.0,3,1,"NN Farm Layout, Sanjaynagar",1,4,Unfurnished,East,3.2,Ready to Move,,False,Synthetic
SYN_01862,10530000,1040,2.0,2,1,"Konappana Agrahara, Electronic City",6,28,Semi Furnished,East,5.7,Ready to Move,,True,Synthetic
SYN_01863,3890000,432,1.0,1,1,"Gummanahalli, Bengaluru",14,14,Semi Furnished,East,0.8,Ready to Move,,False,Synthetic
SYN_01864,24180000,1723,3.0,3,1,"Navarathna Agrahara, Bengaluru",15,18,Unfurnished,East,8.9,Ready to Move,,True,Synthetic
SYN_01865,20090000,1386,3.0,3,1,"Devanahalli, Bengaluru",2,11,Unfurnished,East,8.3,Ready to Move,,True,Synthetic
SYN_01866,17040000,2035,3.0,3,1,"Akme Ballet, Doddanekundi",14,26,Semi Furnished,Unknown,0.8,Ready to Move,,False,Synthetic
SYN_01867,17100000,1120,2.0,2,1,"Devasthanagalu, Varthur",5,12,Semi Furnished,Unknown,7.1,Ready to Move,,False,Synthetic
SYN_01868,26410000,1623,3.0,3,1,"Sri Balaji Layout, K R Puram",10,21,Unfurnished,East,1.4,Ready to Move,,False,Synthetic
SYN_01869,18310000,1863,3.0,2,1,"Chikkadunnasandra, Bengaluru",4,20,Semi Furnished,Unknown,4.4,Ready to Move,,False,Synthetic
SYN_01870,13540000,1127,2.0,2,1,"Budigere Cross, Bengaluru",3,5,Unfurnished,West,1.0,Ready to Move,,False,Synthetic
SYN_01871,28440000,1592,3.0,3,2,"Brindavanam Layout, Horamavu",5,25,Semi Furnished,East,8.0,Ready to Move,,False,Synthetic
SYN_01872,13720000,1309,3.0,3,1,"Ecolife Elements Of Nature, Balagere",15,35,Unfurnished,East,3.0,Upcoming,2027-01-21,True,Synthetic
SYN_01873,33500000,2242,3.0,3,1,"Uttarahalli -Manavarthekaval, Bengaluru",0,4,Semi Furnished,East,13.5,Ready to Move,,True,Synthetic
SYN_01874,20240000,1795,3.0,3,1,"Stage 2, Yeswanthpur",4,4,Semi Furnished,North,5.0,Upcoming,2026-10-21,True,Synthetic
SYN_01875,18660000,1553,3.0,2,1,"P&T Layout, Thanisandra",0,4,Unfurnished,East,10.4,Ready to Move,,False,Synthetic
SYN_01876,15580000,931,2.0,2,1,"Eastwood Township, Harlur",23,28,Semi Furnished,East,10.3,Ready to Move,,False,Synthetic
SYN_01877,9650000,946,2.0,2,1,"Markandhaiha Nagar, Agrahara Layout",15,19,Semi Furnished,Unknown,1.0,Ready to Move,,False,Synthetic
SYN_01878,14370000,1503,3.0,3,1,"Hennur Bande, Kalyan Nagar",5,19,Unfurnished,East,14.3,Ready to Move,,True,Synthetic
SYN_01879,10680000,1048,2.0,2,1,"Gummanahalli, Bengaluru",16,23,Unfurnished,Unknown,2.3,Ready to Move,,False,Synthetic
SYN_01880,11300000,1481,3.0,3,1,"Sarjapur, Bengaluru",4,8,Unfurnished,North,5.0,Ready to Move,,False,Synthetic
SYN_01881,15860000,1551,3.0,2,2,"Gummanahalli, Bengaluru",4,25,Semi Furnished,East,8.6,Ready to Move,,True,Synthetic
SYN_01882,15760000,1174,2.0,2,2,"Devasthanagalu, Varthur",23,31,Semi Furnished,West,8.3,Ready to Move,,False,Synthetic
SYN_01883,13160000,1857,3.0,3,1,"Gummanahalli, Bengaluru",4,10,Semi Furnished,West,3.5,Ready to Move,,False,Synthetic
SYN_01884,21060000,1359,3.0,3,1,"Sarjapur, Bengaluru",1,8,Semi Furnished,East,4.0,Ready to Move,,False,Synthetic
SYN_01885,18840000,1229,2.0,2,2,"Adarsh Palm Retreat, Bellandur",5,21,Unfurnished,North,5.0,Ready to Move,,False,Synthetic
SYN_01886,13470000,954,2.0,2,1,"Thubarahalli, Whitefield",1,8,Semi Furnished,West,2.0,Ready to Move,,False,Synthetic
SYN_01887,31740000,1570,3.0,3,2,"Classic Orchids Layout, Kalena Agrahara",11,19,Semi Furnished,North,1.0,Ready to Move,,False,Synthetic
SYN_01888,9450000,825,2.0,2,1,"Doddakannelli, Bengaluru",3,8,Unfurnished,East,26.7,Ready to Move,,False,Synthetic
SYN_01889,15750000,1086,2.0,2,1,"Lakedew Residency- Phase 2, Harlur",3,4,Unfurnished,North,6.6,Ready to Move,,False,Synthetic
SYN_01890,17430000,1677,3.0,2,1,"Phase I, Electronic City",0,10,Unfurnished,South,4.1,Ready to Move,,False,Synthetic
SYN_01891,30550000,1684,3.0,3,1,"B Narayanapura, Mahadevapura",3,13,Semi Furnished,West,1.2,Ready to Move,,False,Synthetic
SYN_01892,27480000,1598,3.0,3,4,"Sarjapur, Bengaluru",29,34,Unfurnished,West,16.0,Ready to Move,,False,Synthetic
SYN_01893,18490000,1463,3.0,2,1,"Navarathna Agrahara, Bengaluru",8,31,Unfurnished,North,2.4,Upcoming,2027-10-17,True,Synthetic
SYN_01894,12730000,995,2.0,2,1,"Dodsworth Layout, Whitefield",6,14,Unfurnished,East,8.7,Ready to Move,,False,Synthetic
SYN_01895,22380000,1885,3.0,3,0,"Seegehalli, K R Puram",1,5,Semi Furnished,West,3.9,Ready to Move,,False,Synthetic
SYN_01896,13760000,1222,2.0,2,1,"Vastu Bhoomi, K R Puram",0,28,Unfurnished,East,10.0,Ready to Move,,False,Synthetic
SYN_01897,9830000,1326,2.5,2,1,"Devasthanagalu, Varthur",10,10,Semi Furnished,South,1.0,Ready to Move,,False,Synthetic
SYN_01898,4600000,617,1.0,1,1,"Varthur, Bengaluru",12,24,Unfurnished,North,10.0,Ready to Move,,True,Synthetic
SYN_01899,32010000,2068,3.0,3,1,"Ardendale, Kannamangala - Whitefield Hoskote Road",12,17,Unfurnished,East,4.3,Ready to Move,,False,Synthetic
SYN_01900,26370000,1737,3.0,2,1,"Raghuvanahalli, Subramanyapura",4,27,Unfurnished,East,2.9,Ready to Move,,True,Synthetic
SYN_01901,15860000,904,2.0,2,1,"Uttarahalli -Manavarthekaval, Bengaluru",2,4,Unfurnished,North,2.4,Ready to Move,,True,Synthetic
SYN_01902,7770000,1283,2.0,2,2,"Hennagara, Bommasandra",1,4,Unfurnished,West,7.0,Ready to Move,,False,Synthetic
SYN_01903,46740000,2664,4.0,4,4,"Gopalapura, Binnipete",10,14,Unfurnished,West,7.7,Upcoming,2028-05-23,True,Synthetic
SYN_01904,8980000,935,2.0,2,2,"Budigere Cross, Bengaluru",10,12,Unfurnished,East,4.4,Ready to Move,,False,Synthetic
SYN_01905,9290000,990,2.0,2,1,"BMEL Layout, Brookefield",7,13,Unfurnished,East,0.9,Ready to Move,,False,Synthetic
SYN_01906,22850000,1915,3.5,4,2,"Navarathna Agrahara, Bengaluru",6,29,Semi Furnished,West,1.6,Ready to Move,,True,Synthetic
SYN_01907,9930000,878,2.0,2,1,"Madagondanahalli, Electronic City",2,6,Semi Furnished,North,8.2,Ready to Move,,False,Synthetic
SYN_01908,10430000,807,2.0,2,1,"Silver Springs Layout, Munnekollal",5,13,Semi Furnished,East,1.0,Ready to Move,,False,Synthetic
SYN_01909,10370000,1075,2.0,2,1,"Bengaluru Hardware Park, Bengaluru",1,4,Unfurnished,South,8.0,Ready to Move,,False,Synthetic
SYN_01910,8470000,940,2.0,2,1,"Utsav Raaga, Kannuru",18,19,Unfurnished,Unknown,9.4,Ready to Move,,False,Synthetic
SYN_01911,19340000,3643,4.0,4,2,"Phase 2, Whitefield",11,33,Semi Furnished,East,8.0,Ready to Move,,False,Synthetic
SYN_01912,14530000,1320,2.0,2,1,"Hosapalya, Muneshwara Nagar",3,4,Unfurnished,Unknown,1.9,Ready to Move,,False,Synthetic
SYN_01913,40740000,2403,4.0,4,3,"Adarsh Palm Retreat, Bellandur",1,29,Unfurnished,North,1.0,Upcoming,2026-05-17,True,Synthetic
SYN_01914,21050000,1383,2.0,2,1,"Sri Balaji Krupa Layout, R.K. Hegde Nagar",22,23,Semi Furnished,East,8.5,Upcoming,2026-05-02,True,Synthetic
SYN_01915,18060000,1280,3.0,2,1,"Varthur, Bengaluru",3,5,Unfurnished,North,4.0,Ready to Move,,False,Synthetic
SYN_01916,20630000,1470,3.0,3,1,"Ardendale, Kannamangala - Whitefield Hoskote Road",17,18,Unfurnished,West,8.9,Ready to Move,,False,Synthetic
SYN_01917,13130000,1448,3.0,2,1,"Bharthi Nagar, K R Puram",17,17,Semi Furnished,Unknown,7.0,Ready to Move,,False,Synthetic
SYN_01918,19330000,1253,3.0,3,1,"Cambridge Layout, Halasuru",4,4,Unfurnished,East,4.0,Upcoming,2027-03-27,True,Synthetic
SYN_01919,20760000,1607,3.0,3,1,"Sarjapur, Bengaluru",6,20,Fully Furnished,East,7.0,Ready to Move,,False,Synthetic
SYN_01920,29130000,2496,3.5,3,1,"Phase I, Electronic City",21,25,Unfurnished,North,14.0,Ready to Move,,False,Synthetic
SYN_01921,18870000,1360,3.0,3,1,"Hadosiddapura, Carmelaram",0,5,Unfurnished,East,8.0,Ready to Move,,False,Synthetic
SYN_01922,11060000,819,2.0,2,1,"Kannuru, Bengaluru",2,14,Unfurnished,West,9.1,Ready to Move,,False,Synthetic
SYN_01923,17840000,1385,2.0,2,1,"Sarjapur, Bengaluru",15,27,Fully Furnished,East,2.2,Ready to Move,,False,Synthetic
SYN_01924,18640000,1771,3.0,3,1,"V S Reddy Colony, Kadugodi",9,13,Semi Furnished,East,5.0,Ready to Move,,False,Synthetic
SYN_01925,9510000,928,2.0,2,1,"Vasthu Layout, Parappana Agrahara",2,16,Semi Furnished,East,7.5,Ready to Move,,False,Synthetic
SYN_01926,77950000,5108,4.0,3,2,"South Avenue Layout, Gottigere",12,19,Fully Furnished,East,1.4,Ready to Move,,False,Synthetic
SYN_01927,19670000,1362,3.0,3,1,"Vasanth Nagar, Bengaluru",9,14,Semi Furnished,West,7.7,Ready to Move,,False,Synthetic
SYN_01928,14880000,1303,3.0,3,2,"Ahad Euphoria, Carmelaram",1,5,Semi Furnished,North,1.3,Ready to Move,,False,Synthetic
SYN_01929,15470000,1087,2.0,2,1,"Anuradha Industrial Estate, Kumaraswamy Layout",14,18,Semi Furnished,East,1.2,Ready to Move,,False,Synthetic
SYN_01930,11870000,1127,2.0,2,1,"Belathur, K R Puram",5,7,Semi Furnished,West,3.6,Ready to Move,,False,Synthetic
SYN_01931,22180000,1577,3.0,3,4,"Kothnur, JP Nagar",11,16,Semi Furnished,North-East,2.3,Upcoming,2026-03-25,True,Synthetic
SYN_01932,14010000,1288,2.0,2,1,"Aishwarya Crystal Layout, Begur",16,17,Semi Furnished,North,17.1,Ready to Move,,False,Synthetic
SYN_01933,12380000,1031,3.0,3,1,"Aishwarya Crystal Layout, Begur",11,12,Unfurnished,East,6.5,Ready to Move,,False,Synthetic
SYN_01934,14730000,1166,2.0,2,1,"Gummanahalli, Bengaluru",8,24,Semi Furnished,North,1.1,Ready to Move,,False,Synthetic
SYN_01935,16150000,1720,3.0,3,1,"Phase I, Electronic City",7,9,Semi Furnished,East,9.0,Ready to Move,,False,Synthetic
SYN_01936,33540000,1853,3.5,4,2,"Ranka Colony, Bilekahalli",6,28,Semi Furnished,West,3.0,Ready to Move,,False,Synthetic
SYN_01937,9230000,1004,2.0,2,1,"Terracon Doctors Enclave, Chandapura",11,13,Semi Furnished,West,4.4,Ready to Move,,False,Synthetic
SYN_01938,219610000,5108,4.0,4,1,"One Bangalore West, Rajajinagar",2,3,Semi Furnished,Unknown,3.2,Ready to Move,,False,Synthetic
SYN_01939,12810000,730,2.0,2,2,"Jyotipuram, Bengaluru",3,4,Unfurnished,Unknown,2.3,Upcoming,2027-08-07,True,Synthetic
SYN_01940,26830000,1903,3.5,3,2,"Basavanna Nagar, K R Puram",10,19,Unfurnished,West,3.5,Ready to Move,,False,Synthetic
SYN_01941,5060000,503,1.0,1,1,"Shriram Sameeksha, Singapura",6,18,Semi Furnished,North,2.5,Ready to Move,,False,Synthetic
SYN_01942,23880000,1775,3.0,3,1,"Maruthi Nagar, Yelahanka",0,28,Semi Furnished,Unknown,12.0,Ready to Move,,False,Synthetic
SYN_01943,15060000,1021,2.0,2,1,"Vittasandra, Bengaluru",1,4,Semi Furnished,East,8.2,Ready to Move,,False,Synthetic
SYN_01944,11080000,977,2.0,2,1,"9th Phase, JP Nagar",18,28,Semi Furnished,East,1.9,Ready to Move,,False,Synthetic
SYN_01945,18490000,1564,3.0,3,2,"Virat Nagar, Bommanahalli",8,10,Unfurnished,East,1.9,Upcoming,2027-07-26,True,Synthetic
SYN_01946,11630000,1955,3.0,3,1,"Nagondanahalli, Bengaluru",10,14,Unfurnished,Unknown,14.0,Ready to Move,,False,Synthetic
SYN_01947,23430000,1386,3.0,3,1,"Belur Nagasandra, Bellandur",10,27,Unfurnished,North,10.3,Upcoming,2027-02-28,True,Synthetic
SYN_01948,21490000,1771,3.0,2,1,"Konadasapura, Bengaluru",1,4,Semi Furnished,East,9.3,Ready to Move,,True,Synthetic
SYN_01949,27830000,2157,3.0,3,1,"Navarathna Agrahara, Bengaluru",2,22,Unfurnished,East,3.6,Ready to Move,,False,Synthetic
SYN_01950,13650000,1325,3.0,2,1,"Gummanahalli, Bengaluru",5,5,Unfurnished,East,14.0,Ready to Move,,False,Synthetic
SYN_01951,17180000,1196,2.0,1,1,"Dodsworth Layout, Whitefield",15,16,Semi Furnished,West,9.0,Ready to Move,,False,Synthetic
SYN_01952,16390000,1302,3.0,2,1,"Kuvempu Layout, Visthar",6,8,Unfurnished,South,1.4,Ready to Move,,False,Synthetic
SYN_01953,7830000,598,1.0,1,2,"Chikkakannalli, Bengaluru",2,28,Unfurnished,Unknown,1.0,Ready to Move,,False,Synthetic
SYN_01954,12930000,1221,2.0,2,1,"Choodasandra, Bengaluru",2,5,Unfurnished,West,16.6,Ready to Move,,False,Synthetic
SYN_01955,7890000,811,2.0,2,1,"Chaithanya Samarth, Bommenahalli",1,5,Semi Furnished,West,11.0,Ready to Move,,False,Synthetic
SYN_01956,14980000,1269,2.5,2,1,"Phase I, Electronic City",3,4,Semi Furnished,South,9.8,Ready to Move,,True,Synthetic
SYN_01957,19820000,1113,2.0,2,2,"Kannuru, Bengaluru",13,15,Semi Furnished,East,3.1,Ready to Move,,False,Synthetic
SYN_01958,15250000,997,2.0,2,1,"Chikkakannalli, Bengaluru",1,4,Semi Furnished,East,3.1,Ready to Move,,False,Synthetic
SYN_01959,21950000,1673,3.0,3,1,"Gummanahalli, Bengaluru",0,10,Semi Furnished,East,14.1,Ready to Move,,False,Synthetic
SYN_01960,14380000,1081,3.0,3,1,"Gunjur Village, Bengaluru",2,15,Semi Furnished,East,1.0,Upcoming,2026-04-16,True,Synthetic
SYN_01961,15930000,1455,3.0,3,1,"Happy Valley Layout, Subramanyapura",2,4,Unfurnished,Unknown,0.1,Ready to Move,,False,Synthetic
SYN_01962,15190000,1126,2.0,2,1,"Seetharampalya, Hoodi",7,20,Semi Furnished,North-East,0.4,Ready to Move,,False,Synthetic
SYN_01963,7340000,975,2.0,2,1,"Begur, Bengaluru",2,17,Unfurnished,East,12.2,Ready to Move,,False,Synthetic
SYN_01964,14880000,1236,2.0,2,2,"Markandhaiha Nagar, Agrahara Layout",2,4,Unfurnished,West,1.6,Ready to Move,,False,Synthetic
SYN_01965,14860000,1674,3.0,3,1,"RR Nagar, Bengaluru",0,4,Semi Furnished,Unknown,9.1,Ready to Move,,False,Synthetic
SYN_01966,17130000,1750,3.0,3,1,"Chikkagubbi Village, Bengaluru",9,30,Unfurnished,North,1.0,Ready to Move,,False,Synthetic
SYN_01967,17180000,1552,3.0,2,1,"Gunjur Village, Bengaluru",0,13,Semi Furnished,Unknown,13.0,Ready to Move,,False,Synthetic
SYN_01968,9610000,1412,3.0,3,1,"V S Reddy Colony, Kadugodi",13,20,Fully Furnished,South,7.0,Ready to Move,,False,Synthetic
SYN_01969,40020000,2472,4.0,4,1,"Mahantara Lay Out, Kempegowda Nagar",8,14,Semi Furnished,Unknown,1.4,Ready to Move,,False,Synthetic
SYN_01970,9800000,1090,2.0,2,1,"Kammasandra, Electronic City",15,17,Unfurnished,Unknown,8.3,Ready to Move,,True,Synthetic
SYN_01971,15530000,1155,2.0,2,1,"Sector 2, HSR Layout",19,21,Semi Furnished,North,1.4,Ready to Move,,False,Synthetic
SYN_01972,14190000,1624,3.0,3,2,"Boovanahalli, Bengaluru",0,22,Unfurnished,South,3.0,Ready to Move,,False,Synthetic
SYN_01973,9230000,1068,2.0,2,1,"GM Global Techies Town, Thirupalya",1,27,Unfurnished,North,15.2,Ready to Move,,False,Synthetic
SYN_01974,34280000,1743,3.5,4,2,"Basavanna Nagar, K R Puram",1,5,Semi Furnished,West,25.8,Ready to Move,,True,Synthetic
SYN_01975,16760000,1312,2.0,2,1,"Manayata Tech Park, Thanisandra",3,5,Semi Furnished,East,4.3,Ready to Move,,False,Synthetic
SYN_01976,2660000,637,1.0,1,1,"Bommasandra Industrial Area, Bommasandra",14,21,Unfurnished,Unknown,1.4,Ready to Move,,False,Synthetic
SYN_01977,6900000,968,2.0,2,1,"Hoodi, Bengaluru",0,5,Semi Furnished,East,11.2,Ready to Move,,False,Synthetic
SYN_01978,27080000,1341,3.0,3,1,"Greenwood Regency, Junnasandra",6,11,Unfurnished,East,8.0,Ready to Move,,False,Synthetic
SYN_01979,45400000,3389,4.0,4,2,"Hadosiddapura, Carmelaram",0,4,Fully Furnished,North,14.0,Ready to Move,,False,Synthetic
SYN_01980,14200000,1274,2.0,2,1,"Bidare Agraha, Bengaluru",6,29,Semi Furnished,East,12.2,Ready to Move,,False,Synthetic
SYN_01981,21430000,1681,3.0,3,1,"Balagere, Bengaluru",15,34,Semi Furnished,East,3.0,Ready to Move,,False,Synthetic
SYN_01982,19490000,1803,3.0,3,1,"Hosahalli, Bengaluru",24,38,Unfurnished,North,2.0,Ready to Move,,False,Synthetic
SYN_01983,11330000,1161,2.0,2,1,"Budigere Cross, Bengaluru",0,4,Unfurnished,North,7.7,Ready to Move,,False,Synthetic
SYN_01984,21310000,1699,3.0,3,2,"Kuvempu Layout, Visthar",0,5,Unfurnished,East,2.1,Ready to Move,,False,Synthetic
SYN_01985,17570000,1760,3.0,2,1,"Kattanallur, Sannatammanahalli",8,14,Semi Furnished,East,4.1,Ready to Move,,False,Synthetic
SYN_01986,39040000,1726,3.0,3,1,"Thigala Chowdadenahalli, Bengaluru",8,18,Semi Furnished,East,1.7,Ready to Move,,False,Synthetic
SYN_01987,17510000,1566,3.0,3,1,"V S Reddy Colony, Kadugodi",2,18,Unfurnished,North,18.4,Ready to Move,,False,Synthetic
SYN_01988,5190000,1074,2.0,2,1,"Jigani, Bengaluru",0,3,Semi Furnished,East,11.4,Ready to Move,,False,Synthetic
SYN_01989,11180000,1031,3.0,3,1,"RV Vidyaniketan, Mailasandra",3,4,Unfurnished,East,1.5,Ready to Move,,False,Synthetic
SYN_01990,12880000,1091,3.0,3,1,"Seegehalli, K R Puram",6,16,Semi Furnished,Unknown,7.0,Ready to Move,,False,Synthetic
SYN_01991,20870000,1727,3.0,3,1,"Seetharampalya, Hoodi",0,9,Unfurnished,East,3.0,Ready to Move,,False,Synthetic
SYN_01992,11650000,992,2.0,2,1,"Huvinane, Bengaluru",15,17,Semi Furnished,North,5.4,Ready to Move,,False,Synthetic
SYN_01993,10250000,1197,2.0,2,1,"Veer Sandra, Electronic City",5,15,Semi Furnished,East,9.6,Ready to Move,,False,Synthetic
SYN_01994,11450000,1343,2.0,2,2,"Sompura, Bengaluru",0,4,Semi Furnished,North,11.9,Ready to Move,,False,Synthetic
SYN_01995,13250000,1183,3.0,3,2,"Choodasandra, Bengaluru",2,6,Semi Furnished,East,12.0,Ready to Move,,False,Synthetic
SYN_01996,10870000,1636,3.0,3,2,"Kaverappa Layout, Kadubeesanahalli",24,27,Semi Furnished,East,18.0,Upcoming,2027-02-01,True,Synthetic
SYN_01997,10280000,1214,3.0,3,1,"Bommasandra Industrial Area, Bommasandra",8,13,Fully Furnished,East,1.0,Upcoming,2026-05-20,True,Synthetic
SYN_01998,9030000,1132,2.0,2,1,"Singapura Paradise, Vidyaranyapura",7,12,Semi Furnished,North,6.7,Ready to Move,,False,Synthetic
SYN_01999,26340000,1946,3.0,2,1,"63 Degrees East, Chikkakannalli",3,4,Unfurnished,East,14.9,Ready to Move,,False,Synthetic
SYN_02000,21410000,1118,2.0,2,1,"Phase 2, Gottigere",14,34,Semi Furnished,West,3.7,Ready to Move,,False,Synthetic
SYN_02001,34300000,2289,3.5,4,1,"Nallurhalli, Whitefield",4,5,Semi Furnished,East,4.1,Ready to Move,,False,Synthetic
SYN_02002,22260000,1269,3.0,3,1,"Hosapalya, Kudlu Gate",11,15,Semi Furnished,Unknown,4.0,Ready to Move,,False,Synthetic
SYN_02003,29540000,1862,3.0,3,1,"Ambedkar Nagar, Whitefield",6,21,Semi Furnished,North,1.6,Ready to Move,,False,Synthetic
SYN_02004,10030000,1010,2.0,2,2,"3G Homes Crimson Layout, Kadugodi",1,4,Semi Furnished,West,1.0,Ready to Move,,False,Synthetic
SYN_02005,8970000,1449,3.0,3,1,"Attibele, Bengaluru",12,18,Fully Furnished,North,15.1,Upcoming,2026-12-29,True,Synthetic
SYN_02006,13350000,1359,3.0,3,1,"Chikkagubbi Village, Bengaluru",0,21,Fully Furnished,Unknown,1.2,Ready to Move,,False,Synthetic
SYN_02007,10550000,1146,2.0,2,1,"Koralur, Samethanahalli",3,11,Semi Furnished,East,6.0,Ready to Move,,False,Synthetic
SYN_02008,13720000,1069,2.0,2,1,"Jyotipuram, Bengaluru",2,9,Semi Furnished,North,1.4,Ready to Move,,False,Synthetic
SYN_02009,32440000,1851,3.0,2,1,"NN Farm Layout, Sanjaynagar",15,32,Unfurnished,East,14.6,Ready to Move,,False,Synthetic
SYN_02010,17160000,1045,2.0,2,1,"Seegehalli, K R Puram",23,23,Unfurnished,West,1.4,Ready to Move,,False,Synthetic
SYN_02011,11250000,948,2.0,2,1,"Sarjapur, Bengaluru",5,12,Semi Furnished,East,18.0,Ready to Move,,False,Synthetic
SYN_02012,8440000,1276,2.0,2,1,"Lottegollahalli, Devinagar",2,5,Unfurnished,West,1.3,Ready to Move,,False,Synthetic
SYN_02013,13490000,1877,3.0,3,2,"Sarjapur, Bengaluru",0,5,Semi Furnished,East,8.1,Ready to Move,,False,Synthetic
SYN_02014,23770000,1802,3.0,2,1,"Stage 1, BTM Layout",5,30,Semi Furnished,East,17.5,Ready to Move,,False,Synthetic
SYN_02015,11150000,1249,2.0,2,1,"Bengaluru Hardware Park, Bengaluru",7,14,Semi Furnished,East,2.0,Ready to Move,,False,Synthetic
SYN_02016,20160000,1114,3.0,3,1,"Balagere, Bengaluru",11,14,Unfurnished,West,13.0,Ready to Move,,False,Synthetic
SYN_02017,7220000,529,1.0,1,1,"Sarjapur, Bengaluru",12,18,Semi Furnished,Unknown,0.7,Ready to Move,,False,Synthetic
SYN_02018,7590000,668,1.0,1,0,"Belathur, K R Puram",1,30,Semi Furnished,Unknown,2.0,Upcoming,2030-02-06,True,Synthetic
SYN_02019,21020000,2565,3.0,2,2,"Electronic City, Bengaluru",4,10,Unfurnished,East,3.0,Ready to Move,,False,Synthetic
SYN_02020,13270000,1088,2.0,2,1,"Silver Springs Layout, Munnekollal",10,15,Semi Furnished,East,5.3,Ready to Move,,False,Synthetic
SYN_02021,40540000,2211,3.0,3,1,"Varthur, Bengaluru",4,4,Semi Furnished,Unknown,5.3,Upcoming,2026-02-22,True,Synthetic
SYN_02022,10310000,664,1.0,1,1,"Nallurhalli, Whitefield",0,14,Unfurnished,Unknown,3.6,Ready to Move,,False,Synthetic
SYN_02023,14320000,1742,3.0,3,1,"Eshwara Layout, Indira Nagar",19,30,Semi Furnished,West,1.5,Ready to Move,,False,Synthetic
SYN_02024,25980000,1747,3.0,3,1,"Rajiv Gandhi Nagar, Kodigehalli",20,34,Semi Furnished,West,17.8,Ready to Move,,False,Synthetic
SYN_02025,12790000,1013,2.0,2,1,"Yadavanahalli, Bengaluru",0,14,Semi Furnished,West,7.0,Ready to Move,,False,Synthetic
SYN_02026,20780000,1806,3.0,3,2,"Devasthanagalu, Varthur",4,22,Semi Furnished,East,6.2,Ready to Move,,False,Synthetic
SYN_02027,13220000,1734,3.0,2,1,"Block A, Sahakara Nagar",11,13,Unfurnished,East,8.1,Ready to Move,,False,Synthetic
SYN_02028,21320000,2206,4.0,4,1,"Subramanyapura, Bengaluru",3,3,Unfurnished,Unknown,9.4,Ready to Move,,False,Synthetic
SYN_02029,17230000,1417,3.0,2,4,"Yelahanka, Bengaluru",1,14,Semi Furnished,East,7.6,Ready to Move,,False,Synthetic
SYN_02030,7400000,677,1.0,1,1,"Shikaripalya, Electronic City",7,14,Semi Furnished,Unknown,3.9,Ready to Move,,False,Synthetic
SYN_02031,8850000,881,2.0,2,1,"Hanumanthappa Layout, Kyalasanahalli",5,13,Semi Furnished,East,4.8,Ready to Move,,False,Synthetic
SYN_02032,12370000,1036,2.0,2,1,"EPIP Zone, Brookefield",13,27,Semi Furnished,Unknown,1.0,Ready to Move,,False,Synthetic
SYN_02033,23070000,1364,3.0,3,1,"Hadosiddapura, Carmelaram",3,15,Semi Furnished,Unknown,16.8,Ready to Move,,True,Synthetic
SYN_02034,54740000,2337,3.0,2,1,"Thomas Town, Cooke Town",15,17,Semi Furnished,East,3.7,Ready to Move,,False,Synthetic
SYN_02035,17920000,1127,2.5,2,1,"Devasthanagalu, Varthur",16,20,Semi Furnished,East,5.8,Ready to Move,,False,Synthetic
SYN_02036,22680000,1380,2.0,2,1,"Block 2, Agrahara Layout",2,4,Unfurnished,North,1.1,Ready to Move,,False,Synthetic
SYN_02037,19340000,1319,3.0,3,1,"Ardendale, Kannamangala - Whitefield Hoskote Road",5,5,Unfurnished,Unknown,13.2,Ready to Move,,False,Synthetic
SYN_02038,12640000,1074,2.0,2,1,"Hosapalya, Muneshwara Nagar",4,4,Semi Furnished,East,6.5,Ready to Move,,False,Synthetic
SYN_02039,9970000,976,2.0,2,1,"Madhura Nagar, Bengaluru",4,9,Semi Furnished,Unknown,8.0,Ready to Move,,False,Synthetic
SYN_02040,9490000,743,2.0,2,1,"Manayata Tech Park, Thanisandra",12,19,Semi Furnished,West,19.2,Ready to Move,,False,Synthetic
SYN_02041,4300000,432,1.0,1,1,"Gummanahalli, Bengaluru",0,21,Semi Furnished,East,1.1,Upcoming,2029-02-16,True,Synthetic
SYN_02042,9190000,1078,2.0,2,1,"Belathur, K R Puram",1,2,Semi Furnished,Unknown,8.0,Ready to Move,,False,Synthetic
SYN_02043,22850000,1582,3.0,3,1,"ISRO Colony, Domlur Layout",5,6,Semi Furnished,Unknown,6.8,Ready to Move,,False,Synthetic
SYN_02044,22900000,2180,3.0,3,1,"Gummanahalli, Bengaluru",7,13,Unfurnished,Unknown,1.0,Upcoming,2026-10-09,True,Synthetic
SYN_02045,9170000,1203,2.0,2,1,"Plumeria, Kaggalipura",6,12,Semi Furnished,North,1.1,Ready to Move,,False,Synthetic
SYN_02046,36890000,2565,3.0,3,1,"Vakil Garden City, Bengaluru",2,3,Unfurnished,West,2.0,Ready to Move,,True,Synthetic
SYN_02047,8280000,1236,2.0,2,2,"Begur, Bengaluru",10,14,Unfurnished,South,11.0,Ready to Move,,False,Synthetic
SYN_02048,10280000,1161,2.0,2,1,"Dodsworth Layout, Whitefield",2,10,Semi Furnished,East,6.0,Ready to Move,,False,Synthetic
SYN_02049,11310000,1579,3.0,2,1,"Gunjur, Bengaluru",5,5,Semi Furnished,West,6.0,Upcoming,2027-02-14,True,Synthetic
SYN_02050,14090000,1035,2.0,2,1,"Bollineni Silas, K R Puram",3,10,Semi Furnished,East,10.5,Ready to Move,,False,Synthetic
SYN_02051,22530000,1620,3.0,3,1,"Sarjapur, Bengaluru",14,20,Unfurnished,East,8.2,Ready to Move,,False,Synthetic
SYN_02052,9360000,1466,2.0,2,1,"Glass Factory Layout, Electronic City",3,4,Semi Furnished,West,0.7,Ready to Move,,False,Synthetic
SYN_02053,13750000,1015,2.0,2,1,"Buena Vista, Bommenahalli",1,4,Semi Furnished,East,1.0,Ready to Move,,False,Synthetic
SYN_02054,26070000,1891,3.0,3,1,"Thigala Chowdadenahalli, Bengaluru",1,5,Unfurnished,East,7.0,Ready to Move,,False,Synthetic
SYN_02055,10770000,1245,2.0,2,1,"Kanakadasa Layout, Lingarajapuram",8,11,Unfurnished,North,3.2,Ready to Move,,True,Synthetic
SYN_02056,20680000,1358,3.0,3,1,"Dommasandra, Bengaluru",0,6,Unfurnished,East,7.0,Ready to Move,,True,Synthetic
SYN_02057,26710000,1714,3.0,3,1,"Ardendale, Kannamangala - Whitefield Hoskote Road",26,34,Unfurnished,Unknown,2.0,Ready to Move,,False,Synthetic
SYN_02058,26870000,1471,2.0,2,1,"HMT Layout, Mathikere",0,18,Unfurnished,North,1.8,Ready to Move,,False,Synthetic
SYN_02059,11720000,1060,2.0,2,2,"Manayata Tech Park, Thanisandra",3,9,Semi Furnished,North,9.0,Ready to Move,,False,Synthetic
SYN_02060,15130000,1348,2.0,2,1,"K R Puram, Bengaluru",1,4,Semi Furnished,West,10.0,Ready to Move,,False,Synthetic
SYN_02061,24950000,2200,4.0,4,4,"Fems Gardenia, Volagerekallahalli",12,14,Unfurnished,East,1.7,Ready to Move,,False,Synthetic
SYN_02062,13700000,1822,3.0,3,1,"Seegehalli, K R Puram",5,9,Semi Furnished,North,16.7,Upcoming,2026-03-20,True,Synthetic
SYN_02063,58780000,4384,4.0,4,1,"Phase 2, Whitefield",16,16,Unfurnished,North,0.6,Ready to Move,,False,Synthetic
SYN_02064,28150000,2032,3.0,3,1,"Ali Estate, Yelahanka",11,38,Semi Furnished,Unknown,1.0,Upcoming,2026-12-13,True,Synthetic
SYN_02065,11350000,1046,2.0,2,2,"Thirumalashettyhally, Bengaluru",1,4,Semi Furnished,North,7.0,Ready to Move,,False,Synthetic
SYN_02066,15950000,1281,2.0,2,1,"RR Nagar, Bengaluru",10,15,Semi Furnished,East,16.7,Ready to Move,,False,Synthetic
SYN_02067,28340000,1980,4.0,4,1,"Fems Gardenia, Volagerekallahalli",14,14,Unfurnished,Unknown,4.6,Ready to Move,,False,Synthetic
SYN_02068,38440000,2880,4.0,4,2,"Sathya Sai Layout, Whitefield",4,10,Semi Furnished,East,14.0,Ready to Move,,False,Synthetic
SYN_02069,9150000,917,2.0,2,1,"Parkway Homes, Rayasandra",4,15,Semi Furnished,West,2.0,Ready to Move,,False,Synthetic
SYN_02070,24120000,1471,2.0,2,1,"Anekal, Bengaluru",0,14,Semi Furnished,West,5.1,Ready to Move,,False,Synthetic
SYN_02071,17120000,1694,3.0,3,3,"Devasthanagalu, Varthur",10,13,Semi Furnished,East,4.4,Ready to Move,,False,Synthetic
SYN_02072,44850000,2122,3.0,3,0,"Kammavari Pete, Hoskote",3,13,Unfurnished,North,10.6,Ready to Move,,False,Synthetic
SYN_02073,14260000,1105,2.0,2,1,"Devanahalli, Bengaluru",2,3,Semi Furnished,East,3.1,Ready to Move,,False,Synthetic
SYN_02074,13260000,1228,2.0,2,1,"Judicial Layout 2nd Phase, Talaghattapura",4,4,Semi Furnished,East,4.3,Ready to Move,,False,Synthetic
SYN_02075,21010000,1074,2.0,2,1,"Hadosiddapura, Carmelaram",14,32,Semi Furnished,Unknown,2.1,Upcoming,2026-04-12,True,Synthetic
SYN_02076,20190000,1360,3.0,3,1,"7th Block, Jayanagar",5,19,Semi Furnished,East,1.0,Ready to Move,,False,Synthetic
SYN_02077,13000000,1086,3.0,3,1,"Sonam Layout, Visthar",9,33,Unfurnished,West,4.0,Upcoming,2026-04-28,True,Synthetic
SYN_02078,20940000,1125,2.5,2,1,"Eastwood Township, Harlur",4,14,Fully Furnished,Unknown,13.6,Ready to Move,,False,Synthetic
SYN_02079,24450000,1671,3.0,2,1,"Krishna Reddy Layout, Jeevan Bima Nagar",21,26,Semi Furnished,East,9.4,Ready to Move,,False,Synthetic
SYN_02080,13970000,889,2.0,2,1,"Adarsh Palm Retreat, Bellandur",10,10,Semi Furnished,East,1.0,Ready to Move,,False,Synthetic
SYN_02081,9560000,1412,3.0,2,2,"Eastwood Township, Kasavanahalli",13,13,Unfurnished,East,1.1,Ready to Move,,False,Synthetic
SYN_02082,10200000,932,2.0,2,1,"Choodasandra, Bengaluru",2,28,Semi Furnished,Unknown,6.5,Ready to Move,,False,Synthetic
SYN_02083,15110000,1213,2.0,2,1,"Nimbekaipura, Bengaluru",0,14,Semi Furnished,East,6.0,Ready to Move,,False,Synthetic
SYN_02084,9870000,1474,3.0,3,1,"Sarjapur, Bengaluru",4,18,Semi Furnished,East,0.8,Ready to Move,,False,Synthetic
SYN_02085,12730000,914,2.0,2,2,"Manayata Tech Park, Thanisandra",1,14,Semi Furnished,West,6.7,Ready to Move,,False,Synthetic
SYN_02086,20810000,1509,3.0,3,1,"Rachenahalli, Jakkur",5,28,Semi Furnished,East,0.6,Ready to Move,,False,Synthetic
SYN_02087,40640000,2780,4.0,4,3,"Carmelaram, Bengaluru",11,27,Semi Furnished,East,1.0,Ready to Move,,True,Synthetic
SYN_02088,16660000,2114,3.0,3,1,"Marathahalli Village, Marathahalli",9,42,Semi Furnished,East,4.4,Ready to Move,,False,Synthetic
SYN_02089,18460000,946,2.0,2,1,"Devanahalli, Bengaluru",2,23,Unfurnished,East,20.3,Ready to Move,,False,Synthetic
SYN_02090,48520000,3336,4.0,4,2,"Jogappa Layout, Nagavara",5,9,Semi Furnished,South,8.0,Ready to Move,,False,Synthetic
SYN_02091,8610000,1011,2.0,2,2,"Dodsworth Layout, Whitefield",3,5,Unfurnished,North,7.3,Ready to Move,,False,Synthetic
SYN_02092,13340000,1117,3.0,2,1,"Phase 1, Whitefield",3,4,Semi Furnished,West,1.0,Ready to Move,,True,Synthetic
SYN_02093,10100000,1306,3.0,2,1,"Sarjapur, Bengaluru",1,13,Semi Furnished,Unknown,7.0,Ready to Move,,False,Synthetic
SYN_02094,24600000,1777,3.0,3,1,"Kodathi, Bengaluru",14,18,Unfurnished,East,9.9,Ready to Move,,False,Synthetic
SYN_02095,24640000,1791,3.0,2,1,"Aishwarya Crystal Layout, Singasandra",14,17,Semi Furnished,North,2.0,Ready to Move,,False,Synthetic
SYN_02096,12800000,1114,2.0,2,1,"Hosahalli, Bengaluru",8,17,Unfurnished,East,1.0,Ready to Move,,True,Synthetic
SYN_02097,7700000,675,1.0,1,1,"Sarjapur, Bengaluru",3,28,Unfurnished,North,1.0,Ready to Move,,False,Synthetic
SYN_02098,36870000,1164,2.0,2,1,"Tigalarpalya, Brookefield",2,3,Semi Furnished,North,19.0,Ready to Move,,False,Synthetic
SYN_02099,17810000,1748,3.0,2,1,"Hosapalya, Muneshwara Nagar",4,22,Unfurnished,East,4.0,Ready to Move,,False,Synthetic
SYN_02100,25540000,1939,3.0,3,1,"Bileshivale, Bengaluru",2,20,Unfurnished,Unknown,3.0,Ready to Move,,False,Synthetic
SYN_02101,15610000,1107,2.0,2,1,"Jyotipuram, Bengaluru",2,10,Semi Furnished,East,2.1,Ready to Move,,False,Synthetic
SYN_02102,8570000,564,1.0,1,1,"Lords Steps Layout, Panathur",19,29,Semi Furnished,South,2.0,Ready to Move,,False,Synthetic
SYN_02103,14190000,1034,2.0,2,1,"Dodsworth Layout, Whitefield",1,4,Semi Furnished,Unknown,0.9,Ready to Move,,False,Synthetic
SYN_02104,11360000,1311,3.0,3,1,"Gummanahalli, Bengaluru",28,34,Unfurnished,West,2.0,Ready to Move,,False,Synthetic
SYN_02105,15740000,1306,2.0,2,1,"Bommenahalli, Bengaluru",3,22,Unfurnished,East,1.5,Ready to Move,,False,Synthetic
SYN_02106,19380000,1304,3.0,3,2,"Nallurhalli, Whitefield",4,19,Semi Furnished,North,1.0,Ready to Move,,True,Synthetic
SYN_02107,23890000,1837,3.0,3,1,"Phase 2, Whitefield",2,28,Semi Furnished,North,10.6,Ready to Move,,False,Synthetic
SYN_02108,21230000,1557,3.0,3,1,"CQAL Layout, Sahakara Nagar",7,19,Semi Furnished,East,1.0,Ready to Move,,False,Synthetic
SYN_02109,9710000,966,2.0,2,1,"Hosahalli, Bengaluru",2,5,Unfurnished,West,2.0,Ready to Move,,False,Synthetic
SYN_02110,21760000,1858,3.0,3,1,"Owners Court Layout, Kasavanahalli",7,8,Semi Furnished,East,2.0,Ready to Move,,False,Synthetic
SYN_02111,11620000,1031,3.0,3,1,"Phase 2, Whitefield",3,16,Semi Furnished,East,1.0,Upcoming,2028-06-04,True,Synthetic
SYN_02112,21150000,1838,3.0,3,1,"GM Global Techies Town, Electronic City",10,18,Fully Furnished,Unknown,13.9,Ready to Move,,False,Synthetic
SYN_02113,16940000,1758,3.0,3,1,"Gandhi Nagar, Munnekollal",13,15,Semi Furnished,North,16.3,Upcoming,2026-03-24,True,Synthetic
SYN_02114,25760000,1948,3.5,3,1,"Devasthanagalu, Varthur",3,4,Semi Furnished,North,0.3,Ready to Move,,False,Synthetic
SYN_02115,32890000,2260,3.0,3,1,"Sarjapur, Bengaluru",4,9,Semi Furnished,East,0.9,Ready to Move,,False,Synthetic
SYN_02116,11910000,963,2.0,2,1,"Keshava Nagar, Binnipete",2,4,Semi Furnished,North,6.5,Ready to Move,,False,Synthetic
SYN_02117,16830000,1149,2.0,2,1,"Dodsworth Layout, Whitefield",13,22,Semi Furnished,Unknown,6.1,Ready to Move,,False,Synthetic
SYN_02118,13760000,1183,2.0,2,1,"Kammanahalli, Bengaluru",3,5,Semi Furnished,South,0.4,Upcoming,2027-01-12,True,Synthetic
SYN_02119,11610000,1185,2.0,2,1,"Kattanallur, Katamnallur",12,21,Fully Furnished,North,7.0,Ready to Move,,False,Synthetic
SYN_02120,13660000,2101,3.0,3,1,"Hennagara, Bommasandra",4,22,Unfurnished,East,2.0,Ready to Move,,False,Synthetic
SYN_02121,15700000,1376,3.0,3,1,"Gunjur Palya, Bengaluru",4,4,Unfurnished,North,8.7,Ready to Move,,False,Synthetic
SYN_02122,6750000,806,1.5,2,1,"Gummanahalli, Bengaluru",7,22,Unfurnished,Unknown,2.1,Ready to Move,,False,Synthetic
SYN_02123,21280000,1114,2.0,2,2,"Kaikondrahalli, Bengaluru",11,17,Semi Furnished,East,3.0,Ready to Move,,True,Synthetic
SYN_02124,10020000,788,2.0,2,1,"Devasthanagalu, Varthur",13,27,Semi Furnished,East,8.0,Ready to Move,,False,Synthetic
SYN_02125,8950000,1004,2.0,2,1,"Sompura, Bengaluru",6,9,Unfurnished,West,2.0,Ready to Move,,False,Synthetic
SYN_02126,22830000,1834,3.0,3,1,"Nallurhalli, Whitefield",14,26,Semi Furnished,West,13.1,Ready to Move,,False,Synthetic
SYN_02127,5380000,841,2.0,2,1,"Subramanyapura, Bengaluru",7,24,Semi Furnished,West,10.4,Ready to Move,,False,Synthetic
SYN_02128,12910000,1189,2.0,2,1,"Gummanahalli, Bengaluru",4,11,Unfurnished,Unknown,1.8,Upcoming,2026-11-28,True,Synthetic
SYN_02129,14140000,1627,3.0,3,1,"Kothnur, JP Nagar",0,4,Semi Furnished,North,3.7,Ready to Move,,True,Synthetic
SYN_02130,11730000,1098,2.0,2,1,"Ayyappa Nagar, K R Puram",0,5,Semi Furnished,North,7.5,Ready to Move,,False,Synthetic
SYN_02131,28220000,2658,3.5,3,1,"Devasthanagalu, Varthur",15,17,Semi Furnished,West,10.0,Ready to Move,,False,Synthetic
SYN_02132,22170000,1440,3.0,2,1,"Jyotipuram, Bengaluru",11,13,Unfurnished,North,5.3,Upcoming,2026-12-01,True,Synthetic
SYN_02133,13380000,1031,3.0,2,1,"Green Glen Layout, Bellandur",14,14,Fully Furnished,East,2.5,Ready to Move,,False,Synthetic
SYN_02134,12960000,1357,3.0,3,1,"Varthur, Bengaluru",1,15,Semi Furnished,East,6.0,Ready to Move,,False,Synthetic
SYN_02135,14110000,909,2.0,2,1,"Sarjapur, Bengaluru",5,5,Semi Furnished,East,7.0,Ready to Move,,False,Synthetic
SYN_02136,13740000,1279,2.0,2,1,"Doddabanahalli, Bidare Agraha",24,33,Semi Furnished,East,1.0,Ready to Move,,False,Synthetic
SYN_02137,35540000,1825,3.0,2,1,"Adarsh Palm Retreat, Bellandur",20,27,Fully Furnished,East,21.8,Upcoming,2027-08-26,True,Synthetic
SYN_02138,9120000,989,2.0,2,1,"Bendiganahalli, Bengaluru",24,26,Unfurnished,West,17.0,Ready to Move,,True,Synthetic
SYN_02139,17050000,1196,2.0,2,1,"Carmelaram, Bengaluru",5,5,Semi Furnished,East,6.0,Ready to Move,,False,Synthetic
SYN_02140,21910000,1324,3.0,3,1,"Stage 3, Indira Nagar",26,28,Semi Furnished,East,9.1,Ready to Move,,False,Synthetic
SYN_02141,12410000,1270,2.0,2,1,"Veer Sandra, Electronic City",4,4,Semi Furnished,East,4.6,Ready to Move,,False,Synthetic
SYN_02142,29740000,1990,3.5,3,2,"Jayanagar Housing Society Layout, Subramanyapura",0,30,Semi Furnished,East,12.8,Ready to Move,,False,Synthetic
SYN_02143,7860000,1317,2.0,2,1,"Dodsworth Layout, Whitefield",12,21,Semi Furnished,East,6.0,Ready to Move,,False,Synthetic
SYN_02144,24800000,1620,3.0,3,1,"Jyotipuram, Bengaluru",3,7,Semi Furnished,North,4.0,Upcoming,2026-03-11,True,Synthetic
SYN_02145,17270000,1276,2.0,2,1,"Kothnur, Kalena Agrahara",15,21,Semi Furnished,East,5.6,Ready to Move,,False,Synthetic
SYN_02146,34230000,1367,3.0,3,1,"G Muniyappa Garden, Cox Town",19,19,Unfurnished,East,3.7,Ready to Move,,False,Synthetic
SYN_02147,9770000,936,2.0,2,1,"Bendiganahalli, Bengaluru",2,4,Semi Furnished,East,11.8,Ready to Move,,False,Synthetic
SYN_02148,20440000,1025,2.0,2,2,"Jayanagar 3 East Block, Jayanagar",6,9,Semi Furnished,East,2.4,Ready to Move,,False,Synthetic
SYN_02149,30620000,1515,3.0,3,1,"Bisuvanahalli, Bengaluru",4,4,Unfurnished,East,19.0,Ready to Move,,False,Synthetic
SYN_02150,35470000,2405,3.0,2,1,"Pragathi Nagar, Electronic City",5,28,Semi Furnished,North,6.0,Ready to Move,,False,Synthetic
SYN_02151,10920000,1106,2.0,2,1,"Parkway Homes, Rayasandra",0,4,Unfurnished,East,2.0,Ready to Move,,False,Synthetic
SYN_02152,9110000,1137,3.0,3,1,"Gummanahalli, Bengaluru",8,10,Unfurnished,West,11.0,Ready to Move,,False,Synthetic
SYN_02153,34710000,2107,3.0,3,2,"Glen Classic, Devinagar",3,33,Fully Furnished,Unknown,7.0,Ready to Move,,False,Synthetic
SYN_02154,30350000,1564,3.0,2,1,"Sadahalli, Chikballapur District",2,4,Semi Furnished,East,1.6,Upcoming,2026-06-16,True,Synthetic
SYN_02155,16550000,997,2.0,2,1,"Industrial Suburb, Yeswanthpur",1,19,Unfurnished,West,3.0,Ready to Move,,False,Synthetic
SYN_02156,18650000,1451,3.0,2,1,"Lakedew Residency- Phase 2, Harlur",4,4,Semi Furnished,East,5.5,Ready to Move,,False,Synthetic
SYN_02157,16050000,1016,2.0,2,1,"Balagere, Bengaluru",2,10,Semi Furnished,East,8.0,Ready to Move,,False,Synthetic
SYN_02158,10700000,1272,2.0,2,1,"Narayanapura, Bengaluru",0,4,Semi Furnished,East,8.9,Ready to Move,,False,Synthetic
SYN_02159,20010000,1850,3.0,3,1,"Devin Paradise Enclave, Tirumanahalli",3,19,Unfurnished,North,10.6,Ready to Move,,False,Synthetic
SYN_02160,9900000,802,2.0,2,1,"Gummanahalli, Bengaluru",24,27,Semi Furnished,West,6.0,Ready to Move,,False,Synthetic
SYN_02161,20470000,1165,2.0,2,0,"Adarsh Palm Retreat, Bellandur",14,14,Semi Furnished,West,8.2,Ready to Move,,False,Synthetic
SYN_02162,15270000,1717,3.0,3,1,"Panathur, Bengaluru",3,4,Unfurnished,West,4.0,Ready to Move,,True,Synthetic
SYN_02163,32140000,2565,3.0,3,2,"Kuvempu Layout, Visthar",13,14,Unfurnished,Unknown,4.6,Ready to Move,,False,Synthetic
SYN_02164,8560000,1245,3.0,3,2,"Hoodi, Bengaluru",16,23,Fully Furnished,East,1.6,Upcoming,2026-08-11,True,Synthetic
SYN_02165,15870000,1704,3.0,2,1,"Harsha Layout, Kengeri Satellite Town",11,11,Semi Furnished,Unknown,9.0,Ready to Move,,False,Synthetic
SYN_02166,23710000,1511,3.0,2,1,"Hosapalya, Kudlu Gate",10,16,Unfurnished,Unknown,6.2,Ready to Move,,False,Synthetic
SYN_02167,7380000,441,1.0,1,1,"Buena Vista, Bommenahalli",6,9,Unfurnished,West,5.0,Ready to Move,,False,Synthetic
SYN_02168,16680000,1640,3.0,3,1,"Gummanahalli, Bengaluru",12,28,Semi Furnished,East,3.5,Ready to Move,,False,Synthetic
SYN_02169,26330000,1764,3.0,3,1,"Sri Balaji Krupa Layout, R.K. Hegde Nagar",1,14,Semi Furnished,North,18.8,Ready to Move,,False,Synthetic
SYN_02170,34430000,1976,3.0,3,1,"Isha Misty Green, Chansandra",2,9,Unfurnished,South,8.6,Ready to Move,,True,Synthetic
SYN_02171,18870000,1329,3.0,3,1,"Chikkabana Halli, Bengaluru",5,16,Unfurnished,South,1.0,Ready to Move,,True,Synthetic
SYN_02172,20820000,1823,3.0,3,1,"Seegehalli, K R Puram",0,22,Unfurnished,East,1.0,Ready to Move,,False,Synthetic
SYN_02173,11540000,1203,2.0,2,1,"Skanda Avani, Chikkakannalli",1,8,Semi Furnished,Unknown,3.0,Ready to Move,,False,Synthetic
SYN_02174,14890000,1084,3.0,3,1,"Dommasandra, Bengaluru",11,11,Semi Furnished,East,4.4,Ready to Move,,False,Synthetic
SYN_02175,12210000,972,2.0,2,1,"Carmelaram, Bengaluru",2,27,Semi Furnished,East,1.0,Ready to Move,,False,Synthetic
SYN_02176,20340000,2019,3.0,3,1,"Cholanayakanahalli, Hebbal",11,15,Unfurnished,East,30.0,Upcoming,2026-07-31,True,Synthetic
SYN_02177,14430000,733,1.0,1,1,"Shabhari Nagar, Sahakara Nagar",14,23,Semi Furnished,Unknown,5.2,Ready to Move,,False,Synthetic
SYN_02178,9000000,1250,2.0,2,1,"Narayanapura, Bengaluru",0,26,Semi Furnished,Unknown,4.2,Ready to Move,,True,Synthetic
SYN_02179,5120000,1019,2.0,2,1,"Jigani, Bengaluru",11,19,Semi Furnished,North,3.5,Ready to Move,,True,Synthetic
SYN_02180,135530000,3726,4.5,5,1,"Basavanna Nagar, Whitefield",24,26,Unfurnished,East,4.7,Ready to Move,,True,Synthetic
SYN_02181,11690000,1102,3.0,3,1,"Balagere, Bengaluru",8,12,Semi Furnished,West,1.0,Upcoming,2029-01-10,True,Synthetic
SYN_02182,42210000,2138,3.0,3,1,"Thigala Chowdadenahalli, Bengaluru",2,14,Unfurnished,West,0.0,Ready to Move,,False,Synthetic
SYN_02183,34760000,1603,3.0,3,2,"Classic Orchids Layout, Kalena Agrahara",8,11,Semi Furnished,East,2.3,Ready to Move,,False,Synthetic
SYN_02184,15760000,1550,3.0,3,1,"RMZ Galleria Residences, Yelahanka Satellite Town",5,6,Unfurnished,West,14.0,Ready to Move,,False,Synthetic
SYN_02185,27370000,1758,4.0,4,2,"AECS C Block, Begur",15,19,Unfurnished,East,8.8,Upcoming,2029-12-29,True,Synthetic
SYN_02186,46100000,3026,4.0,4,3,"Nallurhalli, Whitefield",27,27,Unfurnished,East,1.0,Ready to Move,,False,Synthetic
SYN_02187,19830000,1360,2.0,2,1,"Abbaiah Reddy Layout, Kaggadasapura",7,34,Unfurnished,East,1.6,Ready to Move,,True,Synthetic
SYN_02188,20540000,1373,3.0,3,1,"Anchepalya, Bengaluru",0,5,Semi Furnished,North,9.9,Ready to Move,,False,Synthetic
SYN_02189,18480000,1430,3.0,3,1,"Hanumanthappa Layout, Kyalasanahalli",16,18,Semi Furnished,North,4.1,Ready to Move,,False,Synthetic
SYN_02190,8910000,950,2.0,2,1,"Thammenahalli Village, Bengaluru",2,4,Unfurnished,North,1.0,Ready to Move,,False,Synthetic
SYN_02191,16030000,1563,3.0,3,1,"Budigere Cross, Bengaluru",3,4,Unfurnished,East,1.7,Ready to Move,,False,Synthetic
SYN_02192,15190000,1074,2.0,2,1,"V. Kallahalli, Bengaluru",1,4,Semi Furnished,West,3.5,Ready to Move,,False,Synthetic
SYN_02193,23510000,1693,3.0,3,1,"Nallurhalli, Whitefield",11,15,Unfurnished,North,15.5,Ready to Move,,False,Synthetic
SYN_02194,20950000,976,2.0,2,1,"Orchid Piccadilly, Chokkanahalli",18,22,Semi Furnished,Unknown,2.0,Ready to Move,,False,Synthetic
SYN_02195,94900000,4133,4.0,4,3,"Thomas Town, Cooke Town",3,14,Fully Furnished,East,9.3,Upcoming,2027-01-20,True,Synthetic
SYN_02196,17110000,1726,3.0,2,1,"G Muniyappa Garden, Cox Town",33,34,Semi Furnished,East,3.0,Ready to Move,,True,Synthetic
SYN_02197,16940000,937,2.0,2,1,"Balagere, Bengaluru",1,8,Semi Furnished,West,5.9,Ready to Move,,False,Synthetic
SYN_02198,19450000,1443,3.0,2,1,"Pragathi Layout, Doddanekundi",3,4,Semi Furnished,Unknown,10.7,Ready to Move,,False,Synthetic
SYN_02199,13950000,1019,2.0,2,1,"Prakruthi Nagar, Kogilu",3,8,Unfurnished,Unknown,2.0,Ready to Move,,False,Synthetic
SYN_02200,40890000,2188,4.0,4,2,"Pattandur Agrahara, Whitefield",26,34,Unfurnished,North,0.6,Ready to Move,,True,Synthetic
SYN_02201,15410000,1314,2.0,2,2,"Prakruthi Nagar, Kogilu",8,18,Semi Furnished,North,2.5,Ready to Move,,False,Synthetic
SYN_02202,11400000,1171,2.0,2,1,"Kattanallur, Sannatammanahalli",3,21,Unfurnished,Unknown,3.3,Ready to Move,,False,Synthetic
SYN_02203,8940000,1410,3.0,3,1,"Terracon Doctors Enclave, Chandapura",8,8,Unfurnished,North,10.1,Ready to Move,,False,Synthetic
SYN_02204,41470000,2282,4.0,4,2,"South Avenue Layout, Gottigere",8,14,Semi Furnished,North,4.2,Ready to Move,,False,Synthetic
SYN_02205,27110000,3776,8.0,8,2,"Nanjundaiah Layout, Devarachikkana Halli",1,4,Semi Furnished,West,7.6,Ready to Move,,False,Synthetic
SYN_02206,21190000,899,2.0,2,1,"Sudhama Nagar, Jeevan Bima Nagar",3,4,Semi Furnished,East,6.3,Ready to Move,,False,Synthetic
SYN_02207,5440000,620,1.0,1,1,"Lords Steps Layout, Panathur",14,19,Unfurnished,East,8.0,Upcoming,2028-07-16,True,Synthetic
SYN_02208,17380000,1380,2.0,2,2,"Chikkagubbi Village, Bengaluru",2,15,Semi Furnished,East,1.7,Upcoming,2026-04-05,True,Synthetic
SYN_02209,14820000,1320,2.5,3,1,"Nagavara, Bengaluru",12,14,Unfurnished,East,0.1,Ready to Move,,False,Synthetic
SYN_02210,10680000,969,2.0,2,1,"Devasthanagalu, Varthur",10,19,Semi Furnished,East,10.0,Ready to Move,,False,Synthetic
SYN_02211,38950000,2919,4.0,4,1,"Green Glen Layout, Bellandur",3,4,Unfurnished,East,2.3,Upcoming,2028-01-15,True,Synthetic
SYN_02212,16520000,1645,3.0,3,1,"Dodsworth Layout, Whitefield",8,15,Semi Furnished,South,11.9,Ready to Move,,False,Synthetic
SYN_02213,12380000,1218,2.0,2,1,"Kammasandra, Electronic City",5,8,Unfurnished,East,1.0,Ready to Move,,False,Synthetic
SYN_02214,12850000,1100,2.0,2,1,"Silver Springs Layout, Munnekollal",1,11,Semi Furnished,West,1.4,Ready to Move,,False,Synthetic
SYN_02215,17750000,1435,3.0,2,1,"Maruthi Nagar, Yelahanka",0,4,Semi Furnished,Unknown,16.2,Ready to Move,,False,Synthetic
SYN_02216,28270000,1502,3.0,3,1,"Nallurhalli, Whitefield",18,21,Semi Furnished,East,10.0,Ready to Move,,False,Synthetic
SYN_02217,11420000,1211,2.0,1,1,"Gummanahalli, Bengaluru",0,4,Semi Furnished,East,5.0,Ready to Move,,False,Synthetic
SYN_02218,16470000,893,1.0,1,2,"MIG Flats, Kengeri Satellite Town",11,28,Unfurnished,West,6.5,Ready to Move,,False,Synthetic
SYN_02219,16030000,1836,3.0,2,3,"K R Puram, Bengaluru",6,14,Unfurnished,South,13.0,Ready to Move,,False,Synthetic
SYN_02220,18550000,1532,3.0,3,1,"Bengaluru Hardware Park, Bengaluru",14,15,Semi Furnished,West,15.0,Ready to Move,,False,Synthetic
SYN_02221,36670000,1237,2.0,2,1,"NN Farm Layout, Sanjaynagar",1,18,Unfurnished,West,6.0,Ready to Move,,False,Synthetic
SYN_02222,55620000,3766,4.0,4,1,"Battarahalli, Bengaluru",1,5,Unfurnished,West,9.0,Ready to Move,,False,Synthetic
SYN_02223,8010000,947,2.0,2,1,"Thyvakanahally, Bengaluru",0,12,Semi Furnished,West,15.0,Ready to Move,,True,Synthetic
SYN_02224,28020000,1853,3.0,3,1,"Nallurhalli, Whitefield",0,33,Unfurnished,West,2.9,Ready to Move,,False,Synthetic
SYN_02225,11910000,1073,2.0,2,1,"Gummanahalli, Bengaluru",5,14,Unfurnished,East,1.7,Ready to Move,,False,Synthetic
SYN_02226,20880000,1131,3.0,3,1,"Basavanapura, K R Puram",2,4,Semi Furnished,East,1.0,Ready to Move,,False,Synthetic
SYN_02227,6390000,600,1.0,1,1,"Gummanahalli, Bengaluru",22,29,Unfurnished,East,1.0,Ready to Move,,False,Synthetic
SYN_02228,47960000,1990,3.0,3,1,"Stage 3, Indira Nagar",5,34,Semi Furnished,West,6.8,Ready to Move,,False,Synthetic
SYN_02229,29030000,1923,3.0,3,1,"East Of NGEF Layout, Kasturi Nagar",13,19,Unfurnished,Unknown,2.2,Ready to Move,,False,Synthetic
SYN_02230,28760000,1091,2.0,2,1,"Begur, Bengaluru",3,4,Semi Furnished,Unknown,1.7,Ready to Move,,False,Synthetic
SYN_02231,17110000,1583,3.0,3,1,"Kuvempu Layout, Visthar",12,12,Unfurnished,North,5.1,Upcoming,2026-12-20,True,Synthetic
SYN_02232,5830000,979,2.0,2,2,"Bommasandra Industrial Area, Bommasandra",6,8,Unfurnished,East,2.0,Ready to Move,,False,Synthetic
SYN_02233,24990000,1510,3.0,3,1,"Sanjeevini Nagar, Bengaluru",1,10,Semi Furnished,Unknown,5.6,Ready to Move,,False,Synthetic
SYN_02234,15800000,1132,2.0,2,1,"Manayata Tech Park, Thanisandra",26,26,Semi Furnished,Unknown,0.3,Ready to Move,,False,Synthetic
SYN_02235,12750000,1019,2.0,2,1,"Anjanadri Layout, Konanakunte",13,21,Unfurnished,North,1.0,Ready to Move,,True,Synthetic
SYN_02236,23390000,1547,3.0,3,1,"Devasthanagalu, Varthur",16,33,Unfurnished,Unknown,2.5,Ready to Move,,False,Synthetic
SYN_02237,12320000,795,1.5,2,1,"Seenappa Layout, Bommanahalli",13,21,Unfurnished,East,1.0,Ready to Move,,False,Synthetic
SYN_02238,25220000,1523,3.0,3,1,"Sri Balaji Krupa Layout, R.K. Hegde Nagar",12,14,Unfurnished,Unknown,8.5,Ready to Move,,False,Synthetic
SYN_02239,17430000,1215,2.0,2,2,"Gunjur Village, Bengaluru",3,12,Semi Furnished,West,8.0,Ready to Move,,False,Synthetic
SYN_02240,23210000,1788,3.0,3,1,"Nagavara, Bengaluru",4,4,Semi Furnished,West,0.8,Ready to Move,,False,Synthetic
SYN_02241,35680000,1869,3.0,3,1,"Agrahara Dasarahalli, Rajajinagar",16,19,Semi Furnished,West,1.2,Ready to Move,,False,Synthetic
SYN_02242,19760000,1259,2.0,2,1,"Sector 1, HSR Layout",7,13,Semi Furnished,South,8.9,Ready to Move,,False,Synthetic
SYN_02243,14590000,1382,3.0,3,1,"Ardendale, Kannamangala - Whitefield Hoskote Road",12,15,Semi Furnished,West,8.9,Ready to Move,,False,Synthetic
SYN_02244,23040000,1361,2.5,2,1,"Phase I, Electronic City",0,12,Semi Furnished,Unknown,1.8,Ready to Move,,False,Synthetic
SYN_02245,12760000,1590,3.0,2,1,"Gummanahalli, Bengaluru",15,15,Semi Furnished,Unknown,1.2,Ready to Move,,False,Synthetic
SYN_02246,15330000,1354,3.0,3,1,"Aishwarya Crystal Layout, Begur",3,9,Semi Furnished,West,28.3,Ready to Move,,True,Synthetic
SYN_02247,33980000,1793,3.0,3,1,"Sri Balaji Krupa Layout, R.K. Hegde Nagar",3,21,Semi Furnished,Unknown,6.0,Ready to Move,,False,Synthetic
SYN_02248,8300000,564,1.0,1,1,"Carmelaram, Bengaluru",2,6,Unfurnished,Unknown,0.7,Ready to Move,,False,Synthetic
SYN_02249,47350000,2049,3.0,3,1,"Shabhari Nagar, Sahakara Nagar",5,5,Semi Furnished,North,3.3,Ready to Move,,False,Synthetic
SYN_02250,15230000,1324,3.0,3,1,"Dodsworth Layout, Whitefield",5,5,Unfurnished,East,8.4,Ready to Move,,True,Synthetic
SYN_02251,8390000,858,1.0,1,2,"Huvinayakanahalli, Bengaluru",19,30,Semi Furnished,West,0.7,Ready to Move,,False,Synthetic
SYN_02252,7900000,502,1.0,1,2,"Uttarahalli -Manavarthekaval, Bengaluru",0,14,Unfurnished,East,4.3,Upcoming,2027-01-09,True,Synthetic
SYN_02253,16000000,1338,2.0,2,1,"Boovanahalli, Bengaluru",0,4,Semi Furnished,Unknown,10.5,Ready to Move,,False,Synthetic
SYN_02254,14020000,1299,3.0,3,1,"Chikkagubbi Village, Bengaluru",5,14,Fully Furnished,East,15.3,Ready to Move,,False,Synthetic
SYN_02255,18120000,1274,2.0,2,1,"Block 2, Agrahara Layout",10,15,Unfurnished,East,14.0,Ready to Move,,False,Synthetic
SYN_02256,10000000,588,1.0,1,1,"Uttarahalli -Manavarthekaval, Bengaluru",0,14,Unfurnished,East,1.0,Ready to Move,,False,Synthetic
SYN_02257,31010000,1977,3.0,3,1,"Anchepalya, Bengaluru",8,18,Semi Furnished,West,1.4,Ready to Move,,False,Synthetic
SYN_02258,11080000,1097,2.0,2,1,"Chaithanya Samarth, Bommenahalli",5,14,Unfurnished,North,16.4,Ready to Move,,False,Synthetic
SYN_02259,27820000,1864,3.0,3,1,"Parappana Agrahara, Bengaluru",7,27,Semi Furnished,East,24.7,Ready to Move,,False,Synthetic
SYN_02260,9570000,1163,2.0,2,1,"Central Park, Balagere",15,15,Semi Furnished,West,17.0,Ready to Move,,False,Synthetic
SYN_02261,17290000,1434,3.0,3,1,"Dommasandra, Bengaluru",3,7,Semi Furnished,East,1.4,Ready to Move,,False,Synthetic
SYN_02262,16060000,1989,3.0,3,2,"Aishwarya Crystal Layout, Begur",1,5,Semi Furnished,Unknown,7.0,Ready to Move,,False,Synthetic
SYN_02263,13910000,1165,2.0,2,1,"Saraswathi Nagar, Vijayanagar",10,33,Unfurnished,East,4.8,Ready to Move,,False,Synthetic
SYN_02264,5290000,985,2.0,2,1,"Manayata Tech Park, Thanisandra",4,14,Semi Furnished,Unknown,10.0,Ready to Move,,False,Synthetic
SYN_02265,13610000,1448,3.0,3,1,"Bidare Agraha, Bengaluru",5,5,Unfurnished,Unknown,1.0,Ready to Move,,False,Synthetic
SYN_02266,4320000,478,1.0,1,1,"Huvinayakanahalli, Bengaluru",7,19,Unfurnished,East,2.0,Ready to Move,,True,Synthetic
SYN_02267,11640000,957,2.0,2,1,"Doddathoguru, Electronic City",2,4,Unfurnished,West,10.8,Ready to Move,,True,Synthetic
SYN_02268,10300000,1035,2.0,2,1,"Anjanapura Township, Bengaluru",4,4,Semi Furnished,North,3.6,Ready to Move,,True,Synthetic
SYN_02269,14930000,934,2.0,2,1,"Shanthi Pura, Electronic City Phase 2",2,4,Unfurnished,West,1.9,Ready to Move,,False,Synthetic
SYN_02270,15010000,1312,2.5,2,1,"Anekal, Bengaluru",3,6,Fully Furnished,Unknown,8.8,Ready to Move,,False,Synthetic
SYN_02271,22790000,1596,3.0,2,1,"Tatanagar, Devinagar",19,31,Semi Furnished,West,13.9,Ready to Move,,False,Synthetic
SYN_02272,18900000,1932,3.0,3,1,"Yadavanahalli, Bengaluru",6,22,Unfurnished,East,2.5,Upcoming,2026-12-23,True,Synthetic
SYN_02273,15210000,1023,2.0,2,2,"Yadavanahalli, Bengaluru",13,19,Semi Furnished,East,5.0,Ready to Move,,False,Synthetic
SYN_02274,9850000,1402,3.0,3,1,"Nallurhalli, Whitefield",7,15,Semi Furnished,East,1.2,Ready to Move,,False,Synthetic
SYN_02275,4560000,518,1.0,1,1,"Boodihal, Bengaluru",3,21,Semi Furnished,East,1.4,Ready to Move,,True,Synthetic
SYN_02276,20990000,1638,3.0,3,1,"V. Kallahalli, Bengaluru",4,25,Unfurnished,East,14.2,Upcoming,2028-04-03,True,Synthetic
SYN_02277,17470000,1926,3.0,3,1,"Balagere, Bengaluru",17,30,Semi Furnished,East,4.2,Upcoming,2027-01-22,True,Synthetic
SYN_02278,6690000,783,2.0,2,1,"Hulimavu, Bengaluru",4,12,Semi Furnished,East,5.1,Ready to Move,,False,Synthetic
SYN_02279,3660000,1099,2.0,2,1,"Jigani, Bengaluru",1,4,Semi Furnished,East,5.8,Ready to Move,,False,Synthetic
SYN_02280,11990000,1175,2.0,2,1,"Thyvakanahally, Bengaluru",7,16,Semi Furnished,Unknown,2.9,Ready to Move,,True,Synthetic
SYN_02281,13920000,994,2.0,2,2,"Iblur Village, Bellandur",7,17,Unfurnished,West,2.5,Ready to Move,,False,Synthetic
SYN_02282,13690000,1001,2.0,2,3,"Manayata Tech Park, Thanisandra",5,5,Semi Furnished,East,3.0,Ready to Move,,False,Synthetic
SYN_02283,28660000,1771,3.0,3,1,"Channasandra Layout, Srinivaspura",7,18,Semi Furnished,Unknown,2.1,Ready to Move,,False,Synthetic
SYN_02284,13730000,1233,2.5,2,1,"Budigere Cross, Bengaluru",17,18,Unfurnished,East,1.0,Upcoming,2029-04-01,True,Synthetic
SYN_02285,9920000,702,1.0,1,0,"Devasthanagalu, Varthur",14,19,Unfurnished,East,1.4,Ready to Move,,False,Synthetic
SYN_02286,23600000,1435,3.0,3,1,"Lords Steps Layout, Panathur",0,9,Unfurnished,Unknown,1.7,Ready to Move,,False,Synthetic
SYN_02287,42850000,2442,3.5,4,2,"KIADB Export Promotion Industrial Area, K R Puram",28,31,Unfurnished,West,16.4,Ready to Move,,False,Synthetic
SYN_02288,32490000,2138,3.0,3,1,"Phase 1, Whitefield",6,15,Semi Furnished,Unknown,2.6,Ready to Move,,False,Synthetic
SYN_02289,8580000,642,1.0,1,1,"Chikkagubbi Village, Bengaluru",1,4,Semi Furnished,East,1.0,Ready to Move,,False,Synthetic
SYN_02290,45310000,2598,4.0,3,1,"Gopalapura, Binnipete",16,27,Unfurnished,West,5.0,Ready to Move,,False,Synthetic
SYN_02291,9980000,1222,2.0,2,1,"Doddabanahalli, Bidare Agraha",9,13,Semi Furnished,East,14.6,Ready to Move,,False,Synthetic
SYN_02292,33520000,1868,3.0,3,1,"Phase 2, Whitefield",2,8,Unfurnished,East,1.8,Ready to Move,,False,Synthetic
SYN_02293,6720000,432,1.0,1,1,"Varthur, Bengaluru",18,18,Unfurnished,East,0.7,Ready to Move,,False,Synthetic
SYN_02294,19260000,1276,2.0,2,1,"Gummanahalli, Bengaluru",6,30,Semi Furnished,West,13.0,Ready to Move,,False,Synthetic
SYN_02295,14200000,1148,2.0,2,1,"Konappana Agrahara, Electronic City",8,14,Unfurnished,East,0.9,Ready to Move,,False,Synthetic
SYN_02296,12890000,1310,2.0,2,1,"Nimbekaipura, Bengaluru",3,3,Semi Furnished,West,9.5,Ready to Move,,False,Synthetic
SYN_02297,15380000,1197,2.0,2,1,"Yadavanahalli, Bengaluru",3,5,Semi Furnished,East,2.1,Ready to Move,,False,Synthetic
SYN_02298,20380000,1325,3.0,3,1,"Bharath Housing Society Layout, RR Nagar",9,15,Unfurnished,East,4.9,Ready to Move,,False,Synthetic
SYN_02299,54660000,3820,4.0,4,3,"Prakruthi Nagar, Kogilu",2,5,Unfurnished,East,1.1,Ready to Move,,True,Synthetic
SYN_02300,11910000,841,2.0,2,1,"Dommasandra, Bengaluru",9,13,Unfurnished,North,3.4,Ready to Move,,False,Synthetic
SYN_02301,41400000,2049,3.5,3,3,"Basavanna Nagar, K R Puram",3,15,Semi Furnished,East,10.6,Upcoming,2026-08-06,True,Synthetic
SYN_02302,19010000,1663,3.0,3,1,"Hanumanthappa Layout, Kyalasanahalli",2,4,Semi Furnished,East,5.7,Ready to Move,,False,Synthetic
SYN_02303,6400000,959,2.0,2,1,"Bommenahalli, Bengaluru",4,5,Semi Furnished,East,4.0,Ready to Move,,False,Synthetic
SYN_02304,7660000,1086,2.0,2,1,"Gundappa Layout, Gottigere",2,4,Semi Furnished,West,6.6,Ready to Move,,False,Synthetic
SYN_02305,26260000,2175,3.0,2,1,"Varthur, Bengaluru",13,19,Unfurnished,Unknown,15.0,Ready to Move,,False,Synthetic
SYN_02306,22250000,1539,3.0,3,1,"Kodathi, Bengaluru",13,29,Fully Furnished,North,0.6,Ready to Move,,False,Synthetic
SYN_02307,14410000,1226,3.0,3,1,"Jigala, Bengaluru",5,18,Unfurnished,East,8.7,Ready to Move,,False,Synthetic
SYN_02308,14670000,1586,3.0,3,1,"Spice Garden Layout, Munnekollal",11,15,Unfurnished,West,15.0,Ready to Move,,False,Synthetic
SYN_02309,20570000,1640,3.0,3,1,"Yadavanahalli, Bengaluru",16,18,Semi Furnished,Unknown,8.9,Upcoming,2027-06-24,True,Synthetic
SYN_02310,13820000,1145,2.0,2,1,"Anagalapura, Bengaluru",4,4,Semi Furnished,Unknown,7.0,Upcoming,2022-11-18,True,Synthetic
SYN_02311,22120000,2045,3.0,2,1,"Aishwarya Crystal Layout, Begur",3,10,Unfurnished,Unknown,1.2,Ready to Move,,False,Synthetic
SYN_02312,38290000,2088,3.0,2,3,"Kempapura, Bellandur",3,19,Semi Furnished,North,1.0,Ready to Move,,True,Synthetic
SYN_02313,13680000,1050,2.0,2,1,"Chikkagubbi Village, Bengaluru",13,13,Semi Furnished,Unknown,9.0,Ready to Move,,False,Synthetic
SYN_02314,14950000,2282,3.0,3,1,"Sarjapur, Bengaluru",1,15,Unfurnished,West,0.5,Ready to Move,,False,Synthetic
SYN_02315,6010000,666,1.0,1,1,"Gummanahalli, Bengaluru",28,30,Unfurnished,East,1.0,Ready to Move,,True,Synthetic
SYN_02316,28870000,1980,4.0,4,3,"Vishwapriya Nagar, Begur",13,19,Unfurnished,Unknown,10.6,Ready to Move,,False,Synthetic
SYN_02317,5900000,982,2.0,2,1,"Kambipura, Bengaluru",1,17,Semi Furnished,Unknown,3.0,Ready to Move,,False,Synthetic
SYN_02318,8750000,823,2.0,2,1,"Devin Paradise Enclave, Tirumanahalli",6,19,Semi Furnished,West,0.9,Ready to Move,,False,Synthetic
SYN_02319,16000000,1471,2.0,2,2,"Anekal, Bengaluru",14,14,Fully Furnished,East,2.0,Ready to Move,,True,Synthetic
SYN_02320,27790000,1462,3.0,3,1,"Manayata Tech Park, Thanisandra",1,4,Unfurnished,North,0.9,Ready to Move,,False,Synthetic
SYN_02321,10920000,1122,2.0,2,1,"Gummanahalli, Bengaluru",1,4,Unfurnished,East,1.0,Ready to Move,,False,Synthetic
SYN_02322,24350000,1941,3.0,3,1,"Raghuvanahalli, Subramanyapura",2,4,Unfurnished,Unknown,2.0,Ready to Move,,False,Synthetic
SYN_02323,10450000,1160,2.0,2,1,"Hadosiddapura, Carmelaram",4,10,Semi Furnished,Unknown,1.0,Ready to Move,,False,Synthetic
SYN_02324,6860000,1109,2.0,2,1,"Yelachanayakanapura, Bengaluru",2,12,Unfurnished,East,0.7,Ready to Move,,False,Synthetic
SYN_02325,9260000,1064,2.0,2,1,"Phase I, Electronic City",9,24,Unfurnished,Unknown,2.4,Ready to Move,,False,Synthetic
SYN_02326,10730000,1271,2.0,2,1,"Varthur, Bengaluru",14,23,Unfurnished,West,2.3,Ready to Move,,False,Synthetic
SYN_02327,14420000,895,2.0,2,1,"HAL 3rd Stage, New Tippasandra",7,19,Unfurnished,East,4.7,Ready to Move,,False,Synthetic
SYN_02328,16300000,2060,3.0,3,1,"Mallasandra, Bengaluru",4,15,Semi Furnished,East,8.0,Ready to Move,,False,Synthetic
SYN_02329,10840000,981,2.0,2,1,"Kuvempu Layout, Visthar",2,21,Unfurnished,East,12.6,Ready to Move,,True,Synthetic
SYN_02330,12050000,1076,2.0,2,1,"Belathur, K R Puram",9,21,Semi Furnished,East,6.6,Ready to Move,,False,Synthetic
SYN_02331,26890000,1674,3.0,3,1,"Ambedkar Colony, Yelahanka",17,17,Fully Furnished,East,17.0,Ready to Move,,False,Synthetic
SYN_02332,16780000,862,2.0,2,1,"Stage 1, BTM Layout",33,41,Semi Furnished,Unknown,2.0,Ready to Move,,False,Synthetic
SYN_02333,18830000,1387,2.5,2,1,"Sri Balaji Krupa Layout, R.K. Hegde Nagar",1,35,Semi Furnished,East,8.0,Ready to Move,,False,Synthetic
SYN_02334,19100000,1414,3.0,3,1,"Dodsworth Layout, Whitefield",2,4,Semi Furnished,South,1.7,Ready to Move,,False,Synthetic
SYN_02335,8230000,1148,2.0,2,1,"Uttarahalli -Manavarthekaval, Bengaluru",8,33,Semi Furnished,East,5.9,Ready to Move,,True,Synthetic
SYN_02336,15320000,1682,3.0,3,1,"Budigere Cross, Bengaluru",4,11,Unfurnished,South,16.0,Ready to Move,,False,Synthetic
SYN_02337,11680000,1242,2.0,2,1,"Industrial Area, Yelahanka New Town",1,14,Semi Furnished,East,8.6,Upcoming,2029-02-21,True,Synthetic
SYN_02338,4640000,734,2.0,2,1,"Subramanyapura, Bengaluru",1,4,Unfurnished,East,2.0,Ready to Move,,False,Synthetic
SYN_02339,30160000,1942,3.0,2,1,"Sri Balaji Krupa Layout, R.K. Hegde Nagar",21,22,Unfurnished,West,7.0,Ready to Move,,False,Synthetic
SYN_02340,10460000,1026,2.0,2,1,"Koralur, Samethanahalli",8,12,Semi Furnished,North,0.3,Ready to Move,,True,Synthetic
SYN_02341,24620000,1308,2.0,2,1,"Anjanadri Layout, Konanakunte",1,7,Unfurnished,East,1.0,Ready to Move,,False,Synthetic
SYN_02342,10640000,970,2.0,2,1,"THE DEFENCE ENCLAVE, Kothanur",0,14,Unfurnished,East,2.6,Ready to Move,,False,Synthetic
SYN_02343,11390000,965,2.0,2,1,"Basaveshwara Nagar Yelahanka, Nehru Nagar",16,24,Unfurnished,South,21.7,Ready to Move,,True,Synthetic
SYN_02344,25040000,1616,3.0,3,1,"Sai Sree Layout, Parappana Agrahara",9,9,Semi Furnished,East,2.0,Ready to Move,,False,Synthetic
SYN_02345,22110000,1906,3.0,3,1,"Sri Balaji Krupa Layout, R.K. Hegde Nagar",26,26,Unfurnished,Unknown,1.0,Upcoming,2026-02-02,True,Synthetic
SYN_02346,22810000,1513,3.0,2,2,"3G Homes Crimson Layout, Kadugodi",14,14,Semi Furnished,East,0.6,Ready to Move,,True,Synthetic
SYN_02347,16390000,1310,3.0,2,1,"Ardendale, Kannamangala - Whitefield Hoskote Road",1,5,Semi Furnished,Unknown,1.0,Ready to Move,,False,Synthetic
SYN_02348,12280000,1147,2.0,2,1,"Chikkagubbi Village, Bengaluru",3,18,Unfurnished,West,0.9,Ready to Move,,True,Synthetic
SYN_02349,11790000,1269,2.0,2,1,"Budigere Cross, Bengaluru",3,3,Unfurnished,South,3.8,Ready to Move,,False,Synthetic
SYN_02350,13950000,970,2.0,2,1,"Balagere, Bengaluru",2,4,Unfurnished,Unknown,2.3,Ready to Move,,False,Synthetic
SYN_02351,14140000,1037,2.0,2,1,"Manayata Tech Park, Thanisandra",0,4,Semi Furnished,Unknown,1.7,Ready to Move,,True,Synthetic
SYN_02352,17280000,1317,3.0,3,3,"Blue Waters, Parappana Agrahara",14,14,Semi Furnished,North,1.0,Ready to Move,,False,Synthetic
SYN_02353,37480000,2529,4.0,4,3,"Sathya Sai Layout, Whitefield",9,10,Unfurnished,East,3.0,Ready to Move,,False,Synthetic
SYN_02354,12360000,1990,3.0,3,2,"Hennagara, Bommasandra",4,13,Unfurnished,West,1.9,Upcoming,2026-12-18,True,Synthetic
SYN_02355,14070000,1120,2.0,2,1,"Gummanahalli, Bengaluru",9,13,Semi Furnished,East,1.0,Ready to Move,,False,Synthetic
SYN_02356,8470000,642,1.0,1,0,"Chikkagubbi Village, Bengaluru",1,28,Semi Furnished,East,1.9,Ready to Move,,False,Synthetic
SYN_02357,11680000,1072,2.0,2,1,"Virupakshapura, Bengaluru",21,33,Unfurnished,East,1.5,Ready to Move,,False,Synthetic
SYN_02358,14560000,1875,3.0,3,1,"Balagere, Bengaluru",1,4,Unfurnished,North,18.0,Ready to Move,,False,Synthetic
SYN_02359,25270000,1318,2.0,2,1,"Adarsh Palm Retreat, Bellandur",9,20,Semi Furnished,Unknown,7.0,Ready to Move,,False,Synthetic
SYN_02360,14590000,1110,2.0,2,1,"Lakedew Residency- Phase 2, Harlur",3,12,Unfurnished,East,2.0,Ready to Move,,False,Synthetic
SYN_02361,10730000,1382,2.0,2,1,"Shriram Sameeksha, Singapura",6,14,Unfurnished,North,5.3,Ready to Move,,False,Synthetic
SYN_02362,18300000,1787,3.0,3,1,"Devasthanagalu, Varthur",1,5,Unfurnished,West,2.0,Ready to Move,,False,Synthetic
SYN_02363,5860000,937,2.0,2,1,"Veer Sandra, Electronic City",3,4,Semi Furnished,Unknown,2.3,Ready to Move,,False,Synthetic
SYN_02364,17300000,1713,3.0,2,1,"Gummanahalli, Bengaluru",1,12,Unfurnished,East,3.9,Ready to Move,,False,Synthetic
SYN_02365,22790000,1421,3.0,3,1,"Thigala Chowdadenahalli, Bengaluru",22,33,Semi Furnished,West,5.2,Ready to Move,,False,Synthetic
SYN_02366,42320000,2026,3.0,3,1,"Lords Steps Layout, Panathur",27,32,Semi Furnished,East,1.3,Ready to Move,,True,Synthetic
SYN_02367,25230000,1836,3.0,3,1,"Carmelaram, Bengaluru",12,19,Unfurnished,Unknown,6.0,Ready to Move,,False,Synthetic
SYN_02368,59110000,3094,4.0,4,4,"Shabhari Nagar, Sahakara Nagar",25,27,Semi Furnished,Unknown,7.7,Upcoming,2027-01-27,True,Synthetic
SYN_02369,54830000,3288,4.0,4,1,"Chikkabana Halli, Bengaluru",25,25,Semi Furnished,North,0.2,Upcoming,2026-05-13,True,Synthetic
SYN_02370,15030000,1082,3.0,3,1,"Spice Garden Layout, Munnekollal",19,30,Semi Furnished,East,8.6,Ready to Move,,False,Synthetic
SYN_02371,125040000,6511,5.0,4,3,"Kariyammana Agrahara, Bellandur",3,3,Semi Furnished,East,3.5,Ready to Move,,False,Synthetic
SYN_02372,25850000,1705,3.0,2,1,"Sri Balaji Krupa Layout, R.K. Hegde Nagar",9,12,Fully Furnished,Unknown,11.5,Ready to Move,,True,Synthetic
SYN_02373,19840000,1506,3.0,3,1,"Bharath Housing Society Layout, Subramanyapura",1,10,Semi Furnished,West,1.9,Ready to Move,,False,Synthetic
SYN_02374,22120000,1154,2.0,2,1,"Eastwood Township, Harlur",1,8,Unfurnished,North,10.0,Ready to Move,,False,Synthetic
SYN_02375,18220000,1126,2.0,2,1,"Devasthanagalu, Varthur",14,15,Unfurnished,East,6.4,Ready to Move,,False,Synthetic
SYN_02376,25750000,2180,3.0,3,1,"Stage 2, BTM Layout",14,35,Semi Furnished,North,6.0,Ready to Move,,False,Synthetic
SYN_02377,17370000,1573,3.0,2,1,"Suryanagar, Bommasandra",1,4,Semi Furnished,Unknown,2.1,Ready to Move,,False,Synthetic
SYN_02378,7800000,487,1.0,1,1,"Anchepalya, Bengaluru",14,19,Unfurnished,East,0.8,Ready to Move,,True,Synthetic
SYN_02379,30290000,2565,3.0,3,1,"Kuvempu Layout, Visthar",14,19,Semi Furnished,East,15.9,Ready to Move,,False,Synthetic
SYN_02380,17790000,1336,2.0,2,1,"Block A, Sahakara Nagar",2,4,Semi Furnished,North,2.7,Ready to Move,,False,Synthetic
SYN_02381,105000000,6362,4.5,4,2,"Pattandur Agrahara, Whitefield",22,25,Unfurnished,East,6.6,Ready to Move,,False,Synthetic
SYN_02382,10670000,993,2.0,2,2,"Devasthanagalu, Varthur",9,10,Semi Furnished,West,2.4,Ready to Move,,False,Synthetic
SYN_02383,9400000,1041,2.0,2,1,"Gummanahalli, Bengaluru",21,24,Semi Furnished,West,0.5,Ready to Move,,False,Synthetic
SYN_02384,20170000,1321,3.0,3,1,"HAL 2nd Stage, Indira Nagar",3,6,Semi Furnished,North,8.1,Ready to Move,,False,Synthetic
SYN_02385,14340000,1186,2.0,2,1,"Dodsworth Layout, Whitefield",12,14,Semi Furnished,East,8.0,Ready to Move,,False,Synthetic
SYN_02386,9790000,941,2.0,2,1,"Phase I, Electronic City",0,5,Semi Furnished,East,13.6,Upcoming,2026-10-02,True,Synthetic
SYN_02387,11830000,1087,3.0,3,2,"Varthur, Bengaluru",1,15,Semi Furnished,West,1.1,Ready to Move,,True,Synthetic
SYN_02388,24040000,1445,3.0,3,1,"Devasthanagalu, Varthur",18,25,Semi Furnished,West,1.9,Ready to Move,,False,Synthetic
SYN_02389,10980000,1089,2.0,2,1,"Madagondanahalli, Electronic City",12,14,Unfurnished,East,2.1,Ready to Move,,False,Synthetic
SYN_02390,26500000,1542,3.0,3,1,"Lakedew Residency- Phase 2, Harlur",5,6,Semi Furnished,East,2.6,Ready to Move,,False,Synthetic
SYN_02391,22430000,2184,4.0,4,3,"Subramanyapura, Bengaluru",14,18,Unfurnished,East,1.0,Ready to Move,,False,Synthetic
SYN_02392,11190000,1115,2.0,2,1,"Parkway Homes, Rayasandra",10,29,Semi Furnished,South,1.7,Ready to Move,,False,Synthetic
SYN_02393,36620000,2223,4.0,4,1,"Anandapura, Battarahalli",24,25,Unfurnished,South,8.0,Ready to Move,,False,Synthetic
SYN_02394,18180000,911,2.0,2,1,"Anjanadri Layout, Konanakunte",5,28,Unfurnished,North,2.0,Ready to Move,,False,Synthetic
SYN_02395,11550000,844,2.0,2,1,"Yadavanahalli, Bengaluru",0,4,Semi Furnished,East,6.0,Ready to Move,,False,Synthetic
SYN_02396,17800000,1361,2.0,2,1,"Laxminarayana Layout, Whitefield",2,12,Semi Furnished,North,3.0,Ready to Move,,True,Synthetic
SYN_02397,16330000,1369,2.0,2,1,"Chikkagubbi Village, Bengaluru",2,23,Unfurnished,West,1.7,Ready to Move,,False,Synthetic
SYN_02398,27260000,1574,3.0,2,1,"7th Phase, JP Nagar",2,8,Semi Furnished,North,1.4,Ready to Move,,False,Synthetic
SYN_02399,23160000,1584,3.0,3,2,"Uttarahalli -Manavarthekaval, Bengaluru",4,10,Unfurnished,Unknown,0.5,Ready to Move,,False,Synthetic
SYN_02400,22450000,1093,2.0,2,1,"Suma Dhura Eden Garden, Chikkabana Halli",9,9,Fully Furnished,East,1.0,Ready to Move,,False,Synthetic
SYN_02401,10270000,1174,2.0,2,1,"Brindavanam Layout, Horamavu",6,14,Unfurnished,Unknown,3.0,Ready to Move,,True,Synthetic
SYN_02402,12550000,1636,3.0,3,1,"Aishwarya Crystal Layout, Singasandra",4,8,Unfurnished,Unknown,3.0,Ready to Move,,False,Synthetic
SYN_02403,15020000,1982,4.0,4,1,"7th Phase, JP Nagar",0,3,Semi Furnished,East,8.5,Ready to Move,,False,Synthetic
SYN_02404,14590000,1631,3.0,3,0,"Devasthanagalu, Varthur",4,5,Unfurnished,West,18.0,Ready to Move,,False,Synthetic
SYN_02405,14830000,1133,2.0,2,1,"Phase I, Electronic City",1,4,Semi Furnished,North,15.4,Ready to Move,,False,Synthetic
SYN_02406,17490000,1225,2.0,2,1,"P&T Layout, Thanisandra",2,12,Semi Furnished,East,5.4,Upcoming,2027-03-03,True,Synthetic
SYN_02407,12020000,1032,3.0,3,1,"Bidare Agraha, Bengaluru",11,17,Semi Furnished,Unknown,18.1,Ready to Move,,False,Synthetic
SYN_02408,13760000,1455,3.0,3,1,"Narayanapura, Bengaluru",11,21,Unfurnished,West,7.8,Ready to Move,,False,Synthetic
SYN_02409,20730000,1680,3.0,3,1,"Thirumalashettyhally, Bengaluru",5,15,Unfurnished,East,0.8,Ready to Move,,False,Synthetic
SYN_02410,7800000,730,2.0,2,1,"Bendiganahalli, Bengaluru",2,14,Semi Furnished,West,6.7,Ready to Move,,False,Synthetic
SYN_02411,17150000,1135,2.0,2,2,"Seetharampalya, Hoodi",3,4,Semi Furnished,Unknown,7.9,Ready to Move,,False,Synthetic
SYN_02412,40880000,2300,4.0,4,1,"Green Glen Layout, Bellandur",4,16,Semi Furnished,East,5.0,Ready to Move,,False,Synthetic
SYN_02413,5850000,998,2.0,2,1,"Sarjapur, Bengaluru",1,4,Semi Furnished,North,3.0,Ready to Move,,False,Synthetic
SYN_02414,37320000,2217,3.0,3,1,"Hosapalya, Kudlu Gate",16,34,Unfurnished,West,4.4,Ready to Move,,False,Synthetic
SYN_02415,5930000,1201,2.0,2,1,"Jigani, Bengaluru",2,6,Semi Furnished,East,4.0,Ready to Move,,False,Synthetic
SYN_02416,9580000,1023,2.0,2,1,"Sri Balaji Layout, K R Puram",7,19,Semi Furnished,East,1.0,Ready to Move,,False,Synthetic
SYN_02417,10390000,843,1.0,1,2,"Bommasandra Industrial Area, Bommasandra",4,13,Unfurnished,West,1.4,Ready to Move,,False,Synthetic
SYN_02418,6370000,1095,2.0,2,1,"Terracon Doctors Enclave, Chandapura",4,15,Semi Furnished,North,6.9,Ready to Move,,False,Synthetic
SYN_02419,13180000,1114,2.0,2,1,"Boovanahalli, Bengaluru",11,30,Semi Furnished,East,7.0,Ready to Move,,False,Synthetic
SYN_02420,36290000,2405,4.0,4,2,"Agrahara Dasarahalli, Rajajinagar",6,14,Semi Furnished,East,10.0,Ready to Move,,False,Synthetic
SYN_02421,9700000,1466,3.0,3,2,"Phase I, Electronic City",8,14,Unfurnished,Unknown,9.0,Upcoming,2029-07-30,True,Synthetic
SYN_02422,8970000,815,2.0,2,1,"Central Park, Balagere",7,12,Semi Furnished,West,2.4,Ready to Move,,False,Synthetic
SYN_02423,8970000,618,1.0,1,1,"Panathur, Bengaluru",5,18,Semi Furnished,East,1.0,Ready to Move,,False,Synthetic
SYN_02424,14800000,990,2.0,2,1,"H Colony, New Baiyyappanahalli",3,5,Semi Furnished,Unknown,4.8,Ready to Move,,False,Synthetic
SYN_02425,13340000,1229,3.0,3,1,"Durgappa Layout, Agrahara Layout",4,4,Semi Furnished,East,7.4,Ready to Move,,False,Synthetic
SYN_02426,8410000,1305,2.0,2,1,"Kambipura, Bengaluru",2,7,Unfurnished,West,1.6,Ready to Move,,False,Synthetic
SYN_02427,17040000,1410,3.0,3,1,"Laxminarayana Layout, Whitefield",7,18,Semi Furnished,West,2.0,Ready to Move,,False,Synthetic
SYN_02428,11290000,1007,2.0,2,1,"Prithvi Layout, Whitefield",14,30,Semi Furnished,East,1.3,Ready to Move,,False,Synthetic
SYN_02429,8760000,960,2.0,2,1,"Kacharakanahalli,Bisnahalli, Bengaluru",8,14,Semi Furnished,East,14.2,Ready to Move,,False,Synthetic
SYN_02430,19260000,1695,3.0,2,2,"Devin Paradise Enclave, Chokkanahalli",35,36,Semi Furnished,West,1.2,Ready to Move,,True,Synthetic
SYN_02431,31340000,2465,3.0,3,2,"1st Phase, JP Nagar",1,5,Unfurnished,Unknown,0.3,Ready to Move,,False,Synthetic
SYN_02432,13780000,1336,3.0,2,1,"Bengaluru Hardware Park, Bengaluru",5,5,Unfurnished,East,20.0,Ready to Move,,True,Synthetic
SYN_02433,8710000,1040,2.0,2,1,"Ganga Layout, Rayasandra",4,4,Unfurnished,North,8.4,Ready to Move,,False,Synthetic
SYN_02434,14680000,2033,3.0,3,3,"Dodsworth Layout, Whitefield",25,30,Unfurnished,Unknown,2.1,Ready to Move,,False,Synthetic
SYN_02435,16120000,1599,3.0,3,2,"Inasappa Layout, Kammanahalli",5,12,Fully Furnished,East,6.7,Ready to Move,,False,Synthetic
SYN_02436,8640000,987,2.0,2,1,"Chintalamadivala Village, Bommasandra",4,7,Semi Furnished,Unknown,7.7,Ready to Move,,False,Synthetic
SYN_02437,40250000,2565,3.0,3,2,"Bellandur, Bengaluru",26,31,Unfurnished,North,4.2,Upcoming,2026-09-23,True,Synthetic
SYN_02438,17850000,1315,3.0,2,1,"EPIP Zone, Brookefield",19,19,Semi Furnished,East,1.6,Ready to Move,,False,Synthetic
SYN_02439,28530000,2565,3.0,3,3,"Chikkasandra, Bengaluru",8,28,Semi Furnished,North-East,3.1,Ready to Move,,False,Synthetic
SYN_02440,17110000,1641,3.0,3,1,"Chaithanya Samarth, Bommenahalli",2,9,Fully Furnished,West,0.7,Ready to Move,,False,Synthetic
SYN_02441,19880000,1345,2.0,2,1,"Rachenahalli, Jakkur",20,34,Semi Furnished,East,2.0,Ready to Move,,False,Synthetic
SYN_02442,10930000,1055,2.0,2,1,"Gattahalli, Bengaluru",9,11,Semi Furnished,East,1.1,Ready to Move,,False,Synthetic
SYN_02443,13990000,1064,2.0,2,1,"Hoodi, Bengaluru",16,27,Semi Furnished,West,1.7,Ready to Move,,False,Synthetic
SYN_02444,12540000,947,2.0,2,1,"Nallurhalli, Whitefield",7,19,Unfurnished,Unknown,10.3,Ready to Move,,False,Synthetic
SYN_02445,11310000,994,2.0,2,1,"Upkar Layout, Whitefield",1,5,Semi Furnished,West,1.0,Ready to Move,,False,Synthetic
SYN_02446,30450000,2122,3.0,3,1,"Rayasandra, Bengaluru",13,17,Fully Furnished,Unknown,10.1,Ready to Move,,False,Synthetic
SYN_02447,59350000,4122,4.0,4,4,"Sathya Sai Layout, Whitefield",17,18,Semi Furnished,North,4.0,Ready to Move,,False,Synthetic
SYN_02448,25200000,1902,3.0,3,1,"Vasanth Nagar, Bengaluru",9,12,Semi Furnished,Unknown,0.8,Upcoming,2026-12-12,True,Synthetic
SYN_02449,14030000,1094,2.0,2,1,"Vijay Nagar, Whitefield",16,22,Semi Furnished,East,15.5,Ready to Move,,False,Synthetic
SYN_02450,12070000,1067,3.0,3,1,"Devin Paradise Enclave, Chokkanahalli",7,13,Unfurnished,East,0.2,Ready to Move,,False,Synthetic
SYN_02451,15720000,1195,2.0,2,1,"Gummanahalli, Bengaluru",8,26,Semi Furnished,South,7.3,Ready to Move,,False,Synthetic
SYN_02452,18510000,1460,3.0,3,1,"Kodathi, Bengaluru",7,23,Semi Furnished,East,1.7,Ready to Move,,False,Synthetic
SYN_02453,12610000,1364,3.0,2,1,"Panathur, Bengaluru",3,16,Unfurnished,West,12.0,Ready to Move,,False,Synthetic
SYN_02454,28340000,1753,3.0,3,1,"Whitefield, Bengaluru",11,30,Semi Furnished,West,2.3,Ready to Move,,False,Synthetic
SYN_02455,25320000,2224,4.0,3,3,"Dodsworth Layout, Whitefield",14,27,Unfurnished,North,1.3,Ready to Move,,False,Synthetic
SYN_02456,58360000,4809,4.0,4,2,"Maruthi Nagar, Yelahanka",19,24,Unfurnished,East,0.8,Ready to Move,,True,Synthetic
SYN_02457,29010000,1824,3.0,3,1,"Hosapalya, Kudlu Gate",0,3,Semi Furnished,East,19.7,Ready to Move,,False,Synthetic
SYN_02458,3130000,453,1.0,1,2,"Sarjapur, Bengaluru",7,18,Unfurnished,North,1.4,Upcoming,2026-08-30,True,Synthetic
SYN_02459,18570000,1680,3.0,3,1,"Gummanahalli, Bengaluru",10,12,Unfurnished,East,1.4,Ready to Move,,False,Synthetic
SYN_02460,13990000,1156,2.0,2,1,"Yadavanahalli, Bengaluru",1,20,Semi Furnished,Unknown,16.1,Ready to Move,,False,Synthetic
SYN_02461,18630000,1367,2.0,2,1,"Yelahanka New Town, Bengaluru",5,14,Unfurnished,North,0.7,Ready to Move,,False,Synthetic
SYN_02462,17810000,2047,3.0,3,1,"Choodasandra, Bengaluru",9,17,Unfurnished,West,0.9,Ready to Move,,False,Synthetic
SYN_02463,16330000,1758,3.0,3,2,"Madagondanahalli, Electronic City",0,7,Unfurnished,West,11.0,Ready to Move,,False,Synthetic
SYN_02464,11620000,1844,3.0,3,1,"Ali Estate, Yelahanka",29,34,Semi Furnished,East,7.0,Ready to Move,,False,Synthetic
SYN_02465,34970000,1538,3.0,3,1,"Akshaya Gardens, Akshayanagar",1,4,Semi Furnished,East,1.2,Ready to Move,,False,Synthetic
SYN_02466,25090000,2068,3.0,3,1,"Hosahalli, Bengaluru",26,29,Unfurnished,East,8.7,Ready to Move,,False,Synthetic
SYN_02467,5200000,995,2.0,2,1,"Saraswathi Nagar, Vijayanagar",5,5,Semi Furnished,West,1.0,Ready to Move,,False,Synthetic
SYN_02468,21270000,775,2.0,2,1,"Begur, Bengaluru",3,12,Semi Furnished,East,4.4,Ready to Move,,False,Synthetic
SYN_02469,16120000,1325,2.0,2,1,"Sarjapur, Bengaluru",2,10,Semi Furnished,West,6.0,Ready to Move,,False,Synthetic
SYN_02470,25910000,1768,3.0,2,1,"Phase 1, Kartik Nagar",6,9,Semi Furnished,Unknown,7.7,Upcoming,2027-07-20,True,Synthetic
SYN_02471,6580000,989,2.0,2,1,"K R Puram, Bengaluru",14,16,Semi Furnished,North,3.0,Ready to Move,,False,Synthetic
SYN_02472,10930000,778,1.0,1,1,"Gummanahalli, Bengaluru",5,5,Unfurnished,East,2.0,Upcoming,2029-12-09,True,Synthetic
SYN_02473,16980000,1110,3.0,3,2,"B Narayanapura, Mahadevapura",16,16,Unfurnished,East,1.7,Ready to Move,,False,Synthetic
SYN_02474,58930000,3855,4.0,4,2,"Thigala Chowdadenahalli, Bengaluru",3,14,Semi Furnished,West,6.3,Ready to Move,,False,Synthetic
SYN_02475,23200000,1381,3.0,3,1,"Gunjur Village, Bengaluru",5,12,Semi Furnished,East,1.0,Ready to Move,,False,Synthetic
SYN_02476,16070000,1281,3.0,3,3,"Kothnur, JP Nagar",29,32,Semi Furnished,North,1.0,Ready to Move,,False,Synthetic
SYN_02477,12520000,749,1.0,1,0,"Varthur, Bengaluru",2,14,Unfurnished,Unknown,2.0,Ready to Move,,False,Synthetic
SYN_02478,7640000,1516,3.0,3,1,"Phase I, Electronic City",9,11,Unfurnished,West,1.4,Ready to Move,,False,Synthetic
SYN_02479,76750000,5108,4.0,4,1,"Kannuru, Bengaluru",21,34,Unfurnished,West,10.8,Upcoming,2026-11-22,True,Synthetic
SYN_02480,5100000,744,2.0,2,2,"Park View Layout, Amrutahalli",4,7,Semi Furnished,East,5.0,Ready to Move,,False,Synthetic
SYN_02481,20230000,1471,2.0,2,2,"Manayata Tech Park, Thanisandra",16,18,Semi Furnished,West,7.0,Ready to Move,,False,Synthetic
SYN_02482,17410000,2680,4.0,4,1,"Yelenahalli, Akshayanagar",11,28,Unfurnished,Unknown,10.0,Ready to Move,,False,Synthetic
SYN_02483,10690000,985,2.0,2,1,"Hadosiddapura, Carmelaram",23,27,Semi Furnished,East,4.1,Ready to Move,,False,Synthetic
SYN_02484,6900000,730,2.0,2,2,"CQAL Layout, Sahakara Nagar",5,7,Semi Furnished,Unknown,2.0,Ready to Move,,False,Synthetic
SYN_02485,19940000,1184,2.0,2,1,"Varthur, Bengaluru",0,14,Fully Furnished,East,1.6,Ready to Move,,False,Synthetic
SYN_02486,14430000,1053,2.0,2,1,"Chikkagubbi Village, Bengaluru",13,38,Semi Furnished,East,13.7,Ready to Move,,False,Synthetic
SYN_02487,8430000,644,1.0,1,1,"Sarjapur, Bengaluru",4,19,Semi Furnished,East,4.2,Upcoming,2028-01-23,True,Synthetic
SYN_02488,31210000,2364,3.5,4,2,"Chikkagubbi Village, Bengaluru",14,17,Unfurnished,Unknown,14.0,Upcoming,2026-05-23,True,Synthetic
SYN_02489,13570000,1043,2.0,2,2,"Aishwarya Crystal Layout, Begur",0,12,Semi Furnished,Unknown,16.7,Ready to Move,,False,Synthetic
SYN_02490,22030000,1888,3.0,3,1,"Pantarapalya, Nayandahalli",9,14,Semi Furnished,East,3.1,Upcoming,2027-04-22,True,Synthetic
SYN_02491,58440000,5100,5.0,5,0,"Koralur, Thirumalashettyhally",19,21,Semi Furnished,North,4.9,Ready to Move,,False,Synthetic
SYN_02492,28780000,1852,3.0,3,1,"Green Glen Layout, Bellandur",11,24,Semi Furnished,Unknown,14.0,Ready to Move,,False,Synthetic
SYN_02493,11420000,730,2.0,2,0,"Budigere Cross, Bengaluru",28,28,Unfurnished,East,3.2,Ready to Move,,False,Synthetic
SYN_02494,23180000,1827,3.0,2,1,"RMZ Galleria Residences, Yelahanka Satellite Town",5,9,Unfurnished,West,0.9,Ready to Move,,False,Synthetic
SYN_02495,24400000,1876,3.0,3,1,"Central Excise Layout, Sanjaynagar",11,14,Semi Furnished,West,5.3,Upcoming,2027-01-26,True,Synthetic
SYN_02496,13680000,1031,3.0,2,1,"Chaithanya Samarth, Bommenahalli",12,15,Unfurnished,West,5.8,Ready to Move,,False,Synthetic
SYN_02497,13200000,981,2.0,2,1,"Aditya Layout, RR Nagar",14,18,Semi Furnished,Unknown,1.0,Ready to Move,,False,Synthetic
SYN_02498,44470000,2414,4.0,4,2,"Devasthanagalu, Varthur",4,27,Unfurnished,East,1.0,Ready to Move,,False,Synthetic
SYN_02499,8300000,762,2.0,2,1,"Choodasandra, Bengaluru",5,23,Semi Furnished,East,1.8,Ready to Move,,False,Synthetic
SYN_02500,9180000,1265,3.0,3,1,"Aishwarya Crystal Layout, Singasandra",18,21,Unfurnished,Unknown,0.6,Ready to Move,,True,Synthetic
SYN_02501,25750000,1826,3.0,3,1,"Block 4B, Bengaluru",1,27,Unfurnished,North,0.7,Upcoming,2027-01-01,True,Synthetic
SYN_02502,17380000,1594,3.0,2,1,"Suryanagar, Bommasandra",0,14,Unfurnished,East,4.6,Ready to Move,,False,Synthetic
SYN_02503,28630000,2563,3.0,3,1,"Budigere Cross, Bengaluru",18,29,Unfurnished,East,0.9,Upcoming,2027-01-08,True,Synthetic
SYN_02504,8330000,944,2.0,2,1,"Electronic City, Bengaluru",8,12,Semi Furnished,East,1.0,Ready to Move,,False,Synthetic
SYN_02505,9540000,1031,3.0,3,2,"Budigere Cross, Bengaluru",1,14,Semi Furnished,South,1.1,Ready to Move,,False,Synthetic
SYN_02506,8790000,975,2.0,2,1,"Govinda Reddy Layout, Panduranga Nagar",6,19,Unfurnished,North,4.1,Ready to Move,,False,Synthetic
SYN_02507,23930000,1436,3.0,2,1,"Bileshivale, Bengaluru",3,18,Unfurnished,East,1.0,Ready to Move,,False,Synthetic
SYN_02508,6760000,910,2.0,2,1,"Sarjapur, Bengaluru",21,24,Unfurnished,Unknown,5.0,Ready to Move,,False,Synthetic
SYN_02509,15360000,1121,3.0,3,1,"Battarahalli, K R Puram",1,8,Semi Furnished,Unknown,0.8,Ready to Move,,False,Synthetic
SYN_02510,11520000,1479,3.0,2,2,"Chaithanya Samarth, Bommenahalli",9,27,Unfurnished,West,4.7,Ready to Move,,False,Synthetic
SYN_02511,25590000,1558,3.0,3,2,"Jagajyothi Layout, Gnana Bharathi",5,19,Unfurnished,East,4.0,Ready to Move,,False,Synthetic
SYN_02512,12470000,1565,3.0,3,2,"Devanahalli, Bengaluru",8,27,Unfurnished,East,20.4,Ready to Move,,False,Synthetic
SYN_02513,17280000,1573,3.0,3,1,"Prithvi Layout, Whitefield",7,24,Semi Furnished,West,2.1,Ready to Move,,False,Synthetic
SYN_02514,5310000,730,2.0,2,1,"Pragathi Nagar, Basapura",2,5,Unfurnished,West,7.0,Ready to Move,,False,Synthetic
SYN_02515,25120000,1483,3.0,3,2,"Thigala Chowdadenahalli, Bengaluru",21,26,Semi Furnished,East,4.0,Ready to Move,,False,Synthetic
SYN_02516,18510000,1196,2.0,2,1,"Hoskote, Bengaluru",6,28,Semi Furnished,East,10.1,Ready to Move,,False,Synthetic
SYN_02517,22310000,1304,3.0,3,1,"GM Global Techies Town, Electronic City",6,9,Semi Furnished,Unknown,15.8,Ready to Move,,False,Synthetic
SYN_02518,25110000,1033,3.0,3,1,"Hongasandra, Bengaluru",11,14,Unfurnished,Unknown,4.6,Ready to Move,,False,Synthetic
SYN_02519,42090000,1718,3.0,3,1,"Begur, Bengaluru",6,14,Semi Furnished,East,8.7,Ready to Move,,True,Synthetic
SYN_02520,41210000,2916,4.0,4,2,"Rachenahalli, Jakkur",11,18,Semi Furnished,North,8.0,Ready to Move,,False,Synthetic
SYN_02521,12780000,1256,2.0,2,2,"Bommenahalli, Bengaluru",2,20,Unfurnished,Unknown,2.9,Ready to Move,,False,Synthetic
SYN_02522,109820000,3804,5.0,5,2,"Hebbal Kempapura, Bengaluru",2,13,Semi Furnished,East,4.1,Ready to Move,,False,Synthetic
SYN_02523,16580000,1127,2.0,2,1,"Jyotipuram, Bengaluru",2,14,Unfurnished,West,11.4,Ready to Move,,False,Synthetic
SYN_02524,19880000,1230,2.0,2,1,"Vijay Nagar, Whitefield",9,29,Unfurnished,South,2.0,Ready to Move,,False,Synthetic
SYN_02525,66080000,1691,3.0,3,1,"Gandhi Nagar, Munnekollal",14,21,Semi Furnished,West,5.0,Upcoming,2026-09-09,True,Synthetic
SYN_02526,24400000,1761,3.5,3,1,"Gunjur Village, Bengaluru",21,27,Unfurnished,North,4.0,Ready to Move,,False,Synthetic
SYN_02527,25630000,1416,3.0,2,2,"HAL 3rd Stage, Kodihalli",18,29,Unfurnished,North,4.6,Upcoming,2026-12-18,True,Synthetic
SYN_02528,16720000,1152,2.0,2,1,"3G Homes Crimson Layout, Kadugodi",24,25,Semi Furnished,West,20.9,Ready to Move,,False,Synthetic
SYN_02529,23760000,1272,2.0,2,1,"Bellandur, Bengaluru",2,4,Semi Furnished,West,0.1,Ready to Move,,False,Synthetic
SYN_02530,14330000,1208,2.0,2,1,"Nimbekaipura, Bengaluru",21,21,Semi Furnished,Unknown,12.3,Ready to Move,,True,Synthetic
SYN_02531,24080000,1756,3.0,3,2,"Devasthanagalu, Varthur",8,26,Semi Furnished,East,0.7,Ready to Move,,False,Synthetic
SYN_02532,14970000,1735,3.0,3,1,"Marathahalli Village, Marathahalli",13,23,Unfurnished,East,5.0,Ready to Move,,True,Synthetic
SYN_02533,16010000,1508,3.0,3,1,"Panathur, Bengaluru",2,13,Unfurnished,East,10.7,Ready to Move,,False,Synthetic
SYN_02534,14790000,1810,3.0,3,1,"Gundappa Layout, Gottigere",5,21,Unfurnished,East,9.4,Ready to Move,,False,Synthetic
SYN_02535,7830000,1023,2.0,2,1,"Volagerekallahalli, Bengaluru",3,18,Unfurnished,West,8.0,Ready to Move,,False,Synthetic
SYN_02536,13640000,1211,2.0,2,1,"Medahalli, Bengaluru",9,23,Unfurnished,East,1.1,Ready to Move,,True,Synthetic
SYN_02537,5490000,821,2.0,2,1,"Samethanahalli, Bengaluru",1,11,Semi Furnished,West,1.5,Ready to Move,,False,Synthetic
SYN_02538,22470000,1677,3.0,2,1,"Thigala Chowdadenahalli, Bengaluru",2,14,Semi Furnished,East,1.6,Ready to Move,,False,Synthetic
SYN_02539,14540000,1253,3.0,3,1,"Singasandra, Bengaluru",7,9,Unfurnished,South,1.3,Ready to Move,,True,Synthetic
SYN_02540,31090000,1838,3.0,3,1,"Thigala Chowdadenahalli, Bengaluru",17,27,Semi Furnished,West,5.0,Ready to Move,,False,Synthetic
SYN_02541,9910000,1313,3.0,3,1,"Cholanayakanahalli, Hebbal",8,12,Unfurnished,North,3.3,Ready to Move,,False,Synthetic
SYN_02542,12280000,949,2.0,2,1,"Prakruthi Nagar, Kogilu",10,18,Semi Furnished,East,1.0,Ready to Move,,False,Synthetic
SYN_02543,10670000,731,2.0,2,1,"Kothnur, JP Nagar",18,20,Unfurnished,East,5.0,Upcoming,2027-01-08,True,Synthetic
SYN_02544,37910000,1965,3.0,3,3,"Kothanur, Bengaluru",5,7,Semi Furnished,East,7.0,Ready to Move,,False,Synthetic
SYN_02545,12780000,1473,3.0,2,1,"Chambenahalli, Bengaluru",9,9,Semi Furnished,East,15.0,Upcoming,2026-06-19,True,Synthetic
SYN_02546,18680000,1413,3.0,3,1,"Srinivasa Nagar, Banashankari",0,4,Unfurnished,South,1.4,Ready to Move,,False,Synthetic
SYN_02547,24360000,1283,3.0,3,1,"Dodsworth Layout, Whitefield",3,7,Unfurnished,East,4.0,Ready to Move,,False,Synthetic
SYN_02548,22460000,1691,3.0,3,1,"Kannuru, Bengaluru",0,26,Semi Furnished,East,8.7,Ready to Move,,False,Synthetic
SYN_02549,29950000,1822,3.0,2,1,"Maruthi Nagar, Yelahanka",27,41,Unfurnished,South,8.3,Ready to Move,,False,Synthetic
SYN_02550,6140000,1031,3.0,3,1,"Sai Sree Layout, Parappana Agrahara",4,7,Semi Furnished,East,0.2,Upcoming,2027-01-28,True,Synthetic
SYN_02551,13090000,1314,3.0,2,1,"CQAL Layout, Sahakara Nagar",11,14,Semi Furnished,Unknown,1.1,Upcoming,2026-12-29,True,Synthetic
SYN_02552,12050000,1162,2.0,2,1,"Gummanahalli, Bengaluru",0,10,Unfurnished,West,8.0,Ready to Move,,False,Synthetic
SYN_02553,23290000,1901,3.0,3,1,"Uttarahalli -Manavarthekaval, Bengaluru",7,9,Semi Furnished,West,3.3,Ready to Move,,False,Synthetic
SYN_02554,21290000,1577,3.0,3,1,"KHB Games Village, Koramangala",10,14,Unfurnished,East,15.0,Ready to Move,,False,Synthetic
SYN_02555,10850000,1211,2.0,2,2,"Ali Estate, Yelahanka",2,3,Semi Furnished,East,4.0,Ready to Move,,False,Synthetic
SYN_02556,20810000,1748,3.0,3,0,"Hosahalli, Bengaluru",0,10,Semi Furnished,West,6.6,Ready to Move,,False,Synthetic
SYN_02557,8610000,1080,2.0,2,1,"Devasthanagalu, Varthur",1,4,Semi Furnished,Unknown,9.2,Ready to Move,,False,Synthetic
SYN_02558,8590000,730,2.0,2,1,"Byadarahalli, Benson Town",1,5,Fully Furnished,East,2.0,Ready to Move,,False,Synthetic
SYN_02559,17950000,1761,3.0,2,1,"Seegehalli, K R Puram",9,17,Unfurnished,West,12.0,Ready to Move,,False,Synthetic
SYN_02560,16820000,1608,2.5,2,1,"Phase I, Electronic City",2,4,Unfurnished,North,2.0,Upcoming,2029-12-19,True,Synthetic
SYN_02561,7450000,1225,2.0,2,1,"Kaverappa Layout, Kadubeesanahalli",5,13,Semi Furnished,West,4.7,Ready to Move,,False,Synthetic
SYN_02562,11240000,1178,2.0,2,1,"Veer Sandra, Electronic City",1,4,Unfurnished,Unknown,3.4,Upcoming,2026-07-19,True,Synthetic
SYN_02563,16550000,1234,2.0,2,1,"Dodsworth Layout, Whitefield",26,30,Unfurnished,North,6.0,Ready to Move,,False,Synthetic
SYN_02564,18460000,1296,3.0,3,2,"Sarjapur, Bengaluru",3,4,Fully Furnished,East,9.2,Ready to Move,,True,Synthetic
SYN_02565,9060000,1217,2.0,2,1,"Electronic City, Bengaluru",3,4,Unfurnished,North,7.0,Ready to Move,,False,Synthetic
SYN_02566,16330000,1344,2.0,2,2,"Aishwarya Crystal Layout, Begur",20,23,Semi Furnished,West,1.0,Ready to Move,,False,Synthetic
SYN_02567,7810000,998,2.0,2,1,"Sarjapur, Bengaluru",3,13,Semi Furnished,East,2.5,Ready to Move,,False,Synthetic
SYN_02568,62800000,3116,4.0,4,1,"Reliaable Lifestyle Layout, Harlur",11,14,Semi Furnished,South,1.0,Upcoming,2026-10-10,True,Synthetic
SYN_02569,16100000,1077,2.0,2,1,"Sri Balaji Krupa Layout, R.K. Hegde Nagar",1,4,Unfurnished,East,7.3,Ready to Move,,False,Synthetic
SYN_02570,13350000,1176,2.0,2,1,"Markandhaiha Nagar, Agrahara Layout",0,13,Semi Furnished,Unknown,4.5,Ready to Move,,False,Synthetic
SYN_02571,22520000,1229,3.0,2,1,"Akshaya Vana, Akshayanagar",20,23,Unfurnished,East,2.3,Ready to Move,,False,Synthetic
SYN_02572,49900000,3932,4.0,4,4,"Begur, Bengaluru",23,27,Semi Furnished,North,8.7,Upcoming,2026-02-15,True,Synthetic
SYN_02573,10500000,754,1.0,1,1,"Gummanahalli, Bengaluru",13,21,Unfurnished,East,1.2,Upcoming,2029-09-24,True,Synthetic
SYN_02574,36970000,2565,3.0,2,1,"Dommasandra, Bengaluru",8,28,Unfurnished,East,5.2,Upcoming,2026-03-06,True,Synthetic
SYN_02575,11250000,1121,2.0,2,1,"Halasahalli, Bengaluru",6,14,Semi Furnished,East,1.3,Ready to Move,,False,Synthetic
SYN_02576,14310000,867,2.0,2,1,"Medahalli, Bengaluru",3,10,Semi Furnished,Unknown,1.0,Ready to Move,,False,Synthetic
SYN_02577,7540000,1250,2.0,2,1,"BEML Cooperative Society Layout, Bengaluru",1,4,Semi Furnished,East,8.9,Upcoming,2028-01-12,True,Synthetic
SYN_02578,58970000,3409,4.0,4,2,"KIADB Export Promotion Industrial Area, K R Puram",17,17,Semi Furnished,Unknown,10.0,Upcoming,2027-10-11,True,Synthetic
SYN_02579,19940000,1301,2.0,2,1,"Carmelaram, Bengaluru",17,32,Semi Furnished,Unknown,6.7,Ready to Move,,False,Synthetic
SYN_02580,27450000,1955,3.0,3,1,"Babuji Nagar, Attiguppe",21,30,Unfurnished,East,5.9,Ready to Move,,True,Synthetic
SYN_02581,14850000,1157,2.0,2,2,"Dommasandra, Bengaluru",1,7,Unfurnished,East,6.0,Ready to Move,,False,Synthetic
SYN_02582,27770000,1564,3.0,2,1,"G Muniyappa Garden, Cox Town",2,27,Unfurnished,North,3.5,Ready to Move,,False,Synthetic
SYN_02583,7760000,731,2.0,1,3,"Doddakannelli, Bengaluru",6,16,Semi Furnished,East,1.0,Ready to Move,,False,Synthetic
SYN_02584,35790000,1735,3.0,3,2,"Gullakaipura, Bengaluru",4,4,Semi Furnished,East,0.6,Upcoming,2028-06-02,True,Synthetic
SYN_02585,15350000,1495,3.0,2,1,"Vyalikaval HBCS Layout, Nagavara",4,20,Fully Furnished,Unknown,3.5,Ready to Move,,False,Synthetic
SYN_02586,19410000,1722,3.0,3,1,"Navarathna Agrahara, Bengaluru",8,16,Unfurnished,North,10.6,Ready to Move,,False,Synthetic
SYN_02587,13250000,1033,2.0,2,1,"Sarjapur, Bengaluru",2,10,Semi Furnished,South,4.0,Ready to Move,,False,Synthetic
SYN_02588,17060000,1268,3.0,2,2,"Kuvempu Layout, Visthar",6,15,Semi Furnished,East,10.3,Ready to Move,,False,Synthetic
SYN_02589,25900000,1921,3.0,2,1,"BHEL Layout, RR Nagar",18,25,Semi Furnished,North,8.9,Ready to Move,,False,Synthetic
SYN_02590,33560000,2273,4.0,4,2,"Kothnur, JP Nagar",5,28,Fully Furnished,Unknown,1.2,Ready to Move,,True,Synthetic
SYN_02591,6160000,1049,2.0,2,1,"Horamavu, Bengaluru",4,4,Unfurnished,East,3.6,Ready to Move,,False,Synthetic
SYN_02592,55400000,3142,4.0,4,4,"Ranganatha Colony, Jagajeevanram Nagar",25,27,Semi Furnished,East,9.3,Upcoming,2027-01-26,True,Synthetic
SYN_02593,25110000,2000,3.0,2,2,"Virgonagar, Aavalahalli",12,19,Semi Furnished,East,6.4,Ready to Move,,True,Synthetic
SYN_02594,8610000,851,2.0,2,0,"Koralur, Samethanahalli",4,14,Unfurnished,West,9.3,Ready to Move,,False,Synthetic
SYN_02595,16730000,1226,2.0,2,1,"Kannuru, Bengaluru",1,29,Semi Furnished,East,4.1,Ready to Move,,False,Synthetic
SYN_02596,26580000,1636,3.0,3,1,"Anchepalya, Bengaluru",12,26,Unfurnished,East,3.3,Ready to Move,,False,Synthetic
SYN_02597,14750000,1051,1.0,1,1,"Sarjapur, Bengaluru",4,4,Unfurnished,Unknown,2.6,Ready to Move,,False,Synthetic
SYN_02598,14380000,1515,3.0,3,1,"Gunjur Village, Bengaluru",22,23,Semi Furnished,East,4.4,Upcoming,2026-08-03,True,Synthetic
SYN_02599,11670000,1031,2.0,2,1,"Kengeri Satellite Town, Bengaluru",0,7,Semi Furnished,Unknown,9.3,Ready to Move,,False,Synthetic
SYN_02600,12750000,1626,3.0,2,1,"Rachenahalli, Thanisandra",5,20,Semi Furnished,East,18.0,Ready to Move,,False,Synthetic
SYN_02601,28690000,2019,3.0,3,1,"Allalasandra, Bengaluru",2,13,Unfurnished,North,19.1,Ready to Move,,True,Synthetic
SYN_02602,8020000,730,2.0,2,1,"Yelachanayakanapura, Bengaluru",10,13,Unfurnished,East,1.4,Ready to Move,,False,Synthetic
SYN_02603,25330000,1443,3.0,3,1,"Isha Misty Green, Chansandra",4,4,Unfurnished,East,4.4,Ready to Move,,False,Synthetic
SYN_02604,18330000,1214,2.0,2,1,"Glen Classic, Devinagar",16,18,Semi Furnished,North,6.2,Ready to Move,,False,Synthetic
SYN_02605,14620000,913,2.0,1,1,"Devasthanagalu, Varthur",10,14,Unfurnished,North,1.0,Ready to Move,,False,Synthetic
SYN_02606,18960000,1614,3.0,2,1,"Dommasandra, Bengaluru",4,27,Semi Furnished,Unknown,10.0,Ready to Move,,False,Synthetic
SYN_02607,6440000,949,2.0,2,1,"Ashirvad Colony, Horamavu",3,31,Semi Furnished,East,1.0,Ready to Move,,False,Synthetic
SYN_02608,8950000,958,2.0,2,0,"Bengaluru Hardware Park, Bengaluru",5,6,Semi Furnished,North,3.1,Ready to Move,,False,Synthetic
SYN_02609,18530000,1194,3.0,3,1,"Jyotipuram, Bengaluru",9,29,Unfurnished,West,3.5,Ready to Move,,False,Synthetic
SYN_02610,18520000,1292,3.0,3,1,"Ardendale, Kannamangala - Whitefield Hoskote Road",5,5,Unfurnished,North,1.0,Ready to Move,,False,Synthetic
SYN_02611,33000000,1697,3.0,3,1,"Thomas Town, Cooke Town",0,4,Semi Furnished,West,1.0,Upcoming,2027-09-17,True,Synthetic
SYN_02612,10550000,1181,2.0,2,1,"Nagasandra Colony, Nagasandra, Bengaluru North",3,4,Semi Furnished,East,8.0,Ready to Move,,False,Synthetic
SYN_02613,12790000,943,2.0,2,1,"Sarjapur, Bengaluru",4,8,Semi Furnished,North,1.0,Ready to Move,,False,Synthetic
SYN_02614,9650000,771,1.0,1,1,"Anchepalya, Bengaluru",6,28,Unfurnished,Unknown,2.0,Ready to Move,,False,Synthetic
SYN_02615,13550000,1102,2.0,2,1,"Phase I, Electronic City",8,12,Unfurnished,East,7.7,Ready to Move,,False,Synthetic
SYN_02616,12090000,1086,2.0,2,1,"Manayata Tech Park, Thanisandra",15,18,Unfurnished,West,2.0,Ready to Move,,False,Synthetic
SYN_02617,58230000,3947,4.0,4,0,"Maruthi Nagar, Yelahanka",2,3,Semi Furnished,East,10.1,Ready to Move,,False,Synthetic
SYN_02618,8730000,890,2.0,2,1,"Sahyadri Layout, Panduranga Nagar",2,12,Semi Furnished,West,5.1,Ready to Move,,False,Synthetic
SYN_02619,15350000,1209,2.0,2,2,"Belathur, K R Puram",11,14,Semi Furnished,Unknown,5.7,Ready to Move,,False,Synthetic
SYN_02620,12260000,1238,2.0,2,1,"Phase 5, Chikkanayakanahalli, Choodasandra",4,14,Unfurnished,South,3.0,Ready to Move,,False,Synthetic
SYN_02621,15890000,1208,2.0,2,1,"Prithvi Layout, Whitefield",8,26,Semi Furnished,East,6.0,Ready to Move,,False,Synthetic
SYN_02622,13960000,952,2.0,2,1,"Ardendale, Kannamangala - Whitefield Hoskote Road",1,5,Semi Furnished,East,2.0,Ready to Move,,False,Synthetic
SYN_02623,24610000,1684,3.0,2,1,"Anchepalya, Bengaluru",34,34,Unfurnished,East,1.5,Upcoming,2026-09-30,True,Synthetic
SYN_02624,17410000,1542,3.0,2,1,"Devanahalli, Bengaluru",1,14,Semi Furnished,East,1.7,Ready to Move,,False,Synthetic
SYN_02625,8120000,730,2.0,2,1,"Devasthanagalu, Varthur",12,27,Semi Furnished,East,10.0,Ready to Move,,False,Synthetic
SYN_02626,5870000,928,2.0,2,1,"Horamavu Agara, Horamavu",0,28,Semi Furnished,East,16.5,Ready to Move,,False,Synthetic
SYN_02627,23020000,1170,2.0,2,2,"Shanthi Pura, Electronic City Phase 2",1,23,Semi Furnished,West,16.7,Ready to Move,,False,Synthetic
SYN_02628,21250000,1442,3.0,3,1,"Varthur, Bengaluru",13,19,Unfurnished,East,14.5,Ready to Move,,False,Synthetic
SYN_02629,36940000,2127,4.0,4,2,"Thomas Town, Cooke Town",3,4,Unfurnished,East,2.9,Upcoming,2026-07-24,True,Synthetic
SYN_02630,13090000,1154,2.0,2,1,"P&T Layout, Thanisandra",4,19,Unfurnished,Unknown,3.4,Ready to Move,,False,Synthetic
SYN_02631,28710000,1657,3.0,2,1,"Vastu Bhoomi, K R Puram",19,21,Unfurnished,Unknown,3.6,Ready to Move,,True,Synthetic
SYN_02632,13690000,1137,3.0,3,2,"Varthur, Bengaluru",7,10,Semi Furnished,East,6.0,Ready to Move,,False,Synthetic
SYN_02633,12580000,1082,2.0,2,0,"Kuthaganahalli, Bengaluru",0,4,Unfurnished,East,10.1,Ready to Move,,False,Synthetic
SYN_02634,22450000,1874,3.0,3,1,"Nallurhalli, Whitefield",0,17,Semi Furnished,West,1.1,Ready to Move,,False,Synthetic
SYN_02635,11610000,1086,2.0,2,2,"Pattandur Agrahara, Whitefield",10,13,Semi Furnished,East,1.9,Ready to Move,,False,Synthetic
SYN_02636,13400000,1771,3.0,2,1,"Bommasandra Industrial Area, Bommasandra",29,34,Semi Furnished,North,5.8,Ready to Move,,False,Synthetic
SYN_02637,30940000,1781,3.5,3,3,"Tigalarpalya, Brookefield",0,28,Unfurnished,Unknown,4.2,Upcoming,2028-10-12,True,Synthetic
SYN_02638,23520000,1833,3.0,3,4,"Maruthi Nagar, Yelahanka",7,28,Unfurnished,East,2.0,Upcoming,2026-03-27,True,Synthetic
SYN_02639,9040000,1318,3.0,2,1,"Horamavu Agara, Horamavu",24,28,Unfurnished,North,6.8,Ready to Move,,True,Synthetic
SYN_02640,8170000,805,2.0,2,1,"Nehru Nagar, Bengaluru",4,4,Semi Furnished,East,5.0,Upcoming,2026-06-20,True,Synthetic
SYN_02641,11160000,1020,2.0,2,1,"Bendiganahalli, Bengaluru",10,12,Semi Furnished,East,6.7,Ready to Move,,False,Synthetic
SYN_02642,11690000,947,2.0,2,1,"Yelahanka, Bengaluru",12,15,Unfurnished,East,10.9,Ready to Move,,False,Synthetic
SYN_02643,13110000,1298,2.0,2,1,"Ali Estate, Yelahanka",11,12,Semi Furnished,North,1.8,Ready to Move,,False,Synthetic
SYN_02644,7730000,1296,3.0,3,1,"Kambipura, Bengaluru",31,38,Semi Furnished,East,12.8,Upcoming,2026-03-05,True,Synthetic
SYN_02645,21600000,1745,3.0,3,1,"Rachenahalli, Thanisandra",17,17,Fully Furnished,Unknown,5.3,Upcoming,2026-05-13,True,Synthetic
SYN_02646,7140000,925,2.0,2,1,"Shriram Surabhi, Mallasandra",5,21,Semi Furnished,East,11.4,Ready to Move,,True,Synthetic
SYN_02647,7140000,992,2.0,2,1,"Gummanahalli, Bengaluru",1,15,Semi Furnished,Unknown,6.6,Ready to Move,,False,Synthetic
SYN_02648,16200000,1256,2.0,2,1,"Sarjapur, Bengaluru",0,3,Semi Furnished,West,5.2,Ready to Move,,False,Synthetic
SYN_02649,14180000,1717,3.0,3,1,"Gunjur, Bengaluru",6,18,Unfurnished,Unknown,3.0,Ready to Move,,False,Synthetic
SYN_02650,14490000,1265,2.0,2,1,"Varthur, Bengaluru",5,13,Unfurnished,West,3.1,Ready to Move,,True,Synthetic
SYN_02651,11460000,1082,2.0,2,1,"Sector 2, HSR Layout",5,14,Semi Furnished,Unknown,8.0,Ready to Move,,False,Synthetic
SYN_02652,52680000,3645,5.0,5,2,"Brookefield, Bengaluru",14,21,Unfurnished,East,5.0,Ready to Move,,False,Synthetic
SYN_02653,13740000,1050,2.0,2,1,"Chikkakannalli, Bengaluru",6,14,Semi Furnished,North,7.0,Ready to Move,,True,Synthetic
SYN_02654,10760000,854,2.0,2,1,"Belathur, K R Puram",9,26,Semi Furnished,East,6.3,Ready to Move,,True,Synthetic
SYN_02655,16620000,1481,3.0,2,1,"EPIP Zone, Brookefield",10,13,Semi Furnished,Unknown,9.0,Ready to Move,,False,Synthetic
SYN_02656,9680000,814,2.0,2,1,"Devasthanagalu, Varthur",2,4,Unfurnished,Unknown,14.1,Ready to Move,,False,Synthetic
SYN_02657,17900000,1249,2.0,2,1,"Varthur, Bengaluru",1,7,Fully Furnished,North,20.0,Ready to Move,,False,Synthetic
SYN_02658,9110000,734,2.0,2,1,"Kyalasanahalli, Bengaluru",18,26,Unfurnished,West,1.6,Ready to Move,,False,Synthetic
SYN_02659,21010000,1820,3.0,3,1,"Sri Balaji Krupa Layout, R.K. Hegde Nagar",4,11,Unfurnished,East,10.0,Ready to Move,,False,Synthetic
SYN_02660,10310000,1478,3.0,3,1,"Horamavu Agara, Horamavu",17,27,Semi Furnished,West,5.0,Ready to Move,,True,Synthetic
SYN_02661,40100000,3639,4.0,4,2,"Devin Paradise Enclave, Tirumanahalli",6,20,Unfurnished,East,3.8,Ready to Move,,False,Synthetic
SYN_02662,11510000,1154,2.0,2,1,"Veer Sandra, Electronic City",7,14,Semi Furnished,West,2.6,Ready to Move,,False,Synthetic
SYN_02663,14740000,1468,3.0,2,1,"Judicial Layout 2nd Phase, Talaghattapura",8,28,Unfurnished,East,9.0,Ready to Move,,False,Synthetic
SYN_02664,12400000,1071,2.0,2,1,"HAL 3rd Stage, New Tippasandra",2,4,Semi Furnished,East,1.2,Ready to Move,,False,Synthetic
SYN_02665,27880000,1749,3.0,3,1,"Kempapura Agrahara, Bengaluru",5,6,Unfurnished,West,3.4,Ready to Move,,False,Synthetic
SYN_02666,20350000,1142,2.0,2,1,"Pattandur Agrahara, Whitefield",7,28,Semi Furnished,East,10.0,Ready to Move,,False,Synthetic
SYN_02667,8390000,971,2.0,2,1,"Devin Paradise Enclave, Chokkanahalli",3,19,Semi Furnished,Unknown,3.8,Ready to Move,,False,Synthetic
SYN_02668,14070000,1068,2.0,2,1,"Rachenahalli, Jakkur",11,12,Semi Furnished,West,2.2,Ready to Move,,False,Synthetic
SYN_02669,23620000,1365,3.0,3,1,"2nd Stage, Uttarahalli Hobli",3,15,Semi Furnished,West,8.9,Upcoming,2029-08-09,True,Synthetic
SYN_02670,13080000,1313,3.0,3,1,"Sector 3, HSR Layout",3,4,Unfurnished,Unknown,6.5,Upcoming,2026-10-13,True,Synthetic
SYN_02671,11010000,1213,2.0,2,2,"Chaithanya Samarth, Bommenahalli",9,10,Unfurnished,North,3.3,Ready to Move,,False,Synthetic
SYN_02672,11750000,1508,3.0,2,1,"Vasanth Nagar, Bengaluru",17,18,Semi Furnished,East,0.9,Ready to Move,,False,Synthetic
SYN_02673,22550000,1609,3.0,3,1,"Munivenkatppa Layout, Bilekahalli",17,19,Semi Furnished,North,1.5,Ready to Move,,False,Synthetic
SYN_02674,25310000,1718,3.0,3,1,"Venugopal Reddy Layout, Arakere",1,12,Unfurnished,Unknown,9.8,Upcoming,2028-10-27,True,Synthetic
SYN_02675,16080000,2459,4.0,4,1,"Ali Estate, Yelahanka",17,32,Unfurnished,East,2.4,Ready to Move,,False,Synthetic
SYN_02676,9080000,686,1.0,1,1,"Dodsworth Layout, Whitefield",6,10,Unfurnished,West,1.0,Ready to Move,,False,Synthetic
SYN_02677,15260000,1369,2.0,2,2,"Phase 1, Whitefield",10,28,Semi Furnished,East,12.0,Ready to Move,,False,Synthetic
SYN_02678,25350000,1636,3.0,3,1,"Thigala Chowdadenahalli, Bengaluru",9,15,Semi Furnished,East,2.8,Ready to Move,,False,Synthetic
SYN_02679,26640000,1761,3.0,3,1,"Kodathi, Bengaluru",9,15,Fully Furnished,East,1.0,Ready to Move,,False,Synthetic
SYN_02680,13850000,1213,2.0,2,1,"Manayata Tech Park, Thanisandra",3,11,Semi Furnished,North,4.8,Ready to Move,,False,Synthetic
SYN_02681,37910000,1553,3.0,3,1,"9th Phase, JP Nagar",16,17,Semi Furnished,East,2.0,Ready to Move,,False,Synthetic
SYN_02682,14850000,1217,2.0,2,1,"Yelahanka, Bengaluru",9,27,Semi Furnished,East,1.0,Ready to Move,,True,Synthetic
SYN_02683,31040000,2107,3.0,3,1,"Phase I, Electronic City",5,14,Unfurnished,East,0.8,Ready to Move,,False,Synthetic
SYN_02684,22320000,1810,3.0,3,1,"Dodsworth Layout, Whitefield",3,4,Semi Furnished,East,9.0,Ready to Move,,False,Synthetic
SYN_02685,23520000,1677,3.0,3,1,"Uttarahalli -Manavarthekaval, Bengaluru",3,4,Unfurnished,East,7.2,Ready to Move,,False,Synthetic
SYN_02686,6630000,934,2.0,2,2,"Kacharakanahalli,Bisnahalli, Bengaluru",3,18,Semi Furnished,North,1.0,Ready to Move,,False,Synthetic
SYN_02687,7560000,612,1.0,1,1,"Devin Paradise Enclave, Tirumanahalli",4,14,Unfurnished,North,1.0,Ready to Move,,False,Synthetic
SYN_02688,24890000,1614,3.0,3,1,"Hulimavu, Bengaluru",8,11,Unfurnished,East,4.3,Ready to Move,,False,Synthetic
SYN_02689,10690000,948,2.0,2,0,"Govinda Reddy Layout, Panduranga Nagar",5,25,Semi Furnished,East,1.6,Ready to Move,,False,Synthetic
SYN_02690,15160000,1031,3.0,3,1,"Sri Balaji Krupa Layout, R.K. Hegde Nagar",2,12,Fully Furnished,East,3.1,Ready to Move,,False,Synthetic
SYN_02691,21130000,1643,3.0,2,1,"Palm Retreat Lake Front, Kaikondrahalli",14,14,Semi Furnished,East,6.0,Ready to Move,,False,Synthetic
SYN_02692,16890000,805,2.0,2,1,"Dodsworth Layout, Whitefield",1,4,Semi Furnished,East,4.1,Ready to Move,,False,Synthetic
SYN_02693,17090000,2383,4.0,4,2,"Nagavara, Bengaluru",8,9,Unfurnished,Unknown,2.0,Ready to Move,,False,Synthetic
SYN_02694,33360000,2484,4.0,4,1,"Chikkabana Halli, Bengaluru",7,21,Unfurnished,North,2.9,Upcoming,2026-03-28,True,Synthetic
SYN_02695,7030000,1113,2.0,2,1,"Sompura, Bengaluru",4,28,Unfurnished,East,8.0,Ready to Move,,False,Synthetic
SYN_02696,7110000,948,2.5,2,1,"Seegehalli, K R Puram",17,26,Semi Furnished,East,5.5,Ready to Move,,True,Synthetic
SYN_02697,8600000,1252,2.0,2,2,"Subramanyapura, Bengaluru",13,13,Semi Furnished,East,1.4,Ready to Move,,False,Synthetic
SYN_02698,12460000,1398,3.0,3,1,"Gummanahalli, Bengaluru",14,18,Unfurnished,West,5.3,Ready to Move,,False,Synthetic
SYN_02699,39650000,2339,4.0,3,1,"Phase 2, Whitefield",15,16,Semi Furnished,North,4.0,Ready to Move,,False,Synthetic
SYN_02700,17380000,1863,3.0,3,1,"Seegehalli, K R Puram",0,9,Semi Furnished,East,6.3,Ready to Move,,False,Synthetic
SYN_02701,14910000,2053,3.0,3,2,"Belathur, K R Puram",3,4,Semi Furnished,North,3.7,Ready to Move,,False,Synthetic
SYN_02702,29350000,1198,3.0,2,2,"Narayanpura, Kothanur",10,14,Semi Furnished,West,6.5,Ready to Move,,False,Synthetic
SYN_02703,30030000,2340,3.5,4,2,"Kuvempu Layout, Visthar",1,18,Unfurnished,North,10.1,Ready to Move,,False,Synthetic
SYN_02704,16170000,1149,2.0,2,0,"Manayata Tech Park, Thanisandra",1,4,Unfurnished,East,4.0,Ready to Move,,False,Synthetic
SYN_02705,10110000,1723,3.0,3,1,"Bommenahalli, Bengaluru",1,19,Semi Furnished,East,7.0,Ready to Move,,False,Synthetic
SYN_02706,15770000,1257,2.0,2,1,"Lakshmi Layout, Begur",10,11,Semi Furnished,North,0.1,Ready to Move,,False,Synthetic
SYN_02707,9490000,1261,2.0,2,1,"Cauvery Colony, Koramangala",8,10,Unfurnished,West,1.5,Ready to Move,,False,Synthetic
SYN_02708,18840000,1667,3.0,3,1,"Phase 1, Whitefield",2,5,Semi Furnished,West,3.0,Ready to Move,,False,Synthetic
SYN_02709,39440000,2101,4.0,4,2,"Nallurhalli, Whitefield",2,3,Unfurnished,Unknown,10.9,Ready to Move,,False,Synthetic
SYN_02710,13660000,1214,2.0,2,1,"Budigere Cross, Bengaluru",6,13,Unfurnished,West,5.8,Ready to Move,,False,Synthetic
SYN_02711,12020000,916,2.0,2,1,"Devanahalli, Bengaluru",20,22,Unfurnished,West,10.6,Ready to Move,,False,Synthetic
SYN_02712,31210000,2565,3.0,3,1,"Doddakannelli, Bengaluru",11,16,Semi Furnished,West,5.8,Upcoming,2027-06-27,True,Synthetic
SYN_02713,14490000,1030,2.0,2,1,"Upkar Layout, Whitefield",14,14,Semi Furnished,East,7.0,Ready to Move,,False,Synthetic
SYN_02714,10540000,863,2.0,2,1,"Varthur, Bengaluru",12,16,Unfurnished,East,4.4,Ready to Move,,False,Synthetic
SYN_02715,9650000,953,2.0,2,1,"Parkway Homes, Rayasandra",3,3,Semi Furnished,East,1.2,Ready to Move,,False,Synthetic
SYN_02716,14790000,1126,2.0,2,1,"Aishwarya Crystal Layout, Begur",0,12,Semi Furnished,East,1.1,Ready to Move,,True,Synthetic
SYN_02717,13760000,1221,3.0,3,1,"Manayata Tech Park, Thanisandra",16,17,Semi Furnished,East,13.8,Ready to Move,,False,Synthetic
SYN_02718,10960000,1082,2.0,2,2,"Phase I, Electronic City",2,15,Semi Furnished,West,6.0,Ready to Move,,False,Synthetic
SYN_02719,10540000,985,2.0,2,1,"Chaithanya Samarth, Bommenahalli",1,4,Semi Furnished,Unknown,10.0,Ready to Move,,False,Synthetic
SYN_02720,15240000,730,2.0,2,1,"Belur Nagasandra, Bellandur",13,22,Semi Furnished,West,10.0,Ready to Move,,False,Synthetic
SYN_02721,14220000,1031,3.0,3,1,"Kumbalgodu, Bengaluru",1,4,Unfurnished,East,1.0,Ready to Move,,True,Synthetic
SYN_02722,26440000,2036,3.0,2,1,"4th Phase, JP Nagar",22,31,Semi Furnished,North,1.2,Ready to Move,,False,Synthetic
SYN_02723,12670000,1134,2.0,2,1,"Vijay Nagar, Whitefield",11,28,Unfurnished,North,15.5,Ready to Move,,False,Synthetic
SYN_02724,8370000,881,2.0,2,1,"Stage 1, Indira Nagar",5,11,Semi Furnished,East,11.2,Ready to Move,,False,Synthetic
SYN_02725,15370000,1443,2.0,2,1,"Vyalikaval HBCS Layout, Nagavara",9,13,Unfurnished,West,0.6,Ready to Move,,False,Synthetic
SYN_02726,17390000,1660,3.0,2,1,"Jayanagar Housing Society Layout, Subramanyapura",2,13,Semi Furnished,West,9.0,Ready to Move,,False,Synthetic
SYN_02727,11710000,1083,2.0,2,1,"Manayata Tech Park, Thanisandra",1,18,Semi Furnished,North,1.0,Ready to Move,,False,Synthetic
SYN_02728,12360000,1282,2.0,2,1,"Bengaluru Hardware Park, Bengaluru",1,4,Semi Furnished,East,9.0,Ready to Move,,False,Synthetic
SYN_02729,25390000,1346,2.0,2,2,"Venugopal Reddy Layout, Arakere",3,33,Semi Furnished,East,9.0,Ready to Move,,False,Synthetic
SYN_02730,18450000,1580,3.0,3,1,"Prakruthi Nagar, Kogilu",0,32,Unfurnished,East,8.3,Ready to Move,,False,Synthetic
SYN_02731,15030000,1140,2.0,2,1,"Anekal, Bengaluru",12,12,Semi Furnished,North,8.0,Ready to Move,,False,Synthetic
SYN_02732,19020000,1654,3.0,2,1,"Jyotipuram, Bengaluru",18,30,Fully Furnished,East,17.6,Upcoming,2028-06-20,True,Synthetic
SYN_02733,7630000,762,2.0,2,1,"Bollineni Silas, K R Puram",1,9,Unfurnished,South,7.0,Ready to Move,,False,Synthetic
SYN_02734,15770000,1042,2.0,2,1,"Seetharampalya, Hoodi",15,15,Fully Furnished,Unknown,0.0,Ready to Move,,False,Synthetic
SYN_02735,20280000,1426,3.0,3,1,"Sulthangunta, Shivaji Nagar",1,4,Unfurnished,West,3.0,Ready to Move,,False,Synthetic
SYN_02736,23190000,1798,3.0,3,1,"Budigere Cross, Bengaluru",10,16,Semi Furnished,East,14.6,Ready to Move,,False,Synthetic
SYN_02737,22500000,1178,2.5,2,1,"Tunganagara, Bengaluru",12,22,Unfurnished,North,7.9,Ready to Move,,False,Synthetic
SYN_02738,12200000,1173,2.0,2,2,"Gandhi Bazaar, Basavanagudi",7,18,Fully Furnished,Unknown,9.9,Upcoming,2027-02-08,True,Synthetic
SYN_02739,5650000,1190,2.0,2,1,"Sree Narayana Nagar, Kadagrahara",3,10,Unfurnished,North,10.2,Ready to Move,,False,Synthetic
SYN_02740,6260000,925,2.0,2,1,"Sree Narayana Nagar, Kadagrahara",6,12,Unfurnished,West,6.0,Ready to Move,,True,Synthetic
SYN_02741,8970000,1117,2.0,2,1,"Orchid Piccadilly, Chokkanahalli",1,5,Unfurnished,East,9.0,Ready to Move,,True,Synthetic
SYN_02742,27410000,1746,3.0,3,1,"Agrahara Dasarahalli, Rajajinagar",6,13,Fully Furnished,North,1.0,Ready to Move,,False,Synthetic
SYN_02743,16260000,1379,3.0,3,1,"Isha Misty Green, Chansandra",2,18,Semi Furnished,Unknown,7.0,Ready to Move,,True,Synthetic
SYN_02744,15090000,1442,2.0,2,1,"Central Park, Balagere",6,9,Unfurnished,Unknown,12.0,Ready to Move,,False,Synthetic
SYN_02745,26640000,1032,2.0,2,1,"Madagondanahalli, Electronic City",3,5,Semi Furnished,South,3.9,Ready to Move,,False,Synthetic
SYN_02746,9270000,1282,2.0,2,1,"Devasthanagalu, Varthur",3,10,Semi Furnished,Unknown,2.0,Ready to Move,,False,Synthetic
SYN_02747,13780000,1565,3.0,3,1,"Shriram Sameeksha, Singapura",7,8,Unfurnished,East,2.0,Ready to Move,,False,Synthetic
SYN_02748,25330000,2188,3.0,3,1,"Talaghattapura, Bengaluru",8,15,Unfurnished,East,6.0,Ready to Move,,True,Synthetic
SYN_02749,53890000,2190,3.5,4,2,"Avalahalli, Avalahalli",4,5,Semi Furnished,North,1.0,Ready to Move,,False,Synthetic
SYN_02750,18800000,1031,3.0,2,1,"Manayata Tech Park, Thanisandra",0,8,Unfurnished,North,1.8,Ready to Move,,True,Synthetic
SYN_02751,7530000,944,2.0,2,2,"Utsav Raaga, Kannuru",2,18,Unfurnished,East,9.9,Ready to Move,,False,Synthetic
SYN_02752,9860000,761,2.0,2,1,"Manayata Tech Park, Thanisandra",3,4,Semi Furnished,East,3.0,Ready to Move,,False,Synthetic
SYN_02753,27570000,2057,3.0,3,1,"Gummanahalli, Bengaluru",2,4,Unfurnished,North,1.0,Ready to Move,,False,Synthetic
SYN_02754,10090000,929,2.0,2,0,"Prakruthi Nagar, Kogilu",7,21,Semi Furnished,East,0.2,Ready to Move,,False,Synthetic
SYN_02755,11840000,1571,3.0,3,1,"V S Reddy Colony, Kadugodi",4,5,Unfurnished,East,4.2,Ready to Move,,False,Synthetic
SYN_02756,12800000,1010,2.0,2,1,"Virgonagar, Aavalahalli",2,5,Semi Furnished,West,10.0,Ready to Move,,False,Synthetic
SYN_02757,14540000,1325,3.0,3,1,"Seegehalli, K R Puram",5,5,Unfurnished,East,8.4,Ready to Move,,False,Synthetic
SYN_02758,13100000,1002,2.0,2,1,"EPIP Zone, Brookefield",1,4,Unfurnished,Unknown,6.8,Ready to Move,,True,Synthetic
SYN_02759,14400000,1160,2.5,2,1,"Suryanagar, Bommasandra",16,31,Unfurnished,East,9.0,Ready to Move,,False,Synthetic
SYN_02760,59040000,3363,4.0,4,2,"Jakkasandra Extension, Koramangala",8,18,Semi Furnished,East,5.0,Ready to Move,,False,Synthetic
SYN_02761,17630000,1743,3.0,3,2,"Gummanahalli, Bengaluru",9,19,Unfurnished,East,10.9,Ready to Move,,False,Synthetic
SYN_02762,21790000,1684,3.0,3,1,"Devasthanagalu, Varthur",2,14,Unfurnished,East,16.2,Ready to Move,,False,Synthetic
SYN_02763,22500000,1772,3.0,2,2,"Shivanahalli 2nd Stage, Nehru Nagar",9,24,Semi Furnished,East,1.0,Ready to Move,,False,Synthetic
SYN_02764,22250000,1372,3.0,3,1,"Praghathi Pura, Padmanabhanagar",1,6,Unfurnished,North,9.1,Ready to Move,,False,Synthetic
SYN_02765,8200000,668,1.0,1,1,"Gummanahalli, Bengaluru",9,14,Semi Furnished,East,3.1,Ready to Move,,False,Synthetic
SYN_02766,7850000,973,2.0,2,2,"Seegehalli, Whitefield - Hoskote Road, K R Puram",12,15,Semi Furnished,West,11.1,Ready to Move,,False,Synthetic
SYN_02767,15860000,1243,3.0,3,1,"Anchepalya, Bengaluru",2,5,Unfurnished,West,2.0,Ready to Move,,True,Synthetic
SYN_02768,19010000,1495,3.0,3,2,"Jigala, Bengaluru",7,14,Unfurnished,Unknown,9.2,Ready to Move,,False,Synthetic
SYN_02769,11440000,938,2.0,2,1,"Manayata Tech Park, Thanisandra",10,13,Unfurnished,East,14.6,Ready to Move,,False,Synthetic
SYN_02770,14350000,1183,2.0,2,1,"Suryanagar, Bommasandra",5,8,Unfurnished,Unknown,9.3,Ready to Move,,False,Synthetic
SYN_02771,10210000,896,2.0,2,1,"Govinda Reddy Layout, Panduranga Nagar",11,27,Semi Furnished,East,9.0,Ready to Move,,False,Synthetic
SYN_02772,21570000,1935,3.0,3,1,"Budigere Cross, Bengaluru",12,23,Fully Furnished,East,1.0,Ready to Move,,False,Synthetic
SYN_02773,30710000,2148,4.0,4,2,"1A Block, Koramangala",9,27,Unfurnished,South,11.3,Upcoming,2027-01-06,True,Synthetic
SYN_02774,8660000,1319,3.0,2,2,"Sarjapur, Bengaluru",22,22,Unfurnished,West,5.6,Ready to Move,,False,Synthetic
SYN_02775,11640000,1078,2.0,2,1,"Adityanagar, Vidyaranyapura",3,5,Unfurnished,East,1.1,Ready to Move,,True,Synthetic
SYN_02776,12080000,964,2.5,2,2,"Devin Paradise Enclave, Tirumanahalli",12,19,Unfurnished,North,8.0,Upcoming,2026-07-13,True,Synthetic
SYN_02777,39450000,2267,4.0,4,4,"Industrial Layout, Kudlu Gate",3,10,Semi Furnished,North,5.3,Ready to Move,,True,Synthetic
SYN_02778,9010000,1078,2.0,2,1,"Ganga Layout, Rayasandra",20,24,Semi Furnished,East,7.7,Ready to Move,,False,Synthetic
SYN_02779,8270000,1270,2.0,2,2,"Gollahalli, Electronic City",7,12,Unfurnished,East,8.0,Ready to Move,,False,Synthetic
SYN_02780,9250000,815,2.0,2,1,"Budigere Cross, Bengaluru",0,9,Unfurnished,East,1.2,Ready to Move,,False,Synthetic
SYN_02781,13940000,967,2.0,2,1,"Lords Steps Layout, Panathur",15,19,Semi Furnished,West,15.0,Upcoming,2027-01-09,True,Synthetic
SYN_02782,11780000,650,1.0,1,1,"Lords Steps Layout, Panathur",0,19,Unfurnished,West,3.5,Ready to Move,,False,Synthetic
SYN_02783,17630000,1859,3.0,3,1,"Munnekollal, Bengaluru",15,19,Unfurnished,West,1.0,Ready to Move,,False,Synthetic
SYN_02784,9260000,939,2.0,2,2,"Prakruthi Nagar, Kogilu",19,21,Semi Furnished,East,16.2,Ready to Move,,False,Synthetic
SYN_02785,13580000,1194,2.0,2,1,"Phase I, Electronic City",28,31,Semi Furnished,East,2.0,Upcoming,2028-12-14,True,Synthetic
SYN_02786,22760000,1370,3.0,3,1,"Bilekahalli, Bengaluru",1,13,Semi Furnished,West,8.3,Ready to Move,,False,Synthetic
SYN_02787,13090000,1198,2.0,2,1,"Nagavarapalya, C V Raman Nagar",5,5,Semi Furnished,East,16.0,Ready to Move,,False,Synthetic
SYN_02788,14600000,1280,2.0,2,1,"Yadavanahalli, Bengaluru",11,14,Semi Furnished,East,1.2,Ready to Move,,False,Synthetic
SYN_02789,7450000,1359,2.0,2,1,"Chikkadasarahalli, Bengaluru",5,9,Unfurnished,North,3.0,Ready to Move,,False,Synthetic
SYN_02790,12350000,1701,3.0,3,1,"Aishwarya Crystal Layout, Singasandra",12,14,Semi Furnished,East,18.0,Ready to Move,,False,Synthetic
SYN_02791,40030000,2612,4.0,4,2,"Nagavara, Bengaluru",8,13,Unfurnished,East,6.9,Ready to Move,,False,Synthetic
SYN_02792,15780000,1409,2.0,2,1,"Phase I, Electronic City",2,12,Semi Furnished,West,2.2,Ready to Move,,False,Synthetic
SYN_02793,34380000,1467,3.0,2,1,"Celesta, Battarahalli",11,14,Semi Furnished,West,3.0,Ready to Move,,False,Synthetic
SYN_02794,20630000,1592,3.0,3,1,"Ardendale, Kannamangala - Whitefield Hoskote Road",5,9,Semi Furnished,West,5.0,Ready to Move,,True,Synthetic
SYN_02795,22190000,1388,3.0,3,1,"Kengeri Satellite Town, Bengaluru",2,14,Semi Furnished,East,2.0,Ready to Move,,True,Synthetic
SYN_02796,9370000,1172,3.0,2,1,"Green Glen Layout, Bellandur",2,5,Semi Furnished,East,15.0,Ready to Move,,False,Synthetic
SYN_02797,15010000,1242,2.0,2,1,"Phase 2, Electronic City Phase 2",16,23,Semi Furnished,West,8.8,Ready to Move,,False,Synthetic
SYN_02798,9800000,1174,2.0,2,1,"Dodsworth Layout, Whitefield",8,13,Semi Furnished,East,10.0,Ready to Move,,False,Synthetic
SYN_02799,9560000,432,1.0,1,1,"Nallurhalli, Whitefield",7,16,Unfurnished,North,2.0,Ready to Move,,False,Synthetic
SYN_02800,36980000,1731,3.5,3,2,"Jakkuru Layout, Jakkur",4,34,Semi Furnished,North,0.7,Ready to Move,,False,Synthetic
SYN_02801,20030000,952,2.0,2,1,"Dodsworth Layout, Whitefield",3,14,Semi Furnished,East,4.0,Ready to Move,,False,Synthetic
SYN_02802,12990000,1694,3.0,3,1,"Horamavu Agara, Horamavu",2,30,Semi Furnished,East,0.7,Upcoming,2026-11-17,True,Synthetic
SYN_02803,28210000,1756,3.0,3,2,"Adarsh Palm Retreat, Bellandur",6,18,Unfurnished,North,5.0,Ready to Move,,False,Synthetic
SYN_02804,11620000,1158,2.0,2,1,"Parkway Homes, Rayasandra",2,8,Semi Furnished,East,1.7,Ready to Move,,False,Synthetic
SYN_02805,22380000,1321,2.0,1,1,"Adarsh Palm Retreat, Bellandur",4,4,Semi Furnished,North,1.0,Ready to Move,,False,Synthetic
SYN_02806,24390000,1484,3.0,3,2,"Dodsworth Layout, Whitefield",10,10,Unfurnished,East,2.0,Ready to Move,,True,Synthetic
SYN_02807,7720000,802,1.0,1,1,"Chikkagubbi Village, Bengaluru",17,24,Unfurnished,East,3.5,Ready to Move,,True,Synthetic
SYN_02808,8800000,820,2.0,2,2,"Silver Springs Layout, Munnekollal",2,31,Semi Furnished,Unknown,12.0,Ready to Move,,False,Synthetic
SYN_02809,10030000,983,2.0,2,1,"Kannuru, Bengaluru",5,5,Semi Furnished,East,7.0,Ready to Move,,False,Synthetic
SYN_02810,17630000,1347,3.0,3,1,"Sarjapur, Bengaluru",4,19,Semi Furnished,East,0.5,Ready to Move,,False,Synthetic
SYN_02811,11420000,1270,2.0,2,1,"Hennur, Bengaluru",21,23,Unfurnished,East,1.3,Ready to Move,,False,Synthetic
SYN_02812,13370000,930,2.0,2,1,"Aishwarya Crystal Layout, Begur",11,19,Semi Furnished,West,3.3,Ready to Move,,False,Synthetic
SYN_02813,34880000,1870,4.0,4,2,"Basavanapura, K R Puram",22,28,Unfurnished,North,1.2,Upcoming,2026-10-04,True,Synthetic
SYN_02814,6280000,742,2.0,2,1,"Hadosiddapura, Carmelaram",0,9,Semi Furnished,North,11.3,Ready to Move,,False,Synthetic
SYN_02815,13620000,1031,3.0,3,1,"Virgonagar, Aavalahalli",4,7,Unfurnished,West,7.2,Ready to Move,,False,Synthetic
SYN_02816,18030000,1767,3.0,2,1,"Budigere Cross, Bengaluru",6,7,Semi Furnished,West,13.7,Ready to Move,,False,Synthetic
SYN_02817,23740000,1577,3.0,2,2,"Nallurhalli, Whitefield",1,5,Semi Furnished,Unknown,3.0,Ready to Move,,False,Synthetic
SYN_02818,15180000,1410,3.0,3,1,"Chinnapa Garden, Benson Town",20,31,Fully Furnished,West,8.0,Ready to Move,,True,Synthetic
SYN_02819,26130000,1889,3.0,3,2,"Yadavanahalli, Bengaluru",6,26,Unfurnished,East,5.7,Ready to Move,,False,Synthetic
SYN_02820,21270000,1460,3.0,2,1,"Chikkakannalli, Bengaluru",7,18,Semi Furnished,North,7.7,Ready to Move,,False,Synthetic
SYN_02821,11390000,981,2.0,2,1,"Labour Colony, Srirampuram",7,11,Fully Furnished,East,4.9,Ready to Move,,False,Synthetic
SYN_02822,10480000,951,2.0,2,1,"Hosahalli, Bengaluru",2,4,Semi Furnished,West,2.4,Ready to Move,,False,Synthetic
SYN_02823,5070000,820,2.0,2,1,"Park View Layout, Sahakara Nagar",10,25,Unfurnished,East,8.8,Ready to Move,,False,Synthetic
SYN_02824,15270000,978,2.0,2,0,"Dodsworth Layout, Whitefield",18,23,Unfurnished,East,30.2,Ready to Move,,False,Synthetic
SYN_02825,4820000,993,2.0,2,2,"Chikkadasarahalli, Bengaluru",0,6,Semi Furnished,East,7.4,Ready to Move,,False,Synthetic
SYN_02826,16460000,1535,3.0,2,0,"Navarathna Agrahara, Bengaluru",3,5,Fully Furnished,North,5.4,Ready to Move,,True,Synthetic
SYN_02827,14400000,954,2.0,2,1,"Dodsworth Layout, Whitefield",9,15,Semi Furnished,East,8.0,Ready to Move,,False,Synthetic
SYN_02828,8570000,652,1.0,1,1,"Ashwath Nagar, Armane Nagar",2,4,Semi Furnished,East,1.5,Ready to Move,,False,Synthetic
SYN_02829,6740000,993,2.0,2,1,"Begur, Bengaluru",12,16,Unfurnished,East,4.0,Ready to Move,,False,Synthetic
SYN_02830,65770000,5912,5.0,5,0,"Brookefield, Bengaluru",28,30,Semi Furnished,North,11.0,Ready to Move,,False,Synthetic
SYN_02831,7760000,730,2.0,2,1,"Phase I, Electronic City",21,35,Unfurnished,West,3.3,Ready to Move,,False,Synthetic
SYN_02832,15540000,1028,2.0,2,1,"Kariyammana Agrahara, Bellandur",7,14,Unfurnished,South,1.5,Upcoming,2026-12-24,True,Synthetic
SYN_02833,16060000,2173,4.0,4,2,"Allalasandra, Bengaluru",4,23,Unfurnished,West,5.7,Ready to Move,,False,Synthetic
SYN_02834,22360000,1253,2.0,2,1,"Akshaya Vana, Akshayanagar",4,4,Semi Furnished,East,6.0,Ready to Move,,False,Synthetic
SYN_02835,24270000,1834,3.0,3,1,"Sindhi Colony, Frazer Town",13,13,Semi Furnished,North,8.1,Ready to Move,,False,Synthetic
SYN_02836,13600000,2071,4.0,4,1,"Phase 2, Whitefield",16,27,Unfurnished,North,1.9,Upcoming,2027-03-23,True,Synthetic
SYN_02837,12590000,948,2.5,2,1,"Thirumalashettyhally, Bengaluru",13,14,Semi Furnished,East,9.0,Ready to Move,,False,Synthetic
SYN_02838,15860000,1576,3.0,3,2,"Hosahalli, Bengaluru",4,4,Unfurnished,West,0.9,Ready to Move,,False,Synthetic
SYN_02839,18350000,1668,3.0,3,1,"Dinnuru, KSRTC Colony",5,5,Semi Furnished,North,18.0,Ready to Move,,True,Synthetic
SYN_02840,5120000,571,1.0,1,1,"Gummanahalli, Bengaluru",1,4,Unfurnished,North,1.2,Ready to Move,,False,Synthetic
SYN_02841,21650000,1756,3.0,3,1,"Bommasandra Industrial Area, Electronic City",38,39,Unfurnished,North,6.7,Ready to Move,,False,Synthetic
SYN_02842,29000000,1439,2.0,2,1,"Phase 1, Whitefield",1,3,Semi Furnished,Unknown,9.6,Ready to Move,,False,Synthetic
SYN_02843,10470000,1083,2.0,2,1,"Seegehalli, Whitefield - Hoskote Road, K R Puram",12,12,Unfurnished,East,1.6,Ready to Move,,False,Synthetic
SYN_02844,9100000,949,2.0,2,1,"Madagondanahalli, Electronic City",6,24,Semi Furnished,South,8.8,Ready to Move,,False,Synthetic
SYN_02845,18010000,1437,3.0,3,1,"Phase I, Electronic City",11,12,Semi Furnished,East,14.3,Upcoming,2027-10-03,True,Synthetic
SYN_02846,9910000,967,2.0,2,1,"Parkway Homes, Rayasandra",0,14,Semi Furnished,West,1.0,Ready to Move,,False,Synthetic
SYN_02847,19860000,1582,3.0,3,1,"Gummanahalli, Bengaluru",13,14,Semi Furnished,Unknown,6.0,Ready to Move,,False,Synthetic
SYN_02848,5480000,947,2.0,2,1,"Saptagiri Layout, Hosakerehalli",10,28,Semi Furnished,West,26.0,Ready to Move,,False,Synthetic
SYN_02849,8120000,1103,2.0,2,1,"Sri Balaji Layout, K R Puram",1,4,Semi Furnished,North,13.0,Upcoming,2026-09-13,True,Synthetic
SYN_02850,11060000,903,2.0,1,1,"Chaithanya Samarth, Bommenahalli",14,21,Unfurnished,East,15.9,Ready to Move,,False,Synthetic
SYN_02851,15270000,1396,2.0,2,1,"Anjanadri Layout, Konanakunte",0,4,Semi Furnished,East,5.8,Ready to Move,,False,Synthetic
SYN_02852,22360000,2081,3.0,1,1,"Ardendale, Kannamangala - Whitefield Hoskote Road",8,14,Semi Furnished,East,5.0,Ready to Move,,False,Synthetic
SYN_02853,20580000,1205,2.0,2,1,"Attibele, Bengaluru",9,25,Semi Furnished,West,9.0,Ready to Move,,False,Synthetic
SYN_02854,14720000,1331,3.0,3,2,"Phase 2, Whitefield",2,12,Unfurnished,South,0.5,Ready to Move,,False,Synthetic
SYN_02855,57540000,5108,4.0,4,2,"Prakruthi Nagar, Kogilu",0,4,Unfurnished,Unknown,11.2,Upcoming,2026-07-10,True,Synthetic
SYN_02856,10120000,1060,2.0,2,1,"Thigalarapalya, K R Puram",3,4,Unfurnished,East,4.0,Ready to Move,,False,Synthetic
SYN_02857,12980000,1138,2.0,2,1,"Utsav Raaga, Kannuru",19,20,Unfurnished,East,9.5,Upcoming,2027-02-10,True,Synthetic
SYN_02858,14480000,1144,2.0,2,1,"Yellupura, Bengaluru",0,3,Unfurnished,North,7.0,Ready to Move,,True,Synthetic
SYN_02859,9810000,933,2.0,2,2,"Chikkagubbi Village, Bengaluru",16,29,Unfurnished,East,3.3,Ready to Move,,False,Synthetic
SYN_02860,16210000,2053,3.0,3,1,"Terracon Doctors Enclave, Chandapura",10,22,Semi Furnished,West,3.3,Ready to Move,,True,Synthetic
SYN_02861,22250000,1425,3.0,3,1,"Devasthanagalu, Varthur",5,17,Semi Furnished,East,12.8,Ready to Move,,False,Synthetic
SYN_02862,20650000,1275,3.0,3,1,"Lords Steps Layout, Panathur",3,18,Unfurnished,North,1.0,Ready to Move,,False,Synthetic
SYN_02863,23390000,1448,3.0,3,1,"Balagere, Bengaluru",6,9,Unfurnished,North,1.0,Ready to Move,,True,Synthetic
SYN_02864,18720000,1435,3.0,3,1,"Prithvi Layout, Whitefield",1,5,Unfurnished,East,1.0,Ready to Move,,False,Synthetic
SYN_02865,26160000,1846,3.0,3,1,"Nallurhalli, Whitefield",10,15,Unfurnished,South,5.4,Ready to Move,,False,Synthetic
SYN_02866,9990000,1157,2.0,2,1,"Budigere Cross, Bengaluru",4,8,Semi Furnished,Unknown,2.0,Ready to Move,,False,Synthetic
SYN_02867,8720000,1235,3.0,3,1,"Akshayanagara East, Akshayanagar",16,21,Unfurnished,North,10.3,Ready to Move,,True,Synthetic
SYN_02868,12930000,925,2.0,2,1,"Kannuru, Bengaluru",3,30,Unfurnished,West,5.8,Ready to Move,,False,Synthetic
SYN_02869,27130000,1765,3.0,3,1,"Chansandra, Bengaluru",13,13,Unfurnished,South,15.0,Ready to Move,,False,Synthetic
SYN_02870,16960000,1898,4.0,4,2,"7th Phase, JP Nagar",28,31,Unfurnished,East,1.7,Upcoming,2028-09-11,True,Synthetic
SYN_02871,23210000,1884,3.0,3,1,"Dodsworth Layout, Whitefield",29,29,Semi Furnished,East,22.0,Ready to Move,,False,Synthetic
SYN_02872,15320000,1128,2.0,2,1,"Yadavanahalli, Bengaluru",2,7,Semi Furnished,East,8.0,Ready to Move,,False,Synthetic
SYN_02873,15620000,1184,2.0,2,1,"Gunjur Village, Bengaluru",14,23,Semi Furnished,North,5.9,Ready to Move,,False,Synthetic
SYN_02874,13360000,936,2.0,2,1,"Gunjur Palya, Bengaluru",10,12,Unfurnished,West,6.7,Ready to Move,,False,Synthetic
SYN_02875,8560000,1146,2.0,2,1,"Chowdeshwari Layout, Yelahanka",5,14,Semi Furnished,South,3.2,Ready to Move,,False,Synthetic
SYN_02876,8120000,900,2.0,2,1,"HAL 3rd Stage, New Tippasandra",4,4,Unfurnished,East,10.7,Ready to Move,,False,Synthetic
SYN_02877,21980000,1475,3.0,3,1,"Thigala Chowdadenahalli, Bengaluru",5,5,Unfurnished,North,7.1,Upcoming,2027-07-21,True,Synthetic
SYN_02878,4520000,924,2.0,2,1,"Cholanayakanahalli, Hebbal",2,5,Semi Furnished,West,1.0,Upcoming,2026-04-10,True,Synthetic
SYN_02879,11880000,1328,3.0,2,1,"Gandhi Nagar, Munnekollal",6,6,Unfurnished,South,8.3,Ready to Move,,False,Synthetic
SYN_02880,18550000,1030,2.5,2,1,"Yadavanahalli, Bengaluru",15,18,Semi Furnished,East,4.9,Ready to Move,,False,Synthetic
SYN_02881,16990000,1524,2.5,2,1,"Chikkagubbi Village, Bengaluru",16,26,Unfurnished,West,3.2,Ready to Move,,False,Synthetic
SYN_02882,12600000,1071,2.0,2,1,"Buena Vista, Bommenahalli",9,13,Semi Furnished,Unknown,3.0,Upcoming,2026-12-20,True,Synthetic
SYN_02883,30190000,1958,3.5,3,1,"Jayanagar Housing Society Layout, Subramanyapura",24,25,Semi Furnished,East,1.0,Ready to Move,,False,Synthetic
SYN_02884,25230000,1853,3.0,3,1,"Kodathi, Bengaluru",2,4,Semi Furnished,East,15.6,Upcoming,2026-03-15,True,Synthetic
SYN_02885,26470000,2226,3.0,3,2,"Ardendale, Kannamangala - Whitefield Hoskote Road",10,18,Unfurnished,East,4.9,Ready to Move,,False,Synthetic
SYN_02886,11330000,1262,3.0,2,1,"Kaikondrahalli, Bengaluru",6,6,Semi Furnished,West,13.0,Ready to Move,,False,Synthetic
SYN_02887,7760000,1221,3.0,3,1,"Bommenahalli, Bengaluru",3,5,Unfurnished,West,3.8,Ready to Move,,False,Synthetic
SYN_02888,14130000,1727,3.0,3,1,"K R Puram, Bengaluru",1,3,Unfurnished,East,7.3,Ready to Move,,False,Synthetic
SYN_02889,19190000,1751,3.0,3,1,"Bommenahalli, Bengaluru",3,24,Semi Furnished,East,19.7,Ready to Move,,True,Synthetic
SYN_02890,20720000,1738,3.0,2,3,"Phase 7, Arakere",1,14,Semi Furnished,East,4.2,Ready to Move,,True,Synthetic
SYN_02891,12770000,1073,2.0,2,1,"Upkar Layout, Whitefield",16,23,Semi Furnished,Unknown,8.1,Ready to Move,,False,Synthetic
SYN_02892,15030000,1137,2.0,2,2,"Doddakannelli, Bengaluru",2,5,Unfurnished,North,1.0,Ready to Move,,False,Synthetic
SYN_02893,20910000,1539,3.0,3,1,"Bidare Agraha, Bengaluru",2,5,Unfurnished,Unknown,8.3,Ready to Move,,False,Synthetic
SYN_02894,33180000,1518,3.0,2,0,"Bileshivale, Bengaluru",9,17,Unfurnished,South,3.1,Ready to Move,,False,Synthetic
SYN_02895,11470000,1190,2.0,2,1,"Kammasandra, Electronic City",8,18,Semi Furnished,Unknown,6.8,Ready to Move,,False,Synthetic
SYN_02896,21010000,1165,2.0,2,1,"Reliaable Lifestyle Layout, Harlur",8,12,Semi Furnished,Unknown,8.0,Ready to Move,,False,Synthetic
SYN_02897,12900000,1132,2.0,2,1,"Doddakannelli, Bengaluru",11,15,Semi Furnished,East,14.3,Ready to Move,,False,Synthetic
SYN_02898,16500000,1886,3.0,2,1,"Boovanahalli, Bengaluru",4,8,Unfurnished,East,4.0,Upcoming,2031-03-06,True,Synthetic
SYN_02899,17620000,1103,3.0,2,1,"Attibele, Bengaluru",11,34,Unfurnished,Unknown,6.0,Ready to Move,,False,Synthetic
SYN_02900,37170000,3781,4.0,4,2,"Prakruthi Nagar, Kogilu",23,29,Semi Furnished,East,6.0,Ready to Move,,False,Synthetic
SYN_02901,14040000,1143,2.0,2,1,"Suryanagar, Bommasandra",11,13,Semi Furnished,West,10.0,Ready to Move,,False,Synthetic
SYN_02902,11530000,990,2.0,2,1,"Attibele, Bengaluru",1,4,Semi Furnished,West,15.0,Ready to Move,,False,Synthetic
SYN_02903,11230000,1158,2.0,2,1,"Bidare Agraha, Bengaluru",0,4,Unfurnished,East,15.3,Ready to Move,,False,Synthetic
SYN_02904,10910000,1055,2.0,2,1,"Devin Paradise Enclave, Chokkanahalli",19,20,Unfurnished,Unknown,3.9,Ready to Move,,False,Synthetic
SYN_02905,28220000,1662,3.0,2,1,"Lords Steps Layout, Panathur",17,27,Unfurnished,East,1.0,Ready to Move,,False,Synthetic
SYN_02906,10470000,962,2.0,2,1,"Mango Meadows 2, Kada Agrahara",18,26,Semi Furnished,West,4.1,Ready to Move,,False,Synthetic
SYN_02907,8380000,730,2.0,2,1,"Prakruthi Nagar, Kogilu",6,12,Unfurnished,West,2.0,Ready to Move,,False,Synthetic
SYN_02908,15820000,1085,2.0,2,1,"Gunjur Village, Bengaluru",13,14,Unfurnished,East,7.0,Ready to Move,,False,Synthetic
SYN_02909,19020000,1082,2.0,2,1,"Gunjur Village, Bengaluru",3,14,Semi Furnished,East,8.6,Ready to Move,,False,Synthetic
SYN_02910,31350000,1356,2.0,2,1,"Basavanapura, K R Puram",15,21,Semi Furnished,East,1.0,Ready to Move,,False,Synthetic
SYN_02911,6710000,943,2.0,2,1,"Sarjapur, Bengaluru",3,5,Semi Furnished,East,4.0,Ready to Move,,False,Synthetic
SYN_02912,20000000,1473,3.0,3,1,"Balagere, Bengaluru",9,17,Semi Furnished,North,0.9,Ready to Move,,True,Synthetic
SYN_02913,16100000,1063,2.0,2,1,"Anchepalya, Bengaluru",15,19,Unfurnished,East,8.9,Ready to Move,,False,Synthetic
SYN_02914,19160000,1511,3.0,3,1,"Devasthanagalu, Varthur",12,24,Semi Furnished,East,7.3,Ready to Move,,True,Synthetic
SYN_02915,9990000,1029,2.0,2,1,"CQAL Layout, Sahakara Nagar",11,14,Semi Furnished,North,7.0,Ready to Move,,False,Synthetic
SYN_02916,11360000,1252,2.0,2,1,"Chikkagubbi Village, Bengaluru",1,5,Unfurnished,East,13.6,Ready to Move,,False,Synthetic
SYN_02917,13420000,1270,2.0,2,1,"Choodasandra, Bengaluru",1,13,Semi Furnished,East,1.8,Ready to Move,,False,Synthetic
SYN_02918,10840000,834,2.0,2,1,"Varthur, Bengaluru",3,14,Unfurnished,Unknown,0.8,Ready to Move,,False,Synthetic
SYN_02919,24620000,2085,3.0,3,1,"Medahalli, Bengaluru",14,14,Unfurnished,West,19.3,Ready to Move,,False,Synthetic
SYN_02920,7600000,730,2.0,2,1,"Prakruthi Nagar, Kogilu",3,15,Semi Furnished,West,0.8,Ready to Move,,False,Synthetic
SYN_02921,15310000,1447,3.0,3,1,"Kadagrahara, Bengaluru",1,5,Semi Furnished,West,10.2,Ready to Move,,True,Synthetic
SYN_02922,17330000,1227,2.0,2,1,"Hanumanthappa Layout, Kyalasanahalli",10,12,Semi Furnished,West,6.3,Ready to Move,,False,Synthetic
SYN_02923,20540000,1689,3.0,2,1,"Adityanagar, Vidyaranyapura",6,7,Unfurnished,East,1.3,Ready to Move,,False,Synthetic
SYN_02924,13210000,1238,3.0,3,1,"Gummanahalli, Bengaluru",16,22,Fully Furnished,North,15.1,Upcoming,2028-11-23,True,Synthetic
SYN_02925,21140000,1397,3.0,2,2,"Nallurhalli, Whitefield",5,21,Unfurnished,East,25.0,Ready to Move,,False,Synthetic
SYN_02926,8550000,641,1.0,1,1,"Prakruthi Nagar, Kogilu",8,23,Semi Furnished,East,2.1,Ready to Move,,False,Synthetic
SYN_02927,10700000,1006,2.0,2,1,"Boovanahalli, Bengaluru",12,14,Fully Furnished,North,12.9,Ready to Move,,False,Synthetic
SYN_02928,17440000,1262,2.0,2,1,"Balagere, Bengaluru",5,7,Semi Furnished,Unknown,7.1,Upcoming,2028-12-03,True,Synthetic
SYN_02929,22460000,2541,4.5,5,3,"Devasthanagalu, Varthur",7,9,Fully Furnished,Unknown,3.9,Ready to Move,,False,Synthetic
SYN_02930,7300000,980,2.0,2,1,"Begur, Bengaluru",5,5,Unfurnished,West,0.9,Ready to Move,,False,Synthetic
SYN_02931,16190000,1681,3.0,3,1,"Terracon Doctors Enclave, Chandapura",13,29,Unfurnished,East,2.9,Ready to Move,,True,Synthetic
SYN_02932,25950000,1588,3.0,2,1,"Laxminarayana Layout, Whitefield",6,21,Semi Furnished,East,12.5,Ready to Move,,False,Synthetic
SYN_02933,26240000,1538,3.0,3,3,"Sai Gardens, K R Puram",26,38,Unfurnished,East,10.0,Ready to Move,,False,Synthetic
SYN_02934,19190000,1987,3.0,3,1,"Carmelaram, Bengaluru",0,4,Semi Furnished,Unknown,2.6,Ready to Move,,False,Synthetic
SYN_02935,14330000,997,2.0,2,2,"Balagere, Bengaluru",5,15,Unfurnished,West,2.0,Ready to Move,,False,Synthetic
SYN_02936,29090000,1934,3.0,3,1,"Hosapalya, Kudlu Gate",9,21,Semi Furnished,Unknown,15.9,Ready to Move,,False,Synthetic
SYN_02937,24540000,1869,3.0,2,1,"Kuvempu Layout, Visthar",18,21,Semi Furnished,East,9.5,Ready to Move,,False,Synthetic
SYN_02938,21000000,1325,3.0,3,1,"Vastu Bhoomi, K R Puram",2,13,Semi Furnished,North,18.0,Ready to Move,,False,Synthetic
SYN_02939,18720000,2199,3.0,2,0,"Prakruthi Nagar, Kogilu",17,17,Unfurnished,East,3.6,Upcoming,2026-05-23,True,Synthetic
SYN_02940,41040000,2371,4.0,4,3,"Anchepalya, Bengaluru",9,12,Unfurnished,West,4.0,Ready to Move,,False,Synthetic
SYN_02941,16490000,1294,3.0,3,1,"Green Glen Layout, Bellandur",18,34,Unfurnished,East,2.6,Ready to Move,,False,Synthetic
SYN_02942,16690000,1247,2.0,2,1,"Begur, Bengaluru",5,5,Semi Furnished,East,1.9,Ready to Move,,False,Synthetic
SYN_02943,6740000,676,1.0,1,1,"Chambenahalli, Bengaluru",4,23,Unfurnished,West,1.0,Ready to Move,,False,Synthetic
SYN_02944,21920000,1126,2.0,2,1,"Pattandur Agrahara, Whitefield",0,5,Semi Furnished,North,7.7,Ready to Move,,False,Synthetic
SYN_02945,68580000,4448,4.0,4,1,"Rachenahalli, Thanisandra",4,14,Unfurnished,West,11.0,Ready to Move,,False,Synthetic
SYN_02946,59060000,4076,4.0,4,2,"Nanjappa Garden, Horamavu",14,19,Semi Furnished,Unknown,0.7,Ready to Move,,False,Synthetic
SYN_02947,16350000,1805,3.0,2,1,"Gummanahalli, Bengaluru",16,16,Unfurnished,East,9.8,Upcoming,2026-02-25,True,Synthetic
SYN_02948,11410000,1245,2.0,2,1,"Dodsworth Layout, Whitefield",3,4,Unfurnished,North,1.0,Ready to Move,,False,Synthetic
SYN_02949,20960000,1154,2.0,2,1,"Dodsworth Layout, Whitefield",3,4,Semi Furnished,Unknown,1.0,Ready to Move,,False,Synthetic
SYN_02950,9500000,989,2.0,2,1,"Bidare Agraha, Bengaluru",11,25,Unfurnished,North,11.7,Ready to Move,,True,Synthetic
SYN_02951,28770000,2388,3.0,3,1,"Judicial Layout 2nd Phase, Talaghattapura",17,21,Semi Furnished,South,14.7,Ready to Move,,True,Synthetic
SYN_02952,31010000,2565,3.0,3,1,"Phase 2, Electronic City Phase 2",11,14,Semi Furnished,North,22.1,Ready to Move,,False,Synthetic
SYN_02953,12170000,1144,2.0,2,1,"Doddakannelli, Bengaluru",34,35,Unfurnished,North,0.5,Ready to Move,,False,Synthetic
SYN_02954,37440000,1830,3.5,3,1,"Pattabhirama Nagar, Jayanagar",23,32,Semi Furnished,West,14.0,Ready to Move,,True,Synthetic
SYN_02955,19200000,1702,3.0,2,1,"Someshwara Layout, Doddakannelli",11,30,Unfurnished,East,2.0,Ready to Move,,False,Synthetic
SYN_02956,19730000,1806,3.0,3,1,"Seegehalli, K R Puram",15,18,Unfurnished,West,2.0,Ready to Move,,False,Synthetic
SYN_02957,10520000,1604,3.0,3,2,"2nd Stage, Uttarahalli Hobli",9,14,Semi Furnished,Unknown,2.2,Ready to Move,,False,Synthetic
SYN_02958,51370000,2582,4.0,4,1,"Sarvagnanagar, Bengaluru",0,34,Unfurnished,West,0.1,Ready to Move,,False,Synthetic
SYN_02959,26620000,1857,3.0,2,1,"Kodathi, Bengaluru",19,20,Semi Furnished,North,4.6,Ready to Move,,False,Synthetic
SYN_02960,13480000,1165,2.0,2,1,"Gunjur Palya, Bengaluru",3,4,Semi Furnished,Unknown,8.3,Ready to Move,,False,Synthetic
SYN_02961,21600000,1081,2.0,2,1,"Kariyammana Agrahara, Bellandur",2,6,Semi Furnished,East,1.0,Ready to Move,,False,Synthetic
SYN_02962,11900000,1237,3.0,3,1,"Chikkavaderapura, Kachamaranahalli",11,16,Unfurnished,West,4.3,Ready to Move,,False,Synthetic
SYN_02963,18160000,1783,3.0,3,4,"Ayyappa Nagar, K R Puram",13,14,Unfurnished,East,8.5,Ready to Move,,False,Synthetic
SYN_02964,8380000,815,2.0,2,1,"Hosahalli, Bengaluru",2,4,Semi Furnished,East,8.8,Ready to Move,,False,Synthetic
SYN_02965,26670000,1771,3.0,2,1,"BDA Colony, Jeevan Bima Nagar",7,15,Unfurnished,North,5.5,Ready to Move,,False,Synthetic
SYN_02966,18040000,1408,3.0,3,1,"JP Nagar, Bengaluru",18,27,Unfurnished,East,1.0,Ready to Move,,False,Synthetic
SYN_02967,12770000,1913,3.0,3,1,"Spice Garden Layout, Munnekollal",2,11,Semi Furnished,West,2.0,Ready to Move,,False,Synthetic
SYN_02968,13700000,1122,2.0,2,0,"Hosahalli, Bengaluru",2,14,Semi Furnished,East,35.0,Ready to Move,,False,Synthetic
SYN_02969,15660000,1112,2.0,2,1,"Kanakapura, Bengaluru",12,19,Semi Furnished,East,2.4,Ready to Move,,False,Synthetic
SYN_02970,45640000,2098,3.0,2,2,"Jakkuru Layout, Jakkur",3,12,Unfurnished,North,11.1,Ready to Move,,False,Synthetic
SYN_02971,25610000,1571,3.0,3,1,"Rachenahalli, Jakkur",10,15,Unfurnished,West,18.0,Ready to Move,,False,Synthetic
SYN_02972,20260000,1453,3.0,3,1,"Dr.Shivaram Karanth Nagar, Jakkur",6,9,Unfurnished,East,1.0,Ready to Move,,False,Synthetic
SYN_02973,23750000,1345,3.0,3,1,"Hosapalya, Kudlu Gate",17,21,Unfurnished,Unknown,1.0,Ready to Move,,False,Synthetic
SYN_02974,5340000,863,2.0,2,1,"Adisonatte Village, Madivala",20,21,Semi Furnished,East,1.0,Ready to Move,,False,Synthetic
SYN_02975,31260000,1373,3.0,2,1,"Reliaable Lifestyle Layout, Harlur",13,18,Unfurnished,East,6.0,Ready to Move,,False,Synthetic
SYN_02976,17120000,1053,2.5,2,1,"Devasthanagalu, Varthur",22,22,Semi Furnished,West,9.0,Ready to Move,,False,Synthetic
SYN_02977,11350000,1166,2.0,2,1,"Gummanahalli, Bengaluru",3,10,Semi Furnished,Unknown,1.0,Ready to Move,,False,Synthetic
SYN_02978,15480000,1031,3.0,3,1,"Lakedew Residency- Phase 2, Harlur",11,29,Fully Furnished,West,1.0,Upcoming,2026-06-11,True,Synthetic
SYN_02979,11450000,942,2.0,2,2,"Phase I, Electronic City",26,30,Unfurnished,East,6.7,Ready to Move,,False,Synthetic
SYN_02980,32210000,1880,3.0,3,2,"HAL 2nd Stage, Indira Nagar",11,20,Semi Furnished,North,6.4,Ready to Move,,False,Synthetic
SYN_02981,21710000,1545,3.0,3,1,"Devin Paradise Enclave, Tirumanahalli",3,14,Unfurnished,Unknown,1.0,Ready to Move,,False,Synthetic
SYN_02982,15410000,730,2.0,2,1,"Anjanadri Layout, Konanakunte",1,5,Unfurnished,North,1.3,Ready to Move,,False,Synthetic
SYN_02983,66940000,4388,4.0,4,2,"Nanjappa Garden, Horamavu",2,6,Semi Furnished,West,10.4,Upcoming,2026-04-12,True,Synthetic
SYN_02984,13910000,1100,2.0,2,1,"Kannuru, Bengaluru",13,17,Semi Furnished,North,2.3,Ready to Move,,False,Synthetic
SYN_02985,8230000,697,1.0,1,1,"Boovanahalli, Bengaluru",6,13,Unfurnished,Unknown,0.7,Ready to Move,,False,Synthetic
SYN_02986,14420000,1134,2.0,2,1,"Dommasandra, Bengaluru",10,14,Semi Furnished,Unknown,1.7,Ready to Move,,False,Synthetic
SYN_02987,19370000,1120,3.0,3,1,"Singanayakanahalli Amanikere, Bengaluru",7,18,Semi Furnished,North,2.3,Ready to Move,,False,Synthetic
SYN_02988,6890000,501,1.0,1,1,"Manayata Tech Park, Thanisandra",1,4,Semi Furnished,West,1.0,Ready to Move,,True,Synthetic
SYN_02989,11020000,1167,2.0,2,1,"Bendiganahalli, Bengaluru",0,3,Unfurnished,East,8.1,Ready to Move,,False,Synthetic
SYN_02990,22110000,1229,2.0,2,1,"Hadosiddapura, Carmelaram",5,9,Semi Furnished,Unknown,3.4,Ready to Move,,False,Synthetic
SYN_02991,9650000,927,2.0,2,1,"Phase I, Electronic City",4,9,Unfurnished,North,9.2,Ready to Move,,False,Synthetic
SYN_02992,11160000,1192,2.0,2,1,"Parkway Homes, Rayasandra",17,19,Semi Furnished,West,1.1,Ready to Move,,False,Synthetic
SYN_02993,7880000,968,2.0,2,1,"Thirumalashettyhally, Bengaluru",3,5,Semi Furnished,East,13.0,Ready to Move,,False,Synthetic
SYN_02994,30740000,2402,4.0,3,3,"Nanjappa Garden, Horamavu",8,9,Unfurnished,East,11.0,Ready to Move,,True,Synthetic
SYN_02995,14000000,1328,2.5,2,1,"Phase I, Electronic City",9,12,Semi Furnished,Unknown,5.3,Ready to Move,,False,Synthetic
SYN_02996,10630000,662,1.0,1,1,"Lords Steps Layout, Panathur",4,22,Unfurnished,Unknown,2.1,Upcoming,2029-06-23,True,Synthetic
SYN_02997,5960000,1204,2.0,2,1,"Jigani, Bengaluru",12,14,Semi Furnished,East,5.3,Ready to Move,,False,Synthetic
SYN_02998,31720000,2072,3.0,3,1,"Akshayanagara East, Akshayanagar",15,19,Semi Furnished,West,1.0,Ready to Move,,False,Synthetic
SYN_02999,11090000,1196,3.0,2,2,"Ambedkar Nagar, Whitefield",8,26,Unfurnished,East,0.1,Ready to Move,,False,Synthetic
SYN_03000,13620000,1319,2.0,2,3,"Parkway Homes, Rayasandra",1,6,Unfurnished,East,6.1,Ready to Move,,False,Synthetic
SYN_03001,8210000,746,2.0,2,1,"Balagere, Bengaluru",3,14,Semi Furnished,West,3.8,Ready to Move,,False,Synthetic
SYN_03002,84310000,5108,4.0,4,1,"Amruthnagar, Byatarayanapura",38,41,Unfurnished,Unknown,9.7,Ready to Move,,False,Synthetic
SYN_03003,21890000,1251,2.0,2,1,"Sarjapur, Bengaluru",4,4,Unfurnished,Unknown,1.9,Ready to Move,,False,Synthetic
SYN_03004,7990000,916,2.0,2,1,"Chikkagubbi Village, Bengaluru",1,5,Unfurnished,Unknown,1.7,Ready to Move,,False,Synthetic
SYN_03005,14600000,1056,2.0,2,1,"Doddaiah Layout, Halasuru",1,4,Semi Furnished,West,8.7,Ready to Move,,False,Synthetic
SYN_03006,10800000,999,2.0,2,1,"63 Degrees East, Chikkakannalli",18,27,Semi Furnished,East,13.0,Ready to Move,,False,Synthetic
SYN_03007,13110000,1430,2.5,2,1,"Thirumalashettyhally, Bengaluru",4,26,Semi Furnished,East,3.0,Ready to Move,,False,Synthetic
SYN_03008,12080000,950,2.0,2,1,"Upkar Layout, Whitefield",13,14,Semi Furnished,East,1.0,Upcoming,2023-06-28,True,Synthetic
SYN_03009,33470000,1700,3.0,3,1,"Uttarahalli -Manavarthekaval, Bengaluru",15,17,Unfurnished,Unknown,17.2,Ready to Move,,False,Synthetic
SYN_03010,10460000,1130,2.0,2,1,"Jayanagar 3 East Block, Jayanagar",14,30,Unfurnished,Unknown,1.6,Ready to Move,,False,Synthetic
SYN_03011,15230000,1121,2.0,2,1,"Hosahalli, Bengaluru",7,12,Semi Furnished,East,10.0,Ready to Move,,False,Synthetic
SYN_03012,13070000,1131,2.0,2,1,"Nehru Nagar, Bengaluru",3,9,Semi Furnished,East,9.0,Ready to Move,,False,Synthetic
SYN_03013,16670000,1709,3.0,3,2,"Devasthanagalu, Varthur",4,13,Semi Furnished,West,10.9,Ready to Move,,False,Synthetic
SYN_03014,13820000,1356,3.0,3,1,"Navarathna Agrahara, Bengaluru",8,10,Semi Furnished,East,9.8,Ready to Move,,False,Synthetic
SYN_03015,18130000,1637,3.0,3,1,"Chikkakannalli, Bengaluru",0,13,Unfurnished,East,15.7,Ready to Move,,True,Synthetic
SYN_03016,18070000,1598,3.0,2,1,"Sai Sree Layout, Parappana Agrahara",12,14,Unfurnished,Unknown,3.2,Ready to Move,,False,Synthetic
SYN_03017,29140000,1828,3.0,3,2,"Babuji Nagar, Attiguppe",8,28,Unfurnished,West,3.8,Ready to Move,,False,Synthetic
SYN_03018,13040000,1225,2.0,2,1,"Kammasandra, Electronic City",4,11,Semi Furnished,East,9.0,Ready to Move,,False,Synthetic
SYN_03019,11910000,1103,2.0,2,2,"Virgonagar, Aavalahalli",16,18,Fully Furnished,West,6.0,Ready to Move,,False,Synthetic
SYN_03020,17950000,1600,3.0,3,1,"Block 3, HMT Layout",11,14,Semi Furnished,North,6.0,Ready to Move,,False,Synthetic
SYN_03021,16050000,1317,3.0,3,1,"Adityanagar, Vidyaranyapura",5,12,Unfurnished,East,4.0,Ready to Move,,False,Synthetic
SYN_03022,26560000,1646,3.0,3,1,"Uttarahalli -Manavarthekaval, Bengaluru",17,18,Unfurnished,Unknown,6.0,Ready to Move,,False,Synthetic
SYN_03023,5600000,942,2.0,2,1,"Janatha Colony, Chikkanagamangala",0,13,Semi Furnished,West,10.1,Ready to Move,,False,Synthetic
SYN_03024,76670000,6040,5.0,5,3,"Sarjapur, Bengaluru",15,19,Semi Furnished,East,11.4,Upcoming,2029-07-16,True,Synthetic
SYN_03025,6450000,804,2.0,2,1,"Gopasandra, Bengaluru",4,4,Semi Furnished,West,0.9,Ready to Move,,False,Synthetic
SYN_03026,8560000,913,2.0,2,1,"Belatur Colony, K R Puram",0,4,Unfurnished,North,1.0,Ready to Move,,False,Synthetic
SYN_03027,22180000,1568,3.0,3,1,"Thimmappa Reddy Layout, Hulimavu",4,14,Semi Furnished,Unknown,4.4,Ready to Move,,False,Synthetic
SYN_03028,12840000,1389,2.0,2,1,"Kaverappa Layout, Panathur",0,9,Unfurnished,East,0.4,Upcoming,2026-05-05,True,Synthetic
SYN_03029,13530000,837,2.0,2,1,"Balagere, Bengaluru",2,4,Semi Furnished,North,11.2,Ready to Move,,False,Synthetic
SYN_03030,9660000,860,2.0,2,2,"Budigere Cross, Bengaluru",12,23,Semi Furnished,Unknown,11.5,Ready to Move,,False,Synthetic
SYN_03031,55600000,2968,4.0,3,4,"Nallurhalli, Whitefield",11,27,Semi Furnished,North,23.3,Ready to Move,,True,Synthetic
SYN_03032,66050000,5031,5.0,4,2,"Seegehalli, K R Puram",10,30,Semi Furnished,Unknown,8.2,Ready to Move,,False,Synthetic
SYN_03033,30490000,1247,2.0,2,1,"S R Layout, Murugeshpalya",13,19,Semi Furnished,East,0.8,Ready to Move,,False,Synthetic
SYN_03034,11890000,1253,2.0,2,1,"Horamavu, Bengaluru",4,9,Semi Furnished,North,6.0,Ready to Move,,False,Synthetic
SYN_03035,9200000,1396,3.0,3,1,"63 Degrees East, Chikkakannalli",6,11,Unfurnished,Unknown,16.0,Ready to Move,,False,Synthetic
SYN_03036,24710000,1484,3.0,3,1,"Rachenahalli, Mesthri Palya",3,18,Semi Furnished,Unknown,13.0,Ready to Move,,False,Synthetic
SYN_03037,11550000,1148,2.0,2,3,"Parkway Homes, Rayasandra",1,4,Semi Furnished,Unknown,6.0,Ready to Move,,False,Synthetic
SYN_03038,38710000,2208,4.0,4,2,"Sahakara Nagar, Bengaluru",14,16,Unfurnished,North,1.2,Upcoming,2028-08-22,True,Synthetic
SYN_03039,13640000,2017,3.0,3,1,"Bisuvanahalli, Bengaluru",1,4,Semi Furnished,West,1.0,Upcoming,2028-07-03,True,Synthetic
SYN_03040,21590000,2408,4.0,4,1,"Dodsworth Layout, Whitefield",12,16,Semi Furnished,East,3.0,Upcoming,2026-08-02,True,Synthetic
SYN_03041,23050000,1780,3.0,2,0,"Anjanadri Layout, K R Puram",27,28,Unfurnished,West,1.9,Ready to Move,,False,Synthetic
SYN_03042,32210000,3002,4.0,4,3,"Shinivagalu Tank Bed Layout, Koramangala",14,19,Unfurnished,North,14.0,Ready to Move,,True,Synthetic
SYN_03043,12210000,1157,2.0,2,0,"Chikkanayakanahalli, Choodasandra, Bengaluru",0,7,Unfurnished,East,11.0,Ready to Move,,False,Synthetic
SYN_03044,7300000,1189,2.5,2,1,"Bommasandra Industrial Area, Bommasandra",7,18,Semi Furnished,Unknown,4.7,Ready to Move,,False,Synthetic
SYN_03045,7690000,715,1.0,1,1,"Chambenahalli, Bengaluru",11,14,Semi Furnished,North,1.8,Ready to Move,,False,Synthetic
SYN_03046,6400000,451,1.0,1,0,"Sarjapur, Bengaluru",6,19,Unfurnished,West,1.0,Ready to Move,,False,Synthetic
SYN_03047,11880000,1107,3.0,3,2,"Sripuram, Sheshadripuram",4,10,Unfurnished,Unknown,1.0,Ready to Move,,True,Synthetic
SYN_03048,12860000,1264,2.0,2,2,"Thirumalashettyhally, Bengaluru",16,23,Unfurnished,East,2.0,Ready to Move,,False,Synthetic
SYN_03049,13290000,1464,2.0,2,1,"Samethanahalli, Bengaluru",14,23,Unfurnished,East,8.9,Ready to Move,,False,Synthetic
SYN_03050,8910000,1040,2.0,2,2,"Belathur, K R Puram",7,8,Semi Furnished,East,5.0,Ready to Move,,False,Synthetic
SYN_03051,15090000,1176,2.0,2,1,"Sai Sree Layout, Parappana Agrahara",1,5,Unfurnished,Unknown,2.3,Ready to Move,,False,Synthetic
SYN_03052,9250000,1404,3.0,3,1,"Dodsworth Layout, Whitefield",3,4,Fully Furnished,East,1.5,Ready to Move,,False,Synthetic
SYN_03053,28210000,2027,3.0,3,1,"Hosahalli, Bengaluru",6,24,Semi Furnished,East,4.0,Ready to Move,,False,Synthetic
SYN_03054,12320000,892,2.0,2,1,"Sarjapur, Bengaluru",5,15,Semi Furnished,Unknown,1.9,Ready to Move,,False,Synthetic
SYN_03055,23940000,1660,3.0,3,1,"Chikku Lakshmaiah Layout, Adugodi",19,21,Unfurnished,East,6.8,Ready to Move,,False,Synthetic
SYN_03056,15230000,1398,3.0,3,1,"Terracon Doctors Enclave, Chandapura",0,4,Semi Furnished,East,7.0,Ready to Move,,False,Synthetic
SYN_03057,6320000,586,1.0,1,1,"Aishwarya Crystal Layout, Begur",18,18,Semi Furnished,West,2.8,Upcoming,2027-04-24,True,Synthetic
SYN_03058,10920000,1113,3.0,3,2,"Koralur, Samethanahalli",18,19,Unfurnished,East,15.0,Ready to Move,,False,Synthetic
SYN_03059,32130000,2205,3.0,3,1,"Nallurhalli, Whitefield",20,22,Unfurnished,West,2.5,Ready to Move,,False,Synthetic
SYN_03060,11880000,1498,3.0,3,1,"NN Farm Layout, Sanjaynagar",0,4,Fully Furnished,East,16.0,Ready to Move,,False,Synthetic
SYN_03061,23950000,1829,3.0,2,0,"Devin Paradise Enclave, Tirumanahalli",4,6,Unfurnished,East,0.6,Ready to Move,,False,Synthetic
SYN_03062,28380000,2397,4.0,3,2,"Buena Vista, Bommenahalli",9,10,Semi Furnished,Unknown,5.3,Ready to Move,,False,Synthetic
SYN_03063,14370000,973,2.0,2,1,"Park View Layout, Sahakara Nagar",5,5,Semi Furnished,Unknown,6.6,Ready to Move,,False,Synthetic
SYN_03064,25610000,1548,3.0,3,1,"Anchepalya, Bengaluru",5,11,Semi Furnished,West,16.6,Ready to Move,,False,Synthetic
SYN_03065,14070000,978,2.0,2,1,"Vijay Nagar, Whitefield",2,4,Semi Furnished,East,14.6,Ready to Move,,False,Synthetic
SYN_03066,33010000,1614,3.0,3,1,"Block 3, Koramangala",2,5,Unfurnished,West,1.0,Ready to Move,,True,Synthetic
SYN_03067,3070000,515,1.0,1,1,"Sarjapur, Bengaluru",4,16,Semi Furnished,Unknown,8.0,Ready to Move,,False,Synthetic
SYN_03068,12230000,1699,3.0,2,2,"Attibele, Bengaluru",16,29,Unfurnished,North,7.0,Ready to Move,,False,Synthetic
SYN_03069,10200000,1281,2.0,2,1,"Mullur, Bengaluru",13,33,Semi Furnished,East,1.0,Ready to Move,,False,Synthetic
SYN_03070,7450000,994,2.0,2,1,"Thammenahalli Village, Bengaluru",17,27,Unfurnished,East,1.2,Ready to Move,,False,Synthetic
SYN_03071,30320000,2445,4.5,4,2,"Sathya Sai Layout, Whitefield",21,25,Unfurnished,East,8.0,Ready to Move,,True,Synthetic
SYN_03072,21260000,1350,3.0,3,1,"Adarsh Palm Retreat, Bellandur",7,14,Semi Furnished,East,15.0,Upcoming,2026-05-13,True,Synthetic
SYN_03073,41290000,2396,3.0,3,1,"Immadihalli, Whitefield",12,31,Semi Furnished,West,8.1,Ready to Move,,False,Synthetic
SYN_03074,12900000,1279,2.0,2,1,"Kattanallur, Sannatammanahalli",5,13,Semi Furnished,North,1.1,Ready to Move,,False,Synthetic
SYN_03075,25520000,1063,3.0,3,1,"Nallurhalli, Whitefield",3,5,Semi Furnished,South,11.7,Ready to Move,,False,Synthetic
SYN_03076,16840000,1212,2.0,2,1,"Manayata Tech Park, Thanisandra",4,5,Semi Furnished,Unknown,1.0,Ready to Move,,True,Synthetic
SYN_03077,9470000,684,1.0,1,1,"Chikkakannalli, Bengaluru",6,14,Semi Furnished,North,2.4,Ready to Move,,False,Synthetic
SYN_03078,15780000,1033,2.0,2,1,"Dodsworth Layout, Whitefield",1,4,Unfurnished,East,9.7,Ready to Move,,False,Synthetic
SYN_03079,5790000,845,2.0,1,1,"Nagondanahalli, Bengaluru",3,3,Unfurnished,West,4.4,Ready to Move,,False,Synthetic
SYN_03080,10240000,1164,2.0,2,2,"Subramanyapura, Bengaluru",0,16,Semi Furnished,East,12.3,Ready to Move,,False,Synthetic
SYN_03081,9850000,1217,2.0,2,1,"Vasthu Layout, Parappana Agrahara",3,4,Semi Furnished,North,3.0,Ready to Move,,False,Synthetic
SYN_03082,17100000,1471,2.0,1,1,"Devasthanagalu, Varthur",7,14,Semi Furnished,Unknown,7.3,Ready to Move,,False,Synthetic
SYN_03083,18270000,1108,3.0,3,1,"Durgappa Layout, Agrahara Layout",6,22,Semi Furnished,East,1.0,Ready to Move,,True,Synthetic
SYN_03084,11930000,1263,2.0,2,1,"Saraswathi Nagar, Vijayanagar",4,14,Semi Furnished,East,18.0,Ready to Move,,False,Synthetic
SYN_03085,15960000,1305,2.0,2,1,"Dodsworth Layout, Whitefield",14,23,Semi Furnished,Unknown,4.6,Ready to Move,,False,Synthetic
SYN_03086,9950000,857,2.0,2,1,"Chikkakannalli, Bengaluru",2,17,Semi Furnished,East,7.8,Ready to Move,,False,Synthetic
SYN_03087,21430000,1468,3.0,3,1,"Allalasandra, Bengaluru",4,4,Unfurnished,Unknown,1.0,Ready to Move,,False,Synthetic
SYN_03088,11790000,730,2.0,2,1,"Gunjur Village, Bengaluru",9,13,Unfurnished,East,5.0,Ready to Move,,False,Synthetic
SYN_03089,14950000,1179,2.0,2,1,"Akshaya Vana, Akshayanagar",4,12,Semi Furnished,West,10.0,Ready to Move,,False,Synthetic
SYN_03090,44040000,2296,4.0,4,2,"Whitefield, Bengaluru",9,20,Semi Furnished,East,18.0,Ready to Move,,False,Synthetic
SYN_03091,27710000,2565,3.0,3,1,"Gummanahalli, Bengaluru",9,10,Semi Furnished,East,1.0,Ready to Move,,False,Synthetic
SYN_03092,10940000,898,2.0,2,2,"Shanthi Pura, Electronic City Phase 2",5,9,Unfurnished,Unknown,0.8,Ready to Move,,False,Synthetic
SYN_03093,7980000,684,1.0,1,1,"Aishwarya Crystal Layout, Begur",22,22,Semi Furnished,East,5.9,Ready to Move,,False,Synthetic
SYN_03094,13130000,1208,2.0,2,1,"Kumbalgodu, Bengaluru",27,28,Unfurnished,North,1.4,Ready to Move,,False,Synthetic
SYN_03095,13930000,1593,3.0,3,1,"Devarabisanahalli, Bellandur",14,18,Semi Furnished,North-East,7.3,Ready to Move,,False,Synthetic
SYN_03096,12380000,982,2.0,2,1,"Sompura, Bengaluru",3,4,Semi Furnished,East,2.5,Ready to Move,,False,Synthetic
SYN_03097,15870000,1164,2.5,2,1,"Phase I, Electronic City",14,24,Unfurnished,East,5.8,Upcoming,2026-08-05,True,Synthetic
SYN_03098,20600000,1820,3.0,3,1,"Carmelaram, Bengaluru",15,15,Unfurnished,East,10.1,Ready to Move,,False,Synthetic
SYN_03099,9980000,883,2.0,2,3,"Aishwarya Crystal Layout, Begur",22,27,Semi Furnished,East,8.8,Ready to Move,,False,Synthetic
SYN_03100,8970000,1179,2.0,2,1,"Kolur, Bengaluru",1,3,Fully Furnished,Unknown,1.0,Ready to Move,,False,Synthetic
SYN_03101,11040000,1148,2.0,2,1,"Gummanahalli, Bengaluru",28,32,Semi Furnished,Unknown,10.0,Ready to Move,,False,Synthetic
SYN_03102,15790000,1126,2.0,2,1,"KIADB Export Promotion Industrial Area, K R Puram",4,5,Unfurnished,West,4.3,Ready to Move,,True,Synthetic
SYN_03103,11580000,1046,2.0,2,1,"Devanahalli, Bengaluru",4,14,Unfurnished,East,4.0,Ready to Move,,False,Synthetic
SYN_03104,36780000,3117,4.0,4,2,"Kothnur, JP Nagar",16,17,Unfurnished,Unknown,3.0,Ready to Move,,False,Synthetic
SYN_03105,13120000,1397,3.0,3,1,"Balagere, Bengaluru",1,14,Semi Furnished,West,4.7,Ready to Move,,False,Synthetic
SYN_03106,17160000,1492,3.0,3,1,"Duo Marvel Layout, Anantapura",12,17,Semi Furnished,West,3.3,Ready to Move,,False,Synthetic
SYN_03107,22310000,1526,3.0,3,1,"Anchepalya, Bengaluru",14,22,Semi Furnished,North,8.7,Ready to Move,,False,Synthetic
SYN_03108,19830000,1210,2.0,2,1,"Dodsworth Layout, Whitefield",3,5,Unfurnished,East,3.9,Ready to Move,,False,Synthetic
SYN_03109,10630000,1083,2.0,2,1,"Terracon Doctors Enclave, Chandapura",1,4,Semi Furnished,East,10.5,Ready to Move,,False,Synthetic
SYN_03110,31540000,2026,3.0,3,1,"Lords Steps Layout, Panathur",14,17,Semi Furnished,West,10.0,Ready to Move,,False,Synthetic
SYN_03111,29790000,2299,4.0,4,4,"Eastwood Township, Kasavanahalli",22,27,Semi Furnished,East,0.2,Ready to Move,,False,Synthetic
SYN_03112,7090000,921,2.0,2,1,"Stage 2, BTM Layout 2nd Stage",28,31,Semi Furnished,West,10.1,Ready to Move,,False,Synthetic
SYN_03113,5210000,1004,2.0,2,1,"Manayata Tech Park, Thanisandra",2,5,Semi Furnished,East,9.5,Ready to Move,,False,Synthetic
SYN_03114,16990000,730,2.0,2,1,"Nagashetty Halli, RMV Extension Stage 2",7,14,Unfurnished,Unknown,6.1,Ready to Move,,False,Synthetic
SYN_03115,24760000,2189,3.0,3,1,"Boovanahalli, Bengaluru",8,12,Unfurnished,East,1.0,Ready to Move,,False,Synthetic
SYN_03116,8180000,1310,2.0,2,1,"Sadarmangal, K R Puram",14,22,Unfurnished,West,1.0,Ready to Move,,False,Synthetic
SYN_03117,12450000,1167,2.0,2,3,"Kothnur, JP Nagar",9,10,Semi Furnished,East,8.6,Ready to Move,,False,Synthetic
SYN_03118,8120000,591,1.0,1,1,"Balagere, Bengaluru",18,27,Unfurnished,East,1.7,Ready to Move,,False,Synthetic
SYN_03119,17680000,1735,3.0,3,1,"Durgappa Layout, Agrahara Layout",0,5,Unfurnished,East,4.4,Ready to Move,,False,Synthetic
SYN_03120,39370000,2131,3.0,3,1,"Vijaya Bank Layout, Bilekahalli",1,5,Unfurnished,East,1.0,Ready to Move,,False,Synthetic
SYN_03121,14010000,899,2.0,2,1,"6th Phase, JP Nagar",2,4,Unfurnished,Unknown,1.0,Ready to Move,,True,Synthetic
SYN_03122,16400000,1409,2.0,2,1,"Budigere Cross, Bengaluru",6,13,Unfurnished,East,5.4,Ready to Move,,False,Synthetic
SYN_03123,11940000,898,2.0,2,1,"Gummanahalli, Bengaluru",6,16,Semi Furnished,East,10.6,Ready to Move,,False,Synthetic
SYN_03124,20020000,1201,2.0,2,1,"Agrahara Dasarahalli, Rajajinagar",7,12,Semi Furnished,East,4.0,Ready to Move,,False,Synthetic
SYN_03125,65750000,3679,4.0,3,1,"Kadubeesanahalli, Bengaluru",1,3,Unfurnished,East,2.9,Ready to Move,,False,Synthetic
SYN_03126,10640000,1193,2.0,2,1,"Dodsworth Layout, Whitefield",2,5,Semi Furnished,North,17.5,Upcoming,2028-11-08,True,Synthetic
SYN_03127,13490000,1376,3.0,3,1,"Hosahalli, Bengaluru",8,18,Semi Furnished,East,0.8,Ready to Move,,False,Synthetic
SYN_03128,10860000,1126,2.0,2,1,"Chaithanya Samarth, Bommenahalli",5,10,Semi Furnished,East,13.0,Ready to Move,,True,Synthetic
SYN_03129,18880000,1557,3.0,3,1,"Sarjapur, Bengaluru",4,4,Unfurnished,East,6.7,Ready to Move,,True,Synthetic
SYN_03130,23580000,1399,3.0,2,1,"ITI Employees Housing Colony, Dooravani Nagar",7,15,Semi Furnished,Unknown,16.8,Upcoming,2026-08-13,True,Synthetic
SYN_03131,12460000,989,2.0,2,1,"ITI Employees Housing Colony, Dooravani Nagar",1,7,Semi Furnished,East,8.5,Ready to Move,,False,Synthetic
SYN_03132,13970000,1319,2.0,2,1,"Janatha Colony, Doddakannelli",18,28,Semi Furnished,Unknown,1.5,Ready to Move,,False,Synthetic
SYN_03133,33040000,2364,3.0,3,1,"Kothnur, JP Nagar",6,7,Semi Furnished,North-East,10.4,Ready to Move,,False,Synthetic
SYN_03134,13420000,1526,3.0,3,2,"Boodihal, Bengaluru",6,23,Fully Furnished,East,1.7,Ready to Move,,False,Synthetic
SYN_03135,3880000,739,2.0,2,1,"Horamavu Agara, Horamavu",3,5,Unfurnished,East,2.0,Ready to Move,,False,Synthetic
SYN_03136,16380000,1292,2.0,2,1,"Kannuru, Bengaluru",4,19,Semi Furnished,North,8.0,Upcoming,2026-08-10,True,Synthetic
SYN_03137,11660000,948,2.0,2,1,"Budigere Cross, Bengaluru",8,14,Semi Furnished,South,1.7,Ready to Move,,False,Synthetic
SYN_03138,13860000,1103,2.0,2,0,"Devasthanagalu, Varthur",11,18,Unfurnished,East,0.5,Ready to Move,,True,Synthetic
SYN_03139,8040000,867,2.0,2,1,"Gunjur Village, Bengaluru",10,14,Semi Furnished,West,1.4,Upcoming,2026-06-20,True,Synthetic
SYN_03140,12390000,1152,2.0,2,1,"Eastwood Township, Kasavanahalli",6,21,Unfurnished,Unknown,6.1,Ready to Move,,False,Synthetic
SYN_03141,27250000,1755,3.0,3,1,"Hosapalya, Kudlu Gate",0,17,Unfurnished,East,12.2,Ready to Move,,False,Synthetic
SYN_03142,24120000,1334,3.0,3,1,"Ranganatha Colony, Jagajeevanram Nagar",2,4,Unfurnished,East,1.3,Ready to Move,,False,Synthetic
SYN_03143,28040000,1629,3.0,3,1,"Ramagondanahalli, Whitefield",3,27,Unfurnished,North,8.0,Ready to Move,,False,Synthetic
SYN_03144,33890000,1950,3.0,3,2,"Akshaya Gardens, Akshayanagar",13,21,Semi Furnished,East,5.6,Upcoming,2026-08-11,True,Synthetic
SYN_03145,40320000,4072,5.0,5,5,"Dodsworth Layout, Whitefield",11,30,Semi Furnished,North,8.5,Ready to Move,,False,Synthetic
SYN_03146,49710000,3500,4.0,4,2,"Devasthanagalu, Varthur",17,18,Unfurnished,East,3.5,Ready to Move,,False,Synthetic
SYN_03147,19720000,1198,3.0,3,2,"Hosapalya, Kudlu Gate",9,34,Semi Furnished,North,0.8,Ready to Move,,True,Synthetic
SYN_03148,11660000,996,2.0,2,1,"Gulimangala, Bengaluru",18,22,Semi Furnished,East,2.3,Ready to Move,,False,Synthetic
SYN_03149,20910000,1582,3.0,3,1,"Nallurhalli, Whitefield",2,3,Unfurnished,Unknown,4.5,Ready to Move,,False,Synthetic
SYN_03150,22300000,1970,3.0,3,1,"Lakedew Residency- Phase 2, Harlur",3,3,Semi Furnished,East,4.6,Ready to Move,,True,Synthetic
SYN_03151,11610000,1169,3.0,2,1,"Hunasamaranahalli, Bengaluru",22,23,Semi Furnished,East,4.0,Ready to Move,,False,Synthetic
SYN_03152,13400000,1585,3.0,2,1,"Owners Court Layout, Kasavanahalli",10,27,Unfurnished,North,5.4,Ready to Move,,False,Synthetic
SYN_03153,22310000,1256,2.0,2,1,"Phase I, Electronic City",3,4,Semi Furnished,East,9.8,Ready to Move,,False,Synthetic
SYN_03154,21030000,1487,3.0,3,1,"Vastu Bhoomi, K R Puram",3,6,Semi Furnished,North,2.4,Ready to Move,,False,Synthetic
SYN_03155,20250000,1393,3.0,3,1,"Yadavanahalli, Bengaluru",12,14,Semi Furnished,East,0.5,Upcoming,2027-02-13,True,Synthetic
SYN_03156,8370000,1114,2.0,2,1,"Sanjay Nagar, Marathahalli",7,15,Unfurnished,East,9.0,Ready to Move,,False,Synthetic
SYN_03157,14430000,1049,2.0,2,1,"Markandhaiha Nagar, Agrahara Layout",3,29,Semi Furnished,East,28.3,Ready to Move,,False,Synthetic
SYN_03158,20660000,1810,3.0,2,1,"Medahalli, Bengaluru",15,19,Fully Furnished,North,8.5,Ready to Move,,False,Synthetic
SYN_03159,11230000,1456,3.0,3,1,"Cholanayakanahalli, Hebbal",3,20,Semi Furnished,East,4.0,Ready to Move,,False,Synthetic
SYN_03160,35620000,2474,3.0,3,0,"Lakedew Residency- Phase 2, Harlur",21,21,Unfurnished,East,6.5,Ready to Move,,False,Synthetic
SYN_03161,13870000,1471,2.5,2,1,"Gunjur Village, Bengaluru",0,35,Semi Furnished,East,5.1,Ready to Move,,False,Synthetic
SYN_03162,10780000,1566,3.0,2,1,"Akshaya Vana, Akshayanagar",2,4,Semi Furnished,East,1.0,Ready to Move,,False,Synthetic
SYN_03163,4520000,432,1.0,1,1,"Thirumalashettyhally, Bengaluru",12,14,Unfurnished,Unknown,2.0,Ready to Move,,False,Synthetic
SYN_03164,16130000,1139,2.0,2,2,"Block 3, Koramangala",1,6,Semi Furnished,East,7.3,Ready to Move,,False,Synthetic
SYN_03165,11100000,1107,2.0,2,1,"Hunasamaranahalli, Bengaluru",14,21,Semi Furnished,East,5.0,Ready to Move,,False,Synthetic
SYN_03166,20460000,1567,3.0,3,1,"Lottegollahalli, RMV Extension Stage 2",9,14,Semi Furnished,East,6.9,Ready to Move,,False,Synthetic
SYN_03167,19130000,1151,2.0,2,1,"Anchepalya, Bengaluru",5,21,Semi Furnished,East,9.7,Ready to Move,,False,Synthetic
SYN_03168,37140000,1034,2.0,2,2,"Kaverappa Layout, Kadubeesanahalli",0,5,Semi Furnished,West,0.7,Upcoming,2026-08-04,True,Synthetic
SYN_03169,10440000,990,2.0,2,1,"Utsav Raaga, Kannuru",22,26,Semi Furnished,East,2.0,Ready to Move,,False,Synthetic
SYN_03170,14300000,997,2.0,2,1,"Ali Estate, Yelahanka",1,9,Semi Furnished,West,1.2,Ready to Move,,False,Synthetic
SYN_03171,13310000,1248,2.0,2,2,"Prakruthi Nagar, Kogilu",0,23,Unfurnished,North,6.0,Ready to Move,,False,Synthetic
SYN_03172,25330000,1622,3.0,3,1,"Sunny Brooks, Kaikondrahalli",0,4,Fully Furnished,East,1.7,Ready to Move,,True,Synthetic
SYN_03173,15480000,1855,3.0,2,2,"Gummanahalli, Bengaluru",24,31,Unfurnished,West,0.8,Ready to Move,,False,Synthetic
SYN_03174,12260000,1191,2.0,2,1,"Sarjapur, Bengaluru",2,5,Semi Furnished,North,12.1,Ready to Move,,False,Synthetic
SYN_03175,36410000,2663,4.0,4,2,"Kuvempu Layout, Visthar",5,12,Unfurnished,East,4.8,Ready to Move,,False,Synthetic
SYN_03176,17310000,1792,3.0,3,2,"Jaladarsini Layout, RMV Extension Stage 2",14,29,Semi Furnished,East,4.0,Ready to Move,,False,Synthetic
SYN_03177,13430000,2061,3.0,2,1,"Nagondanahalli, Bengaluru",9,26,Semi Furnished,East,4.3,Upcoming,2027-01-25,True,Synthetic
SYN_03178,37390000,3321,4.0,4,2,"Banashankari Layout, K R Puram",1,17,Unfurnished,East,8.3,Upcoming,2027-02-24,True,Synthetic
SYN_03179,12450000,1142,2.0,2,1,"Samethanahalli, Bengaluru",0,3,Unfurnished,Unknown,13.1,Ready to Move,,False,Synthetic
SYN_03180,15750000,1095,3.0,3,3,"Pantarapalya, Nayandahalli",8,14,Semi Furnished,Unknown,5.2,Ready to Move,,False,Synthetic
SYN_03181,14160000,1183,2.0,2,1,"Prakruthi Nagar, Kogilu",9,14,Semi Furnished,East,3.0,Ready to Move,,False,Synthetic
SYN_03182,12700000,1206,2.0,2,4,"Horamavu, Bengaluru",2,16,Unfurnished,East,0.6,Ready to Move,,False,Synthetic
SYN_03183,20020000,1478,3.0,3,1,"Gunjur Palya, Bengaluru",20,22,Unfurnished,West,3.0,Ready to Move,,True,Synthetic
SYN_03184,16420000,1643,3.0,3,1,"BHEL Layout, RR Nagar",4,5,Unfurnished,East,19.5,Ready to Move,,False,Synthetic
SYN_03185,36230000,1756,3.0,3,2,"Basavanapura, K R Puram",15,27,Semi Furnished,Unknown,7.0,Ready to Move,,False,Synthetic
SYN_03186,9470000,786,2.0,2,1,"Dodsworth Layout, Whitefield",4,14,Semi Furnished,East,1.0,Ready to Move,,False,Synthetic
SYN_03187,11710000,1652,3.0,3,1,"K R Puram, Bengaluru",4,13,Semi Furnished,Unknown,1.0,Ready to Move,,False,Synthetic
SYN_03188,21160000,1292,3.0,3,2,"Tigalarpalya, Brookefield",11,15,Unfurnished,Unknown,10.1,Ready to Move,,False,Synthetic
SYN_03189,14740000,1939,3.0,3,1,"Cholanayakanahalli, Hebbal",3,7,Unfurnished,West,5.0,Upcoming,2027-04-26,True,Synthetic
SYN_03190,27930000,1703,3.0,3,1,"Akshaya Vana, Akshayanagar",8,18,Semi Furnished,East,9.3,Ready to Move,,False,Synthetic
SYN_03191,19780000,1807,3.0,3,2,"Devin Paradise Enclave, Chokkanahalli",9,30,Unfurnished,West,3.3,Upcoming,2027-03-14,True,Synthetic
SYN_03192,15870000,996,2.0,2,2,"Akshaya Vana, Begur",12,22,Semi Furnished,East,2.0,Ready to Move,,False,Synthetic
SYN_03193,20060000,1500,3.0,3,1,"Carmelaram, Bengaluru",14,29,Semi Furnished,West,3.6,Ready to Move,,False,Synthetic
SYN_03194,12640000,1075,2.0,2,1,"Budigere Cross, Bengaluru",23,32,Unfurnished,Unknown,1.0,Upcoming,2026-04-09,True,Synthetic
SYN_03195,7120000,1074,2.0,2,1,"RR Nagar, Bengaluru",2,4,Semi Furnished,West,2.0,Ready to Move,,False,Synthetic
SYN_03196,16450000,1268,2.0,2,1,"Budigere Cross, Bengaluru",14,14,Semi Furnished,East,6.0,Ready to Move,,False,Synthetic
SYN_03197,20430000,2138,3.0,3,1,"Government Quarters, C V Raman Nagar",3,22,Semi Furnished,East,11.4,Ready to Move,,True,Synthetic
SYN_03198,37970000,2237,4.5,5,2,"Venugopal Reddy Layout, Arakere",0,25,Unfurnished,West,1.3,Ready to Move,,False,Synthetic
SYN_03199,11800000,1499,3.0,3,1,"HAL 2nd Stage, Indira Nagar",8,14,Semi Furnished,Unknown,1.2,Ready to Move,,False,Synthetic
SYN_03200,12990000,1142,2.0,2,1,"Hosahalli, Bengaluru",9,33,Semi Furnished,North,2.4,Upcoming,2026-04-22,True,Synthetic
SYN_03201,8200000,1371,2.0,2,1,"Hennagara, Bommasandra",3,4,Semi Furnished,Unknown,1.0,Ready to Move,,False,Synthetic
SYN_03202,13280000,1351,3.0,3,1,"Rajiv Gandhi Nagar, Kodigehalli",19,22,Unfurnished,East,1.9,Ready to Move,,False,Synthetic
SYN_03203,19090000,1361,3.0,2,1,"Manayata Tech Park, Thanisandra",7,10,Fully Furnished,West,1.4,Ready to Move,,False,Synthetic
SYN_03204,9870000,1236,2.5,2,1,"Thirumalashettyhally, Bengaluru",23,41,Unfurnished,Unknown,5.9,Ready to Move,,False,Synthetic
SYN_03205,21270000,1655,3.0,3,1,"SNN Raj Grandeur, Bommanahalli",5,6,Semi Furnished,West,2.0,Ready to Move,,True,Synthetic
SYN_03206,8780000,862,2.0,2,1,"Govinda Reddy Layout, Panduranga Nagar",14,27,Unfurnished,North,1.6,Ready to Move,,False,Synthetic
SYN_03207,21350000,1508,3.0,3,1,"ISRO Colony, Domlur Layout",5,29,Semi Furnished,East,3.6,Ready to Move,,False,Synthetic
SYN_03208,12500000,1211,2.0,2,1,"Kadubeesanahalli, Bengaluru",16,18,Semi Furnished,East,14.3,Ready to Move,,False,Synthetic
SYN_03209,28720000,1758,4.0,4,3,"Bileshivale, Bengaluru",10,10,Unfurnished,East,5.0,Ready to Move,,False,Synthetic
SYN_03210,6240000,853,2.0,2,1,"Gandhi Bazaar, Basavanagudi",9,19,Unfurnished,West,3.0,Ready to Move,,False,Synthetic
SYN_03211,8070000,1176,2.0,2,2,"Ambedkar Nagar, Carmelaram",3,5,Unfurnished,East,2.0,Ready to Move,,False,Synthetic
SYN_03212,13800000,1326,2.0,2,1,"Hennur, Bengaluru",6,7,Unfurnished,East,1.6,Ready to Move,,False,Synthetic
SYN_03213,25410000,1191,3.0,3,1,"Doddabanahalli, Bidare Agraha",4,10,Unfurnished,South,3.0,Ready to Move,,False,Synthetic
SYN_03214,7310000,745,1.0,1,1,"Phase I, Electronic City",0,4,Semi Furnished,West,8.0,Ready to Move,,False,Synthetic
SYN_03215,23880000,1890,3.0,3,2,"Kachamaranahalli, Bengaluru",0,4,Semi Furnished,North,9.5,Ready to Move,,False,Synthetic
SYN_03216,27520000,2396,3.0,2,1,"Gunjur Palya, Bengaluru",8,13,Semi Furnished,West,15.0,Ready to Move,,True,Synthetic
SYN_03217,15150000,1700,3.0,3,1,"Gummanahalli, Bengaluru",12,38,Unfurnished,East,22.9,Ready to Move,,False,Synthetic
SYN_03218,31570000,1530,3.0,3,2,"Basavanapura, K R Puram",1,6,Semi Furnished,West,12.0,Ready to Move,,False,Synthetic
SYN_03219,43600000,3604,4.0,4,1,"Prakruthi Nagar, Kogilu",2,18,Semi Furnished,West,5.4,Ready to Move,,False,Synthetic
SYN_03220,16090000,2184,3.0,2,2,"Terracon Doctors Enclave, Chandapura",6,15,Semi Furnished,East,5.2,Ready to Move,,False,Synthetic
SYN_03221,5630000,669,1.5,1,1,"Gummanahalli, Bengaluru",18,25,Unfurnished,East,1.4,Ready to Move,,False,Synthetic
SYN_03222,19780000,1777,3.0,2,1,"Dodsworth Layout, Whitefield",11,22,Semi Furnished,East,5.2,Ready to Move,,False,Synthetic
SYN_03223,17300000,979,2.5,2,1,"Vastu Bhoomi, K R Puram",2,14,Fully Furnished,Unknown,1.0,Upcoming,2030-11-03,True,Synthetic
SYN_03224,9250000,636,1.0,1,1,"Rachenahalli, Thanisandra",9,18,Unfurnished,East,1.0,Ready to Move,,False,Synthetic
SYN_03225,14910000,2075,3.0,2,1,"Devasthanagalu, Varthur",4,20,Unfurnished,North,4.5,Upcoming,2028-01-01,True,Synthetic
SYN_03226,12660000,1265,2.0,2,1,"Judicial Layout 2nd Phase, Talaghattapura",4,19,Semi Furnished,Unknown,6.4,Ready to Move,,False,Synthetic
SYN_03227,9970000,1858,3.0,3,1,"Sarjapur, Bengaluru",7,8,Semi Furnished,Unknown,10.0,Ready to Move,,False,Synthetic
SYN_03228,11310000,849,2.0,2,1,"Balagere, Bengaluru",20,22,Unfurnished,East,0.5,Ready to Move,,False,Synthetic
SYN_03229,10740000,1092,2.0,2,1,"Kammasandra, Electronic City",8,13,Semi Furnished,East,0.2,Ready to Move,,False,Synthetic
SYN_03230,9690000,1031,3.0,3,1,"Bengaluru Hardware Park, Bengaluru",0,3,Semi Furnished,South,0.2,Ready to Move,,False,Synthetic
SYN_03231,29270000,2521,3.5,3,1,"Navarathna Agrahara, Bengaluru",1,18,Semi Furnished,Unknown,7.0,Upcoming,2028-08-16,True,Synthetic
SYN_03232,33940000,2013,3.0,2,2,"Hosapalya, Kudlu Gate",1,13,Semi Furnished,Unknown,8.1,Ready to Move,,False,Synthetic
SYN_03233,15930000,1907,3.0,3,1,"Gummanahalli, Bengaluru",22,30,Unfurnished,East,13.9,Ready to Move,,False,Synthetic
SYN_03234,17730000,1251,3.0,2,2,"Vijaya Bank Layout, Bilekahalli",13,14,Semi Furnished,Unknown,9.4,Upcoming,2026-11-11,True,Synthetic
SYN_03235,12880000,1007,2.0,2,1,"Begur, Bengaluru",8,14,Unfurnished,Unknown,9.5,Ready to Move,,False,Synthetic
SYN_03236,20500000,1517,3.0,3,1,"SBI Bank Colony, Battarahalli",0,10,Unfurnished,East,4.6,Ready to Move,,False,Synthetic
SYN_03237,6310000,775,2.0,1,2,"Sompura, Bengaluru",3,4,Unfurnished,West,25.2,Ready to Move,,True,Synthetic
SYN_03238,33910000,2020,4.0,4,3,"Nallurhalli, Whitefield",17,20,Semi Furnished,East,4.4,Ready to Move,,True,Synthetic
SYN_03239,8070000,790,2.0,2,1,"Parkway Homes, Rayasandra",3,13,Semi Furnished,Unknown,21.0,Ready to Move,,False,Synthetic
SYN_03240,12940000,1268,2.0,2,1,"Gummanahalli, Bengaluru",13,21,Semi Furnished,East,7.0,Ready to Move,,False,Synthetic
SYN_03241,13930000,1099,2.0,2,1,"Anchepalya, Bengaluru",4,7,Semi Furnished,West,0.9,Ready to Move,,False,Synthetic
SYN_03242,8380000,1476,3.0,3,1,"Jigani, Bengaluru",16,18,Semi Furnished,Unknown,9.8,Ready to Move,,False,Synthetic
SYN_03243,7860000,1130,2.0,2,1,"Belathur, K R Puram",0,39,Semi Furnished,South,1.5,Ready to Move,,False,Synthetic
SYN_03244,14180000,1259,3.0,3,1,"Vakil Garden City, Bengaluru",3,4,Semi Furnished,East,11.0,Ready to Move,,False,Synthetic
SYN_03245,22350000,1401,2.0,2,1,"Varthur, Bengaluru",2,4,Semi Furnished,East,7.5,Upcoming,2027-02-16,True,Synthetic
SYN_03246,24830000,2005,3.0,3,2,"Vaikuntam Layout, Munnekollal",1,30,Unfurnished,East,14.8,Ready to Move,,False,Synthetic
SYN_03247,8620000,1076,2.0,2,1,"Sarjapur, Bengaluru",14,26,Semi Furnished,West,7.0,Ready to Move,,False,Synthetic
SYN_03248,14350000,902,2.0,2,1,"Jyotipuram, Bengaluru",14,16,Semi Furnished,Unknown,0.6,Ready to Move,,False,Synthetic
SYN_03249,22300000,1397,2.5,2,1,"Phase I, Electronic City",10,12,Semi Furnished,West,16.0,Ready to Move,,False,Synthetic
SYN_03250,21250000,2131,4.0,4,1,"Horamavu Agara, Horamavu",12,13,Semi Furnished,Unknown,18.0,Ready to Move,,False,Synthetic
SYN_03251,19090000,1974,4.0,4,2,"Subramanyapura, Bengaluru",16,41,Semi Furnished,East,18.6,Ready to Move,,False,Synthetic
SYN_03252,12680000,1261,3.0,2,1,"Sathya Sai Layout, Whitefield",3,7,Semi Furnished,West,9.0,Ready to Move,,False,Synthetic
SYN_03253,30340000,1869,3.5,3,3,"Ambedkar Colony, Yelahanka",22,24,Unfurnished,West,1.2,Ready to Move,,False,Synthetic
SYN_03254,7150000,996,2.0,2,0,"Sarjapur, Bengaluru",5,12,Unfurnished,East,4.8,Ready to Move,,False,Synthetic
SYN_03255,18790000,1233,2.0,2,1,"Kuvempu Layout, Visthar",0,4,Unfurnished,East,2.0,Ready to Move,,False,Synthetic
SYN_03256,13120000,1279,3.0,3,1,"Anekal, Bengaluru",26,30,Unfurnished,West,0.5,Ready to Move,,False,Synthetic
SYN_03257,29130000,2066,3.0,3,4,"Sarjapur, Bengaluru",1,14,Semi Furnished,East,1.0,Upcoming,2030-05-27,True,Synthetic
SYN_03258,12810000,1019,2.0,2,1,"Silver Springs Layout, Munnekollal",21,28,Semi Furnished,Unknown,10.0,Ready to Move,,False,Synthetic
SYN_03259,12250000,1123,2.0,2,1,"Hosahalli, Bengaluru",0,14,Semi Furnished,East,5.0,Upcoming,2026-12-01,True,Synthetic
SYN_03260,12800000,1494,3.0,3,1,"Nagashetty Halli, RMV Extension Stage 2",1,4,Semi Furnished,North,1.0,Ready to Move,,False,Synthetic
SYN_03261,13430000,1165,2.0,2,1,"Bendre Nagar, Bengaluru",29,29,Semi Furnished,East,3.7,Ready to Move,,False,Synthetic
SYN_03262,17000000,1156,2.0,2,1,"Brookefield, Bengaluru",3,4,Unfurnished,East,3.9,Ready to Move,,False,Synthetic
SYN_03263,25560000,2013,3.0,2,2,"Buena Vista, Bommenahalli",3,5,Semi Furnished,East,7.0,Ready to Move,,False,Synthetic
SYN_03264,15990000,1803,3.5,4,3,"Ganga Layout, Rayasandra",2,12,Unfurnished,West,3.4,Ready to Move,,True,Synthetic
SYN_03265,19990000,1578,3.0,3,3,"Gandhi Nagar, Munnekollal",0,4,Unfurnished,Unknown,1.7,Ready to Move,,False,Synthetic
SYN_03266,9270000,989,2.0,2,0,"Phase 5, Chikkanayakanahalli, Choodasandra",0,5,Unfurnished,East,11.1,Ready to Move,,False,Synthetic
SYN_03267,16920000,1194,2.0,2,2,"Garebhavipalya, GB Palya",11,14,Semi Furnished,North,6.5,Ready to Move,,False,Synthetic
SYN_03268,11790000,948,2.0,2,1,"DLF Newtown, Akshayanagar",7,34,Semi Furnished,East,5.8,Ready to Move,,False,Synthetic
SYN_03269,12120000,1339,3.0,2,2,"Yelahanka, Bengaluru",6,39,Semi Furnished,East,1.0,Ready to Move,,True,Synthetic
SYN_03270,11150000,1125,2.0,2,1,"Excellencia, Choodasandra",12,17,Unfurnished,East,1.0,Ready to Move,,False,Synthetic
SYN_03271,15030000,1060,3.0,3,2,"Hadosiddapura, Carmelaram",11,11,Semi Furnished,North,19.0,Upcoming,2026-10-31,True,Synthetic
SYN_03272,19180000,1788,3.0,3,1,"Kuvempu Layout, Visthar",4,14,Semi Furnished,West,13.8,Ready to Move,,False,Synthetic
SYN_03273,17220000,1046,2.0,2,1,"Varthur, Bengaluru",7,14,Semi Furnished,Unknown,2.6,Ready to Move,,False,Synthetic
SYN_03274,25660000,1788,3.0,3,1,"Gunjur Palya, Bengaluru",10,32,Unfurnished,West,1.1,Upcoming,2027-12-04,True,Synthetic
SYN_03275,10820000,730,2.0,2,1,"Balagere, Bengaluru",8,14,Semi Furnished,East,1.0,Ready to Move,,False,Synthetic
SYN_03276,30200000,1615,3.0,3,1,"Sri Balaji Krupa Layout, R.K. Hegde Nagar",5,7,Semi Furnished,North,3.8,Ready to Move,,False,Synthetic
SYN_03277,11440000,1170,2.0,2,1,"Bengaluru Hardware Park, Bengaluru",12,43,Unfurnished,East,3.0,Upcoming,2027-01-02,True,Synthetic
SYN_03278,12840000,1012,2.5,3,1,"Manayata Tech Park, Thanisandra",20,35,Unfurnished,Unknown,0.8,Upcoming,2031-01-12,True,Synthetic
SYN_03279,6410000,1045,2.0,2,1,"BEML Cooperative Society Layout, Bengaluru",3,13,Unfurnished,North,4.0,Ready to Move,,True,Synthetic
SYN_03280,9050000,1090,2.0,2,1,"Sompura, Bengaluru",17,19,Semi Furnished,Unknown,3.0,Ready to Move,,False,Synthetic
SYN_03281,18940000,1055,3.0,2,1,"Gowda Muniswamy Garden, Ejipura",30,31,Semi Furnished,East,9.9,Ready to Move,,False,Synthetic
SYN_03282,13300000,912,2.0,2,1,"Dodsworth Layout, Whitefield",2,4,Semi Furnished,Unknown,10.0,Upcoming,2028-10-14,True,Synthetic
SYN_03283,16020000,1230,2.0,2,1,"Gunjur Village, Bengaluru",1,12,Unfurnished,North,15.0,Ready to Move,,True,Synthetic
SYN_03284,12100000,1020,2.0,2,1,"Govinda Reddy Layout, Panduranga Nagar",8,9,Semi Furnished,West,9.4,Ready to Move,,False,Synthetic
SYN_03285,15980000,1449,3.0,3,0,"Bommasandra Industrial Area, Bommasandra",3,4,Unfurnished,East,8.0,Ready to Move,,False,Synthetic
SYN_03286,14790000,1287,3.0,3,2,"Manayata Tech Park, Thanisandra",5,22,Semi Furnished,East,1.5,Ready to Move,,False,Synthetic
SYN_03287,16820000,1199,3.0,3,1,"Uttarahalli -Manavarthekaval, Bengaluru",11,33,Unfurnished,East,2.0,Upcoming,2031-10-04,True,Synthetic
SYN_03288,17490000,1762,3.0,3,1,"Chikkagubbi Village, Bengaluru",2,14,Unfurnished,East,17.5,Upcoming,2026-09-12,True,Synthetic
SYN_03289,11970000,1176,2.0,2,1,"Huvinayakanahalli, Bengaluru",0,6,Semi Furnished,Unknown,0.3,Ready to Move,,False,Synthetic
SYN_03290,12840000,1278,3.0,3,2,"Avalahalli, Avalahalli",3,4,Semi Furnished,East,7.2,Ready to Move,,False,Synthetic
SYN_03291,72090000,3970,5.0,5,2,"Kariyammana Agrahara, Bellandur",3,3,Unfurnished,East,7.2,Ready to Move,,False,Synthetic
SYN_03292,11550000,1141,2.0,2,1,"Varthur, Bengaluru",14,18,Semi Furnished,East,8.1,Ready to Move,,False,Synthetic
SYN_03293,18600000,1239,2.0,2,1,"Subramanyapura, Bengaluru",1,14,Semi Furnished,West,7.5,Ready to Move,,False,Synthetic
SYN_03294,15940000,1384,3.0,3,1,"Narayanapura, Bengaluru",4,18,Semi Furnished,West,3.5,Ready to Move,,False,Synthetic
SYN_03295,8990000,951,2.0,2,1,"Dodsworth Layout, Whitefield",4,14,Unfurnished,East,2.0,Ready to Move,,False,Synthetic
SYN_03296,25430000,2585,3.5,3,2,"Sonam Layout, Visthar",16,27,Semi Furnished,East,15.5,Ready to Move,,False,Synthetic
SYN_03297,16700000,1382,3.0,2,1,"Devin Paradise Enclave, Tirumanahalli",1,21,Semi Furnished,North,9.3,Ready to Move,,True,Synthetic
SYN_03298,12400000,1471,2.0,2,2,"Veer Sandra, Electronic City",7,12,Unfurnished,East,1.9,Ready to Move,,False,Synthetic
SYN_03299,29100000,1652,3.0,3,3,"Stage 3, Indira Nagar",1,9,Unfurnished,West,1.0,Ready to Move,,False,Synthetic
SYN_03300,45420000,2048,3.0,2,2,"Shabhari Nagar, Sahakara Nagar",37,38,Unfurnished,West,11.0,Ready to Move,,False,Synthetic
SYN_03301,12830000,881,2.0,2,2,"Chikkakannalli, Bengaluru",17,25,Unfurnished,East,1.0,Ready to Move,,False,Synthetic
SYN_03302,15070000,1396,2.0,2,1,"Bommenahalli, Bengaluru",8,10,Fully Furnished,West,2.9,Ready to Move,,False,Synthetic
SYN_03303,38950000,1417,3.0,3,1,"Someshwara Layout, Doddakannelli",3,4,Fully Furnished,West,4.0,Ready to Move,,True,Synthetic
SYN_03304,43160000,1448,3.0,3,1,"Suncity Gloria, Carmelaram",1,14,Fully Furnished,West,0.7,Ready to Move,,False,Synthetic
SYN_03305,19140000,1220,2.0,2,1,"White Acres, Chansandra",10,25,Semi Furnished,Unknown,10.0,Ready to Move,,False,Synthetic
SYN_03306,21450000,1825,3.0,3,1,"Chikkagubbi Village, Bengaluru",6,12,Fully Furnished,Unknown,20.2,Ready to Move,,False,Synthetic
SYN_03307,14950000,1434,3.0,2,1,"Shivanahalli 2nd Stage, Nehru Nagar",6,29,Semi Furnished,Unknown,4.5,Ready to Move,,False,Synthetic
SYN_03308,13560000,977,2.0,2,1,"Varthur, Bengaluru",9,11,Semi Furnished,West,0.9,Ready to Move,,False,Synthetic
SYN_03309,32030000,1643,3.0,3,2,"Sector 2, Somasundarapalya",2,12,Unfurnished,North,2.0,Ready to Move,,False,Synthetic
SYN_03310,47500000,2366,3.0,3,1,"Sector 5, HSR Layout",5,27,Unfurnished,Unknown,1.7,Ready to Move,,False,Synthetic
SYN_03311,37130000,1825,3.0,2,1,"Basavanna Nagar, K R Puram",9,31,Unfurnished,West,3.4,Ready to Move,,False,Synthetic
SYN_03312,24940000,2021,3.0,3,1,"V S Reddy Colony, Kadugodi",1,4,Unfurnished,East,5.0,Ready to Move,,False,Synthetic
SYN_03313,16840000,1282,3.0,3,1,"Gunjur Village, Bengaluru",2,6,Unfurnished,East,3.8,Ready to Move,,False,Synthetic
SYN_03314,16780000,1144,2.0,2,1,"Panathur, Bengaluru",0,5,Semi Furnished,North,15.0,Ready to Move,,False,Synthetic
SYN_03315,18290000,1368,3.0,3,1,"Nallurhalli, Whitefield",14,19,Semi Furnished,North,1.0,Ready to Move,,False,Synthetic
SYN_03316,20550000,1448,3.0,2,1,"East Of NGEF Layout, Kasturi Nagar",18,18,Semi Furnished,East,15.0,Ready to Move,,False,Synthetic
SYN_03317,19460000,1776,3.0,3,1,"Devin Paradise Enclave, Tirumanahalli",14,14,Unfurnished,East,1.4,Ready to Move,,False,Synthetic
SYN_03318,24820000,1552,3.0,2,1,"Nallurhalli, Whitefield",4,4,Unfurnished,East,9.0,Ready to Move,,False,Synthetic
SYN_03319,13070000,1040,2.0,2,1,"Kothnur, JP Nagar",3,3,Unfurnished,North,8.0,Ready to Move,,False,Synthetic
SYN_03320,21730000,1471,2.0,2,1,"Gunjur Village, Bengaluru",6,11,Unfurnished,West,7.6,Ready to Move,,False,Synthetic
SYN_03321,18170000,1597,3.0,3,1,"Sannatammanahalli, Battarahalli",12,15,Semi Furnished,East,10.0,Ready to Move,,False,Synthetic
SYN_03322,16240000,1048,2.0,1,2,"Manayata Tech Park, Thanisandra",2,4,Semi Furnished,East,4.0,Ready to Move,,False,Synthetic
SYN_03323,15030000,978,2.0,2,1,"Gunjur Village, Bengaluru",0,7,Semi Furnished,West,1.2,Ready to Move,,False,Synthetic
SYN_03324,15290000,1226,2.0,2,1,"Sarjapur, Bengaluru",9,12,Semi Furnished,North,3.0,Ready to Move,,False,Synthetic
SYN_03325,6140000,730,2.0,2,1,"Utsav Raaga, Kannuru",4,12,Unfurnished,West,15.0,Ready to Move,,False,Synthetic
SYN_03326,12380000,1244,2.0,2,1,"Laxminarayana Layout, Whitefield",0,23,Semi Furnished,West,11.0,Ready to Move,,True,Synthetic
SYN_03327,17050000,1333,2.0,2,0,"Sompura, Bengaluru",17,23,Fully Furnished,North,6.0,Ready to Move,,False,Synthetic
SYN_03328,37920000,3202,4.0,4,3,"Upkar Layout, Whitefield",1,4,Semi Furnished,West,7.3,Ready to Move,,False,Synthetic
SYN_03329,16540000,1272,3.0,2,2,"Ardendale, Kannamangala - Whitefield Hoskote Road",16,31,Semi Furnished,East,1.6,Ready to Move,,False,Synthetic
SYN_03330,11820000,742,2.0,2,1,"Chikkakannalli, Bengaluru",6,9,Semi Furnished,East,8.2,Ready to Move,,False,Synthetic
SYN_03331,12160000,991,2.0,2,2,"Bhoganhalli, Bengaluru",4,18,Unfurnished,North,3.0,Ready to Move,,True,Synthetic
SYN_03332,39370000,2565,3.0,2,1,"Balagere, Bengaluru",13,17,Unfurnished,East,1.4,Ready to Move,,False,Synthetic
SYN_03333,34910000,2660,4.0,4,2,"Devasthanagalu, Varthur",9,14,Unfurnished,North,10.0,Upcoming,2028-02-03,True,Synthetic
SYN_03334,11020000,1500,3.0,3,1,"MCECHS Layout Phase 1, R.K. Hegde Nagar",3,7,Unfurnished,North,0.7,Ready to Move,,False,Synthetic
SYN_03335,15260000,1200,2.0,2,1,"Virgonagar, Aavalahalli",6,15,Fully Furnished,Unknown,3.0,Ready to Move,,False,Synthetic
SYN_03336,7590000,762,2.0,2,2,"Parkway Homes, Rayasandra",20,28,Semi Furnished,North,9.7,Ready to Move,,False,Synthetic
SYN_03337,14920000,1754,3.0,3,1,"Utsav Raaga, Kannuru",2,6,Unfurnished,Unknown,7.8,Ready to Move,,False,Synthetic
SYN_03338,13270000,1163,2.0,2,0,"Samethanahalli, Bengaluru",10,28,Unfurnished,East,11.5,Ready to Move,,False,Synthetic
SYN_03339,19380000,1456,2.0,2,1,"Chikkakannalli, Bengaluru",2,8,Unfurnished,East,0.6,Ready to Move,,False,Synthetic
SYN_03340,11500000,997,2.0,2,1,"Labour Colony, Srirampuram",7,9,Unfurnished,East,1.0,Ready to Move,,False,Synthetic
SYN_03341,16740000,1159,2.0,2,1,"Chikkagubbi Village, Bengaluru",8,20,Semi Furnished,West,7.9,Ready to Move,,False,Synthetic
SYN_03342,23090000,1865,3.0,3,1,"Gummanahalli, Bengaluru",9,10,Unfurnished,East,3.2,Ready to Move,,False,Synthetic
SYN_03343,13400000,1877,3.0,2,1,"Mullur, Bengaluru",4,4,Semi Furnished,East,3.0,Ready to Move,,False,Synthetic
SYN_03344,28530000,2232,4.0,4,1,"Maruthi Nagar, Yelahanka",10,14,Unfurnished,East,1.4,Upcoming,2026-06-14,True,Synthetic
SYN_03345,27670000,1727,3.0,3,1,"Anjanadri Layout, K R Puram",1,38,Unfurnished,East,1.0,Ready to Move,,False,Synthetic
SYN_03346,15430000,1206,3.0,2,1,"Nehru Nagar, Bengaluru",19,20,Unfurnished,Unknown,1.5,Ready to Move,,False,Synthetic
SYN_03347,11790000,1479,3.0,3,1,"Reliaable Tranquil Layout, Bengaluru",1,6,Semi Furnished,East,1.0,Ready to Move,,False,Synthetic
SYN_03348,10170000,1332,3.0,2,1,"Sree Narayana Nagar, Kadagrahara",1,21,Semi Furnished,East,4.8,Ready to Move,,False,Synthetic
SYN_03349,15510000,1271,2.0,2,1,"Gummanahalli, Bengaluru",4,4,Semi Furnished,Unknown,1.0,Ready to Move,,False,Synthetic
SYN_03350,25880000,1730,3.0,3,2,"Sathnur, Bengaluru",20,21,Unfurnished,East,6.0,Ready to Move,,False,Synthetic
SYN_03351,6520000,1320,2.0,2,1,"Embassy Golf Links Business Park, Challaghatta",12,13,Unfurnished,East,1.0,Ready to Move,,False,Synthetic
SYN_03352,10650000,1152,2.0,2,1,"AGS Layout, RMV Extension Stage 2",8,14,Unfurnished,West,0.4,Ready to Move,,False,Synthetic
SYN_03353,12460000,1338,3.0,3,1,"Cholanayakanahalli, Hebbal",12,15,Semi Furnished,West,18.1,Ready to Move,,False,Synthetic
SYN_03354,9070000,730,2.0,2,1,"Budigere Cross, Bengaluru",2,29,Semi Furnished,North,1.0,Ready to Move,,False,Synthetic
SYN_03355,11900000,1258,2.0,2,1,"Gunjur Palya, Bengaluru",12,23,Unfurnished,East,1.1,Ready to Move,,False,Synthetic
SYN_03356,20710000,1625,3.0,2,2,"Hadosiddapura, Carmelaram",21,23,Unfurnished,East,15.0,Ready to Move,,False,Synthetic
SYN_03357,13830000,1233,2.0,2,1,"Thubarahalli, Whitefield",11,14,Unfurnished,Unknown,6.9,Ready to Move,,False,Synthetic
SYN_03358,23110000,1939,3.0,3,1,"Maruthi Nagar, Yelahanka",10,15,Unfurnished,Unknown,8.0,Ready to Move,,False,Synthetic
SYN_03359,18540000,1622,3.0,2,1,"Someshwara Layout, Doddakannelli",4,4,Semi Furnished,East,1.1,Ready to Move,,False,Synthetic
SYN_03360,19510000,1863,3.0,3,1,"3G Homes Crimson Layout, Kadugodi",5,30,Unfurnished,North,13.2,Ready to Move,,False,Synthetic
SYN_03361,13000000,1391,2.5,2,1,"Kanakapura, Basavanagudi",18,41,Unfurnished,Unknown,9.0,Ready to Move,,False,Synthetic
SYN_03362,10830000,1087,2.0,2,1,"Phase I, Electronic City",0,4,Semi Furnished,Unknown,2.0,Ready to Move,,False,Synthetic
SYN_03363,15920000,1586,3.0,3,1,"Sadanandanagar, Bennigana Halli",17,31,Semi Furnished,East,4.1,Ready to Move,,True,Synthetic
SYN_03364,14360000,1378,2.0,2,1,"Gunjur, Bengaluru",4,24,Unfurnished,East,3.0,Ready to Move,,False,Synthetic
SYN_03365,12310000,1183,2.0,2,2,"Chikkakannalli, Bengaluru",4,9,Unfurnished,West,8.5,Ready to Move,,False,Synthetic
SYN_03366,17670000,1250,2.0,2,1,"Raghuvanahalli, Subramanyapura",1,5,Semi Furnished,East,1.6,Ready to Move,,False,Synthetic
SYN_03367,14630000,908,2.0,2,1,"Dasanapura, Bengaluru",12,13,Semi Furnished,Unknown,8.0,Ready to Move,,False,Synthetic
SYN_03368,26180000,2095,3.0,2,1,"Akshaya Vana, Akshayanagar",5,8,Semi Furnished,North,1.2,Ready to Move,,False,Synthetic
SYN_03369,11670000,1275,3.0,2,1,"Chikku Lakshmaiah Layout, Adugodi",10,16,Unfurnished,East,5.4,Ready to Move,,False,Synthetic
SYN_03370,16730000,1526,3.0,2,1,"Stage 3, Indira Nagar",36,41,Semi Furnished,Unknown,3.0,Ready to Move,,False,Synthetic
SYN_03371,21210000,1386,2.0,2,0,"3G Homes Crimson Layout, Kadugodi",8,19,Semi Furnished,East,4.3,Ready to Move,,False,Synthetic
SYN_03372,5450000,964,2.0,2,2,"Sampigehalli, Bengaluru",4,4,Semi Furnished,West,0.8,Ready to Move,,False,Synthetic
SYN_03373,7270000,790,2.0,2,1,"3G Homes Crimson Layout, Kadugodi",7,14,Semi Furnished,East,8.0,Ready to Move,,False,Synthetic
SYN_03374,22570000,1777,3.0,3,1,"Sarjapur, Bengaluru",0,26,Unfurnished,Unknown,2.6,Ready to Move,,False,Synthetic
SYN_03375,6980000,881,2.0,2,1,"Doctor Layout, Rayasandra",7,9,Fully Furnished,North,2.5,Ready to Move,,False,Synthetic
SYN_03376,11640000,1253,2.0,2,1,"Thyvakanahally, Bengaluru",22,28,Semi Furnished,East,0.8,Ready to Move,,False,Synthetic
SYN_03377,10020000,938,2.0,2,1,"Stage 3, Indira Nagar",0,14,Semi Furnished,North,10.0,Ready to Move,,False,Synthetic
SYN_03378,4970000,432,1.0,1,1,"Gummanahalli, Bengaluru",28,28,Unfurnished,North,3.5,Ready to Move,,False,Synthetic
SYN_03379,22460000,1481,3.0,2,1,"Sonnenahalli, K R Puram",9,13,Unfurnished,North,18.7,Ready to Move,,False,Synthetic
SYN_03380,62550000,3922,4.0,4,1,"Rohan Iksha, Bhoganhalli",1,4,Unfurnished,West,7.1,Ready to Move,,False,Synthetic
SYN_03381,8750000,1579,3.0,3,1,"Belathur, K R Puram",20,27,Semi Furnished,West,25.8,Ready to Move,,False,Synthetic
SYN_03382,48000000,3544,4.0,3,1,"Ambedkar Colony, Yelahanka",1,19,Unfurnished,West,10.5,Ready to Move,,False,Synthetic
SYN_03383,15810000,1233,2.0,2,1,"Kengeri Village, Kengeri",2,13,Unfurnished,East,9.0,Ready to Move,,True,Synthetic
SYN_03384,8090000,1210,3.0,2,1,"V. Kallahalli, Bengaluru",4,13,Semi Furnished,West,7.5,Ready to Move,,False,Synthetic
SYN_03385,8890000,699,1.0,1,2,"Aishwarya Crystal Layout, Begur",19,28,Unfurnished,East,4.4,Ready to Move,,False,Synthetic
SYN_03386,23370000,1967,3.0,2,1,"Kodathi, Bengaluru",5,21,Semi Furnished,East,5.1,Ready to Move,,True,Synthetic
SYN_03387,11600000,976,2.0,2,2,"Pai Layout, Mahadevapura",3,7,Semi Furnished,West,2.0,Ready to Move,,False,Synthetic
SYN_03388,7240000,1034,2.0,2,1,"Phase I, Electronic City",6,9,Semi Furnished,Unknown,7.0,Ready to Move,,False,Synthetic
SYN_03389,14590000,1463,3.0,3,1,"Parkway Homes, Rayasandra",2,23,Unfurnished,West,4.0,Ready to Move,,False,Synthetic
SYN_03390,12540000,898,2.0,2,1,"Balagere, Bengaluru",14,26,Semi Furnished,West,15.1,Ready to Move,,False,Synthetic
SYN_03391,14570000,1156,3.0,3,1,"V. Kallahalli, Bengaluru",3,5,Unfurnished,East,6.0,Ready to Move,,False,Synthetic
SYN_03392,24190000,1908,3.0,2,1,"Thigala Chowdadenahalli, Bengaluru",0,11,Unfurnished,North,1.0,Ready to Move,,False,Synthetic
SYN_03393,20360000,1743,3.0,3,1,"Akshaya Vana, Akshayanagar",15,28,Semi Furnished,East,3.3,Ready to Move,,False,Synthetic
SYN_03394,8310000,1034,2.0,2,1,"Gulimangala, Bengaluru",15,18,Semi Furnished,East,7.0,Ready to Move,,False,Synthetic
SYN_03395,18840000,1278,3.0,3,1,"Jayanagar Housing Society Layout, Subramanyapura",3,14,Semi Furnished,Unknown,12.0,Upcoming,2025-12-21,True,Synthetic
SYN_03396,12400000,1878,3.0,3,1,"Munnekollal, Bengaluru",4,16,Semi Furnished,Unknown,10.0,Upcoming,2027-02-21,True,Synthetic
SYN_03397,17460000,1094,2.0,2,1,"Devasthanagalu, Varthur",3,4,Semi Furnished,East,20.0,Ready to Move,,False,Synthetic
SYN_03398,23880000,1469,3.0,3,4,"Phase I, Electronic City",4,8,Unfurnished,Unknown,1.0,Ready to Move,,True,Synthetic
SYN_03399,22310000,1708,3.0,3,1,"Hanumanthappa Layout, Kyalasanahalli",10,14,Unfurnished,Unknown,20.0,Ready to Move,,True,Synthetic
SYN_03400,10090000,1000,2.0,2,1,"Gummanahalli, Bengaluru",1,14,Semi Furnished,East,1.4,Ready to Move,,False,Synthetic
SYN_03401,20520000,1992,3.0,3,1,"Raghuvanahalli, Bangalore City Municipal Corporation Layout",6,6,Semi Furnished,West,1.7,Ready to Move,,False,Synthetic
SYN_03402,18250000,1097,2.0,2,1,"Reliaable Lifestyle Layout, Harlur",2,18,Unfurnished,Unknown,1.2,Ready to Move,,False,Synthetic
SYN_03403,12220000,1103,2.0,2,1,"Industrial Area, Hoodi",1,4,Fully Furnished,North,4.0,Ready to Move,,False,Synthetic
SYN_03404,21990000,1443,3.0,3,1,"Maruthi Nagar, Yelahanka",13,28,Unfurnished,West,8.5,Ready to Move,,False,Synthetic
SYN_03405,12370000,1109,3.0,3,1,"Gummanahalli, Bengaluru",14,18,Unfurnished,East,4.2,Ready to Move,,False,Synthetic
SYN_03406,28950000,1895,3.0,3,1,"Chikkabana Halli, Bengaluru",7,29,Semi Furnished,West,8.2,Ready to Move,,False,Synthetic
SYN_03407,10980000,869,2.0,2,1,"Sarjapur, Bengaluru",10,21,Semi Furnished,West,0.1,Ready to Move,,False,Synthetic
SYN_03408,12430000,1190,2.0,2,1,"Koralur, Samethanahalli",4,11,Semi Furnished,North,10.0,Ready to Move,,False,Synthetic
SYN_03409,14590000,1448,3.0,3,1,"Harsha Layout, Kengeri Satellite Town",9,23,Semi Furnished,South,25.5,Ready to Move,,True,Synthetic
SYN_03410,23120000,1312,3.0,3,1,"Hulimavu, Bengaluru",3,28,Unfurnished,West,4.0,Ready to Move,,False,Synthetic
SYN_03411,13390000,1453,3.0,2,1,"63 Degrees East, Chikkakannalli",4,4,Unfurnished,West,15.0,Upcoming,2028-04-19,True,Synthetic
SYN_03412,11520000,927,2.0,2,1,"Devin Paradise Enclave, Chokkanahalli",10,14,Unfurnished,East,2.0,Ready to Move,,False,Synthetic
SYN_03413,18150000,1115,2.0,2,1,"Uttarahalli -Manavarthekaval, Bengaluru",1,21,Semi Furnished,East,1.0,Upcoming,2026-09-09,True,Synthetic
SYN_03414,13610000,1067,2.0,2,1,"Eastwood Township, Harlur",0,18,Semi Furnished,East,0.7,Ready to Move,,False,Synthetic
SYN_03415,13800000,1213,2.0,2,1,"Devasthanagalu, Varthur",0,4,Semi Furnished,Unknown,0.8,Ready to Move,,False,Synthetic
SYN_03416,20310000,1702,3.0,3,1,"Lakedew Residency- Phase 2, Harlur",0,22,Semi Furnished,North,1.3,Ready to Move,,False,Synthetic
SYN_03417,11200000,1523,3.0,3,1,"Nagavarapalya, C V Raman Nagar",2,4,Unfurnished,East,9.8,Ready to Move,,False,Synthetic
SYN_03418,20150000,1621,3.0,3,1,"Balagere, Bengaluru",30,31,Unfurnished,South,1.2,Upcoming,2028-12-24,True,Synthetic
SYN_03419,11720000,866,2.0,2,1,"Nallurhalli, Whitefield",0,5,Unfurnished,East,1.0,Ready to Move,,False,Synthetic
SYN_03420,5960000,946,2.0,2,1,"Glass Factory Layout, Electronic City",12,14,Semi Furnished,North,10.8,Ready to Move,,False,Synthetic
SYN_03421,9890000,1235,2.0,2,1,"DNA Eden View, Whitefield",0,5,Semi Furnished,East,1.8,Ready to Move,,False,Synthetic
SYN_03422,26510000,2164,3.0,3,1,"Block A, Brookefield",10,26,Semi Furnished,East,0.9,Ready to Move,,False,Synthetic
SYN_03423,9820000,665,1.0,1,1,"Sathya Sai Layout, Whitefield",5,16,Semi Furnished,Unknown,3.5,Ready to Move,,False,Synthetic
SYN_03424,31520000,1993,3.0,3,1,"Hosapalya, Kudlu Gate",10,16,Fully Furnished,East,10.0,Upcoming,2026-12-10,True,Synthetic
SYN_03425,26600000,1785,3.0,3,1,"Sri Venkateshpura Layout, Sampigehalli",1,5,Unfurnished,East,9.8,Ready to Move,,False,Synthetic
SYN_03426,16280000,1243,2.0,2,1,"Dodsworth Layout, Whitefield",6,13,Unfurnished,East,1.0,Ready to Move,,False,Synthetic
SYN_03427,10770000,822,2.0,2,1,"Kannuru, Bengaluru",0,4,Semi Furnished,West,1.0,Ready to Move,,False,Synthetic
SYN_03428,15650000,1294,2.0,2,1,"V. Kallahalli, Bengaluru",6,21,Unfurnished,West,9.0,Ready to Move,,False,Synthetic
SYN_03429,36470000,2160,4.0,4,1,"Chikkabana Halli, Bengaluru",11,13,Unfurnished,South,8.0,Ready to Move,,False,Synthetic
SYN_03430,9280000,1348,3.0,3,1,"Akshaya Vana, Akshayanagar",37,38,Unfurnished,North,20.0,Ready to Move,,False,Synthetic
SYN_03431,12970000,966,2.0,2,1,"Balagere, Bengaluru",4,22,Semi Furnished,East,10.7,Ready to Move,,False,Synthetic
SYN_03432,41270000,2351,4.0,4,2,"Lords Steps Layout, Panathur",14,25,Semi Furnished,West,1.0,Ready to Move,,True,Synthetic
SYN_03433,11380000,1071,2.0,2,1,"Konappana Agrahara, Electronic City",0,18,Unfurnished,Unknown,2.2,Ready to Move,,False,Synthetic
SYN_03434,21280000,1477,3.0,3,2,"Sri Venkateshpura Layout, Sampigehalli",25,26,Unfurnished,Unknown,12.9,Ready to Move,,False,Synthetic
SYN_03435,12550000,1262,2.0,2,1,"Gunjur, Bengaluru",5,21,Semi Furnished,Unknown,9.0,Ready to Move,,False,Synthetic
SYN_03436,10350000,865,2.0,2,1,"Choodasandra, Bengaluru",3,5,Unfurnished,East,10.5,Ready to Move,,False,Synthetic
SYN_03437,16120000,1548,3.0,2,1,"Dream Meadows, Brookefield",2,5,Unfurnished,Unknown,28.0,Ready to Move,,False,Synthetic
SYN_03438,30300000,1919,3.5,4,2,"Dommasandra, Bengaluru",3,18,Fully Furnished,East,4.8,Upcoming,2026-03-18,True,Synthetic
SYN_03439,9560000,891,2.0,2,1,"Chaithanya Samarth, Bommenahalli",1,7,Semi Furnished,East,6.1,Ready to Move,,False,Synthetic
SYN_03440,10130000,895,2.0,2,1,"Prakruthi Nagar, Kogilu",7,8,Semi Furnished,North,0.9,Ready to Move,,False,Synthetic
SYN_03441,15750000,1236,2.0,2,1,"Doddakannelli, Bengaluru",4,4,Semi Furnished,West,2.8,Ready to Move,,False,Synthetic
SYN_03442,23600000,1786,3.0,3,1,"Maruthi Nagar, Yelahanka",3,14,Unfurnished,East,7.0,Ready to Move,,False,Synthetic
SYN_03443,3960000,434,1.0,1,1,"Boovanahalli, Bengaluru",13,14,Unfurnished,Unknown,1.8,Ready to Move,,False,Synthetic
SYN_03444,17710000,1195,3.0,2,1,"Gunjur Village, Bengaluru",0,7,Fully Furnished,South,9.7,Ready to Move,,False,Synthetic
SYN_03445,7640000,1241,2.0,2,1,"Janatha Colony, Chikkanagamangala",10,12,Semi Furnished,East,4.0,Ready to Move,,False,Synthetic
SYN_03446,31340000,2181,3.5,3,2,"Sri Balaji Krupa Layout, R.K. Hegde Nagar",5,6,Unfurnished,West,3.3,Ready to Move,,False,Synthetic
SYN_03447,26410000,1653,3.0,2,1,"Sri Balaji Krupa Layout, R.K. Hegde Nagar",12,13,Semi Furnished,East,5.9,Ready to Move,,True,Synthetic
SYN_03448,5400000,1066,2.0,2,1,"Jigani, Bengaluru",0,5,Semi Furnished,East,3.0,Ready to Move,,False,Synthetic
SYN_03449,24030000,1857,3.0,3,1,"Dommasandra, Bengaluru",16,22,Semi Furnished,East,9.4,Ready to Move,,True,Synthetic
SYN_03450,8490000,1214,2.0,2,1,"Krishna Reddy Layout, Domlur Layout",0,22,Semi Furnished,Unknown,1.0,Ready to Move,,False,Synthetic
SYN_03451,20800000,1669,3.0,2,1,"Dodsworth Layout, Whitefield",1,28,Semi Furnished,West,10.4,Ready to Move,,False,Synthetic
SYN_03452,16790000,1478,3.0,3,2,"Hosahalli, Bengaluru",3,12,Unfurnished,Unknown,0.6,Ready to Move,,False,Synthetic
SYN_03453,24730000,1757,3.0,3,2,"Sai Sree Layout, Parappana Agrahara",10,19,Unfurnished,North,11.0,Ready to Move,,False,Synthetic
SYN_03454,4630000,838,2.0,2,1,"BEML Cooperative Society Layout, Bengaluru",8,19,Semi Furnished,North,1.9,Ready to Move,,False,Synthetic
SYN_03455,18470000,1109,2.0,2,1,"Hoodi, Bengaluru",3,20,Semi Furnished,West,9.7,Ready to Move,,False,Synthetic
SYN_03456,23340000,2060,3.0,2,1,"Boovanahalli, Bengaluru",1,4,Semi Furnished,West,15.0,Ready to Move,,False,Synthetic
SYN_03457,15060000,1040,3.0,2,1,"Panathur, Bengaluru",8,18,Semi Furnished,North,5.3,Ready to Move,,True,Synthetic
SYN_03458,10650000,1096,2.0,2,1,"Hunasamaranahalli, Bengaluru",8,30,Semi Furnished,West,11.1,Ready to Move,,False,Synthetic
SYN_03459,21190000,1539,3.0,2,1,"Vastu Bhoomi, K R Puram",16,21,Unfurnished,North,6.7,Upcoming,2027-05-18,True,Synthetic
SYN_03460,17310000,1493,3.0,3,2,"Aishwarya Crystal Layout, Begur",17,18,Unfurnished,East,1.0,Ready to Move,,False,Synthetic
SYN_03461,24310000,2015,4.0,4,2,"Hebbal, Bengaluru",10,16,Unfurnished,East,8.7,Upcoming,2026-05-19,True,Synthetic
SYN_03462,14210000,1310,2.0,2,1,"Gummanahalli, Bengaluru",1,14,Semi Furnished,East,9.0,Ready to Move,,False,Synthetic
SYN_03463,13750000,1556,3.0,3,1,"Whitefield, Bengaluru",4,9,Semi Furnished,West,5.9,Ready to Move,,False,Synthetic
SYN_03464,20200000,1137,2.0,2,1,"Thyvakanahally, Bengaluru",5,28,Semi Furnished,East,3.0,Ready to Move,,False,Synthetic
SYN_03465,17170000,1361,3.0,3,1,"Kempapura Agrahara, Bengaluru",0,14,Unfurnished,Unknown,6.1,Ready to Move,,False,Synthetic
SYN_03466,8550000,879,2.0,2,1,"Sree Narayana Nagar, Kadagrahara",4,33,Unfurnished,Unknown,3.3,Ready to Move,,False,Synthetic
SYN_03467,30330000,2013,3.0,3,1,"Anchepalya, Bengaluru",4,4,Semi Furnished,East,1.1,Ready to Move,,False,Synthetic
SYN_03468,20340000,1061,2.0,2,1,"Bhoganhalli, Bengaluru",3,7,Unfurnished,East,15.0,Ready to Move,,False,Synthetic
SYN_03469,13760000,1152,2.0,2,1,"Silver Springs Layout, Munnekollal",9,21,Unfurnished,Unknown,5.0,Ready to Move,,False,Synthetic
SYN_03470,29660000,1921,3.0,3,1,"Vasthu Layout, Parappana Agrahara",6,17,Semi Furnished,West,2.2,Ready to Move,,False,Synthetic
SYN_03471,20910000,1658,3.0,3,1,"Chikkakannalli, Bengaluru",1,8,Unfurnished,North,1.0,Upcoming,2028-11-08,True,Synthetic
SYN_03472,28400000,1492,3.0,3,1,"Shabhari Nagar, Sahakara Nagar",4,16,Semi Furnished,South,0.7,Ready to Move,,False,Synthetic
SYN_03473,25290000,1902,3.0,3,2,"Hadosiddapura, Carmelaram",4,4,Semi Furnished,West,7.0,Ready to Move,,False,Synthetic
SYN_03474,13800000,1880,3.0,3,2,"Boovanahalli, Bengaluru",4,13,Unfurnished,West,9.6,Ready to Move,,False,Synthetic
SYN_03475,18370000,1664,3.0,3,1,"Anekal, Bengaluru",1,4,Semi Furnished,East,1.1,Upcoming,2026-09-28,True,Synthetic
SYN_03476,23930000,1725,3.0,3,1,"Budigere Cross, Bengaluru",10,12,Unfurnished,Unknown,1.5,Ready to Move,,False,Synthetic
SYN_03477,6660000,623,1.0,1,2,"Gummanahalli, Bengaluru",15,27,Unfurnished,East,0.6,Upcoming,2028-08-17,True,Synthetic
SYN_03478,16650000,1820,3.0,3,1,"G Muniyappa Garden, Cox Town",1,4,Semi Furnished,Unknown,8.4,Ready to Move,,True,Synthetic
SYN_03479,20240000,1354,2.5,2,1,"Sathya Sai Layout, Whitefield",4,19,Semi Furnished,Unknown,5.0,Ready to Move,,False,Synthetic
SYN_03480,21970000,1473,3.0,3,1,"Kodathi, Bengaluru",4,4,Unfurnished,Unknown,1.4,Ready to Move,,False,Synthetic
SYN_03481,11660000,1402,3.0,3,1,"Block A, Sahakara Nagar",3,10,Semi Furnished,Unknown,1.0,Ready to Move,,False,Synthetic
SYN_03482,17580000,1100,2.0,2,2,"Varthur, Bengaluru",5,14,Semi Furnished,North,8.5,Ready to Move,,False,Synthetic
SYN_03483,22850000,1560,3.0,3,1,"Vaikuntam Layout, Munnekollal",4,4,Unfurnished,East,0.7,Upcoming,2027-05-11,True,Synthetic
SYN_03484,35820000,2483,3.5,4,1,"Pattabhirama Nagar, Jayanagar",3,27,Semi Furnished,Unknown,16.0,Upcoming,2026-09-07,True,Synthetic
SYN_03485,13710000,1179,2.0,2,1,"Phase I, Electronic City",3,5,Semi Furnished,Unknown,3.0,Ready to Move,,False,Synthetic
SYN_03486,13130000,1158,2.0,2,1,"Devasthanagalu, Varthur",4,4,Unfurnished,West,12.9,Ready to Move,,False,Synthetic
SYN_03487,16370000,884,2.0,2,1,"Sarjapur, Bengaluru",16,27,Semi Furnished,East,0.9,Ready to Move,,False,Synthetic
SYN_03488,46390000,2238,3.0,3,1,"K R Garden, Murugeshpalya",2,14,Fully Furnished,West,2.6,Ready to Move,,False,Synthetic
SYN_03489,29920000,1779,3.0,2,1,"Mahaveer Orchid, Choodasandra",4,13,Fully Furnished,East,1.0,Ready to Move,,True,Synthetic
SYN_03490,22300000,1471,2.0,2,1,"Begur, Bengaluru",10,19,Semi Furnished,Unknown,10.9,Ready to Move,,False,Synthetic
SYN_03491,20340000,1423,2.0,2,0,"Sri Krishnadevaraya Layout, Agrahara Layout",33,33,Unfurnished,East,5.0,Ready to Move,,False,Synthetic
SYN_03492,13280000,1201,2.0,2,2,"Gunjur Village, Bengaluru",0,15,Fully Furnished,East,2.0,Ready to Move,,False,Synthetic
SYN_03493,35540000,1761,3.0,3,1,"Anchepalya, Bengaluru",3,5,Unfurnished,East,8.9,Ready to Move,,False,Synthetic
SYN_03494,25800000,1650,3.0,3,1,"Gummanahalli, Bengaluru",8,12,Unfurnished,North,3.6,Ready to Move,,False,Synthetic
SYN_03495,11970000,948,2.5,2,1,"Devasthanagalu, Varthur",5,10,Semi Furnished,North,0.9,Upcoming,2026-08-25,True,Synthetic
SYN_03496,6980000,843,2.0,2,1,"Dasanapura, Bengaluru",22,30,Semi Furnished,East,4.5,Ready to Move,,False,Synthetic
SYN_03497,24450000,2212,3.5,3,2,"Konadasapura, Bengaluru",0,17,Semi Furnished,Unknown,4.3,Upcoming,2026-03-13,True,Synthetic
SYN_03498,32510000,2076,3.0,3,1,"Yadavanahalli, Bengaluru",0,4,Semi Furnished,West,1.8,Ready to Move,,False,Synthetic
SYN_03499,5400000,518,1.0,1,1,"Devin Paradise Enclave, Tirumanahalli",5,14,Unfurnished,East,5.8,Ready to Move,,False,Synthetic
SYN_03500,17070000,1780,3.0,3,1,"Kacharakanahalli,Bisnahalli, Bengaluru",2,4,Semi Furnished,West,10.1,Ready to Move,,False,Synthetic
SYN_03501,11870000,1685,3.0,3,1,"Maithri Layout, Kadugodi",3,4,Unfurnished,East,0.2,Ready to Move,,False,Synthetic
SYN_03502,12820000,1044,2.0,2,1,"Kyalasanahalli, Bengaluru",5,5,Semi Furnished,West,3.0,Ready to Move,,False,Synthetic
SYN_03503,22010000,1246,2.0,2,1,"Immadihalli, Whitefield",27,29,Fully Furnished,Unknown,1.0,Ready to Move,,False,Synthetic
SYN_03504,13730000,1082,2.0,2,1,"Bellandur, Bengaluru",16,20,Unfurnished,North,1.1,Ready to Move,,False,Synthetic
SYN_03505,8610000,1268,2.0,2,1,"Kaggadasapura, Bengaluru",4,14,Semi Furnished,East,6.9,Ready to Move,,False,Synthetic
SYN_03506,30820000,2196,3.0,3,1,"Aishwarya Crystal Layout, Begur",2,5,Unfurnished,West,19.0,Ready to Move,,True,Synthetic
SYN_03507,9960000,1091,2.0,2,0,"Bhoganhalli, Bengaluru",4,19,Semi Furnished,North,30.2,Ready to Move,,False,Synthetic
SYN_03508,25660000,1922,3.0,3,1,"Raghuvanahalli, Subramanyapura",10,18,Unfurnished,Unknown,15.4,Upcoming,2026-07-09,True,Synthetic
SYN_03509,18630000,1533,3.0,3,1,"Shivanahalli 2nd Stage, Nehru Nagar",4,5,Unfurnished,South,2.7,Ready to Move,,False,Synthetic
SYN_03510,15510000,1283,2.0,2,1,"Balagere, Bengaluru",5,5,Semi Furnished,Unknown,6.9,Upcoming,2028-06-15,True,Synthetic
SYN_03511,9960000,1133,2.0,2,1,"Gummanahalli, Bengaluru",13,13,Unfurnished,East,6.0,Ready to Move,,False,Synthetic
SYN_03512,5810000,674,1.0,1,1,"Chikkagubbi Village, Bengaluru",12,19,Unfurnished,Unknown,1.2,Ready to Move,,False,Synthetic
SYN_03513,22550000,1807,3.0,3,2,"Dommasandra, Bengaluru",7,26,Unfurnished,Unknown,1.9,Ready to Move,,False,Synthetic
SYN_03514,8650000,1345,2.0,2,0,"Dommasandra, Bengaluru",13,32,Fully Furnished,East,1.0,Ready to Move,,False,Synthetic
SYN_03515,11570000,767,2.0,2,1,"Virgonagar, Aavalahalli",11,11,Semi Furnished,East,0.1,Ready to Move,,False,Synthetic
SYN_03516,24140000,1832,3.0,3,1,"Sector 1, HSR Layout",16,24,Unfurnished,East,20.0,Ready to Move,,False,Synthetic
SYN_03517,9800000,1230,3.0,3,1,"Channasandra Layout, Srinivaspura",0,3,Semi Furnished,Unknown,3.0,Ready to Move,,True,Synthetic
SYN_03518,28170000,1699,3.0,2,2,"Lords Steps Layout, Panathur",1,3,Semi Furnished,West,5.0,Ready to Move,,False,Synthetic
SYN_03519,22680000,1696,3.0,3,1,"Phase I, Electronic City",6,7,Unfurnished,North,3.0,Ready to Move,,False,Synthetic
SYN_03520,12830000,1289,2.0,2,2,"Sanjeevini Nagar, Bengaluru",4,5,Semi Furnished,North,5.6,Ready to Move,,False,Synthetic
SYN_03521,10410000,1111,2.0,2,1,"Kacharakanahalli,Bisnahalli, Bengaluru",4,5,Unfurnished,North,1.0,Ready to Move,,True,Synthetic
SYN_03522,22830000,1836,3.0,2,1,"Devasthanagalu, Varthur",12,14,Semi Furnished,Unknown,1.8,Ready to Move,,False,Synthetic
SYN_03523,9330000,928,2.0,2,1,"Hunasamaranahalli, Bengaluru",4,4,Semi Furnished,North,0.8,Ready to Move,,True,Synthetic
SYN_03524,9400000,1305,2.0,2,1,"Chikkakannalli, Bengaluru",7,12,Unfurnished,East,5.0,Ready to Move,,False,Synthetic
SYN_03525,22680000,1709,3.0,3,1,"Huvinayakanahalli, Bengaluru",1,18,Semi Furnished,West,2.5,Ready to Move,,False,Synthetic
SYN_03526,16750000,1223,2.0,2,1,"Suma Dhura Eden Garden, Chikkabana Halli",14,31,Semi Furnished,North,10.5,Ready to Move,,False,Synthetic
SYN_03527,14550000,1316,3.0,2,1,"Prakruthi Nagar, Kogilu",13,16,Semi Furnished,East,0.8,Ready to Move,,True,Synthetic
SYN_03528,15380000,1205,3.0,3,1,"Hadosiddapura, Carmelaram",3,5,Unfurnished,North,1.9,Ready to Move,,False,Synthetic
SYN_03529,11940000,1165,2.0,2,1,"Shanthala Nagar, Ashok Nagar",6,15,Semi Furnished,East,6.0,Ready to Move,,False,Synthetic
SYN_03530,14670000,1187,2.0,2,1,"Devarachikkana Halli, Bengaluru",9,12,Semi Furnished,North,1.7,Ready to Move,,False,Synthetic
SYN_03531,3450000,634,1.0,1,0,"Sarjapur, Bengaluru",18,21,Semi Furnished,Unknown,1.9,Ready to Move,,False,Synthetic
SYN_03532,11490000,1063,2.0,2,1,"Embassy Golf Links Business Park, Challaghatta",2,26,Unfurnished,East,5.3,Ready to Move,,False,Synthetic
SYN_03533,14110000,1471,2.0,2,1,"Ayyappa Nagar, K R Puram",25,28,Semi Furnished,East,6.0,Upcoming,2026-06-18,True,Synthetic
SYN_03534,19390000,1623,3.0,3,1,"OMBR Layout, Banaswadi",6,19,Fully Furnished,North,0.9,Ready to Move,,False,Synthetic
SYN_03535,6180000,630,1.0,1,1,"Thirumalashettyhally, Bengaluru",3,4,Unfurnished,West,1.0,Ready to Move,,False,Synthetic
SYN_03536,12610000,1471,2.0,2,1,"Kaverappa Layout, Kadubeesanahalli",0,4,Semi Furnished,East,4.0,Ready to Move,,False,Synthetic
SYN_03537,18980000,1471,2.0,2,1,"Aishwarya Crystal Layout, Begur",8,27,Semi Furnished,East,2.8,Ready to Move,,False,Synthetic
SYN_03538,19720000,1306,2.0,2,1,"Basavanapura, K R Puram",1,14,Semi Furnished,Unknown,10.1,Ready to Move,,False,Synthetic
SYN_03539,7880000,946,2.0,2,2,"Electronic City, Bengaluru",19,26,Semi Furnished,Unknown,3.7,Ready to Move,,False,Synthetic
SYN_03540,9480000,1153,2.0,2,1,"Dodsworth Layout, Whitefield",16,27,Unfurnished,Unknown,15.7,Ready to Move,,False,Synthetic
SYN_03541,10010000,1029,2.0,2,1,"Madhura Nagar, Bengaluru",21,31,Semi Furnished,Unknown,6.3,Ready to Move,,False,Synthetic
SYN_03542,15160000,1428,3.0,3,1,"Gummanahalli, Bengaluru",0,9,Unfurnished,South,10.0,Ready to Move,,False,Synthetic
SYN_03543,13890000,1184,2.0,2,1,"BEML Layout, RR Nagar",23,27,Semi Furnished,North,1.6,Ready to Move,,False,Synthetic
SYN_03544,11340000,1102,2.0,2,1,"Hosahalli, Bengaluru",2,5,Unfurnished,North,1.0,Ready to Move,,False,Synthetic
SYN_03545,15320000,1180,2.0,2,1,"Kaikondrahalli, Bengaluru",25,27,Semi Furnished,North,8.0,Ready to Move,,False,Synthetic
SYN_03546,17450000,1510,3.0,3,2,"Kanakapura, Bengaluru",1,4,Unfurnished,North,7.0,Ready to Move,,False,Synthetic
SYN_03547,18570000,1156,2.0,2,1,"Industrial Area, Hoodi",16,39,Unfurnished,East,2.0,Upcoming,2026-11-25,True,Synthetic
SYN_03548,13400000,1608,3.0,3,2,"Gummanahalli, Bengaluru",18,29,Unfurnished,East,8.9,Ready to Move,,False,Synthetic
SYN_03549,12330000,861,2.0,2,1,"Vijay Nagar, Whitefield",7,18,Semi Furnished,East,10.3,Ready to Move,,False,Synthetic
SYN_03550,12560000,1102,2.0,2,1,"Chikkagubbi Village, Bengaluru",9,14,Semi Furnished,East,1.0,Ready to Move,,False,Synthetic
SYN_03551,20020000,1885,3.5,4,2,"Navarathna Agrahara, Bengaluru",0,3,Unfurnished,East,6.2,Ready to Move,,False,Synthetic
SYN_03552,15010000,1644,3.0,2,1,"Thirumalashettyhally, Bengaluru",3,9,Semi Furnished,East,20.7,Ready to Move,,True,Synthetic
SYN_03553,14690000,1036,2.0,2,1,"Phase I, Electronic City",0,13,Semi Furnished,East,3.0,Ready to Move,,False,Synthetic
SYN_03554,13150000,1052,3.0,3,2,"Chikkakannalli, Bengaluru",16,19,Semi Furnished,North,6.0,Ready to Move,,False,Synthetic
SYN_03555,13900000,1361,3.0,3,1,"Sai Gardens, K R Puram",2,11,Unfurnished,East,9.0,Ready to Move,,False,Synthetic
SYN_03556,10840000,1026,2.0,2,1,"Prakruthi Nagar, Kogilu",9,9,Semi Furnished,East,6.0,Ready to Move,,False,Synthetic
SYN_03557,38790000,1760,3.0,2,1,"Nagashetty Halli, RMV Extension Stage 2",3,4,Unfurnished,Unknown,14.9,Ready to Move,,True,Synthetic
SYN_03558,16730000,2157,4.0,4,2,"Nanjappa Garden, Horamavu",1,17,Unfurnished,East,9.0,Ready to Move,,False,Synthetic
SYN_03559,25230000,1842,3.0,3,1,"Chikkakannalli, Bengaluru",2,19,Unfurnished,West,2.0,Upcoming,2026-12-09,True,Synthetic
SYN_03560,25980000,1912,3.0,3,1,"P&T Layout, Thanisandra",3,5,Unfurnished,Unknown,5.7,Ready to Move,,False,Synthetic
SYN_03561,15560000,1627,3.0,3,2,"Kacharakanahalli,Bisnahalli, Bengaluru",14,18,Unfurnished,Unknown,1.0,Ready to Move,,True,Synthetic
SYN_03562,9330000,931,2.0,2,1,"Hosahalli, Bengaluru",9,13,Semi Furnished,North,1.0,Ready to Move,,False,Synthetic
SYN_03563,26950000,1861,3.5,3,1,"Avalahalli, Avalahalli",3,18,Unfurnished,Unknown,3.0,Upcoming,2027-01-19,True,Synthetic
SYN_03564,16710000,1434,2.0,2,1,"Suryanagar, Bommasandra",5,5,Semi Furnished,Unknown,3.8,Ready to Move,,False,Synthetic
SYN_03565,11100000,1031,3.0,3,1,"Thirumalashettyhally, Bengaluru",11,13,Unfurnished,East,8.0,Ready to Move,,False,Synthetic
SYN_03566,15660000,1556,3.0,3,1,"Dommasandra, Bengaluru",26,33,Semi Furnished,East,12.0,Upcoming,2026-06-30,True,Synthetic
SYN_03567,12970000,1293,2.0,2,1,"Gummanahalli, Bengaluru",2,4,Unfurnished,East,1.0,Upcoming,2027-08-21,True,Synthetic
SYN_03568,5860000,869,2.0,2,1,"Rajanukunte, Bengaluru",7,28,Unfurnished,North,6.6,Ready to Move,,True,Synthetic
SYN_03569,11760000,1135,2.0,2,2,"DLF Newtown, Akshayanagar",16,23,Unfurnished,East,0.5,Ready to Move,,False,Synthetic
SYN_03570,12190000,1165,3.0,3,1,"Rachenahalli, Thanisandra",5,20,Unfurnished,West,11.0,Ready to Move,,False,Synthetic
SYN_03571,27280000,1797,3.0,2,1,"Gummanahalli, Bengaluru",10,19,Semi Furnished,West,8.9,Ready to Move,,False,Synthetic
SYN_03572,10560000,1095,2.0,2,1,"Hunasamaranahalli, Bengaluru",17,21,Unfurnished,Unknown,9.4,Ready to Move,,False,Synthetic
SYN_03573,8360000,997,2.0,2,1,"Gummanahalli, Bengaluru",6,12,Semi Furnished,West,1.9,Ready to Move,,False,Synthetic
SYN_03574,10850000,739,1.5,1,1,"Gummanahalli, Bengaluru",15,21,Unfurnished,East,1.5,Ready to Move,,False,Synthetic
SYN_03575,13150000,1232,2.0,2,2,"Phase I, Electronic City",3,4,Unfurnished,North,12.0,Ready to Move,,False,Synthetic
SYN_03576,25520000,1721,3.0,2,2,"Devarabisanahalli, Bellandur",0,15,Unfurnished,Unknown,14.0,Ready to Move,,False,Synthetic
SYN_03577,21070000,1751,3.0,3,1,"Kuvempu Layout, Visthar",2,4,Semi Furnished,Unknown,5.0,Ready to Move,,False,Synthetic
SYN_03578,16080000,1347,2.0,2,1,"Choodasandra, Bengaluru",24,27,Semi Furnished,North,3.7,Ready to Move,,False,Synthetic
SYN_03579,11470000,801,2.0,2,1,"Sri Balaji Layout, K R Puram",8,24,Semi Furnished,East,16.7,Ready to Move,,False,Synthetic
SYN_03580,8040000,857,1.5,2,1,"Prakruthi Nagar, Kogilu",16,20,Unfurnished,Unknown,0.7,Ready to Move,,False,Synthetic
SYN_03581,25320000,1661,3.0,2,2,"Akshaya Gardens, Akshayanagar",5,5,Unfurnished,South,3.2,Ready to Move,,False,Synthetic
SYN_03582,7250000,924,2.0,2,1,"AECS C Block, Begur",0,5,Unfurnished,East,10.3,Ready to Move,,False,Synthetic
SYN_03583,18910000,1331,2.5,2,1,"Jakkuru Village, Jakkur",2,4,Unfurnished,Unknown,8.7,Ready to Move,,False,Synthetic
SYN_03584,20320000,1462,3.0,3,1,"Bellandur, Bengaluru",6,30,Fully Furnished,Unknown,1.5,Ready to Move,,True,Synthetic
SYN_03585,19080000,1187,2.0,2,1,"Kothnur, JP Nagar",11,15,Unfurnished,East,1.6,Ready to Move,,False,Synthetic
SYN_03586,9950000,1432,3.0,3,1,"Vidhya Jyothi Nagar, Hongasandra",4,4,Unfurnished,West,10.0,Upcoming,2026-09-01,True,Synthetic
SYN_03587,54210000,3067,4.0,4,2,"Cholanayakanahalli, Hebbal",9,27,Semi Furnished,East,6.5,Ready to Move,,False,Synthetic
SYN_03588,5630000,824,2.0,2,2,"Tunganagara, Bengaluru",17,21,Unfurnished,Unknown,0.7,Ready to Move,,False,Synthetic
SYN_03589,18120000,1738,3.0,3,1,"Bengaluru Hardware Park, Bengaluru",1,4,Semi Furnished,East,10.1,Ready to Move,,True,Synthetic
SYN_03590,17680000,1767,3.0,3,1,"Huvinayakanahalli, Bengaluru",2,14,Unfurnished,North,24.0,Ready to Move,,False,Synthetic
SYN_03591,26520000,1867,3.0,2,1,"Sannatammanahalli, Battarahalli",27,27,Semi Furnished,West,3.6,Ready to Move,,True,Synthetic
SYN_03592,20980000,863,2.0,2,2,"Begur, Bengaluru",0,9,Unfurnished,West,6.0,Ready to Move,,False,Synthetic
SYN_03593,11290000,1034,2.5,2,1,"Devasthanagalu, Varthur",17,28,Unfurnished,East,6.0,Ready to Move,,False,Synthetic
SYN_03594,17460000,2082,3.0,3,1,"Dodsworth Layout, Whitefield",17,29,Semi Furnished,East,5.4,Ready to Move,,False,Synthetic
SYN_03595,37490000,1577,3.0,2,1,"Thomas Town, Cooke Town",2,4,Unfurnished,East,1.4,Ready to Move,,True,Synthetic
SYN_03596,14840000,1005,2.0,2,1,"Kothnur, JP Nagar",10,10,Unfurnished,East,8.4,Ready to Move,,False,Synthetic
SYN_03597,11750000,1529,3.0,3,1,"Kambipura, Bengaluru",19,32,Unfurnished,East,1.0,Ready to Move,,False,Synthetic
SYN_03598,149030000,5108,4.0,3,2,"Hebbal Kempapura, Bengaluru",20,27,Semi Furnished,East,10.5,Ready to Move,,False,Synthetic
SYN_03599,7580000,745,1.0,1,1,"Huvinayakanahalli, Bengaluru",15,21,Unfurnished,East,1.5,Ready to Move,,False,Synthetic
SYN_03600,8040000,948,2.5,2,1,"Budigere Cross, Bengaluru",13,14,Semi Furnished,Unknown,6.2,Ready to Move,,False,Synthetic
SYN_03601,16440000,1183,2.0,2,1,"Uttarahalli -Manavarthekaval, Bengaluru",7,15,Semi Furnished,East,11.9,Ready to Move,,False,Synthetic
SYN_03602,42400000,1906,3.0,3,2,"Kengeri Satellite Town, Bengaluru",2,4,Unfurnished,East,4.3,Ready to Move,,False,Synthetic
SYN_03603,11850000,1779,3.0,3,1,"Battarahalli, K R Puram",3,12,Semi Furnished,West,9.3,Ready to Move,,False,Synthetic
SYN_03604,42750000,2408,4.0,4,1,"Sathya Sai Layout, Whitefield",22,29,Semi Furnished,Unknown,0.4,Ready to Move,,True,Synthetic
SYN_03605,15580000,1853,3.0,3,1,"7th Block, Jayanagar",0,4,Unfurnished,East,7.5,Ready to Move,,False,Synthetic
SYN_03606,24410000,1768,3.0,3,1,"Panathur, Bengaluru",13,19,Unfurnished,East,4.5,Ready to Move,,False,Synthetic
SYN_03607,7810000,869,2.0,2,1,"Kambipura, Bengaluru",0,4,Semi Furnished,South,1.2,Ready to Move,,False,Synthetic
SYN_03608,27740000,1991,3.5,4,2,"Gunjur Village, Bengaluru",25,30,Semi Furnished,West,1.4,Upcoming,2027-03-12,True,Synthetic
SYN_03609,17210000,1190,2.0,2,1,"Nagnolia Park, Nagondanahalli",11,28,Semi Furnished,East,5.0,Ready to Move,,False,Synthetic
SYN_03610,25650000,1844,3.0,2,1,"Hoodi, Bengaluru",11,14,Unfurnished,East,10.9,Upcoming,2026-05-09,True,Synthetic
SYN_03611,29430000,1908,3.0,2,1,"Dommasandra, Bengaluru",10,14,Unfurnished,West,4.1,Ready to Move,,False,Synthetic
SYN_03612,5770000,622,1.0,1,1,"Bengaluru Hardware Park, Bengaluru",11,18,Unfurnished,South,1.6,Ready to Move,,True,Synthetic
SYN_03613,33350000,1792,3.0,3,1,"B Narayanapura, Mahadevapura",1,5,Unfurnished,West,2.7,Ready to Move,,False,Synthetic
SYN_03614,6440000,730,2.0,2,1,"Dodsworth Layout, Whitefield",2,5,Unfurnished,East,7.0,Ready to Move,,False,Synthetic
SYN_03615,32830000,1822,3.0,2,1,"Duo Marvel Layout, Anantapura",13,21,Unfurnished,Unknown,7.0,Upcoming,2026-04-20,True,Synthetic
SYN_03616,9060000,769,2.0,2,1,"Kodigehalli, K R Puram",14,33,Unfurnished,Unknown,0.8,Ready to Move,,False,Synthetic
SYN_03617,16130000,2470,4.0,4,1,"Sarjapur, Bengaluru",7,18,Semi Furnished,East,1.2,Ready to Move,,False,Synthetic
SYN_03618,6650000,631,1.0,1,1,"Huvinayakanahalli, Bengaluru",2,21,Unfurnished,Unknown,1.1,Upcoming,2027-04-29,True,Synthetic
SYN_03619,10370000,1652,3.0,3,2,"Jayanti Nagar, Horamavu",3,3,Semi Furnished,East,3.6,Ready to Move,,False,Synthetic
SYN_03620,27940000,2308,4.0,4,1,"Maruthi Nagar, Yelahanka",9,19,Semi Furnished,Unknown,1.0,Ready to Move,,False,Synthetic
SYN_03621,8790000,1342,3.0,3,1,"Sai Sree Layout, Parappana Agrahara",0,39,Unfurnished,West,12.5,Ready to Move,,False,Synthetic
SYN_03622,10490000,894,2.0,2,1,"Kaverappa Layout, Panathur",8,11,Semi Furnished,East,9.4,Ready to Move,,False,Synthetic
SYN_03623,7980000,666,1.0,1,1,"Jyotipuram, Bengaluru",20,27,Semi Furnished,East,0.8,Ready to Move,,False,Synthetic
SYN_03624,17880000,1676,3.0,3,1,"Doddakannelli, Bengaluru",3,4,Semi Furnished,West,1.4,Ready to Move,,False,Synthetic
SYN_03625,19680000,1590,3.0,3,1,"Yellappa Chetty Layout, Halasuru",11,18,Semi Furnished,West,19.8,Upcoming,2027-02-21,True,Synthetic
SYN_03626,15520000,1158,3.0,3,1,"Konadasapura, Bengaluru",9,17,Unfurnished,East,7.1,Ready to Move,,False,Synthetic
SYN_03627,21140000,1268,2.0,2,1,"Varthur, Bengaluru",0,24,Semi Furnished,East,3.0,Ready to Move,,False,Synthetic
SYN_03628,19720000,1621,3.0,3,1,"Maruthi Nagar, Yelahanka",2,38,Semi Furnished,East,1.0,Ready to Move,,False,Synthetic
SYN_03629,23930000,1672,3.0,3,1,"Vijay Nagar, Whitefield",9,23,Unfurnished,West,13.2,Ready to Move,,False,Synthetic
SYN_03630,9710000,1521,3.0,3,3,"Dodsworth Layout, Whitefield",14,18,Unfurnished,East,6.0,Upcoming,2026-10-11,True,Synthetic
SYN_03631,26470000,1720,3.0,3,1,"Whitefield, Bengaluru",12,12,Semi Furnished,South,2.0,Ready to Move,,False,Synthetic
SYN_03632,7770000,1046,3.0,3,1,"RR Nagar, Bengaluru",2,4,Unfurnished,West,3.5,Ready to Move,,False,Synthetic
SYN_03633,22180000,1678,3.0,3,1,"Yadavanahalli, Bengaluru",20,32,Semi Furnished,East,7.0,Ready to Move,,True,Synthetic
SYN_03634,38730000,2113,4.0,4,2,"Ranganatha Colony, Jagajeevanram Nagar",26,42,Unfurnished,East,2.0,Ready to Move,,False,Synthetic
SYN_03635,12510000,1038,2.0,2,1,"Hoodi, Bengaluru",8,18,Unfurnished,North,3.5,Ready to Move,,False,Synthetic
SYN_03636,38670000,1583,3.0,3,1,"Stage 3, Indira Nagar",9,14,Unfurnished,East,1.0,Ready to Move,,False,Synthetic
SYN_03637,18540000,1553,3.0,3,1,"OMBR Layout, Banaswadi",12,18,Unfurnished,North,1.0,Ready to Move,,False,Synthetic
SYN_03638,10800000,969,2.0,2,1,"Aishwarya Crystal Layout, Begur",10,19,Unfurnished,Unknown,5.9,Ready to Move,,False,Synthetic
SYN_03639,10410000,1048,2.0,2,1,"Chaithanya Samarth, Bommenahalli",3,19,Unfurnished,North,1.0,Ready to Move,,False,Synthetic
SYN_03640,14640000,1447,3.0,2,1,"2nd Stage, Uttarahalli Hobli",7,28,Unfurnished,North,2.1,Ready to Move,,False,Synthetic
SYN_03641,14880000,1092,2.0,2,2,"Bidare Agraha, Bengaluru",0,9,Unfurnished,North,15.0,Ready to Move,,False,Synthetic
SYN_03642,25570000,2565,3.0,3,1,"Kumbalgodu, Bengaluru",2,4,Unfurnished,Unknown,8.0,Ready to Move,,False,Synthetic
SYN_03643,9730000,966,2.0,2,1,"Judicial Layout 2nd Phase, Talaghattapura",2,13,Semi Furnished,Unknown,3.5,Ready to Move,,False,Synthetic
SYN_03644,15390000,1602,3.0,3,1,"Bengaluru Hardware Park, Bengaluru",4,4,Unfurnished,West,21.5,Ready to Move,,False,Synthetic
SYN_03645,32090000,2479,4.0,4,2,"Gunjur Village, Bengaluru",2,27,Semi Furnished,West,0.8,Ready to Move,,False,Synthetic
SYN_03646,13400000,1264,3.0,2,2,"DLF Newtown, Akshayanagar",14,18,Semi Furnished,East,7.0,Ready to Move,,False,Synthetic
SYN_03647,14110000,1014,2.0,2,1,"Prakruthi Nagar, Kogilu",3,23,Semi Furnished,North,1.5,Ready to Move,,False,Synthetic
SYN_03648,6170000,1153,2.0,2,1,"Vittasandra, Bengaluru",4,5,Semi Furnished,West,5.1,Ready to Move,,False,Synthetic
SYN_03649,8200000,1178,3.0,3,1,"Dommasandra, Bengaluru",5,28,Semi Furnished,North,6.3,Ready to Move,,False,Synthetic
SYN_03650,26170000,2128,3.0,3,1,"V. Kallahalli, Bengaluru",5,5,Semi Furnished,East,5.8,Ready to Move,,False,Synthetic
SYN_03651,20070000,1251,3.0,3,1,"Mahaveer Orchid, Choodasandra",5,10,Semi Furnished,Unknown,0.8,Ready to Move,,False,Synthetic
SYN_03652,11910000,1109,2.0,2,1,"Budigere Cross, Bengaluru",3,7,Unfurnished,South,11.0,Ready to Move,,False,Synthetic
SYN_03653,19720000,1105,2.0,2,1,"Medahalli, Bengaluru",1,6,Semi Furnished,East,5.3,Ready to Move,,False,Synthetic
SYN_03654,25630000,1811,3.0,2,1,"DLF Newtown, Akshayanagar",9,9,Unfurnished,East,2.2,Upcoming,2026-12-03,True,Synthetic
SYN_03655,10190000,814,2.0,2,1,"Aishwarya Crystal Layout, Begur",12,19,Semi Furnished,Unknown,2.2,Ready to Move,,False,Synthetic
SYN_03656,7290000,612,1.0,1,1,"Chambenahalli, Bengaluru",11,11,Unfurnished,Unknown,5.0,Ready to Move,,False,Synthetic
SYN_03657,9640000,937,2.0,2,1,"Kannuru, Bengaluru",1,4,Semi Furnished,Unknown,6.0,Ready to Move,,False,Synthetic
SYN_03658,15500000,1014,2.0,2,1,"Akshaya Vana, Begur",7,12,Semi Furnished,East,11.0,Ready to Move,,False,Synthetic
SYN_03659,23960000,1912,3.0,3,1,"RR Nagar, Bengaluru",3,12,Semi Furnished,North,11.0,Upcoming,2026-09-12,True,Synthetic
SYN_03660,28010000,1879,3.0,3,1,"Sathya Sai Layout, Whitefield",3,3,Semi Furnished,Unknown,1.2,Ready to Move,,False,Synthetic
SYN_03661,8520000,973,2.0,2,1,"Budigere Cross, Bengaluru",16,23,Semi Furnished,West,2.0,Ready to Move,,False,Synthetic
SYN_03662,17390000,1198,2.0,2,1,"Gunjur Village, Bengaluru",2,4,Semi Furnished,East,1.7,Ready to Move,,False,Synthetic
SYN_03663,64570000,2565,3.0,3,1,"Anjanadri Layout, Konanakunte",19,27,Unfurnished,East,23.1,Ready to Move,,False,Synthetic
SYN_03664,11960000,1012,2.0,2,1,"Manayata Tech Park, Thanisandra",5,14,Fully Furnished,East,4.9,Ready to Move,,False,Synthetic
SYN_03665,13540000,934,2.0,2,1,"Varthur, Bengaluru",4,9,Unfurnished,North,0.0,Ready to Move,,False,Synthetic
SYN_03666,22650000,1549,3.0,3,2,"B Narayanapura, Mahadevapura",12,22,Semi Furnished,East,3.8,Ready to Move,,False,Synthetic
SYN_03667,7570000,1085,2.0,2,1,"Bharath Housing Society Layout, Subramanyapura",2,4,Semi Furnished,East,12.8,Ready to Move,,False,Synthetic
SYN_03668,20520000,1605,3.0,3,1,"Jyotipuram, Bengaluru",9,17,Semi Furnished,Unknown,1.0,Ready to Move,,False,Synthetic
SYN_03669,18920000,1768,3.0,3,1,"Chikkagubbi Village, Bengaluru",8,28,Semi Furnished,North,6.9,Ready to Move,,False,Synthetic
SYN_03670,24360000,1672,3.0,3,1,"Sri Venkateshpura Layout, Sampigehalli",5,10,Unfurnished,East,1.0,Ready to Move,,False,Synthetic
SYN_03671,10550000,966,2.0,2,1,"Venkatala II Division, Yelahanka",4,9,Semi Furnished,East,2.4,Ready to Move,,False,Synthetic
SYN_03672,17790000,2025,3.0,3,1,"Shriram Sameeksha, Singapura",4,14,Fully Furnished,Unknown,11.0,Ready to Move,,False,Synthetic
SYN_03673,14050000,1080,2.0,2,1,"Praghathi Pura, Padmanabhanagar",1,22,Semi Furnished,Unknown,0.7,Ready to Move,,False,Synthetic
SYN_03674,9870000,1006,2.0,2,1,"Devin Paradise Enclave, Chokkanahalli",2,13,Unfurnished,East,8.3,Ready to Move,,False,Synthetic
SYN_03675,21140000,1277,3.0,3,1,"Lords Steps Layout, Panathur",10,21,Semi Furnished,Unknown,10.0,Upcoming,2027-01-23,True,Synthetic
SYN_03676,15520000,1254,2.0,2,1,"Budigere Cross, Bengaluru",1,4,Unfurnished,East,7.2,Ready to Move,,True,Synthetic
SYN_03677,13270000,1057,2.0,2,1,"Parijatha Layout, Hoskote",6,30,Fully Furnished,North,6.6,Ready to Move,,False,Synthetic
SYN_03678,22970000,1669,3.0,3,1,"Rachenahalli, Thanisandra",6,18,Unfurnished,Unknown,8.7,Ready to Move,,False,Synthetic
SYN_03679,22620000,1601,3.0,3,1,"Sathnur, Bengaluru",4,5,Semi Furnished,East,2.1,Ready to Move,,True,Synthetic
SYN_03680,20750000,1439,3.0,3,1,"Vastu Bhoomi, K R Puram",13,22,Semi Furnished,East,7.0,Ready to Move,,False,Synthetic
SYN_03681,9430000,961,2.0,2,1,"Chikka Abbaiah Layout, Hongasandra",3,5,Fully Furnished,Unknown,11.0,Ready to Move,,False,Synthetic
SYN_03682,13470000,1000,2.0,2,1,"Mutharayana Nagar, Gnana Bharathi",16,31,Semi Furnished,Unknown,7.0,Ready to Move,,False,Synthetic
SYN_03683,19790000,1243,3.0,3,1,"Sanjeevini Nagar, Bengaluru",23,25,Semi Furnished,East,3.8,Ready to Move,,False,Synthetic
SYN_03684,9180000,1379,3.0,2,1,"Hennur Bande, Kalyan Nagar",8,12,Unfurnished,West,4.8,Ready to Move,,False,Synthetic
SYN_03685,10180000,1055,2.0,2,1,"Ali Estate, Yelahanka",1,5,Semi Furnished,Unknown,11.0,Ready to Move,,False,Synthetic
SYN_03686,5980000,956,2.0,2,2,"Dodsworth Layout, Whitefield",1,5,Semi Furnished,North,10.2,Ready to Move,,False,Synthetic
SYN_03687,31560000,1684,3.0,3,1,"Varthur, Bengaluru",1,4,Unfurnished,North,9.1,Ready to Move,,False,Synthetic
SYN_03688,10340000,982,2.0,2,1,"Kuthaganahalli, Bengaluru",5,6,Semi Furnished,South,3.0,Ready to Move,,False,Synthetic
SYN_03689,12000000,1350,2.0,2,1,"Sarjapur, Bengaluru",15,21,Semi Furnished,Unknown,2.5,Ready to Move,,False,Synthetic
SYN_03690,18020000,1457,3.0,3,1,"Singanayakanahalli Amanikere, Bengaluru",27,31,Semi Furnished,South,24.4,Ready to Move,,False,Synthetic
SYN_03691,17080000,1864,3.0,2,1,"Dommasandra, Bengaluru",1,4,Unfurnished,North,4.8,Ready to Move,,False,Synthetic
SYN_03692,34300000,1467,3.0,3,1,"Tigalarpalya, Brookefield",3,4,Semi Furnished,North,10.2,Ready to Move,,False,Synthetic
SYN_03693,17250000,1148,2.0,2,1,"Dasanapura, Bengaluru",0,7,Semi Furnished,East,8.8,Ready to Move,,False,Synthetic
SYN_03694,9470000,926,2.0,2,1,"Kambipura, Bengaluru",2,3,Semi Furnished,East,0.5,Ready to Move,,False,Synthetic
SYN_03695,30330000,2565,3.0,3,1,"P&T Layout, Thanisandra",2,12,Unfurnished,West,16.0,Ready to Move,,False,Synthetic
SYN_03696,17950000,1290,2.0,2,1,"K R Puram, Bengaluru",29,30,Semi Furnished,West,7.0,Ready to Move,,False,Synthetic
SYN_03697,25200000,1553,3.0,3,1,"Gunjur Village, Bengaluru",24,30,Unfurnished,West,6.0,Ready to Move,,True,Synthetic
SYN_03698,12000000,2575,4.0,4,3,"Cholanayakanahalli, Hebbal",7,20,Unfurnished,North,14.5,Upcoming,2026-09-23,True,Synthetic
SYN_03699,12800000,1058,2.0,2,1,"Budigere Cross, Bengaluru",0,3,Unfurnished,Unknown,9.8,Ready to Move,,False,Synthetic
SYN_03700,19510000,1469,3.0,3,1,"Chinnapa Garden, Benson Town",4,19,Semi Furnished,Unknown,6.7,Ready to Move,,False,Synthetic
SYN_03701,12240000,1230,2.0,2,1,"Belathur, K R Puram",11,18,Unfurnished,South,1.6,Ready to Move,,False,Synthetic
SYN_03702,15120000,1724,3.0,3,2,"Shikaripalya, Electronic City",11,14,Unfurnished,East,2.0,Ready to Move,,False,Synthetic
SYN_03703,25150000,1921,3.0,3,4,"Balagere, Bengaluru",6,6,Unfurnished,East,4.1,Upcoming,2026-06-17,True,Synthetic
SYN_03704,75950000,3948,4.0,4,2,"Shabhari Nagar, Sahakara Nagar",4,18,Semi Furnished,North,9.0,Ready to Move,,False,Synthetic
SYN_03705,10610000,1013,2.0,2,1,"Ali Estate, Yelahanka",1,4,Semi Furnished,East,7.4,Ready to Move,,False,Synthetic
SYN_03706,17520000,1523,3.0,3,1,"Sarjapur, Bengaluru",14,14,Semi Furnished,East,12.1,Upcoming,2031-02-06,True,Synthetic
SYN_03707,6180000,1175,2.0,2,1,"BEML Cooperative Society Layout, Bengaluru",5,22,Semi Furnished,West,1.0,Ready to Move,,False,Synthetic
SYN_03708,18400000,1167,2.0,2,1,"7th Phase, JP Nagar",4,18,Semi Furnished,East,9.0,Ready to Move,,False,Synthetic
SYN_03709,19710000,1084,2.0,2,1,"Anchepalya, Bengaluru",3,4,Semi Furnished,Unknown,9.3,Ready to Move,,False,Synthetic
SYN_03710,3820000,554,1.0,1,1,"Belathur, K R Puram",14,19,Unfurnished,East,0.0,Ready to Move,,True,Synthetic
SYN_03711,11270000,869,2.0,2,1,"Phase I, Electronic City",23,32,Semi Furnished,West,14.0,Ready to Move,,False,Synthetic
SYN_03712,9500000,959,2.0,2,1,"P&T Layout, Kannuru",14,22,Semi Furnished,East,6.3,Ready to Move,,False,Synthetic
SYN_03713,13410000,1259,2.0,2,1,"Varthur, Bengaluru",0,4,Unfurnished,East,0.1,Ready to Move,,False,Synthetic
SYN_03714,11730000,1841,3.0,3,1,"Aishwarya Crystal Layout, Singasandra",26,29,Unfurnished,East,0.9,Upcoming,2028-07-26,True,Synthetic
SYN_03715,21960000,2444,4.0,4,2,"Ali Estate, Yelahanka",3,3,Unfurnished,East,5.3,Ready to Move,,False,Synthetic
SYN_03716,16610000,1151,2.0,2,0,"Medahalli, Bengaluru",4,4,Semi Furnished,East,15.8,Ready to Move,,False,Synthetic
SYN_03717,5860000,1047,2.0,2,1,"Chinnapa Garden, Benson Town",12,12,Semi Furnished,East,14.9,Ready to Move,,True,Synthetic
SYN_03718,15890000,1428,3.0,3,1,"Industrial Layout, Kudlu Gate",8,18,Unfurnished,West,12.0,Ready to Move,,True,Synthetic
SYN_03719,11760000,950,2.0,2,1,"Somasundarapalya, Bengaluru",5,7,Semi Furnished,East,5.5,Ready to Move,,False,Synthetic
SYN_03720,18990000,1300,2.0,2,1,"Manayata Tech Park, Thanisandra",5,5,Unfurnished,North,15.4,Ready to Move,,False,Synthetic
SYN_03721,19970000,1507,3.0,2,1,"Gundappa Layout, Gottigere",31,36,Unfurnished,Unknown,9.8,Ready to Move,,False,Synthetic
SYN_03722,26370000,1744,3.0,3,1,"Patel Munivenkatappa Layout, Chikkalasandra",13,14,Unfurnished,South,4.3,Ready to Move,,False,Synthetic
SYN_03723,28360000,1669,3.0,3,1,"Chansandra, Bengaluru",3,9,Unfurnished,West,8.9,Ready to Move,,True,Synthetic
SYN_03724,16050000,1318,2.0,2,1,"Blue Waters, Parappana Agrahara",2,9,Semi Furnished,West,11.9,Ready to Move,,False,Synthetic
SYN_03725,53880000,2671,3.5,3,2,"Nagashetty Halli, RMV Extension Stage 2",3,4,Fully Furnished,West,3.7,Ready to Move,,True,Synthetic
SYN_03726,11010000,1122,2.0,2,1,"Budigere Cross, Bengaluru",1,20,Unfurnished,East,2.0,Ready to Move,,False,Synthetic
SYN_03727,42860000,2220,3.0,3,1,"Anjanadri Layout, Konanakunte",4,4,Unfurnished,East,17.6,Ready to Move,,False,Synthetic
SYN_03728,9640000,758,1.0,1,0,"Aishwarya Crystal Layout, Begur",3,14,Unfurnished,East,2.1,Ready to Move,,False,Synthetic
SYN_03729,25290000,1314,2.0,2,1,"Kodigehalli, K R Puram",9,12,Fully Furnished,West,0.7,Ready to Move,,False,Synthetic
SYN_03730,17530000,1470,3.0,2,2,"Dodsworth Layout, Whitefield",3,22,Semi Furnished,East,2.5,Ready to Move,,False,Synthetic
SYN_03731,27780000,3484,4.0,4,1,"Dodsworth Layout, Whitefield",18,22,Semi Furnished,East,23.8,Ready to Move,,False,Synthetic
SYN_03732,16910000,1758,3.0,3,1,"2nd Stage, Uttarahalli Hobli",8,14,Unfurnished,East,3.8,Ready to Move,,False,Synthetic
SYN_03733,11240000,1238,2.0,2,1,"Madhura Nagar, Bengaluru",3,4,Unfurnished,East,1.0,Ready to Move,,True,Synthetic
SYN_03734,36100000,2565,3.0,3,2,"7th Phase, JP Nagar",12,16,Semi Furnished,West,1.8,Upcoming,2027-01-15,True,Synthetic
SYN_03735,18610000,1454,2.5,2,1,"Devasthanagalu, Varthur",2,14,Semi Furnished,North,1.0,Ready to Move,,False,Synthetic
SYN_03736,4420000,1084,2.0,2,1,"Kothnur, Kalena Agrahara",1,4,Semi Furnished,West,0.3,Ready to Move,,False,Synthetic
SYN_03737,14170000,1219,2.0,2,1,"Gopalan Olympia, Kumbalgodu",1,5,Semi Furnished,West,3.3,Ready to Move,,False,Synthetic
SYN_03738,25530000,1684,3.0,3,1,"Kuvempu Layout, Visthar",20,21,Semi Furnished,East,4.4,Ready to Move,,False,Synthetic
SYN_03739,31070000,1889,3.0,2,1,"B Narayanapura, Mahadevapura",3,19,Unfurnished,East,16.6,Ready to Move,,False,Synthetic
SYN_03740,13080000,1227,3.0,3,1,"BDA Colony, Jeevan Bima Nagar",3,5,Unfurnished,North,15.3,Ready to Move,,False,Synthetic
SYN_03741,13020000,1213,2.0,2,1,"Govinda Reddy Layout, Panduranga Nagar",29,30,Semi Furnished,East,7.7,Ready to Move,,False,Synthetic
SYN_03742,8120000,1244,3.0,3,1,"ITI Employees Housing Colony, Dooravani Nagar",14,15,Semi Furnished,East,5.0,Upcoming,2026-08-10,True,Synthetic
SYN_03743,24670000,1911,3.0,3,1,"Singena Agrahara, Bommasandra",13,14,Unfurnished,West,4.3,Ready to Move,,True,Synthetic
SYN_03744,25620000,1935,3.0,3,1,"Balaji Layout, Chokkanahalli",9,18,Unfurnished,East,2.0,Upcoming,2030-06-24,True,Synthetic
SYN_03745,9960000,787,2.0,2,2,"Kadubeesanahalli, Bengaluru",9,14,Unfurnished,East,4.0,Ready to Move,,False,Synthetic
SYN_03746,10940000,1183,2.0,2,1,"Sarjapur, Bengaluru",13,30,Semi Furnished,North,9.0,Ready to Move,,False,Synthetic
SYN_03747,17680000,1248,2.0,2,1,"Jyotipuram, Bengaluru",1,8,Semi Furnished,East,10.0,Ready to Move,,False,Synthetic
SYN_03748,15810000,1129,2.0,2,3,"Seetharampalya, Hoodi",0,20,Semi Furnished,North,3.4,Upcoming,2027-01-06,True,Synthetic
SYN_03749,32700000,1799,3.0,3,1,"Hebbal Kempapura, Bengaluru",18,31,Semi Furnished,Unknown,1.0,Ready to Move,,False,Synthetic
SYN_03750,11270000,1009,2.0,2,1,"Suryanagar, Bommasandra",9,28,Unfurnished,West,1.3,Ready to Move,,False,Synthetic
SYN_03751,58250000,3827,4.0,4,1,"Phase 2, Whitefield",1,17,Unfurnished,North,10.8,Ready to Move,,True,Synthetic
SYN_03752,24080000,1636,3.0,3,1,"Belur Nagasandra, Bellandur",16,17,Semi Furnished,West,9.0,Ready to Move,,False,Synthetic
SYN_03753,54390000,3143,4.0,4,2,"Ambalipura, Harlur",0,3,Unfurnished,West,17.3,Ready to Move,,False,Synthetic
SYN_03754,29450000,1723,3.0,3,1,"Ardendale, Kannamangala - Whitefield Hoskote Road",6,28,Unfurnished,North,2.4,Ready to Move,,False,Synthetic
SYN_03755,8060000,1104,2.0,2,1,"BEML Cooperative Society Layout, Bidaraguppe",19,23,Semi Furnished,West,9.2,Ready to Move,,False,Synthetic
SYN_03756,18530000,1609,3.0,2,1,"3G Homes Crimson Layout, Kadugodi",4,8,Semi Furnished,West,1.2,Ready to Move,,False,Synthetic
SYN_03757,10400000,1467,3.0,3,1,"Madagondanahalli, Electronic City",7,29,Unfurnished,Unknown,1.0,Ready to Move,,False,Synthetic
SYN_03758,11520000,1216,2.0,2,1,"Budigere Cross, Bengaluru",9,21,Unfurnished,East,6.1,Ready to Move,,False,Synthetic
SYN_03759,29330000,1697,3.0,3,1,"Thigala Chowdadenahalli, Bengaluru",2,5,Unfurnished,Unknown,4.5,Upcoming,2026-12-01,True,Synthetic
SYN_03760,20020000,1636,3.0,3,1,"Sarjapur, Bengaluru",4,14,Semi Furnished,East,7.6,Ready to Move,,True,Synthetic
SYN_03761,13760000,1082,2.0,2,1,"Thomas Town, Cooke Town",1,16,Semi Furnished,Unknown,4.6,Ready to Move,,True,Synthetic
SYN_03762,15540000,958,2.0,2,1,"Varthur, Bengaluru",1,14,Semi Furnished,North,1.3,Ready to Move,,False,Synthetic
SYN_03763,24650000,1444,3.0,2,1,"Jakkasandra Extension, Koramangala",13,14,Semi Furnished,North,6.6,Ready to Move,,False,Synthetic
SYN_03764,7200000,1098,3.0,3,1,"Phase 2, Whitefield",7,19,Unfurnished,East,12.6,Upcoming,2027-10-15,True,Synthetic
SYN_03765,40420000,2244,4.0,4,2,"Whitefield, Bengaluru",9,14,Semi Furnished,East,2.0,Ready to Move,,False,Synthetic
SYN_03766,22500000,1563,3.0,2,1,"Chikkabana Halli, Bengaluru",4,4,Unfurnished,East,9.0,Ready to Move,,False,Synthetic
SYN_03767,28290000,1619,3.0,3,1,"Whitefield, Bengaluru",0,19,Semi Furnished,East,9.0,Ready to Move,,False,Synthetic
SYN_03768,12310000,901,2.0,2,1,"Nimbekaipura, Bengaluru",16,23,Unfurnished,East,1.0,Ready to Move,,False,Synthetic
SYN_03769,13890000,1683,3.0,3,1,"Boodihal, Bengaluru",3,6,Unfurnished,Unknown,0.6,Ready to Move,,False,Synthetic
SYN_03770,11970000,1401,3.0,3,1,"Dommasandra, Bengaluru",11,26,Semi Furnished,East,1.8,Ready to Move,,False,Synthetic
SYN_03771,20030000,1211,3.0,3,1,"Ramagondanahalli, Whitefield",5,26,Unfurnished,East,7.1,Ready to Move,,False,Synthetic
SYN_03772,16600000,1439,3.0,3,2,"Manayata Tech Park, Thanisandra",3,4,Semi Furnished,East,1.5,Ready to Move,,False,Synthetic
SYN_03773,12180000,1087,2.0,2,1,"Chikkakannalli, Bengaluru",4,14,Semi Furnished,North,1.0,Ready to Move,,False,Synthetic
SYN_03774,22770000,1490,3.0,3,3,"Ardendale, Kannamangala - Whitefield Hoskote Road",1,22,Unfurnished,Unknown,1.7,Ready to Move,,False,Synthetic
SYN_03775,7870000,938,2.0,2,1,"Kothnur Narayanapura, Bengaluru",2,29,Semi Furnished,East,7.0,Ready to Move,,False,Synthetic
SYN_03776,61730000,2361,3.5,3,2,"Gottigere, Bengaluru",28,33,Unfurnished,North,12.8,Upcoming,2026-10-30,True,Synthetic
SYN_03777,15670000,1031,3.0,3,1,"Seetharampalya, Hoodi",7,20,Semi Furnished,North,2.0,Ready to Move,,False,Synthetic
SYN_03778,13150000,1578,3.0,3,1,"Kothnur, Gottigere",0,4,Semi Furnished,North,4.3,Ready to Move,,False,Synthetic
SYN_03779,9600000,1093,2.0,2,1,"Dodsworth Layout, Whitefield",7,7,Semi Furnished,West,5.0,Ready to Move,,False,Synthetic
SYN_03780,20410000,1739,3.0,3,1,"Gunjur Palya, Bengaluru",7,12,Semi Furnished,North,6.9,Ready to Move,,True,Synthetic
SYN_03781,21630000,1581,3.0,3,1,"Ardendale, Kannamangala - Whitefield Hoskote Road",1,5,Semi Furnished,East,8.4,Upcoming,2026-08-03,True,Synthetic
SYN_03782,17450000,1086,2.0,2,1,"Aishwarya Crystal Layout, Begur",6,12,Semi Furnished,West,4.0,Ready to Move,,False,Synthetic
SYN_03783,16990000,963,2.0,2,1,"Phase 1, Whitefield",5,14,Unfurnished,West,6.0,Upcoming,2029-03-29,True,Synthetic
SYN_03784,7890000,1032,2.0,2,1,"Hennur, Bengaluru",1,17,Semi Furnished,West,7.1,Upcoming,2027-07-17,True,Synthetic
SYN_03785,28960000,2565,3.0,3,2,"Kambipura, Bengaluru",1,18,Semi Furnished,North,11.7,Ready to Move,,False,Synthetic
SYN_03786,18590000,1281,3.0,2,1,"Balagere, Bengaluru",32,38,Semi Furnished,Unknown,15.3,Ready to Move,,False,Synthetic
SYN_03787,17190000,1234,3.0,3,1,"Sri Balaji Krupa Layout, Thanisandra",0,4,Unfurnished,East,8.0,Ready to Move,,False,Synthetic
SYN_03788,10440000,1078,2.0,2,1,"Phase 1, Whitefield",3,17,Fully Furnished,West,6.9,Ready to Move,,False,Synthetic
SYN_03789,26400000,1480,3.0,3,1,"Phase 2, Whitefield",5,7,Semi Furnished,South,0.8,Ready to Move,,False,Synthetic
SYN_03790,12120000,982,2.0,2,1,"Hosahalli, Bengaluru",10,14,Semi Furnished,West,11.1,Upcoming,2027-04-30,True,Synthetic
SYN_03791,31810000,2178,3.5,3,1,"Avalahalli, Avalahalli",7,17,Semi Furnished,North,0.8,Ready to Move,,False,Synthetic
SYN_03792,12180000,1092,3.0,3,1,"Devasthanagalu, Varthur",9,23,Semi Furnished,East,0.3,Ready to Move,,True,Synthetic
SYN_03793,9130000,655,1.0,1,1,"MIG Flats, Kengeri Satellite Town",9,22,Unfurnished,East,7.4,Ready to Move,,False,Synthetic
SYN_03794,17270000,1487,3.0,3,1,"Budigere Cross, Bengaluru",8,9,Semi Furnished,East,7.0,Ready to Move,,False,Synthetic
SYN_03795,90110000,3259,4.0,4,2,"One Bangalore West, Rajajinagar",17,19,Unfurnished,East,2.1,Ready to Move,,False,Synthetic
SYN_03796,15960000,1010,2.0,2,1,"Praghathi Pura, Padmanabhanagar",11,12,Unfurnished,North,13.0,Ready to Move,,False,Synthetic
SYN_03797,25380000,2565,3.0,3,2,"Virgonagar Industrial Estate, K R Puram",17,18,Unfurnished,West,0.5,Ready to Move,,False,Synthetic
SYN_03798,11440000,833,1.0,1,1,"Phase I, Electronic City",10,14,Semi Furnished,East,2.3,Ready to Move,,False,Synthetic
SYN_03799,7420000,861,2.0,2,1,"Stage 1, Indira Nagar",8,12,Semi Furnished,Unknown,0.6,Upcoming,2026-12-20,True,Synthetic
SYN_03800,133980000,3809,4.0,4,2,"One Bangalore West, Rajajinagar",14,14,Semi Furnished,East,5.4,Ready to Move,,False,Synthetic
SYN_03801,7150000,1115,2.0,2,1,"Varthur, Bengaluru",4,14,Semi Furnished,East,5.0,Ready to Move,,False,Synthetic
SYN_03802,21310000,1249,2.0,2,1,"Gunjur Village, Bengaluru",11,33,Unfurnished,North,7.0,Ready to Move,,False,Synthetic
SYN_03803,13010000,1519,3.0,2,1,"SNN Raj Grandeur, Bommanahalli",8,11,Unfurnished,East,14.5,Ready to Move,,False,Synthetic
SYN_03804,6610000,1051,2.0,2,1,"Kambipura, Bengaluru",0,16,Semi Furnished,East,7.4,Ready to Move,,False,Synthetic
SYN_03805,10910000,786,2.0,2,1,"Ardendale, Kannamangala - Whitefield Hoskote Road",26,31,Semi Furnished,Unknown,1.0,Ready to Move,,False,Synthetic
SYN_03806,9690000,877,2.0,2,0,"Hoodi, Bengaluru",9,12,Semi Furnished,West,2.0,Ready to Move,,False,Synthetic
SYN_03807,11090000,917,2.0,2,0,"Balagere, Bengaluru",18,27,Unfurnished,East,7.0,Ready to Move,,True,Synthetic
SYN_03808,6110000,926,2.0,2,2,"Dena Bank Colony, Ganganagar",33,38,Semi Furnished,East,7.6,Ready to Move,,False,Synthetic
SYN_03809,9260000,1082,2.0,2,2,"Ali Estate, Yelahanka",2,3,Unfurnished,East,10.0,Ready to Move,,False,Synthetic
SYN_03810,12890000,1302,2.0,2,1,"Labour Colony, Srirampuram",4,6,Semi Furnished,North,2.0,Ready to Move,,False,Synthetic
SYN_03811,26080000,2010,3.0,3,1,"Phase I, Electronic City",1,5,Semi Furnished,East,0.7,Ready to Move,,False,Synthetic
SYN_03812,19170000,1562,3.0,3,1,"Sathya Sai Layout, Whitefield",33,33,Semi Furnished,Unknown,9.0,Ready to Move,,True,Synthetic
SYN_03813,12110000,1527,3.0,2,1,"Gundappa Layout, Gottigere",1,4,Unfurnished,West,9.9,Ready to Move,,False,Synthetic
SYN_03814,22790000,1764,3.0,2,2,"Gundappa Layout, Gottigere",8,16,Semi Furnished,Unknown,9.3,Ready to Move,,False,Synthetic
SYN_03815,12380000,1199,2.0,2,1,"Phase 5, Chikkanayakanahalli, Choodasandra",3,10,Unfurnished,North,4.2,Ready to Move,,False,Synthetic
SYN_03816,9600000,963,2.0,2,1,"Chikkakannalli, Bengaluru",2,5,Semi Furnished,North,3.0,Ready to Move,,True,Synthetic
SYN_03817,24170000,1686,3.0,2,2,"Thigala Chowdadenahalli, Bengaluru",2,7,Unfurnished,North,1.5,Ready to Move,,True,Synthetic
SYN_03818,12390000,960,2.0,2,1,"Manayata Tech Park, Thanisandra",6,14,Unfurnished,West,0.0,Ready to Move,,False,Synthetic
SYN_03819,23610000,1616,3.0,3,1,"Chikkakannalli, Bengaluru",4,4,Semi Furnished,East,7.1,Ready to Move,,False,Synthetic
SYN_03820,31320000,1945,3.0,2,3,"Sri Balaji Krupa Layout, R.K. Hegde Nagar",1,30,Unfurnished,West,5.6,Ready to Move,,False,Synthetic
SYN_03821,22660000,1364,3.0,3,1,"Thigala Chowdadenahalli, Bengaluru",2,28,Unfurnished,West,1.2,Ready to Move,,False,Synthetic
SYN_03822,32340000,1986,3.5,3,1,"Aditya Layout, RR Nagar",16,17,Unfurnished,North,4.0,Ready to Move,,False,Synthetic
SYN_03823,4360000,753,2.0,2,1,"Parappana Agrahara, Bengaluru",0,15,Unfurnished,East,6.7,Ready to Move,,False,Synthetic
SYN_03824,13820000,1081,3.0,3,2,"Belathur, K R Puram",13,13,Unfurnished,West,2.7,Ready to Move,,False,Synthetic
SYN_03825,13590000,1024,2.0,2,1,"Balagere, Bengaluru",2,13,Semi Furnished,East,14.8,Ready to Move,,False,Synthetic
SYN_03826,14970000,1674,3.0,3,1,"Nandi Durga Road Extension, Jayamahal",2,27,Unfurnished,Unknown,8.0,Ready to Move,,False,Synthetic
SYN_03827,10180000,1253,3.0,2,1,"Block A, Sahakara Nagar",4,4,Semi Furnished,East,0.4,Ready to Move,,False,Synthetic
SYN_03828,21580000,1404,3.0,3,1,"Isha Misty Green, Chansandra",1,3,Unfurnished,North,15.8,Upcoming,2026-05-03,True,Synthetic
SYN_03829,21690000,1223,3.0,3,1,"Adarsh Palm Retreat, Bellandur",3,11,Unfurnished,East,1.0,Ready to Move,,True,Synthetic
SYN_03830,20110000,1471,2.0,2,1,"Balagere, Bengaluru",7,15,Semi Furnished,West,9.6,Ready to Move,,False,Synthetic
SYN_03831,21200000,1215,2.0,2,1,"Akshaya Vana, Begur",9,14,Semi Furnished,South,5.0,Upcoming,2027-02-23,True,Synthetic
SYN_03832,16820000,1296,2.0,2,1,"Belathur, K R Puram",9,12,Semi Furnished,West,8.8,Ready to Move,,False,Synthetic
SYN_03833,13980000,1354,2.0,2,1,"Hadosiddapura, Carmelaram",20,28,Unfurnished,Unknown,9.9,Ready to Move,,False,Synthetic
SYN_03834,20160000,996,2.0,2,1,"Reliaable Lifestyle Layout, Harlur",0,4,Semi Furnished,West,7.7,Ready to Move,,False,Synthetic
SYN_03835,14970000,1066,2.0,2,2,"Gunjur Village, Bengaluru",1,4,Semi Furnished,Unknown,3.2,Ready to Move,,False,Synthetic
SYN_03836,26910000,1411,3.0,3,1,"Kariyammana Agrahara, Bellandur",1,2,Semi Furnished,South,4.4,Ready to Move,,False,Synthetic
SYN_03837,12250000,1113,2.0,2,1,"Konadasapura, Bengaluru",13,21,Semi Furnished,East,8.6,Ready to Move,,False,Synthetic
SYN_03838,8840000,1392,3.0,3,1,"Subramanyapura, Bengaluru",6,22,Unfurnished,South,14.7,Ready to Move,,True,Synthetic
SYN_03839,19410000,1634,3.0,3,2,"Chikkakannalli, Bengaluru",19,27,Semi Furnished,Unknown,12.8,Ready to Move,,False,Synthetic
SYN_03840,15590000,2160,3.0,3,1,"Hennagara, Bommasandra",4,5,Unfurnished,South,8.3,Upcoming,2027-08-24,True,Synthetic
SYN_03841,30980000,2029,3.5,4,3,"Jyotipuram, Bengaluru",17,20,Semi Furnished,East,1.0,Ready to Move,,False,Synthetic
SYN_03842,12430000,1713,3.0,3,1,"Sannatammanahalli, Battarahalli",3,4,Semi Furnished,East,8.7,Ready to Move,,False,Synthetic
SYN_03843,36250000,2565,3.0,2,1,"Sector 1, HSR Layout",6,12,Unfurnished,East,11.7,Upcoming,2028-11-24,True,Synthetic
SYN_03844,9740000,1322,3.0,3,1,"Dodsworth Layout, Whitefield",9,11,Semi Furnished,Unknown,3.2,Ready to Move,,False,Synthetic
SYN_03845,5520000,761,2.0,2,1,"Somasundarapalya, Bengaluru",2,4,Semi Furnished,Unknown,1.4,Ready to Move,,False,Synthetic
SYN_03846,24970000,1646,3.0,2,1,"Dodsworth Layout, Whitefield",9,12,Semi Furnished,Unknown,6.0,Ready to Move,,True,Synthetic
SYN_03847,8630000,891,2.0,2,0,"Gummanahalli, Bengaluru",7,17,Semi Furnished,East,1.8,Ready to Move,,False,Synthetic
SYN_03848,6490000,1011,2.0,2,1,"Attibele, Bengaluru",11,14,Semi Furnished,East,7.9,Ready to Move,,False,Synthetic
SYN_03849,13030000,1065,3.0,3,1,"Prakruthi Nagar, Kogilu",0,6,Semi Furnished,East,1.0,Ready to Move,,False,Synthetic
SYN_03850,17930000,1682,3.0,2,1,"Bommasandra Industrial Area, Bommasandra",7,23,Unfurnished,East,1.5,Upcoming,2026-09-20,True,Synthetic
SYN_03851,26300000,1552,3.0,3,1,"Lords Steps Layout, Panathur",9,10,Semi Furnished,East,6.0,Ready to Move,,True,Synthetic
SYN_03852,7480000,740,1.0,1,0,"Varthur, Bengaluru",1,14,Semi Furnished,North,3.0,Ready to Move,,True,Synthetic
SYN_03853,15870000,1347,3.0,3,1,"Bidare Agraha, Bengaluru",0,4,Semi Furnished,East,6.2,Ready to Move,,False,Synthetic
SYN_03854,29950000,1732,3.0,3,1,"Chansandra, Bengaluru",4,4,Semi Furnished,North,10.0,Ready to Move,,False,Synthetic
SYN_03855,11430000,1010,2.0,2,1,"Chaithanya Samarth, Bommenahalli",8,20,Semi Furnished,East,5.7,Ready to Move,,False,Synthetic
SYN_03856,13300000,1436,2.5,2,1,"Budigere Cross, Bengaluru",2,5,Semi Furnished,North,13.6,Ready to Move,,False,Synthetic
SYN_03857,194520000,6199,5.0,5,2,"Hebbal Kempapura, Bengaluru",21,30,Semi Furnished,Unknown,4.8,Ready to Move,,False,Synthetic
SYN_03858,13890000,1135,2.0,2,1,"Dodsworth Layout, Whitefield",12,15,Unfurnished,North,8.9,Ready to Move,,False,Synthetic
SYN_03859,21560000,1708,3.0,3,2,"Manayata Tech Park, Thanisandra",1,20,Unfurnished,North,7.3,Ready to Move,,False,Synthetic
SYN_03860,15780000,1544,3.0,3,1,"Essel Gardens, Bengaluru",12,34,Unfurnished,East,1.0,Ready to Move,,False,Synthetic
SYN_03861,19440000,1891,3.0,3,1,"Huvinayakanahalli, Bengaluru",8,11,Semi Furnished,East,25.0,Upcoming,2031-05-07,True,Synthetic
SYN_03862,29710000,1565,3.0,2,1,"Dollars Colony, RMV Extension Stage 2",3,14,Unfurnished,North,5.7,Ready to Move,,False,Synthetic
SYN_03863,16770000,2092,4.0,4,2,"Dodsworth Layout, Whitefield",7,27,Unfurnished,Unknown,6.0,Upcoming,2027-01-03,True,Synthetic
SYN_03864,15280000,1075,2.0,2,1,"Kattanallur, Sannatammanahalli",13,19,Unfurnished,East,1.2,Ready to Move,,False,Synthetic
SYN_03865,17830000,1273,2.0,2,1,"Kannuru, Bengaluru",26,31,Unfurnished,North,10.6,Ready to Move,,False,Synthetic
SYN_03866,9110000,980,2.0,2,1,"Choodasandra, Bengaluru",7,21,Semi Furnished,East,13.0,Ready to Move,,False,Synthetic
SYN_03867,14860000,1251,2.0,2,1,"G Muniyappa Garden, Cox Town",2,4,Semi Furnished,Unknown,6.7,Ready to Move,,False,Synthetic
SYN_03868,53700000,1090,2.0,2,1,"Central Park, Balagere",20,34,Semi Furnished,West,7.7,Upcoming,2026-09-07,True,Synthetic
SYN_03869,67630000,5108,4.0,4,2,"Iblur Village, Bellandur",12,34,Semi Furnished,West,7.7,Ready to Move,,True,Synthetic
SYN_03870,11110000,1355,3.0,3,4,"Immadihalli, Whitefield",1,30,Unfurnished,East,1.7,Ready to Move,,False,Synthetic
SYN_03871,17060000,1274,2.0,2,1,"Sri Balaji Krupa Layout, R.K. Hegde Nagar",3,5,Semi Furnished,North,9.5,Ready to Move,,False,Synthetic
SYN_03872,27050000,1923,3.0,2,1,"P&T Layout, Thanisandra",13,16,Semi Furnished,Unknown,7.5,Ready to Move,,False,Synthetic
SYN_03873,14850000,1588,3.0,3,1,"Gummanahalli, Bengaluru",1,3,Semi Furnished,East,2.9,Ready to Move,,False,Synthetic
SYN_03874,13440000,1087,2.0,2,1,"Prakruthi Nagar, Kogilu",7,28,Semi Furnished,North-East,5.7,Ready to Move,,False,Synthetic
SYN_03875,21130000,2216,4.0,4,4,"Byadarahalli, Benson Town",2,16,Unfurnished,East,8.6,Ready to Move,,False,Synthetic
SYN_03876,34050000,2072,3.0,3,2,"Cauvery Colony, Koramangala",17,18,Unfurnished,East,1.9,Upcoming,2026-11-26,True,Synthetic
SYN_03877,14400000,1451,3.0,3,1,"Gunjur Village, Bengaluru",4,14,Unfurnished,East,1.2,Ready to Move,,False,Synthetic
SYN_03878,19440000,2153,3.0,3,1,"Dodsworth Layout, Whitefield",5,7,Unfurnished,East,1.0,Ready to Move,,False,Synthetic
SYN_03879,12310000,1198,2.0,2,1,"Orchid Piccadilly, Chokkanahalli",4,4,Unfurnished,West,3.1,Ready to Move,,True,Synthetic
SYN_03880,15640000,1311,2.5,2,1,"Thirumalashettyhally, Bengaluru",4,22,Unfurnished,West,2.1,Upcoming,2027-01-23,True,Synthetic
SYN_03881,13730000,1031,3.0,3,1,"BEML Layout, Bagalur",0,4,Unfurnished,East,9.4,Ready to Move,,False,Synthetic
SYN_03882,10130000,679,1.0,1,1,"Panathur, Bengaluru",4,4,Fully Furnished,North,1.0,Upcoming,2027-09-13,True,Synthetic
SYN_03883,3660000,1011,2.0,2,1,"Jigani, Bengaluru",0,4,Semi Furnished,Unknown,0.6,Upcoming,2026-04-08,True,Synthetic
SYN_03884,15540000,1047,2.0,2,1,"Ashwath Nagar, HBR Layout",2,14,Semi Furnished,Unknown,1.6,Upcoming,2023-09-12,True,Synthetic
SYN_03885,9070000,1243,2.0,2,1,"Phase I, Electronic City",10,12,Fully Furnished,West,8.1,Ready to Move,,True,Synthetic
SYN_03886,17480000,1074,2.0,1,1,"Gunjur Village, Bengaluru",13,21,Semi Furnished,Unknown,6.6,Upcoming,2026-07-28,True,Synthetic
SYN_03887,12180000,881,2.0,2,2,"Dodsworth Layout, Whitefield",2,4,Semi Furnished,West,2.8,Ready to Move,,True,Synthetic
SYN_03888,28030000,1982,3.0,3,1,"Thigala Chowdadenahalli, Bengaluru",15,17,Semi Furnished,North,7.4,Upcoming,2026-05-04,True,Synthetic
SYN_03889,14590000,1229,2.0,2,2,"Manayata Tech Park, Thanisandra",4,12,Semi Furnished,West,10.9,Ready to Move,,False,Synthetic
SYN_03890,39510000,2403,4.0,4,2,"7th Phase, JP Nagar",5,14,Unfurnished,North,7.7,Ready to Move,,False,Synthetic
SYN_03891,15000000,1275,2.0,2,1,"Judicial Layout 2nd Phase, Talaghattapura",6,25,Unfurnished,East,1.0,Ready to Move,,False,Synthetic
SYN_03892,19790000,1557,2.5,2,1,"Phase I, Electronic City",6,19,Unfurnished,Unknown,8.8,Ready to Move,,False,Synthetic
SYN_03893,9740000,1506,3.0,3,1,"Kambipura, Bengaluru",2,14,Semi Furnished,Unknown,4.7,Ready to Move,,True,Synthetic
SYN_03894,16360000,1288,2.0,2,1,"Bangalore City Municipal Corporation Layout, Bengaluru",0,4,Semi Furnished,East,5.7,Ready to Move,,False,Synthetic
SYN_03895,15480000,1081,2.0,2,1,"Subramanyapura, Bengaluru",4,4,Semi Furnished,North,8.9,Ready to Move,,False,Synthetic
SYN_03896,10190000,1450,3.0,3,1,"Horamavu Agara, Horamavu",6,18,Unfurnished,North,0.9,Upcoming,2027-08-30,True,Synthetic
SYN_03897,8450000,862,2.0,2,1,"Bendiganahalli, Bengaluru",1,4,Semi Furnished,East,7.2,Ready to Move,,False,Synthetic
SYN_03898,20040000,1359,3.0,2,2,"Hadosiddapura, Carmelaram",2,9,Semi Furnished,Unknown,6.0,Ready to Move,,False,Synthetic
SYN_03899,25370000,1708,3.0,3,1,"Balagere, Bengaluru",4,24,Unfurnished,East,7.0,Ready to Move,,True,Synthetic
SYN_03900,23880000,1906,3.5,3,1,"Kuvempu Layout, Visthar",7,14,Unfurnished,West,4.0,Upcoming,2027-01-08,True,Synthetic
SYN_03901,19730000,1143,2.5,2,1,"Devasthanagalu, Varthur",4,5,Semi Furnished,North,5.8,Ready to Move,,False,Synthetic
SYN_03902,12820000,1342,2.0,2,2,"Gummanahalli, Bengaluru",1,33,Unfurnished,East,9.7,Ready to Move,,False,Synthetic
SYN_03903,12010000,1015,2.0,2,1,"Upkar Layout, Whitefield",0,4,Semi Furnished,East,7.2,Ready to Move,,False,Synthetic
SYN_03904,14040000,1425,2.0,2,1,"Sarjapur, Bengaluru",4,5,Semi Furnished,Unknown,2.0,Ready to Move,,False,Synthetic
SYN_03905,27930000,2287,3.5,4,1,"Silver Springs Layout, Munnekollal",14,17,Unfurnished,East,7.2,Ready to Move,,True,Synthetic
SYN_03906,17360000,1532,3.0,2,2,"Bommenahalli, Bengaluru",0,5,Semi Furnished,East,3.9,Ready to Move,,False,Synthetic
SYN_03907,19050000,1733,3.0,2,1,"P&T Layout, Thanisandra",36,38,Unfurnished,East,20.0,Ready to Move,,True,Synthetic
SYN_03908,10400000,998,2.0,2,1,"K R Puram, Bengaluru",4,5,Semi Furnished,Unknown,3.5,Ready to Move,,False,Synthetic
SYN_03909,22330000,1508,3.0,3,2,"Srinivasa Nagar, Banashankari",17,27,Fully Furnished,East,2.7,Ready to Move,,False,Synthetic
SYN_03910,11070000,1273,2.0,2,1,"Attibele, Bengaluru",0,3,Semi Furnished,Unknown,8.4,Ready to Move,,False,Synthetic
SYN_03911,14840000,1347,2.0,2,1,"Phase I, Electronic City",2,4,Semi Furnished,Unknown,2.0,Ready to Move,,True,Synthetic
SYN_03912,19160000,1089,2.0,2,1,"Bellandur, Bengaluru",5,12,Unfurnished,North,4.0,Ready to Move,,False,Synthetic
SYN_03913,15990000,1242,2.0,2,1,"Eastwood Township, Harlur",12,13,Unfurnished,North,35.0,Ready to Move,,False,Synthetic
SYN_03914,15720000,1368,2.0,2,1,"Hosahalli, Bengaluru",0,10,Unfurnished,Unknown,10.0,Ready to Move,,False,Synthetic
SYN_03915,26360000,1356,3.0,3,1,"Adarsh Palm Retreat, Bellandur",1,12,Semi Furnished,West,1.2,Ready to Move,,False,Synthetic
SYN_03916,12730000,1344,2.0,2,1,"Orchid Piccadilly, Chokkanahalli",3,5,Unfurnished,West,4.0,Ready to Move,,False,Synthetic
SYN_03917,13830000,1327,2.0,2,1,"Prakruthi Nagar, Kogilu",1,3,Unfurnished,East,8.0,Ready to Move,,False,Synthetic
SYN_03918,22500000,1429,3.0,3,1,"Akshaya Gardens, Akshayanagar",11,24,Semi Furnished,East,5.4,Ready to Move,,False,Synthetic
SYN_03919,9890000,1360,3.0,2,1,"Horamavu Agara, Horamavu",13,17,Semi Furnished,Unknown,5.0,Ready to Move,,True,Synthetic
SYN_03920,11310000,1524,3.0,3,1,"Industrial Layout, Kudlu Gate",8,10,Semi Furnished,East,3.8,Ready to Move,,False,Synthetic
SYN_03921,9640000,788,2.0,2,1,"Sarjapur, Bengaluru",6,14,Semi Furnished,North,6.2,Ready to Move,,False,Synthetic
SYN_03922,29600000,1904,3.0,3,1,"Thigala Chowdadenahalli, Bengaluru",10,15,Unfurnished,East,5.0,Ready to Move,,False,Synthetic
SYN_03923,21330000,1873,3.0,2,1,"Gundappa Layout, Gottigere",2,14,Unfurnished,South,1.0,Ready to Move,,False,Synthetic
SYN_03924,22020000,1293,3.0,2,1,"Basavanapura, K R Puram",5,5,Unfurnished,East,4.1,Ready to Move,,False,Synthetic
SYN_03925,30110000,1763,3.0,3,1,"Nallurhalli, Whitefield",0,18,Semi Furnished,East,10.0,Ready to Move,,True,Synthetic
SYN_03926,50900000,3890,4.0,4,1,"Gunjur Village, Bengaluru",10,19,Unfurnished,West,14.0,Ready to Move,,True,Synthetic
SYN_03927,31430000,2122,4.0,4,3,"Agrahara Dasarahalli, Rajajinagar",10,18,Unfurnished,West,3.8,Ready to Move,,False,Synthetic
SYN_03928,28680000,1893,4.0,4,2,"Nallurhalli, Whitefield",3,17,Unfurnished,East,5.2,Upcoming,2026-06-02,True,Synthetic
SYN_03929,13620000,1246,2.0,2,1,"EPIP Zone, Brookefield",10,10,Semi Furnished,East,8.0,Ready to Move,,False,Synthetic
SYN_03930,6950000,456,1.0,1,1,"Devasthanagalu, Varthur",13,14,Semi Furnished,Unknown,5.0,Ready to Move,,False,Synthetic
SYN_03931,23230000,1239,2.0,2,1,"Kundalahalli, Brookefield",18,21,Semi Furnished,West,1.8,Ready to Move,,False,Synthetic
SYN_03932,43650000,2171,4.0,4,1,"Agrahara Dasarahalli, Rajajinagar",8,19,Semi Furnished,East,6.8,Ready to Move,,False,Synthetic
SYN_03933,15880000,2001,3.0,3,1,"Chambenahalli, Bengaluru",17,18,Fully Furnished,East,9.5,Ready to Move,,False,Synthetic
SYN_03934,37640000,2530,4.5,4,2,"Jakkur, Bengaluru",11,25,Unfurnished,West,1.3,Ready to Move,,False,Synthetic
SYN_03935,13490000,1320,2.0,2,1,"Choodasandra, Bengaluru",16,18,Unfurnished,East,12.0,Ready to Move,,False,Synthetic
SYN_03936,28410000,1978,3.0,3,1,"Blue Waters, Parappana Agrahara",15,31,Semi Furnished,North,6.0,Ready to Move,,False,Synthetic
SYN_03937,19210000,1471,3.0,3,1,"Bellandur, Bengaluru",1,4,Unfurnished,North,0.1,Upcoming,2026-08-30,True,Synthetic
SYN_03938,16980000,1379,3.0,2,1,"Kuvempu Layout, Visthar",9,10,Unfurnished,Unknown,6.0,Ready to Move,,False,Synthetic
SYN_03939,9250000,981,2.0,2,1,"Madhura Nagar, Bengaluru",0,4,Semi Furnished,North,3.0,Ready to Move,,False,Synthetic
SYN_03940,13530000,1202,3.0,3,1,"Prakruthi Nagar, Kogilu",0,20,Semi Furnished,East,17.8,Ready to Move,,False,Synthetic
SYN_03941,30500000,1370,2.0,2,1,"HAL 2nd Stage, Indira Nagar",5,7,Unfurnished,East,1.9,Ready to Move,,True,Synthetic
SYN_03942,12180000,730,2.0,2,1,"Varthur, Bengaluru",4,5,Semi Furnished,West,0.0,Ready to Move,,False,Synthetic
SYN_03943,5570000,654,1.0,1,1,"Bommasandra Industrial Area, Bommasandra",3,7,Unfurnished,West,2.0,Upcoming,2028-07-11,True,Synthetic
SYN_03944,16820000,1582,3.0,3,1,"Phase I, Electronic City",10,18,Unfurnished,East,4.9,Ready to Move,,False,Synthetic
SYN_03945,10410000,788,2.0,2,2,"Hadosiddapura, Carmelaram",20,28,Unfurnished,East,1.3,Ready to Move,,True,Synthetic
SYN_03946,22490000,1368,3.0,3,1,"Nallurhalli, Whitefield",9,22,Semi Furnished,East,1.5,Ready to Move,,False,Synthetic
SYN_03947,7800000,992,2.0,2,1,"Nandi Durga Road Extension, Jayamahal",2,4,Semi Furnished,Unknown,7.9,Ready to Move,,False,Synthetic
SYN_03948,12670000,1342,2.0,2,1,"Gummanahalli, Bengaluru",4,4,Fully Furnished,East,8.0,Ready to Move,,False,Synthetic
SYN_03949,18600000,1104,2.0,2,1,"KIADB Export Promotion Industrial Area, Whitefield",2,13,Unfurnished,East,3.2,Ready to Move,,False,Synthetic
SYN_03950,12550000,1031,3.0,3,1,"Kuvempu Layout, Visthar",2,5,Semi Furnished,West,5.8,Ready to Move,,False,Synthetic
SYN_03951,19480000,2011,3.0,3,1,"Hongasandra, Bengaluru",20,26,Semi Furnished,East,10.0,Ready to Move,,False,Synthetic
SYN_03952,28200000,1860,3.0,3,1,"Devasthanagalu, Varthur",3,9,Semi Furnished,East,2.2,Ready to Move,,False,Synthetic
SYN_03953,8360000,1026,2.0,2,1,"Sompura, Bengaluru",8,14,Semi Furnished,East,0.7,Ready to Move,,False,Synthetic
SYN_03954,21090000,1471,2.0,2,0,"Yadavanahalli, Bengaluru",12,15,Semi Furnished,East,1.1,Ready to Move,,False,Synthetic
SYN_03955,33810000,2169,3.0,3,1,"Jyotipuram, Bengaluru",4,4,Fully Furnished,East,3.7,Ready to Move,,False,Synthetic
SYN_03956,17290000,1130,2.0,2,1,"Phase I, Electronic City",0,4,Semi Furnished,East,13.5,Ready to Move,,False,Synthetic
SYN_03957,13310000,1310,2.0,2,1,"Chikkagubbi Village, Bengaluru",8,12,Semi Furnished,West,2.0,Ready to Move,,False,Synthetic
SYN_03958,7690000,1290,3.0,2,2,"Phase I, Electronic City",6,10,Semi Furnished,East,0.9,Ready to Move,,False,Synthetic
SYN_03959,24480000,1613,3.0,3,1,"Goravigere, Bengaluru",6,12,Unfurnished,North,2.0,Ready to Move,,False,Synthetic
SYN_03960,22940000,1865,3.0,3,1,"Aishwarya Crystal Layout, Begur",1,31,Unfurnished,Unknown,12.7,Ready to Move,,False,Synthetic
SYN_03961,9250000,985,2.0,2,1,"Chikkanayakanahalli, Choodasandra, Bengaluru",3,4,Semi Furnished,West,7.1,Ready to Move,,False,Synthetic
SYN_03962,6140000,585,1.0,1,1,"Gummanahalli, Bengaluru",15,22,Unfurnished,East,2.0,Upcoming,2026-08-29,True,Synthetic
SYN_03963,35610000,2898,3.5,3,1,"Ranka Colony, Bilekahalli",5,28,Unfurnished,West,13.2,Ready to Move,,False,Synthetic
SYN_03964,8420000,912,2.0,2,1,"Gummanahalli, Bengaluru",7,9,Unfurnished,West,12.5,Ready to Move,,False,Synthetic
SYN_03965,31170000,1496,3.0,3,2,"Balagere, Bengaluru",16,30,Fully Furnished,North,6.3,Ready to Move,,False,Synthetic
SYN_03966,23500000,1084,2.0,2,1,"Budigere Cross, Bengaluru",2,5,Unfurnished,West,5.0,Ready to Move,,True,Synthetic
SYN_03967,33780000,1750,3.5,3,1,"KIADB Export Promotion Industrial Area, K R Puram",22,28,Semi Furnished,East,13.9,Ready to Move,,False,Synthetic
SYN_03968,29280000,1710,3.0,3,1,"Maruthi Nagar, Yelahanka",5,9,Unfurnished,East,8.0,Upcoming,2026-03-01,True,Synthetic
SYN_03969,8540000,781,2.0,2,1,"Aishwarya Crystal Layout, Begur",6,12,Semi Furnished,West,9.1,Ready to Move,,False,Synthetic
SYN_03970,45760000,2423,4.0,4,2,"Jogappa Layout, Nagavara",1,19,Semi Furnished,East,2.9,Ready to Move,,False,Synthetic
SYN_03971,33200000,2494,4.0,4,2,"Maruthi Nagar, Yelahanka",16,28,Unfurnished,East,10.6,Upcoming,2028-12-24,True,Synthetic
SYN_03972,26210000,1615,3.0,3,2,"Sarjapur, Bengaluru",13,16,Unfurnished,East,2.9,Ready to Move,,False,Synthetic
SYN_03973,18500000,1741,3.0,3,1,"Janatha Colony, Carmelaram",21,21,Unfurnished,West,3.6,Upcoming,2026-06-28,True,Synthetic
SYN_03974,11410000,1322,3.0,3,1,"Devasthanagalu, Varthur",6,11,Semi Furnished,Unknown,0.6,Ready to Move,,True,Synthetic
SYN_03975,14970000,1424,3.0,3,1,"Huvinayakanahalli, Bengaluru",10,12,Unfurnished,East,8.4,Ready to Move,,True,Synthetic
SYN_03976,17280000,1086,2.0,2,1,"Kundalahalli, Brookefield",0,4,Unfurnished,East,0.6,Ready to Move,,False,Synthetic
SYN_03977,10570000,967,2.0,2,1,"Gummanahalli, Bengaluru",8,14,Semi Furnished,Unknown,2.0,Ready to Move,,True,Synthetic
SYN_03978,72030000,1932,3.0,3,1,"Candeur Landmark, Halasahalli",14,17,Unfurnished,East,1.5,Ready to Move,,False,Synthetic
SYN_03979,27230000,1673,3.0,3,1,"Dodsworth Layout, Whitefield",18,19,Unfurnished,South,6.6,Ready to Move,,False,Synthetic
SYN_03980,41130000,2171,3.0,3,1,"Yadavanahalli, Bengaluru",9,10,Unfurnished,South,9.4,Ready to Move,,False,Synthetic
SYN_03981,7020000,1071,2.0,2,2,"Subramanyapura, Bengaluru",3,6,Semi Furnished,West,1.5,Upcoming,2029-01-22,True,Synthetic
SYN_03982,23720000,1386,2.0,2,1,"Balagere, Bengaluru",2,4,Unfurnished,Unknown,12.1,Ready to Move,,True,Synthetic
SYN_03983,11120000,1145,2.0,2,1,"ITI Employees Housing Colony, Dooravani Nagar",15,19,Semi Furnished,West,11.0,Ready to Move,,False,Synthetic
SYN_03984,12340000,1489,3.0,2,1,"Gunjur, Bengaluru",17,31,Semi Furnished,East,3.6,Upcoming,2026-06-14,True,Synthetic
SYN_03985,30030000,1141,2.0,2,1,"Yadavanahalli, Bengaluru",13,13,Semi Furnished,Unknown,9.0,Ready to Move,,False,Synthetic
SYN_03986,17760000,1344,3.0,3,1,"Balagere, Bengaluru",6,17,Unfurnished,East,6.3,Ready to Move,,True,Synthetic
SYN_03987,30750000,1913,3.0,2,1,"Medahalli, Bengaluru",10,25,Unfurnished,East,4.1,Ready to Move,,False,Synthetic
SYN_03988,41130000,2689,5.0,3,2,"Koralur, Thirumalashettyhally",11,19,Semi Furnished,North,1.6,Ready to Move,,False,Synthetic
SYN_03989,41440000,2233,4.0,4,2,"Sahakara Nagar, Bengaluru",16,18,Unfurnished,East,1.0,Upcoming,2027-10-29,True,Synthetic
SYN_03990,17790000,1260,3.0,3,1,"Ardendale, Kannamangala - Whitefield Hoskote Road",14,27,Unfurnished,East,10.1,Ready to Move,,False,Synthetic
SYN_03991,14060000,1578,3.0,3,1,"Mohammed Sab Palya, Vidyaranyapura",4,5,Semi Furnished,Unknown,5.0,Ready to Move,,False,Synthetic
SYN_03992,14520000,1005,2.0,2,1,"Karnasree Layout, Medahalli",13,14,Unfurnished,West,2.6,Ready to Move,,False,Synthetic
SYN_03993,36180000,1692,3.0,3,1,"Mahaveer Orchid, Choodasandra",5,7,Unfurnished,North,1.3,Ready to Move,,False,Synthetic
SYN_03994,17920000,1069,3.0,2,1,"Swamy Shivanandapuram, Shivaji Nagar",11,27,Unfurnished,West,7.4,Ready to Move,,True,Synthetic
SYN_03995,17830000,1029,2.0,2,1,"Dodsworth Layout, Whitefield",5,14,Semi Furnished,West,6.0,Upcoming,2026-07-05,True,Synthetic
SYN_03996,32020000,1313,3.0,3,2,"Krishna Reddy Layout, Jeevan Bima Nagar",13,13,Semi Furnished,Unknown,24.8,Ready to Move,,False,Synthetic
SYN_03997,19340000,1252,2.0,2,1,"Uttarahalli -Manavarthekaval, Bengaluru",17,18,Semi Furnished,East,8.0,Ready to Move,,True,Synthetic
SYN_03998,9180000,1212,3.0,3,1,"Dommasandra, Bengaluru",12,16,Unfurnished,North,9.0,Upcoming,2026-03-07,True,Synthetic
SYN_03999,21600000,1381,3.0,3,1,"Candeur Landmark, Halasahalli",17,22,Semi Furnished,East,6.5,Ready to Move,,False,Synthetic
SYN_04000,14050000,1141,2.0,2,1,"Devasthanagalu, Varthur",0,4,Unfurnished,Unknown,1.0,Ready to Move,,False,Synthetic
SYN_04001,16120000,2485,4.0,4,3,"Fems Gardenia, Volagerekallahalli",13,15,Unfurnished,East,1.0,Upcoming,2026-08-20,True,Synthetic
SYN_04002,13810000,1656,3.0,3,1,"Garden Avenue, Battarahalli",17,27,Unfurnished,East,1.0,Ready to Move,,False,Synthetic
SYN_04003,24500000,1471,2.0,2,1,"Stage 3, Indira Nagar",6,6,Unfurnished,Unknown,5.9,Ready to Move,,False,Synthetic
SYN_04004,26920000,1677,3.0,3,1,"Medahalli, Bengaluru",8,26,Semi Furnished,Unknown,10.0,Upcoming,2027-02-17,True,Synthetic
SYN_04005,30660000,2183,3.0,3,1,"Reliaable Tranquil Layout, Bengaluru",3,11,Semi Furnished,Unknown,2.0,Ready to Move,,False,Synthetic
SYN_04006,19610000,1890,3.0,3,1,"Yelenahalli, Akshayanagar",3,17,Semi Furnished,West,1.0,Upcoming,2026-08-27,True,Synthetic
SYN_04007,40320000,2700,4.0,4,1,"Prakruthi Nagar, Kogilu",12,14,Unfurnished,East,9.7,Ready to Move,,False,Synthetic
SYN_04008,22490000,1841,3.0,3,1,"V. Kallahalli, Bengaluru",1,4,Semi Furnished,North,11.5,Ready to Move,,False,Synthetic
SYN_04009,22970000,1795,3.0,3,1,"Gummanahalli, Bengaluru",1,33,Semi Furnished,West,7.1,Ready to Move,,False,Synthetic
SYN_04010,26680000,2158,4.5,4,1,"Pattandur Agrahara, Whitefield",1,11,Semi Furnished,North,1.2,Ready to Move,,False,Synthetic
SYN_04011,15360000,1444,3.0,2,2,"Jakkuru Layout, Jakkur",2,11,Semi Furnished,North,9.0,Ready to Move,,False,Synthetic
SYN_04012,18850000,1786,3.0,2,1,"Shetty Halli, Jalahalli West",1,7,Unfurnished,East,4.2,Ready to Move,,False,Synthetic
SYN_04013,5980000,1290,3.0,3,1,"Terracon Doctors Enclave, Chandapura",4,7,Unfurnished,East,6.6,Upcoming,2028-11-05,True,Synthetic
SYN_04014,74650000,4132,4.0,4,2,"Akshaya Vana, Akshayanagar",12,30,Unfurnished,North,10.8,Ready to Move,,False,Synthetic
SYN_04015,9700000,706,1.0,1,1,"Srikrupa Layout, Abbigere",0,16,Semi Furnished,East,0.6,Ready to Move,,False,Synthetic
SYN_04016,19470000,1658,3.0,3,1,"Raghuvanahalli, Subramanyapura",20,31,Semi Furnished,East,8.0,Ready to Move,,False,Synthetic
SYN_04017,11110000,841,2.0,2,1,"Thirumagondanahalli, Bengaluru",9,12,Semi Furnished,West,3.8,Ready to Move,,False,Synthetic
SYN_04018,119100000,4274,4.0,4,4,"Sri Balaji Krupa Layout, Kothnur Narayanapura",10,41,Unfurnished,East,5.4,Upcoming,2030-02-16,True,Synthetic
SYN_04019,9160000,1263,2.0,2,1,"9th Phase, JP Nagar",17,22,Semi Furnished,East,5.5,Ready to Move,,False,Synthetic
SYN_04020,12650000,1164,2.0,2,1,"Devasthanagalu, Varthur",5,7,Semi Furnished,West,1.0,Ready to Move,,False,Synthetic
SYN_04021,24340000,2565,3.0,2,1,"Gummanahalli, Bengaluru",2,12,Semi Furnished,Unknown,9.2,Ready to Move,,True,Synthetic
SYN_04022,9580000,1485,3.0,3,2,"V S Reddy Colony, Kadugodi",3,14,Semi Furnished,West,10.0,Ready to Move,,False,Synthetic
SYN_04023,20780000,1557,3.0,3,1,"Ardendale, Kannamangala - Whitefield Hoskote Road",9,19,Semi Furnished,Unknown,4.0,Ready to Move,,True,Synthetic
SYN_04024,12600000,1229,2.0,2,1,"Boodihal, Bengaluru",7,21,Semi Furnished,East,6.8,Ready to Move,,False,Synthetic
SYN_04025,7930000,1030,2.0,2,1,"K R Puram, Bengaluru",1,4,Fully Furnished,East,0.9,Ready to Move,,True,Synthetic
SYN_04026,15490000,1370,3.0,2,1,"Hadosiddapura, Carmelaram",12,14,Semi Furnished,North,1.0,Ready to Move,,False,Synthetic
SYN_04027,24460000,1584,3.0,3,1,"Happy Valley Layout, Subramanyapura",17,21,Semi Furnished,East,8.0,Upcoming,2027-03-21,True,Synthetic
SYN_04028,20850000,1567,3.0,3,2,"Phase 2, Whitefield",2,6,Semi Furnished,Unknown,1.4,Ready to Move,,False,Synthetic
SYN_04029,11210000,1105,2.0,2,1,"Bengaluru Hardware Park, Bengaluru",2,5,Semi Furnished,East,3.3,Upcoming,2026-08-31,True,Synthetic
SYN_04030,16320000,1646,3.0,3,1,"Phase 1, Whitefield",11,22,Unfurnished,East,1.6,Upcoming,2027-10-19,True,Synthetic
SYN_04031,16580000,1041,2.0,2,2,"Balagere, Bengaluru",2,8,Unfurnished,East,5.8,Ready to Move,,False,Synthetic
SYN_04032,14470000,1297,3.0,2,1,"Kyalasanahalli, Bengaluru",1,4,Unfurnished,West,10.2,Ready to Move,,False,Synthetic
SYN_04033,6120000,1055,2.0,2,1,"Sarjapur, Bengaluru",6,19,Unfurnished,East,1.0,Ready to Move,,False,Synthetic
SYN_04034,23470000,1123,3.0,3,1,"Varthur, Bengaluru",6,19,Semi Furnished,East,1.0,Ready to Move,,False,Synthetic
SYN_04035,15490000,1212,3.0,3,1,"Sathnur, Bengaluru",13,30,Unfurnished,West,6.4,Ready to Move,,False,Synthetic
SYN_04036,36030000,1493,3.0,3,2,"Hebbal Kempapura, Bengaluru",4,8,Unfurnished,West,3.2,Ready to Move,,False,Synthetic
SYN_04037,27750000,1727,3.0,3,4,"Uttarahalli -Manavarthekaval, Bengaluru",7,14,Semi Furnished,West,2.0,Ready to Move,,False,Synthetic
SYN_04038,7340000,771,2.0,2,1,"Gummanahalli, Bengaluru",7,12,Semi Furnished,East,3.4,Ready to Move,,False,Synthetic
SYN_04039,8330000,1343,2.0,2,2,"Phase 2, Electronic City Phase 2",3,5,Semi Furnished,East,5.0,Ready to Move,,False,Synthetic
SYN_04040,37340000,1692,3.0,3,1,"Panathur, Bengaluru",1,13,Semi Furnished,Unknown,7.9,Upcoming,2026-06-04,True,Synthetic
SYN_04041,49410000,3336,5.0,5,0,"Sarjapur, Bengaluru",11,21,Semi Furnished,Unknown,6.9,Upcoming,2028-12-17,True,Synthetic
SYN_04042,12660000,1130,2.0,2,1,"Gummanahalli, Bengaluru",12,13,Semi Furnished,East,6.0,Ready to Move,,False,Synthetic
SYN_04043,12510000,997,2.0,2,1,"Gummanahalli, Bengaluru",2,12,Semi Furnished,East,4.1,Ready to Move,,False,Synthetic
SYN_04044,13180000,1095,2.0,2,1,"Phase 2, Gottigere",1,17,Unfurnished,East,5.0,Ready to Move,,False,Synthetic
SYN_04045,32510000,1535,3.0,3,1,"Panathur, Bengaluru",1,21,Unfurnished,East,1.2,Upcoming,2027-04-24,True,Synthetic
SYN_04046,13420000,1181,2.0,2,1,"Hosahalli, Bengaluru",1,8,Semi Furnished,East,10.3,Ready to Move,,False,Synthetic
SYN_04047,15710000,1399,3.0,3,1,"Devasthanagalu, Varthur",19,27,Semi Furnished,East,12.0,Ready to Move,,True,Synthetic
SYN_04048,18380000,1267,2.0,2,1,"Raghuvanahalli, Subramanyapura",12,34,Unfurnished,North,20.4,Ready to Move,,False,Synthetic
SYN_04049,17750000,1450,3.0,3,2,"Doddakannelli, Bengaluru",3,5,Semi Furnished,West,0.9,Ready to Move,,False,Synthetic
SYN_04050,15400000,1433,2.0,2,1,"Veer Sandra, Electronic City",14,28,Semi Furnished,Unknown,0.5,Ready to Move,,False,Synthetic
SYN_04051,49530000,2822,4.0,4,1,"Byadarahalli, Benson Town",12,14,Unfurnished,Unknown,0.9,Ready to Move,,False,Synthetic
SYN_04052,16100000,1887,3.5,4,1,"Ganga Layout, Rayasandra",11,15,Unfurnished,Unknown,7.0,Upcoming,2026-12-09,True,Synthetic
SYN_04053,11240000,1231,2.0,2,1,"Gollahalli, Electronic City",8,22,Semi Furnished,East,2.0,Ready to Move,,False,Synthetic
SYN_04054,51740000,4063,4.0,4,1,"Rachenahalli, Jakkur",12,13,Semi Furnished,East,12.1,Ready to Move,,False,Synthetic
SYN_04055,7660000,915,2.0,2,1,"Bendiganahalli, Bengaluru",0,10,Unfurnished,East,6.0,Ready to Move,,False,Synthetic
SYN_04056,13900000,927,2.0,2,1,"Dodsworth Layout, Whitefield",4,9,Unfurnished,Unknown,10.7,Ready to Move,,False,Synthetic
SYN_04057,9600000,1057,2.0,2,1,"Kammasandra, Electronic City",0,4,Unfurnished,North,3.1,Ready to Move,,False,Synthetic
SYN_04058,26730000,1953,3.0,3,1,"Begur, Bengaluru",2,31,Semi Furnished,South,15.0,Ready to Move,,False,Synthetic
SYN_04059,45010000,2467,4.0,4,3,"Adarsh Palm Retreat, Bellandur",14,31,Semi Furnished,East,4.8,Ready to Move,,False,Synthetic
SYN_04060,15340000,1100,2.0,2,1,"Jyotipuram, Bengaluru",3,12,Semi Furnished,Unknown,2.0,Ready to Move,,False,Synthetic
SYN_04061,22420000,2127,3.0,3,1,"Devasthanagalu, Varthur",2,18,Semi Furnished,Unknown,0.0,Ready to Move,,False,Synthetic
SYN_04062,18380000,1145,3.0,3,2,"Nallurhalli, Whitefield",5,15,Semi Furnished,North,10.0,Ready to Move,,False,Synthetic
SYN_04063,34430000,1778,3.0,3,1,"Anjanadri Layout, Konanakunte",18,18,Semi Furnished,West,7.0,Upcoming,2028-02-15,True,Synthetic
SYN_04064,22360000,1641,3.0,3,1,"Spice Garden Layout, Munnekollal",1,9,Semi Furnished,East,1.0,Ready to Move,,False,Synthetic
SYN_04065,8440000,1296,2.0,2,1,"Industrial Suburb, Yeswanthpur",27,29,Semi Furnished,North,10.0,Ready to Move,,False,Synthetic
SYN_04066,25820000,1397,3.0,3,1,"Jakkuru Layout, Jakkur",11,26,Semi Furnished,East,1.0,Upcoming,2027-02-22,True,Synthetic
SYN_04067,11310000,1491,3.0,3,1,"Seegehalli, K R Puram",0,21,Semi Furnished,North,23.0,Ready to Move,,False,Synthetic
SYN_04068,27030000,1679,3.0,3,1,"Munnireddy Layout, Panathur",7,15,Semi Furnished,Unknown,2.0,Upcoming,2028-12-30,True,Synthetic
SYN_04069,24980000,1706,3.0,2,1,"Janatha Colony, Carmelaram",1,17,Unfurnished,East,6.0,Upcoming,2030-03-17,True,Synthetic
SYN_04070,9180000,1471,2.0,2,2,"BEML Cooperative Society Layout, Bengaluru",4,4,Semi Furnished,North,1.4,Ready to Move,,False,Synthetic
SYN_04071,24740000,1687,3.0,3,2,"Judicial Layout 2nd Phase, Talaghattapura",8,9,Semi Furnished,East,7.0,Ready to Move,,False,Synthetic
SYN_04072,8650000,1770,3.0,3,1,"Terracon Doctors Enclave, Chandapura",0,7,Unfurnished,East,6.1,Ready to Move,,False,Synthetic
SYN_04073,22570000,1905,3.0,2,1,"Adityanagar, Vidyaranyapura",2,8,Unfurnished,East,5.6,Ready to Move,,True,Synthetic
SYN_04074,7640000,1382,2.0,2,1,"BEML Cooperative Society Layout, Bengaluru",2,5,Semi Furnished,East,2.9,Ready to Move,,False,Synthetic
SYN_04075,31550000,2503,4.0,4,2,"Green Glen Layout, Bellandur",25,30,Semi Furnished,East,24.4,Ready to Move,,False,Synthetic
SYN_04076,49150000,3626,4.0,3,3,"Yadavanahalli, Bengaluru",4,24,Unfurnished,East,8.0,Ready to Move,,False,Synthetic
SYN_04077,17610000,2251,4.0,4,2,"Sathya Sai Layout, Whitefield",1,10,Unfurnished,East,7.4,Ready to Move,,False,Synthetic
SYN_04078,12590000,931,2.0,2,1,"Rachenahalli, Thanisandra",7,14,Semi Furnished,North,2.5,Ready to Move,,False,Synthetic
SYN_04079,6580000,852,2.0,2,1,"Rachenahalli, Thanisandra",26,29,Fully Furnished,West,5.0,Ready to Move,,False,Synthetic
SYN_04080,13670000,1287,3.0,3,1,"Inasappa Layout, Kammanahalli",1,4,Semi Furnished,North,0.8,Ready to Move,,True,Synthetic
SYN_04081,24880000,1505,3.0,2,1,"Spice Garden Layout, Munnekollal",1,4,Semi Furnished,Unknown,0.0,Ready to Move,,False,Synthetic
SYN_04082,9830000,1453,3.0,3,1,"Devasthanagalu, Varthur",1,14,Unfurnished,West,8.7,Upcoming,2030-06-19,True,Synthetic
SYN_04083,14040000,1200,2.0,2,1,"Hosahalli, Bengaluru",0,14,Semi Furnished,East,8.0,Ready to Move,,False,Synthetic
SYN_04084,13750000,1080,3.0,3,1,"Vakil Garden City, Bengaluru",3,21,Unfurnished,East,8.4,Ready to Move,,False,Synthetic
SYN_04085,8790000,1288,3.0,3,1,"BDA Colony, Jeevan Bima Nagar",5,5,Unfurnished,West,3.5,Ready to Move,,False,Synthetic
SYN_04086,5660000,943,2.0,2,1,"Chikka Abbaiah Layout, Hongasandra",6,10,Semi Furnished,North,1.5,Ready to Move,,False,Synthetic
SYN_04087,17510000,1443,2.0,2,1,"Phase I, Electronic City",4,4,Unfurnished,West,3.8,Upcoming,2026-05-27,True,Synthetic
SYN_04088,6090000,862,2.0,2,1,"V S Reddy Colony, Kadugodi",5,10,Semi Furnished,North,7.9,Ready to Move,,False,Synthetic
SYN_04089,16890000,1147,2.0,2,1,"Jyotipuram, Bengaluru",9,14,Unfurnished,Unknown,8.3,Ready to Move,,False,Synthetic
SYN_04090,10890000,1520,3.0,3,1,"Phase I, Electronic City",18,18,Semi Furnished,North,5.3,Ready to Move,,True,Synthetic
SYN_04091,12980000,1181,2.0,2,1,"Yelachanayakanapura, Bengaluru",2,4,Unfurnished,East,7.0,Ready to Move,,False,Synthetic
SYN_04092,12680000,1023,2.0,2,2,"Phase 1, Whitefield",0,4,Semi Furnished,North,13.0,Ready to Move,,True,Synthetic
SYN_04093,22590000,1664,3.0,3,1,"EPIP Zone, Brookefield",12,24,Semi Furnished,East,7.0,Ready to Move,,False,Synthetic
SYN_04094,9440000,1013,2.0,2,1,"Dubasi Palya, Kengeri Satellite Town",11,20,Semi Furnished,Unknown,6.0,Ready to Move,,False,Synthetic
SYN_04095,22930000,1643,3.0,3,1,"Annaiah Reddy Layout, Dodda Banaswadi",15,17,Semi Furnished,East,6.3,Ready to Move,,True,Synthetic
SYN_04096,18480000,3311,8.0,8,2,"Sreenivasa Reddy Layout, Devarachikkana Halli",1,4,Semi Furnished,West,8.3,Ready to Move,,False,Synthetic
SYN_04097,13240000,995,2.0,2,1,"East Of NGEF Layout, Kasturi Nagar",14,25,Semi Furnished,West,3.0,Ready to Move,,False,Synthetic
SYN_04098,12890000,1013,2.0,2,1,"Boovanahalli, Bengaluru",2,13,Unfurnished,Unknown,7.1,Ready to Move,,True,Synthetic
SYN_04099,12980000,1091,2.0,2,1,"Gummanahalli, Bengaluru",18,27,Unfurnished,Unknown,3.0,Ready to Move,,False,Synthetic
SYN_04100,10800000,723,1.0,1,1,"Pragathi Nagar, Electronic City",10,21,Unfurnished,East,7.1,Upcoming,2029-02-25,True,Synthetic
SYN_04101,16610000,1354,3.0,3,2,"Sri Balaji Layout, K R Puram",2,15,Semi Furnished,East,1.0,Ready to Move,,False,Synthetic
SYN_04102,16010000,1872,3.5,3,1,"Seegehalli, K R Puram",0,5,Semi Furnished,East,1.0,Ready to Move,,False,Synthetic
SYN_04103,6750000,730,2.0,2,1,"Kammasandra, Electronic City",3,14,Unfurnished,Unknown,2.4,Ready to Move,,False,Synthetic
SYN_04104,7130000,1110,3.0,3,1,"Kumbalgodu, Bengaluru",14,17,Semi Furnished,North,13.0,Ready to Move,,True,Synthetic
SYN_04105,36750000,1813,3.0,2,1,"Anjanadri Layout, Konanakunte",3,9,Semi Furnished,West,2.3,Ready to Move,,False,Synthetic
SYN_04106,32530000,2624,4.0,4,4,"Devasthanagalu, Varthur",18,25,Semi Furnished,East,10.0,Upcoming,2026-08-16,True,Synthetic
SYN_04107,17530000,1303,2.0,2,1,"Sompura, Bengaluru",0,5,Unfurnished,Unknown,13.2,Ready to Move,,False,Synthetic
SYN_04108,17800000,996,2.0,2,1,"Whitefield, Bengaluru",3,7,Semi Furnished,West,10.0,Ready to Move,,False,Synthetic
SYN_04109,25520000,1645,3.0,3,1,"Lakedew Residency- Phase 2, Harlur",4,12,Semi Furnished,North,9.5,Ready to Move,,False,Synthetic
SYN_04110,14300000,1583,3.0,2,1,"Varthur, Bengaluru",14,14,Semi Furnished,East,0.5,Upcoming,2026-04-09,True,Synthetic
SYN_04111,12790000,1245,2.0,2,1,"Seegehalli, K R Puram",9,9,Semi Furnished,North,2.0,Ready to Move,,False,Synthetic
SYN_04112,14480000,1471,2.0,2,1,"Dodsworth Layout, Whitefield",5,6,Unfurnished,West,0.7,Ready to Move,,False,Synthetic
SYN_04113,9620000,1343,3.0,3,1,"Horamavu, Bengaluru",2,6,Unfurnished,Unknown,0.8,Ready to Move,,False,Synthetic
SYN_04114,11300000,965,2.0,2,1,"Dodsworth Layout, Whitefield",4,9,Unfurnished,East,6.5,Ready to Move,,False,Synthetic
SYN_04115,29090000,1723,3.0,3,1,"Seetharampalya, Hoodi",20,26,Unfurnished,West,6.2,Ready to Move,,True,Synthetic
SYN_04116,11940000,964,2.0,2,1,"Manayata Tech Park, Thanisandra",14,14,Semi Furnished,Unknown,1.7,Ready to Move,,False,Synthetic
SYN_04117,12760000,909,2.0,2,1,"Sector 7, HSR Layout",4,5,Unfurnished,North,2.7,Ready to Move,,False,Synthetic
SYN_04118,10090000,1162,2.0,2,1,"Aishwarya Crystal Layout, Begur",5,14,Semi Furnished,East,1.7,Ready to Move,,False,Synthetic
SYN_04119,18310000,1445,3.0,2,2,"Lakedew Residency- Phase 2, Harlur",2,4,Semi Furnished,North,9.7,Upcoming,2027-03-13,True,Synthetic
SYN_04120,19000000,1644,3.0,3,1,"Navarathna Agrahara, Bengaluru",11,18,Semi Furnished,East,6.0,Ready to Move,,False,Synthetic
SYN_04121,21610000,1488,3.0,3,1,"Kuvempu Layout, Visthar",1,3,Unfurnished,West,1.5,Ready to Move,,False,Synthetic
SYN_04122,12580000,845,2.0,2,1,"Classic Orchids Layout, Kalena Agrahara",10,22,Semi Furnished,Unknown,11.0,Ready to Move,,False,Synthetic
SYN_04123,12540000,805,2.0,2,4,"Eastwood Township, Harlur",3,4,Unfurnished,West,7.2,Ready to Move,,True,Synthetic
SYN_04124,8390000,847,2.0,2,1,"Excellencia, Choodasandra",12,18,Semi Furnished,Unknown,13.4,Ready to Move,,False,Synthetic
SYN_04125,8880000,1023,2.0,2,1,"Sarjapur, Bengaluru",24,27,Semi Furnished,East,0.4,Ready to Move,,False,Synthetic
SYN_04126,12280000,2342,3.0,3,2,"Pragathi Nagar, Basapura",3,4,Unfurnished,East,7.5,Ready to Move,,False,Synthetic
SYN_04127,11930000,1038,2.0,2,1,"Manayata Tech Park, Thanisandra",8,14,Semi Furnished,East,9.0,Upcoming,2028-06-18,True,Synthetic
SYN_04128,25350000,1883,3.0,3,1,"K R Puram, Bengaluru",7,7,Semi Furnished,East,0.5,Ready to Move,,False,Synthetic
SYN_04129,27420000,3118,4.0,4,1,"Bohra Layout, Gottigere",4,19,Unfurnished,Unknown,10.0,Ready to Move,,False,Synthetic
SYN_04130,13930000,1074,2.0,2,1,"P&T Layout, Thanisandra",1,14,Semi Furnished,East,2.0,Ready to Move,,False,Synthetic
SYN_04131,13040000,1028,2.0,2,1,"Hanumanthappa Layout, Kyalasanahalli",0,3,Semi Furnished,West,0.2,Ready to Move,,False,Synthetic
SYN_04132,15220000,1832,3.0,3,1,"Hoodi, Bengaluru",13,16,Unfurnished,Unknown,6.5,Ready to Move,,False,Synthetic
SYN_04133,15140000,1260,2.0,2,1,"Budigere Cross, Bengaluru",21,28,Semi Furnished,East,8.0,Ready to Move,,False,Synthetic
SYN_04134,9760000,1014,2.0,2,1,"Parkway Homes, Rayasandra",4,4,Unfurnished,East,3.7,Ready to Move,,False,Synthetic
SYN_04135,39270000,2524,4.0,4,2,"Adarsh Palm Retreat, Bellandur",5,21,Unfurnished,West,7.5,Ready to Move,,False,Synthetic
SYN_04136,13820000,946,2.0,2,1,"Blue Waters, Parappana Agrahara",8,21,Semi Furnished,West,3.0,Ready to Move,,False,Synthetic
SYN_04137,22380000,1818,3.0,3,1,"Sarjapur, Bengaluru",4,11,Unfurnished,Unknown,9.9,Ready to Move,,False,Synthetic
SYN_04138,10870000,1016,2.0,2,1,"Bendiganahalli, Bengaluru",12,13,Semi Furnished,Unknown,8.0,Ready to Move,,False,Synthetic
SYN_04139,21090000,1823,3.0,3,1,"Mahadevapura, Bengaluru",10,14,Semi Furnished,East,3.0,Upcoming,2027-03-11,True,Synthetic
SYN_04140,17240000,1252,3.0,3,1,"Nallurhalli, Whitefield",5,6,Semi Furnished,South,3.5,Ready to Move,,False,Synthetic
SYN_04141,15080000,1415,3.0,3,1,"Begur, Bengaluru",0,10,Semi Furnished,Unknown,2.0,Upcoming,2028-06-10,True,Synthetic
SYN_04142,17920000,1635,3.0,3,1,"Choodasandra, Bengaluru",1,5,Semi Furnished,East,6.2,Upcoming,2027-01-02,True,Synthetic
SYN_04143,13180000,934,2.0,2,1,"Skanda Avani, Chikkakannalli",11,22,Semi Furnished,South,4.0,Ready to Move,,False,Synthetic
SYN_04144,23210000,1714,3.0,3,2,"Kodathi, Bengaluru",26,31,Unfurnished,East,7.3,Ready to Move,,False,Synthetic
SYN_04145,13250000,875,2.0,2,2,"Hanumanthappa Layout, Kyalasanahalli",6,19,Unfurnished,Unknown,9.7,Upcoming,2026-12-11,True,Synthetic
SYN_04146,12400000,965,2.0,2,1,"Prakruthi Nagar, Kogilu",5,7,Semi Furnished,East,4.0,Ready to Move,,False,Synthetic
SYN_04147,18120000,1390,3.0,3,1,"Chikkakannalli, Bengaluru",1,28,Semi Furnished,South,23.0,Ready to Move,,False,Synthetic
SYN_04148,7940000,638,1.0,1,1,"Buena Vista, Bommenahalli",19,34,Unfurnished,North,2.1,Ready to Move,,False,Synthetic
SYN_04149,40730000,2178,4.0,4,2,"Hadosiddapura, Carmelaram",10,11,Unfurnished,East,1.0,Ready to Move,,False,Synthetic
SYN_04150,9500000,1365,2.0,2,1,"Somasundarapalya, Bengaluru",23,38,Unfurnished,North,5.0,Ready to Move,,False,Synthetic
SYN_04151,21440000,1597,3.0,3,2,"Harsha Layout, Kengeri Satellite Town",26,32,Semi Furnished,East,14.7,Ready to Move,,False,Synthetic
SYN_04152,25130000,1847,3.0,2,1,"Medahalli, Bengaluru",4,13,Unfurnished,North,3.7,Ready to Move,,False,Synthetic
SYN_04153,14440000,1672,3.0,3,1,"Budigere, Bengaluru",6,22,Semi Furnished,East,3.7,Upcoming,2028-06-16,True,Synthetic
SYN_04154,28090000,1758,3.0,3,1,"Yadavanahalli, Bengaluru",4,8,Unfurnished,East,0.4,Ready to Move,,False,Synthetic
SYN_04155,19920000,1447,3.0,2,1,"Devasthanagalu, Varthur",0,14,Unfurnished,West,4.9,Ready to Move,,False,Synthetic
SYN_04156,9370000,731,2.0,2,1,"Gummanahalli, Bengaluru",12,30,Semi Furnished,East,1.4,Ready to Move,,False,Synthetic
SYN_04157,23640000,1524,3.0,3,1,"Stage 2, BTM Layout 2nd Stage",23,30,Unfurnished,East,9.0,Ready to Move,,False,Synthetic
SYN_04158,26780000,2554,4.0,4,1,"Devasthanagalu, Varthur",6,17,Unfurnished,East,9.9,Ready to Move,,False,Synthetic
SYN_04159,9380000,909,2.0,2,1,"Chinnapa Garden, Benson Town",0,11,Semi Furnished,East,0.3,Ready to Move,,False,Synthetic
SYN_04160,23130000,1778,3.0,3,1,"Chikkakannalli, Bengaluru",3,4,Unfurnished,Unknown,7.0,Ready to Move,,False,Synthetic
SYN_04161,46910000,2079,3.0,2,3,"Police Quarters, R.K. Hegde Nagar",11,17,Semi Furnished,North,4.0,Upcoming,2026-05-04,True,Synthetic
SYN_04162,12340000,1198,2.5,2,1,"Chikkagubbi Village, Bengaluru",14,27,Semi Furnished,Unknown,1.2,Ready to Move,,False,Synthetic
SYN_04163,16580000,979,2.0,2,1,"Hosapalya, Kudlu Gate",24,26,Semi Furnished,East,8.8,Ready to Move,,False,Synthetic
SYN_04164,20130000,1524,3.0,3,1,"Markandhaiha Nagar, Agrahara Layout",23,27,Unfurnished,East,2.6,Ready to Move,,False,Synthetic
SYN_04165,13740000,1120,3.0,2,1,"Navarathna Agrahara, Bengaluru",19,27,Semi Furnished,East,4.0,Ready to Move,,False,Synthetic
SYN_04166,20810000,2058,3.5,4,2,"Devasthanagalu, Varthur",6,27,Semi Furnished,West,8.8,Ready to Move,,False,Synthetic
SYN_04167,8920000,1001,2.0,2,1,"Kacharakanahalli,Bisnahalli, Bengaluru",1,35,Semi Furnished,North,6.7,Ready to Move,,False,Synthetic
SYN_04168,10350000,991,2.0,2,0,"Prakruthi Nagar, Kogilu",3,3,Semi Furnished,North,1.4,Ready to Move,,False,Synthetic
SYN_04169,13420000,1367,2.0,2,1,"Nagondanahalli, Bengaluru",13,14,Unfurnished,East,13.1,Ready to Move,,False,Synthetic
SYN_04170,41260000,1650,3.0,3,1,"Nagashetty Halli, RMV Extension Stage 2",11,14,Unfurnished,North,18.1,Ready to Move,,False,Synthetic
SYN_04171,14290000,1280,3.0,3,1,"Devasthanagalu, Varthur",3,4,Semi Furnished,East,20.4,Ready to Move,,False,Synthetic
SYN_04172,20640000,1288,3.0,3,1,"Panduranga Nagar, Bengaluru",9,42,Unfurnished,East,3.4,Ready to Move,,False,Synthetic
SYN_04173,7010000,875,2.0,2,1,"Madagondanahalli, Electronic City",11,33,Unfurnished,West,8.8,Ready to Move,,False,Synthetic
SYN_04174,15290000,1088,2.0,2,2,"Devin Paradise Enclave, Tirumanahalli",4,4,Unfurnished,West,7.0,Upcoming,2026-03-17,True,Synthetic
SYN_04175,21560000,1570,3.0,3,2,"Dommasandra, Bengaluru",2,25,Semi Furnished,West,12.1,Ready to Move,,False,Synthetic
SYN_04176,25480000,1698,3.0,2,1,"Vasanth Nagar, Bengaluru",8,14,Unfurnished,West,9.0,Ready to Move,,False,Synthetic
SYN_04177,16690000,1429,2.0,2,1,"Veer Sandra, Electronic City",2,7,Semi Furnished,North,4.3,Ready to Move,,False,Synthetic
SYN_04178,11340000,734,2.0,2,1,"Gunjur Village, Bengaluru",15,23,Semi Furnished,West,9.6,Ready to Move,,False,Synthetic
SYN_04179,19450000,1736,3.0,3,1,"Hosapalya, Muneshwara Nagar",15,17,Semi Furnished,North,6.4,Ready to Move,,False,Synthetic
SYN_04180,10250000,1455,3.0,2,1,"Palm Peak Layout, NRI Layout",2,4,Semi Furnished,East,3.3,Upcoming,2026-10-17,True,Synthetic
SYN_04181,10720000,1429,3.0,3,1,"Cholanayakanahalli, Hebbal",4,4,Unfurnished,East,7.0,Ready to Move,,False,Synthetic
SYN_04182,18440000,1862,3.0,3,1,"Chikkagubbi Village, Bengaluru",1,27,Semi Furnished,North,7.7,Ready to Move,,True,Synthetic
SYN_04183,14600000,1534,2.5,2,1,"Budigere Cross, Bengaluru",7,14,Unfurnished,East,2.8,Ready to Move,,False,Synthetic
SYN_04184,31390000,2352,4.0,4,2,"Green Glen Layout, Bellandur",4,18,Unfurnished,North,22.6,Ready to Move,,False,Synthetic
SYN_04185,12990000,1376,2.0,2,1,"Gummanahalli, Bengaluru",22,23,Semi Furnished,North,9.6,Ready to Move,,False,Synthetic
SYN_04186,14850000,1170,2.0,2,1,"Gunjur Palya, Bengaluru",8,18,Unfurnished,West,1.4,Ready to Move,,True,Synthetic
SYN_04187,11950000,1003,2.0,2,1,"Raj Mahal Vilas 2nd Stage, RMV Extension Stage 2",14,23,Semi Furnished,West,1.0,Ready to Move,,False,Synthetic
SYN_04188,13110000,1564,3.0,3,2,"Ecolife Elements Of Nature, Balagere",2,10,Unfurnished,East,7.1,Ready to Move,,False,Synthetic
SYN_04189,18470000,1031,3.0,3,0,"7th Phase, JP Nagar",18,22,Semi Furnished,West,7.7,Ready to Move,,False,Synthetic
SYN_04190,17990000,1357,3.0,3,1,"Devin Paradise Enclave, Tirumanahalli",3,4,Unfurnished,East,2.2,Ready to Move,,False,Synthetic
SYN_04191,11090000,1117,2.0,2,2,"Choodasandra, Bengaluru",0,7,Unfurnished,Unknown,1.0,Ready to Move,,False,Synthetic
SYN_04192,7730000,1213,2.0,2,2,"Terracon Doctors Enclave, Chandapura",1,4,Semi Furnished,East,4.7,Ready to Move,,True,Synthetic
SYN_04193,9430000,1210,2.0,2,1,"Phase 2, Gottigere",3,4,Semi Furnished,East,0.8,Ready to Move,,False,Synthetic
SYN_04194,13430000,1471,2.0,2,1,"Plumeria, Kaggalipura",0,20,Semi Furnished,Unknown,8.9,Ready to Move,,False,Synthetic
SYN_04195,6550000,1136,2.0,2,1,"6th Phase, JP Nagar",7,27,Unfurnished,North,3.7,Ready to Move,,False,Synthetic
SYN_04196,17650000,1781,3.0,3,2,"Gattahalli, Bengaluru",5,12,Unfurnished,East,10.0,Ready to Move,,True,Synthetic
SYN_04197,29900000,1640,3.0,3,1,"Kadagrahara, Bengaluru",26,26,Unfurnished,East,8.0,Ready to Move,,False,Synthetic
SYN_04198,13430000,1173,2.0,2,1,"Nehru Nagar, Bengaluru",2,4,Semi Furnished,West,9.2,Ready to Move,,False,Synthetic
SYN_04199,8040000,1233,2.0,2,1,"Bommasandra, Bengaluru",22,23,Unfurnished,North,10.0,Ready to Move,,False,Synthetic
SYN_04200,12040000,1140,2.0,2,1,"Hosahalli, Bengaluru",4,5,Unfurnished,West,3.0,Ready to Move,,True,Synthetic
SYN_04201,17100000,1106,2.0,2,1,"Buena Vista, Bommenahalli",2,14,Unfurnished,North,10.0,Ready to Move,,False,Synthetic
SYN_04202,20160000,1049,2.0,2,2,"Dodsworth Layout, Whitefield",5,5,Semi Furnished,North,3.0,Ready to Move,,False,Synthetic
SYN_04203,10690000,988,2.0,2,2,"Phase I, Electronic City",2,4,Semi Furnished,East,6.1,Ready to Move,,False,Synthetic
SYN_04204,12320000,1068,2.5,2,1,"Gummanahalli, Bengaluru",7,34,Unfurnished,Unknown,5.5,Ready to Move,,False,Synthetic
SYN_04205,11360000,1804,3.0,2,2,"Phase 2, Whitefield",0,4,Semi Furnished,Unknown,13.2,Ready to Move,,False,Synthetic
SYN_04206,19750000,1581,3.0,2,1,"Kashi Nagar, Byatarayanapura",14,19,Semi Furnished,East,2.0,Ready to Move,,False,Synthetic
SYN_04207,18540000,1324,3.0,3,1,"Anjanadri Layout, Konanakunte",36,41,Unfurnished,South,10.0,Ready to Move,,True,Synthetic
SYN_04208,16360000,1031,3.0,2,1,"Jayanagar Housing Society Layout, Subramanyapura",2,14,Unfurnished,West,4.8,Ready to Move,,False,Synthetic
SYN_04209,23810000,2476,3.0,2,1,"Bengaluru Hardware Park, Bengaluru",0,13,Semi Furnished,East,4.6,Ready to Move,,False,Synthetic
SYN_04210,15020000,1157,2.0,2,2,"Upkar Layout, Whitefield",9,9,Unfurnished,East,4.5,Ready to Move,,False,Synthetic
SYN_04211,28440000,1700,3.0,3,2,"Stage 2, BTM Layout 2nd Stage",8,13,Unfurnished,Unknown,9.1,Ready to Move,,False,Synthetic
SYN_04212,14950000,1669,3.0,3,1,"Varthur, Bengaluru",14,18,Fully Furnished,South,2.0,Ready to Move,,False,Synthetic
SYN_04213,11020000,1379,2.0,2,1,"Marathahalli Village, Marathahalli",5,5,Semi Furnished,North,2.9,Ready to Move,,False,Synthetic
SYN_04214,31210000,2228,3.0,2,1,"Sri Balaji Krupa Layout, R.K. Hegde Nagar",4,19,Semi Furnished,North,3.0,Ready to Move,,False,Synthetic
SYN_04215,21290000,2069,3.0,3,1,"Bidare Agraha, Bengaluru",21,32,Unfurnished,West,11.4,Ready to Move,,False,Synthetic
SYN_04216,9720000,1025,2.0,2,1,"Budigere Cross, Bengaluru",10,23,Unfurnished,East,4.0,Ready to Move,,False,Synthetic
SYN_04217,26990000,2019,3.0,3,2,"Shetty Halli, Jalahalli West",9,20,Semi Furnished,East,3.8,Ready to Move,,False,Synthetic
SYN_04218,17300000,1377,3.0,3,1,"Varthur, Bengaluru",3,7,Unfurnished,West,1.0,Ready to Move,,False,Synthetic
SYN_04219,9570000,938,2.0,2,1,"G Muniyappa Garden, Cox Town",9,15,Semi Furnished,East,0.1,Ready to Move,,False,Synthetic
SYN_04220,14070000,1395,3.0,3,1,"Thirumalashettyhally, Bengaluru",4,13,Semi Furnished,Unknown,18.0,Ready to Move,,False,Synthetic
SYN_04221,10180000,1093,2.0,2,1,"Patel Munivenkatappa Layout, Uttarahalli Hobli",6,7,Semi Furnished,West,9.9,Ready to Move,,False,Synthetic
SYN_04222,27580000,2311,3.0,3,1,"Duo Marvel Layout, Anantapura",1,3,Semi Furnished,East,2.6,Ready to Move,,False,Synthetic
SYN_04223,20720000,2565,3.0,3,1,"Marathahalli Village, Marathahalli",7,27,Fully Furnished,East,2.4,Ready to Move,,False,Synthetic
SYN_04224,9060000,899,2.0,2,1,"Hosahalli, Bengaluru",4,4,Semi Furnished,West,7.0,Ready to Move,,False,Synthetic
SYN_04225,13890000,1268,2.0,2,1,"Lake City, Bommanahalli",7,12,Fully Furnished,West,9.8,Ready to Move,,False,Synthetic
SYN_04226,12540000,1346,3.0,3,1,"Gummanahalli, Bengaluru",14,19,Fully Furnished,East,15.0,Ready to Move,,False,Synthetic
SYN_04227,11390000,1058,2.0,2,1,"Venkateshwara Layout, Panduranga Nagar",14,14,Unfurnished,East,0.7,Ready to Move,,False,Synthetic
SYN_04228,11930000,952,2.0,2,1,"Bengaluru Hardware Park, Bengaluru",4,20,Unfurnished,North,3.0,Ready to Move,,False,Synthetic
SYN_04229,9620000,1164,2.0,2,2,"Sompura, Bengaluru",12,15,Unfurnished,Unknown,7.0,Ready to Move,,False,Synthetic
SYN_04230,12220000,1580,3.0,3,1,"Balagere, Bengaluru",14,14,Unfurnished,East,4.5,Ready to Move,,False,Synthetic
SYN_04231,24930000,1736,3.0,3,1,"Hoskote, Bengaluru",7,11,Unfurnished,North,4.0,Ready to Move,,False,Synthetic
SYN_04232,5680000,886,2.0,2,1,"Kambipura, Bengaluru",0,5,Semi Furnished,East,7.9,Ready to Move,,False,Synthetic
SYN_04233,39040000,1932,3.0,3,1,"Nallurhalli, Whitefield",22,32,Semi Furnished,North,10.0,Upcoming,2027-01-05,True,Synthetic
SYN_04234,13830000,1340,2.0,2,1,"Belathur, K R Puram",4,4,Semi Furnished,East,8.4,Ready to Move,,False,Synthetic
SYN_04235,27030000,1684,3.0,2,2,"Ambedkar Nagar, Whitefield",5,18,Semi Furnished,West,3.0,Ready to Move,,True,Synthetic
SYN_04236,12880000,1054,2.0,2,1,"Kammavari Pete, Hoskote",2,4,Semi Furnished,East,4.5,Ready to Move,,False,Synthetic
SYN_04237,8340000,1237,2.0,2,1,"Somasundarapalya, Bengaluru",5,35,Semi Furnished,West,8.0,Ready to Move,,False,Synthetic
SYN_04238,9220000,1017,2.0,2,1,"Devanahalli, Bengaluru",8,17,Unfurnished,East,9.1,Ready to Move,,False,Synthetic
SYN_04239,7950000,857,1.5,1,1,"Gummanahalli, Bengaluru",4,26,Unfurnished,East,0.9,Ready to Move,,False,Synthetic
SYN_04240,14790000,1096,3.0,3,1,"Vakil Garden City, Bengaluru",20,28,Unfurnished,East,10.3,Ready to Move,,False,Synthetic
SYN_04241,13470000,1038,2.0,2,1,"Samethanahalli, Bengaluru",22,23,Semi Furnished,East,5.0,Ready to Move,,False,Synthetic
SYN_04242,19510000,881,1.0,1,1,"Panathur, Bengaluru",10,14,Semi Furnished,East,2.0,Ready to Move,,False,Synthetic
SYN_04243,18910000,1282,2.0,2,1,"Hosapalya, Kudlu Gate",21,21,Unfurnished,West,1.0,Ready to Move,,False,Synthetic
SYN_04244,8050000,1055,3.0,3,3,"Palm Retreat Lake Front, Kaikondrahalli",6,17,Unfurnished,East,17.8,Ready to Move,,False,Synthetic
SYN_04245,15150000,1471,2.0,2,1,"Aishwarya Crystal Layout, Begur",7,19,Semi Furnished,East,7.2,Ready to Move,,False,Synthetic
SYN_04246,8970000,866,2.0,2,1,"Kengeri Village, Kengeri",1,5,Unfurnished,West,5.9,Ready to Move,,False,Synthetic
SYN_04247,10350000,730,2.0,2,1,"Uttarahalli -Manavarthekaval, Bengaluru",10,17,Semi Furnished,West,4.3,Ready to Move,,False,Synthetic
SYN_04248,9130000,1251,2.0,2,1,"Shirdi Sai Baba Nagar, Munnekollal",9,14,Unfurnished,West,4.0,Ready to Move,,False,Synthetic
SYN_04249,26700000,2081,3.5,3,1,"Silver Springs Layout, Munnekollal",1,4,Fully Furnished,East,4.0,Ready to Move,,False,Synthetic
SYN_04250,6220000,953,2.0,2,1,"Uttarahalli -Manavarthekaval, Bengaluru",8,15,Unfurnished,West,8.6,Upcoming,2026-12-05,True,Synthetic
SYN_04251,12010000,1265,2.0,2,1,"Srikrupa Layout, Abbigere",22,27,Unfurnished,Unknown,2.4,Ready to Move,,False,Synthetic
SYN_04252,19230000,1775,3.0,2,1,"Kyalasanahalli, Bengaluru",13,22,Fully Furnished,West,9.3,Ready to Move,,False,Synthetic
SYN_04253,39000000,2510,3.0,2,1,"Ardendale, Kannamangala - Whitefield Hoskote Road",4,18,Semi Furnished,Unknown,1.6,Ready to Move,,False,Synthetic
SYN_04254,20140000,1037,2.0,2,1,"Sector 7, HSR Layout",18,21,Unfurnished,East,10.3,Ready to Move,,False,Synthetic
SYN_04255,33240000,2650,4.0,4,2,"Cleveland Town, Frazer Town",14,18,Unfurnished,North,1.0,Upcoming,2026-05-04,True,Synthetic
SYN_04256,22580000,1518,3.0,2,2,"Ardendale, Kannamangala - Whitefield Hoskote Road",13,24,Unfurnished,North,6.8,Upcoming,2027-09-12,True,Synthetic
SYN_04257,22970000,1701,3.0,3,1,"V. Kallahalli, Bengaluru",5,19,Unfurnished,Unknown,5.4,Ready to Move,,False,Synthetic
SYN_04258,23150000,1896,3.0,3,1,"Seegehalli, Whitefield - Hoskote Road, K R Puram",4,11,Unfurnished,Unknown,6.0,Upcoming,2028-01-25,True,Synthetic
SYN_04259,25560000,2143,3.0,3,1,"Kuvempu Layout, Visthar",19,31,Semi Furnished,Unknown,13.0,Ready to Move,,False,Synthetic
SYN_04260,5080000,522,1.0,1,1,"Dodsworth Layout, Whitefield",0,28,Unfurnished,North,0.6,Upcoming,2028-08-29,True,Synthetic
SYN_04261,29300000,2565,3.0,2,1,"Anekal, Bengaluru",2,13,Unfurnished,East,19.0,Ready to Move,,False,Synthetic
SYN_04262,15920000,1082,2.0,2,1,"Yadavanahalli, Bengaluru",7,7,Fully Furnished,East,15.0,Ready to Move,,False,Synthetic
SYN_04263,20830000,1371,3.0,3,2,"Maruthi Nagar, Yelahanka",11,11,Semi Furnished,East,7.3,Ready to Move,,False,Synthetic
SYN_04264,11920000,1552,3.0,3,1,"Attibele, Bengaluru",1,5,Semi Furnished,North,1.6,Ready to Move,,False,Synthetic
SYN_04265,6730000,1032,2.0,2,1,"Bommasandra, Bengaluru",1,4,Semi Furnished,East,5.5,Ready to Move,,False,Synthetic
SYN_04266,15830000,1636,3.0,3,1,"Chambenahalli, Bengaluru",4,4,Semi Furnished,West,2.0,Ready to Move,,True,Synthetic
SYN_04267,13690000,1069,2.0,2,1,"Prakruthi Layout, HBR Layout",2,4,Semi Furnished,West,8.9,Ready to Move,,False,Synthetic
SYN_04268,5350000,590,1.0,1,1,"Chikkagubbi Village, Bengaluru",18,19,Fully Furnished,East,2.1,Ready to Move,,False,Synthetic
SYN_04269,37580000,1773,3.0,3,1,"Srinivasa Nagar, Banashankari",1,4,Semi Furnished,Unknown,8.8,Upcoming,2027-08-07,True,Synthetic
SYN_04270,18240000,1364,3.0,3,1,"Glen Classic, Devinagar",4,8,Semi Furnished,North,6.1,Ready to Move,,False,Synthetic
SYN_04271,16330000,1428,2.0,2,1,"Malleshpalya, Kaggadasapura",6,28,Semi Furnished,Unknown,7.7,Ready to Move,,False,Synthetic
SYN_04272,15110000,1459,3.0,2,1,"Sector 7, HSR Layout",3,4,Semi Furnished,Unknown,18.8,Ready to Move,,True,Synthetic
SYN_04273,24140000,1649,3.0,3,1,"Balagere, Bengaluru",5,21,Semi Furnished,Unknown,11.1,Ready to Move,,True,Synthetic
SYN_04274,11750000,730,2.0,2,1,"Seetharampalya, Hoodi",0,10,Semi Furnished,East,1.0,Ready to Move,,False,Synthetic
SYN_04275,16580000,1539,3.0,3,1,"Kashi Nagar, Byatarayanapura",12,14,Unfurnished,West,6.6,Ready to Move,,False,Synthetic
SYN_04276,14170000,917,2.0,2,1,"Bellandur, Bengaluru",2,5,Semi Furnished,Unknown,5.8,Upcoming,2027-01-06,True,Synthetic
SYN_04277,10340000,1199,3.0,3,1,"Gummanahalli, Bengaluru",18,24,Semi Furnished,East,5.0,Ready to Move,,False,Synthetic
SYN_04278,21970000,1831,3.0,3,1,"Rachenahalli, Thanisandra",15,27,Unfurnished,East,8.7,Ready to Move,,False,Synthetic
SYN_04279,29940000,2413,4.0,3,2,"Vishwapriya Nagar, Begur",28,41,Unfurnished,East,1.0,Upcoming,2026-03-02,True,Synthetic
SYN_04280,21740000,1371,3.0,3,1,"Classic Orchids Layout, Kalena Agrahara",13,15,Unfurnished,North,9.4,Upcoming,2028-10-28,True,Synthetic
SYN_04281,21220000,1699,3.0,3,1,"Chikkagubbi Village, Bengaluru",11,23,Semi Furnished,South,1.0,Ready to Move,,False,Synthetic
SYN_04282,14180000,1320,2.0,2,1,"Prakruthi Nagar, Kogilu",4,6,Semi Furnished,North,16.1,Ready to Move,,False,Synthetic
SYN_04283,13790000,1555,3.0,3,2,"Chaithanya Samarth, Bommenahalli",4,4,Semi Furnished,East,4.3,Ready to Move,,True,Synthetic
SYN_04284,44040000,2041,4.0,4,4,"Shabhari Nagar, Sahakara Nagar",9,23,Semi Furnished,West,0.9,Ready to Move,,False,Synthetic
SYN_04285,17130000,1308,2.0,1,1,"Gunjur Village, Bengaluru",0,5,Unfurnished,Unknown,2.5,Ready to Move,,False,Synthetic
SYN_04286,15290000,1138,2.0,2,1,"Marathahalli Village, Marathahalli",2,5,Semi Furnished,East,1.4,Ready to Move,,False,Synthetic
SYN_04287,9260000,746,2.0,2,1,"Prakruthi Nagar, Kogilu",13,14,Semi Furnished,West,4.8,Ready to Move,,False,Synthetic
SYN_04288,14790000,1222,2.0,2,1,"Munnireddy Layout, Panathur",4,20,Semi Furnished,East,1.0,Ready to Move,,False,Synthetic
SYN_04289,22290000,1258,3.0,3,1,"Classic Orchids Layout, Kalena Agrahara",8,24,Unfurnished,Unknown,4.1,Ready to Move,,False,Synthetic
SYN_04290,11970000,1281,2.0,2,1,"Shriram Sameeksha, Singapura",6,23,Semi Furnished,East,6.9,Ready to Move,,True,Synthetic
SYN_04291,15300000,1511,3.0,3,1,"ITI Employees Layout, Mallathahalli",10,24,Unfurnished,East,11.0,Ready to Move,,False,Synthetic
SYN_04292,15310000,2157,3.0,3,2,"Kasavanahalli, Bengaluru",5,14,Semi Furnished,North,0.7,Ready to Move,,False,Synthetic
SYN_04293,27820000,1443,3.0,3,1,"Mahadevapura, Bengaluru",13,15,Unfurnished,Unknown,4.7,Ready to Move,,True,Synthetic
SYN_04294,15520000,1171,2.0,2,1,"Manayata Tech Park, Thanisandra",0,31,Unfurnished,South,3.0,Ready to Move,,False,Synthetic
SYN_04295,26270000,1986,3.0,3,1,"Yadavanahalli, Bengaluru",5,24,Fully Furnished,South,9.4,Ready to Move,,False,Synthetic
SYN_04296,12380000,998,2.0,2,1,"Stage 1, Indira Nagar",4,7,Unfurnished,Unknown,0.8,Ready to Move,,False,Synthetic
SYN_04297,22290000,1598,3.0,3,1,"Markandhaiha Nagar, Agrahara Layout",14,29,Semi Furnished,North,1.0,Ready to Move,,False,Synthetic
SYN_04298,17470000,1630,3.0,3,1,"Hosahalli, Bengaluru",0,11,Semi Furnished,West,5.0,Ready to Move,,False,Synthetic
SYN_04299,13100000,1173,2.5,2,1,"Bendiganahalli, Bengaluru",0,4,Unfurnished,East,2.6,Ready to Move,,False,Synthetic
SYN_04300,11640000,1454,3.0,3,1,"Mullur, Bengaluru",16,18,Unfurnished,Unknown,4.9,Ready to Move,,False,Synthetic
SYN_04301,10880000,730,2.0,2,1,"Block 2, Agrahara Layout",6,18,Unfurnished,Unknown,1.0,Ready to Move,,False,Synthetic
SYN_04302,15180000,2031,3.0,3,2,"Dodsworth Layout, Whitefield",18,27,Semi Furnished,East,6.0,Ready to Move,,False,Synthetic
SYN_04303,18890000,1421,3.0,3,1,"Navarathna Agrahara, Bengaluru",1,4,Semi Furnished,East,18.0,Ready to Move,,False,Synthetic
SYN_04304,35720000,2565,3.0,3,1,"Spice Garden Layout, Munnekollal",9,13,Unfurnished,North,0.7,Upcoming,2026-11-03,True,Synthetic
SYN_04305,7340000,1100,2.0,2,1,"Glass Factory Layout, Electronic City",4,4,Semi Furnished,North,13.0,Ready to Move,,False,Synthetic
SYN_04306,25160000,1881,3.0,3,1,"Sector 7, HSR Layout",13,16,Unfurnished,East,4.0,Ready to Move,,False,Synthetic
SYN_04307,22410000,1574,3.0,3,1,"Dodsworth Layout, Whitefield",9,18,Unfurnished,Unknown,9.0,Ready to Move,,False,Synthetic
SYN_04308,14140000,1259,2.0,2,2,"Hosahalli, Bengaluru",12,13,Unfurnished,East,2.3,Ready to Move,,False,Synthetic
SYN_04309,26810000,1108,3.0,3,1,"Basavanna Nagar, K R Puram",11,26,Unfurnished,West,1.1,Upcoming,2027-04-07,True,Synthetic
SYN_04310,22900000,1782,3.0,3,1,"V. Kallahalli, Bengaluru",10,17,Semi Furnished,East,8.5,Ready to Move,,False,Synthetic
SYN_04311,19990000,1205,2.0,2,1,"Hadosiddapura, Carmelaram",15,20,Semi Furnished,East,1.0,Ready to Move,,False,Synthetic
SYN_04312,39470000,1747,3.0,2,1,"Anjanadri Layout, Konanakunte",6,10,Semi Furnished,East,4.8,Upcoming,2026-07-21,True,Synthetic
SYN_04313,18730000,1476,3.0,3,1,"Dodsworth Layout, Whitefield",15,18,Semi Furnished,East,7.0,Ready to Move,,False,Synthetic
SYN_04314,18710000,1209,3.0,3,1,"Virgonagar Industrial Estate, K R Puram",1,14,Unfurnished,West,2.4,Ready to Move,,False,Synthetic
SYN_04315,10530000,1386,2.0,2,2,"V S Reddy Colony, Kadugodi",2,13,Semi Furnished,North,4.4,Upcoming,2026-01-18,True,Synthetic
SYN_04316,17210000,1753,3.0,3,1,"Chikkagubbi Village, Bengaluru",2,18,Semi Furnished,East,6.2,Upcoming,2026-11-02,True,Synthetic
SYN_04317,23840000,2292,4.0,4,4,"Byadarahalli, Benson Town",13,14,Unfurnished,East,3.0,Upcoming,2026-06-27,True,Synthetic
SYN_04318,18370000,966,2.0,2,1,"Dodsworth Layout, Whitefield",4,9,Semi Furnished,West,1.0,Ready to Move,,False,Synthetic
SYN_04319,17980000,1117,2.0,2,1,"Jayanagar Housing Society Layout, Subramanyapura",13,19,Semi Furnished,East,4.3,Ready to Move,,True,Synthetic
SYN_04320,15290000,1180,2.0,2,1,"Nagasandra Colony, Nagasandra, Bengaluru North",13,15,Unfurnished,East,9.0,Ready to Move,,False,Synthetic
SYN_04321,24300000,1720,3.0,2,2,"Kashi Nagar, Byatarayanapura",0,3,Semi Furnished,North,11.2,Ready to Move,,False,Synthetic
SYN_04322,34960000,2565,3.0,3,1,"Green Glen Layout, Bellandur",3,5,Unfurnished,East,1.2,Upcoming,2028-11-28,True,Synthetic
SYN_04323,17100000,1267,2.0,2,1,"Gummanahalli, Bengaluru",3,20,Semi Furnished,East,1.5,Ready to Move,,False,Synthetic
SYN_04324,25910000,2097,3.0,3,1,"B Narayanapura, Mahadevapura",2,5,Semi Furnished,West,15.0,Ready to Move,,False,Synthetic
SYN_04325,15000000,1214,2.0,2,2,"Phase I, Electronic City",1,14,Unfurnished,Unknown,6.0,Ready to Move,,False,Synthetic
SYN_04326,7540000,951,2.0,2,2,"Bommasandra Industrial Area, Bommasandra",1,5,Unfurnished,Unknown,3.3,Ready to Move,,False,Synthetic
SYN_04327,11870000,1031,3.0,3,1,"Someshwara Layout, Doddakannelli",0,4,Fully Furnished,East,5.1,Ready to Move,,False,Synthetic
SYN_04328,31790000,2206,3.0,2,1,"Akshaya Gardens, Akshayanagar",5,10,Semi Furnished,West,10.0,Ready to Move,,True,Synthetic
SYN_04329,12270000,1407,3.0,3,1,"Ganga Layout, Rayasandra",4,4,Semi Furnished,East,2.9,Ready to Move,,False,Synthetic
SYN_04330,11160000,1051,2.0,2,1,"Bommenahalli, Bengaluru",0,4,Fully Furnished,Unknown,5.1,Ready to Move,,False,Synthetic
SYN_04331,13260000,1859,3.0,3,0,"Swamy Shivanandapuram, Shivaji Nagar",12,24,Unfurnished,North,9.0,Ready to Move,,False,Synthetic
SYN_04332,19560000,1505,3.0,3,1,"Dommasandra, Bengaluru",0,9,Semi Furnished,West,3.0,Ready to Move,,False,Synthetic
SYN_04333,33590000,1828,3.0,3,1,"Nallurhalli, Whitefield",2,4,Semi Furnished,East,8.6,Ready to Move,,True,Synthetic
SYN_04334,19630000,2173,3.0,3,2,"Devasthanagalu, Varthur",31,40,Semi Furnished,East,3.0,Ready to Move,,True,Synthetic
SYN_04335,34520000,1597,3.0,3,1,"Anjanadri Layout, Konanakunte",0,4,Semi Furnished,East,5.6,Ready to Move,,True,Synthetic
SYN_04336,15290000,1316,2.0,2,2,"ITI Employees Housing Colony, Dooravani Nagar",9,33,Semi Furnished,Unknown,7.8,Ready to Move,,False,Synthetic
SYN_04337,11060000,1351,3.0,3,2,"Rays Of Dawn, Kambipura",9,10,Unfurnished,South,4.7,Ready to Move,,False,Synthetic
SYN_04338,12650000,1081,2.0,2,2,"Ardendale, Kannamangala - Whitefield Hoskote Road",2,21,Semi Furnished,Unknown,17.7,Upcoming,2029-06-24,True,Synthetic
SYN_04339,21050000,1629,3.0,2,2,"Aishwarya Crystal Layout, Begur",5,12,Semi Furnished,Unknown,1.6,Ready to Move,,False,Synthetic
SYN_04340,29290000,1947,3.0,3,1,"4th Phase, JP Nagar",1,10,Unfurnished,East,14.4,Ready to Move,,False,Synthetic
SYN_04341,15480000,1212,2.0,2,1,"Dodsworth Layout, Whitefield",18,30,Semi Furnished,East,5.0,Ready to Move,,True,Synthetic
SYN_04342,16860000,1386,2.0,2,1,"Devasthanagalu, Varthur",2,12,Semi Furnished,West,2.1,Ready to Move,,False,Synthetic
SYN_04343,14330000,1606,3.0,3,1,"Excellencia, Choodasandra",2,5,Fully Furnished,West,10.2,Ready to Move,,True,Synthetic
SYN_04344,25450000,1958,3.0,3,1,"Jigala, Bengaluru",22,33,Unfurnished,North,9.2,Ready to Move,,False,Synthetic
SYN_04345,13500000,1712,3.0,3,1,"Belathur, K R Puram",11,22,Unfurnished,East,15.9,Ready to Move,,False,Synthetic
SYN_04346,19190000,1418,3.0,2,1,"Sri Balaji Krupa Layout, R.K. Hegde Nagar",2,5,Semi Furnished,Unknown,17.4,Ready to Move,,False,Synthetic
SYN_04347,14970000,1552,3.0,3,1,"Chikkagubbi Village, Bengaluru",7,35,Semi Furnished,North,0.8,Upcoming,2026-09-14,True,Synthetic
SYN_04348,8510000,988,2.0,2,1,"Sector 7, HSR Layout",24,28,Semi Furnished,East,6.9,Ready to Move,,False,Synthetic
SYN_04349,11300000,1418,3.0,3,1,"HAL 2nd Stage, Indira Nagar",6,9,Semi Furnished,North,9.7,Ready to Move,,False,Synthetic
SYN_04350,13650000,835,2.0,2,2,"Jakkur, Bengaluru",5,14,Semi Furnished,Unknown,9.0,Ready to Move,,True,Synthetic
SYN_04351,21510000,1771,3.0,3,1,"Hosahalli, Bengaluru",3,4,Semi Furnished,East,1.0,Ready to Move,,False,Synthetic
SYN_04352,12540000,1011,2.0,2,1,"Aishwarya Crystal Layout, Begur",6,12,Unfurnished,Unknown,7.8,Ready to Move,,False,Synthetic
SYN_04353,26740000,2565,3.0,2,1,"Ahad Euphoria, Carmelaram",0,5,Unfurnished,East,3.0,Ready to Move,,False,Synthetic
SYN_04354,18350000,1727,3.0,3,1,"Ambedkar Nagar, Whitefield",1,4,Unfurnished,East,6.0,Ready to Move,,True,Synthetic
SYN_04355,12630000,1352,2.0,2,1,"7th Phase, JP Nagar",22,28,Semi Furnished,East,8.9,Ready to Move,,False,Synthetic
SYN_04356,13860000,1031,2.0,2,1,"Skanda Avani, Chikkakannalli",15,19,Semi Furnished,West,12.0,Ready to Move,,False,Synthetic
SYN_04357,15350000,1303,2.5,2,1,"P&T Layout, Thanisandra",12,16,Semi Furnished,East,4.7,Ready to Move,,True,Synthetic
SYN_04358,25800000,1412,3.0,3,1,"Rachenahalli, Jakkur",12,15,Semi Furnished,North,1.0,Ready to Move,,False,Synthetic
SYN_04359,20040000,1278,3.0,3,1,"Dommasandra, Bengaluru",18,24,Unfurnished,East,14.8,Ready to Move,,False,Synthetic
SYN_04360,11750000,1121,2.0,2,1,"Phase 2, Whitefield",26,32,Fully Furnished,East,1.4,Ready to Move,,False,Synthetic
SYN_04361,28970000,1432,3.0,2,1,"Yadavanahalli, Bengaluru",7,9,Unfurnished,East,18.6,Ready to Move,,False,Synthetic
SYN_04362,12940000,1275,2.0,2,1,"Somasundarapalya, Bengaluru",4,14,Unfurnished,West,13.4,Ready to Move,,False,Synthetic
SYN_04363,26790000,2061,3.0,3,1,"Samethanahalli, Bengaluru",6,22,Semi Furnished,Unknown,18.0,Ready to Move,,True,Synthetic
SYN_04364,22370000,1570,3.0,3,1,"Dodsworth Layout, Whitefield",4,5,Semi Furnished,East,6.8,Ready to Move,,False,Synthetic
SYN_04365,12260000,1112,2.0,2,1,"Janatha Colony, Carmelaram",3,4,Semi Furnished,East,4.3,Ready to Move,,False,Synthetic
SYN_04366,8200000,1233,2.0,2,1,"Thubarahalli, Whitefield",3,12,Semi Furnished,East,1.5,Ready to Move,,False,Synthetic
SYN_04367,12100000,988,2.0,2,2,"Manayata Tech Park, Nagavara",16,22,Fully Furnished,East,1.0,Ready to Move,,False,Synthetic
SYN_04368,17100000,1471,2.0,2,2,"SNN Raj Serenity, Akshayanagar",1,4,Unfurnished,East,2.9,Ready to Move,,False,Synthetic
SYN_04369,31930000,2057,4.0,4,2,"Kuvempu Layout, Visthar",9,14,Semi Furnished,Unknown,19.1,Ready to Move,,False,Synthetic
SYN_04370,52220000,3901,5.0,5,2,"Dodsworth Layout, Whitefield",5,5,Unfurnished,North,8.0,Ready to Move,,False,Synthetic
SYN_04371,17980000,978,2.0,2,1,"Bellandur Village, Bellandur",6,11,Unfurnished,Unknown,7.4,Ready to Move,,False,Synthetic
SYN_04372,11540000,896,2.0,2,2,"Adityanagar, Vidyaranyapura",12,19,Semi Furnished,West,2.0,Ready to Move,,False,Synthetic
SYN_04373,19230000,1314,2.0,2,1,"Devasthanagalu, Varthur",3,4,Unfurnished,East,6.8,Ready to Move,,False,Synthetic
SYN_04374,98200000,4159,4.0,4,2,"Siddapura, Whitefield",30,40,Unfurnished,East,0.9,Ready to Move,,True,Synthetic
SYN_04375,17370000,1437,2.0,2,1,"Medahalli, Bengaluru",5,7,Unfurnished,North-East,1.2,Ready to Move,,False,Synthetic
SYN_04376,8930000,1123,3.0,3,2,"Cambridge Layout, Halasuru",14,14,Unfurnished,East,0.7,Ready to Move,,False,Synthetic
SYN_04377,45040000,2154,4.0,4,2,"Phase 2, Doddanagamangala",4,6,Unfurnished,East,5.1,Ready to Move,,True,Synthetic
SYN_04378,37810000,1803,3.0,2,1,"Stage 3, Indira Nagar",3,6,Semi Furnished,East,6.2,Ready to Move,,True,Synthetic
SYN_04379,25560000,1961,3.5,3,2,"Nandi Durga Road Extension, Jayamahal",27,33,Semi Furnished,Unknown,0.7,Ready to Move,,False,Synthetic
SYN_04380,11440000,1264,2.0,2,1,"Attibele, Bengaluru",20,22,Fully Furnished,West,8.0,Ready to Move,,False,Synthetic
SYN_04381,8290000,747,1.0,1,1,"Dodsworth Layout, Whitefield",17,32,Unfurnished,East,1.6,Ready to Move,,False,Synthetic
SYN_04382,30700000,2490,4.0,3,3,"Upkar Layout, Whitefield",15,19,Semi Furnished,Unknown,7.3,Ready to Move,,False,Synthetic
SYN_04383,11940000,1229,3.0,2,1,"Central Excise Layout, Sanjaynagar",9,20,Semi Furnished,North,6.0,Ready to Move,,False,Synthetic
SYN_04384,20860000,1153,2.0,2,1,"Dommasandra, Bengaluru",3,4,Unfurnished,West,12.7,Ready to Move,,False,Synthetic
SYN_04385,20750000,1757,3.0,3,2,"Isha Misty Green, Chansandra",6,31,Unfurnished,East,10.0,Ready to Move,,False,Synthetic
SYN_04386,7580000,1005,2.0,2,1,"Gummanahalli, Bengaluru",1,4,Semi Furnished,East,8.9,Ready to Move,,False,Synthetic
SYN_04387,22140000,1270,2.0,2,1,"Immadihalli, Whitefield",13,13,Semi Furnished,Unknown,5.3,Ready to Move,,False,Synthetic
SYN_04388,10520000,1371,2.0,2,2,"Shriram Sameeksha, Singapura",4,4,Semi Furnished,Unknown,4.6,Ready to Move,,False,Synthetic
SYN_04389,18720000,1510,3.0,3,1,"Devasthanagalu, Varthur",5,14,Semi Furnished,West,3.0,Ready to Move,,True,Synthetic
SYN_04390,28110000,1452,3.0,3,2,"Sathya Sai Layout, Whitefield",0,4,Unfurnished,Unknown,4.9,Ready to Move,,False,Synthetic
SYN_04391,21150000,1287,2.0,2,1,"Nagnolia Park, Nagondanahalli",0,10,Semi Furnished,North,0.7,Ready to Move,,False,Synthetic
SYN_04392,5630000,1032,3.0,3,1,"Isha Misty Green, Chansandra",13,15,Semi Furnished,East,4.7,Ready to Move,,False,Synthetic
SYN_04393,18690000,1431,3.0,3,1,"Hanumanthappa Layout, Kyalasanahalli",1,17,Unfurnished,East,8.3,Ready to Move,,False,Synthetic
SYN_04394,22570000,2023,3.0,3,1,"Stage 2, Yeswanthpur",0,4,Semi Furnished,East,10.0,Ready to Move,,False,Synthetic
SYN_04395,10410000,742,2.0,2,2,"Balagere, Bengaluru",1,5,Semi Furnished,Unknown,2.2,Ready to Move,,False,Synthetic
SYN_04396,10820000,1158,2.0,2,1,"AECS Layout, Sanjaynagar",20,39,Fully Furnished,East,1.3,Ready to Move,,False,Synthetic
SYN_04397,5070000,595,1.0,1,1,"Sarjapur, Bengaluru",12,22,Unfurnished,North,3.0,Ready to Move,,False,Synthetic
SYN_04398,36020000,1903,3.0,3,1,"Kothnur, Kalena Agrahara",2,16,Unfurnished,East,0.8,Ready to Move,,True,Synthetic
SYN_04399,17790000,1839,3.0,3,1,"RR Nagar, Bengaluru",1,14,Semi Furnished,West,1.0,Upcoming,2028-06-08,True,Synthetic
SYN_04400,27060000,2186,3.0,2,1,"Srinivasa Nagar, Banashankari",4,4,Unfurnished,North-East,7.4,Upcoming,2026-10-31,True,Synthetic
SYN_04401,31910000,1727,3.0,3,3,"B Narayanapura, Mahadevapura",0,4,Unfurnished,West,10.0,Ready to Move,,True,Synthetic
SYN_04402,51370000,4195,4.0,4,1,"Prakruthi Nagar, Kogilu",14,36,Unfurnished,Unknown,8.0,Ready to Move,,False,Synthetic
SYN_04403,21560000,1823,3.0,3,1,"Maruthi Nagar, Yelahanka",6,38,Unfurnished,North,4.0,Ready to Move,,False,Synthetic
SYN_04404,18920000,1520,3.0,3,2,"Phase I, Electronic City",17,17,Unfurnished,Unknown,2.8,Ready to Move,,False,Synthetic
SYN_04405,14020000,930,2.0,2,1,"Devasthanagalu, Varthur",3,12,Semi Furnished,East,0.3,Upcoming,2026-10-23,True,Synthetic
SYN_04406,16590000,1602,3.0,2,1,"Varthur, Bengaluru",28,34,Semi Furnished,West,7.3,Ready to Move,,True,Synthetic
SYN_04407,13060000,1044,2.0,2,2,"Hosahalli, Bengaluru",2,4,Semi Furnished,East,4.0,Ready to Move,,False,Synthetic
SYN_04408,22920000,1838,3.0,3,1,"Bharath Housing Society Layout, Subramanyapura",29,32,Unfurnished,East,10.5,Ready to Move,,False,Synthetic
SYN_04409,44970000,4052,4.0,4,2,"Hosahalli, Bengaluru",3,9,Semi Furnished,Unknown,9.8,Ready to Move,,False,Synthetic
SYN_04410,17560000,1400,3.0,3,1,"Kambipura, Bengaluru",6,26,Unfurnished,Unknown,1.0,Upcoming,2028-04-23,True,Synthetic
SYN_04411,7720000,963,2.0,2,1,"Ashirvad Colony, Horamavu",3,4,Semi Furnished,West,2.0,Ready to Move,,False,Synthetic
SYN_04412,9270000,1202,2.0,2,1,"Avalahalli, Yelahanka",7,13,Semi Furnished,West,0.9,Ready to Move,,False,Synthetic
SYN_04413,16290000,1351,2.0,2,1,"Phase I, Electronic City",12,18,Unfurnished,North,8.4,Ready to Move,,True,Synthetic
SYN_04414,10320000,1046,3.0,3,2,"Hosahalli, Bengaluru",29,39,Semi Furnished,East,12.2,Ready to Move,,False,Synthetic
SYN_04415,32840000,2561,3.0,3,1,"Manayata Tech Park, Thanisandra",3,4,Semi Furnished,South,6.0,Ready to Move,,False,Synthetic
SYN_04416,11260000,1125,2.0,2,1,"Phase 5, Chikkanayakanahalli, Choodasandra",7,28,Unfurnished,East,6.3,Ready to Move,,True,Synthetic
SYN_04417,14090000,1086,2.0,1,1,"Aishwarya Crystal Layout, Begur",11,14,Semi Furnished,East,13.0,Ready to Move,,False,Synthetic
SYN_04418,11570000,1516,3.0,3,1,"NN Farm Layout, Sanjaynagar",7,12,Semi Furnished,North,10.0,Ready to Move,,True,Synthetic
SYN_04419,13880000,1260,2.0,2,1,"Suryanagar, Bommasandra",7,9,Semi Furnished,North,1.0,Ready to Move,,False,Synthetic
SYN_04420,8050000,1351,2.0,2,1,"Kengeri Satellite Town, Bengaluru",17,24,Unfurnished,North,3.3,Ready to Move,,False,Synthetic
SYN_04421,16430000,1286,3.0,3,1,"Bharath Housing Society Layout, RR Nagar",6,14,Unfurnished,East,0.7,Ready to Move,,True,Synthetic
SYN_04422,16410000,956,2.0,2,1,"Anjanadri Layout, Konanakunte",10,21,Fully Furnished,Unknown,2.2,Ready to Move,,False,Synthetic
SYN_04423,16010000,1385,3.0,3,1,"Jai Bheema Nagar, Sheshadripuram",0,22,Semi Furnished,West,12.0,Ready to Move,,False,Synthetic
SYN_04424,27660000,1143,2.0,2,1,"Stage 1, BTM Layout",8,18,Fully Furnished,East,7.9,Ready to Move,,False,Synthetic
SYN_04425,16730000,1225,2.0,1,1,"Buena Vista, Bommenahalli",4,4,Semi Furnished,South,0.3,Ready to Move,,False,Synthetic
SYN_04426,39780000,2352,3.0,3,1,"Sri Balaji Krupa Layout, R.K. Hegde Nagar",0,4,Unfurnished,Unknown,10.0,Ready to Move,,True,Synthetic
SYN_04427,43950000,2202,3.0,3,1,"Anjanadri Layout, Konanakunte",1,5,Semi Furnished,West,12.0,Ready to Move,,False,Synthetic
SYN_04428,5630000,928,2.0,2,1,"Prakruthi Nagar, Kogilu",0,23,Semi Furnished,East,2.0,Ready to Move,,False,Synthetic
SYN_04429,8040000,864,2.0,2,1,"Gummanahalli, Bengaluru",4,5,Semi Furnished,East,3.7,Ready to Move,,False,Synthetic
SYN_04430,5110000,1067,2.0,2,1,"Phase I, Electronic City",0,16,Semi Furnished,West,1.4,Ready to Move,,False,Synthetic
SYN_04431,19010000,1182,3.0,3,2,"Dr.Shivaram Karanth Nagar, Jakkur",1,12,Unfurnished,North,16.0,Upcoming,2028-07-23,True,Synthetic
SYN_04432,17690000,1030,2.0,2,1,"Dodsworth Layout, Whitefield",12,13,Semi Furnished,East,3.9,Upcoming,2026-06-01,True,Synthetic
SYN_04433,33180000,2351,3.0,3,1,"Vasanth Nagar, Bengaluru",2,4,Unfurnished,East,6.1,Ready to Move,,False,Synthetic
SYN_04434,27060000,2222,3.0,3,0,"Doddabanahalli, Bidare Agraha",12,23,Unfurnished,West,15.0,Ready to Move,,True,Synthetic
SYN_04435,39830000,2439,4.0,4,2,"Yadavanahalli, Bengaluru",2,17,Semi Furnished,North,4.1,Ready to Move,,True,Synthetic
SYN_04436,10030000,1066,2.0,2,1,"Gollahalli, Electronic City",4,4,Unfurnished,West,10.1,Ready to Move,,False,Synthetic
SYN_04437,15580000,1425,3.0,2,4,"Chikkanagamangala, Bengaluru",8,20,Semi Furnished,West,3.8,Ready to Move,,True,Synthetic
SYN_04438,20350000,1572,3.0,3,1,"Dommasandra, Bengaluru",19,25,Semi Furnished,East,1.0,Ready to Move,,True,Synthetic
SYN_04439,31960000,1672,3.0,3,4,"Phase 2, Whitefield",24,25,Semi Furnished,East,9.2,Ready to Move,,False,Synthetic
SYN_04440,9080000,854,2.0,2,1,"Judicial Layout 2nd Phase, Talaghattapura",27,29,Semi Furnished,East,4.0,Ready to Move,,False,Synthetic
SYN_04441,14860000,959,2.0,2,1,"Balagere, Bengaluru",5,9,Semi Furnished,Unknown,8.1,Ready to Move,,False,Synthetic
SYN_04442,13480000,1074,1.0,1,1,"Sarjapur, Bengaluru",19,22,Semi Furnished,North,3.0,Upcoming,2026-11-25,True,Synthetic
SYN_04443,22130000,1974,3.5,4,1,"Konadasapura, Bengaluru",10,26,Unfurnished,East,7.3,Ready to Move,,False,Synthetic
SYN_04444,13690000,1159,2.0,2,1,"Narayanapura, Bengaluru",11,24,Semi Furnished,East,9.0,Ready to Move,,False,Synthetic
SYN_04445,10250000,974,2.0,2,1,"Hosahalli, Bengaluru",12,12,Semi Furnished,East,6.7,Ready to Move,,False,Synthetic
SYN_04446,11410000,923,2.0,2,1,"Someshwara Layout, Doddakannelli",6,14,Semi Furnished,East,11.1,Ready to Move,,False,Synthetic
SYN_04447,16550000,1414,2.0,2,1,"Gummanahalli, Bengaluru",3,5,Semi Furnished,West,6.3,Upcoming,2027-07-23,True,Synthetic
SYN_04448,29770000,2297,4.0,4,3,"Maruthi Nagar, Yelahanka",11,16,Unfurnished,Unknown,10.5,Ready to Move,,True,Synthetic
SYN_04449,12930000,1528,3.0,3,2,"Ecolife Elements Of Nature, Balagere",7,17,Semi Furnished,East,5.0,Ready to Move,,False,Synthetic
SYN_04450,8730000,1209,3.0,3,1,"Varthur, Bengaluru",14,27,Semi Furnished,North,2.2,Ready to Move,,False,Synthetic
SYN_04451,22870000,1804,3.0,2,1,"Chikkakannalli, Bengaluru",1,5,Unfurnished,North,5.4,Ready to Move,,False,Synthetic
SYN_04452,15470000,1148,2.0,2,1,"Doddakannelli, Bengaluru",7,13,Semi Furnished,North,6.0,Ready to Move,,False,Synthetic
SYN_04453,10760000,1042,2.0,2,1,"Nagondanahalli, Bengaluru",15,27,Unfurnished,East,2.0,Ready to Move,,False,Synthetic
SYN_04454,9570000,730,2.0,2,1,"Dodsworth Layout, Whitefield",6,34,Unfurnished,East,1.0,Ready to Move,,False,Synthetic
SYN_04455,21690000,1937,3.0,3,1,"Kodandarama Nagar, KPC Layout",1,21,Unfurnished,Unknown,0.1,Ready to Move,,False,Synthetic
SYN_04456,28310000,2241,4.0,4,1,"Basavanna Nagar, K R Puram",17,42,Unfurnished,East,9.7,Upcoming,2026-05-14,True,Synthetic
SYN_04457,24820000,1497,3.0,3,2,"Chansandra, Bengaluru",15,27,Semi Furnished,North,9.0,Ready to Move,,False,Synthetic
SYN_04458,23410000,1526,3.0,3,1,"Sri Balaji Krupa Layout, R.K. Hegde Nagar",29,32,Semi Furnished,East,1.0,Ready to Move,,False,Synthetic
SYN_04459,8730000,646,1.0,1,1,"Anchepalya, Bengaluru",6,19,Unfurnished,Unknown,0.7,Ready to Move,,False,Synthetic
SYN_04460,7120000,1038,2.0,2,1,"Attibele, Bengaluru",8,21,Semi Furnished,Unknown,9.0,Ready to Move,,False,Synthetic
SYN_04461,43980000,2721,4.0,4,2,"Thomas Town, Cooke Town",5,8,Unfurnished,Unknown,2.3,Ready to Move,,False,Synthetic
SYN_04462,47620000,3286,4.0,4,3,"Devin Paradise Enclave, Tirumanahalli",0,35,Unfurnished,East,8.0,Upcoming,2027-02-14,True,Synthetic
SYN_04463,24200000,1612,3.0,2,2,"Dommasandra, Bengaluru",5,15,Semi Furnished,East,8.0,Ready to Move,,False,Synthetic
SYN_04464,17450000,1155,3.0,3,1,"Bileshivale, Bengaluru",9,14,Unfurnished,West,1.4,Ready to Move,,False,Synthetic
SYN_04465,29100000,2236,4.5,4,1,"P&T Layout, Thanisandra",6,6,Semi Furnished,East,7.8,Ready to Move,,False,Synthetic
SYN_04466,10520000,984,2.0,2,1,"Budigere Cross, Bengaluru",6,14,Unfurnished,East,9.7,Ready to Move,,False,Synthetic
SYN_04467,20610000,1665,3.0,3,1,"Kannuru, Bengaluru",6,6,Semi Furnished,East,9.0,Ready to Move,,False,Synthetic
SYN_04468,27610000,2113,3.5,3,2,"Kuvempu Layout, Visthar",2,14,Fully Furnished,East,7.0,Ready to Move,,False,Synthetic
SYN_04469,26970000,1377,3.0,3,0,"Nagashetty Halli, RMV Extension Stage 2",3,7,Semi Furnished,Unknown,1.0,Ready to Move,,False,Synthetic
SYN_04470,19220000,1535,3.0,3,1,"Navarathna Agrahara, Bengaluru",27,30,Semi Furnished,East,8.5,Ready to Move,,True,Synthetic
SYN_04471,21640000,1714,3.0,2,1,"Madiwala, BTM Layout",5,9,Unfurnished,East,9.0,Ready to Move,,False,Synthetic
SYN_04472,10030000,1418,2.0,2,1,"Kumbena Agrahara, K R Puram",21,29,Semi Furnished,South,13.0,Ready to Move,,False,Synthetic
SYN_04473,31950000,1920,3.0,3,1,"Vyalikaval HBCS Layout, Nagavara",25,37,Unfurnished,East,1.6,Ready to Move,,False,Synthetic
SYN_04474,8180000,1007,2.0,2,1,"Boovanahalli, Bengaluru",4,4,Unfurnished,East,1.0,Upcoming,2026-06-10,True,Synthetic
SYN_04475,15670000,1346,3.0,3,1,"Mallasandra, Bengaluru",10,21,Unfurnished,Unknown,16.5,Ready to Move,,False,Synthetic
SYN_04476,28280000,1823,3.0,2,2,"Balagere, Bengaluru",8,24,Unfurnished,North,1.0,Upcoming,2026-09-16,True,Synthetic
SYN_04477,12180000,1357,2.0,2,1,"Kundalahalli, Brookefield",32,35,Semi Furnished,North,3.0,Ready to Move,,False,Synthetic
SYN_04478,11530000,1251,3.0,2,1,"Yelahanka, Bengaluru",20,24,Unfurnished,North,9.0,Ready to Move,,False,Synthetic
SYN_04479,19650000,1063,2.0,2,1,"Nallurhalli, Whitefield",23,23,Unfurnished,East,1.7,Ready to Move,,False,Synthetic
SYN_04480,7010000,1160,3.0,3,1,"Terracon Doctors Enclave, Chandapura",4,15,Semi Furnished,West,3.3,Ready to Move,,False,Synthetic
SYN_04481,15000000,1849,3.0,2,1,"Gummanahalli, Bengaluru",11,15,Unfurnished,Unknown,1.7,Ready to Move,,True,Synthetic
SYN_04482,18090000,1104,3.0,3,4,"Basaveshwara Nagar Yelahanka, Nehru Nagar",12,25,Fully Furnished,East,9.0,Ready to Move,,False,Synthetic
SYN_04483,16280000,1172,3.0,3,1,"Uttarahalli -Manavarthekaval, Bengaluru",20,21,Semi Furnished,West,9.9,Ready to Move,,False,Synthetic
SYN_04484,15010000,2144,3.0,3,1,"Electronic City, Bengaluru",15,18,Semi Furnished,East,7.6,Ready to Move,,False,Synthetic
SYN_04485,14990000,1502,3.0,3,1,"Seegehalli, K R Puram",4,12,Semi Furnished,Unknown,6.1,Ready to Move,,True,Synthetic
SYN_04486,46780000,2406,3.0,3,1,"Gunjur Village, Bengaluru",2,16,Unfurnished,North,12.0,Ready to Move,,False,Synthetic
SYN_04487,20250000,988,2.0,2,1,"Classic Orchids Layout, Kalena Agrahara",9,14,Unfurnished,North,8.2,Ready to Move,,False,Synthetic
SYN_04488,17970000,1493,3.0,3,1,"Glen Classic, Devinagar",1,17,Unfurnished,North,9.8,Ready to Move,,False,Synthetic
SYN_04489,19360000,1148,2.0,2,1,"Sri Balaji Layout, K R Puram",2,24,Unfurnished,East,2.3,Ready to Move,,False,Synthetic
SYN_04490,25220000,1722,3.0,2,0,"Ardendale, Kannamangala - Whitefield Hoskote Road",8,38,Unfurnished,North,1.0,Upcoming,2027-02-04,True,Synthetic
SYN_04491,15200000,1357,3.0,3,1,"Rammana Layout, Byrathi",5,5,Unfurnished,North,11.0,Ready to Move,,False,Synthetic
SYN_04492,12240000,1326,2.0,2,1,"Hunasamaranahalli, Bengaluru",27,35,Unfurnished,North,4.1,Ready to Move,,False,Synthetic
SYN_04493,13890000,1055,2.0,2,1,"Manayata Tech Park, Thanisandra",0,4,Semi Furnished,North,7.0,Ready to Move,,False,Synthetic
SYN_04494,11110000,1028,2.0,2,1,"Blue Waters, Parappana Agrahara",18,30,Unfurnished,Unknown,7.1,Ready to Move,,False,Synthetic
SYN_04495,27300000,1659,3.0,3,1,"Whitefield, Bengaluru",1,5,Unfurnished,Unknown,6.3,Ready to Move,,False,Synthetic
SYN_04496,16390000,1398,2.0,2,1,"Manayata Tech Park, Thanisandra",3,4,Unfurnished,West,5.1,Ready to Move,,False,Synthetic
SYN_04497,7400000,1064,3.0,3,1,"Varthur, Bengaluru",3,18,Unfurnished,West,20.3,Ready to Move,,False,Synthetic
SYN_04498,27370000,1987,3.0,3,1,"Virgonagar, Aavalahalli",7,15,Unfurnished,Unknown,0.4,Ready to Move,,True,Synthetic
SYN_04499,18760000,1400,3.0,2,1,"Janatha Colony, Carmelaram",4,8,Semi Furnished,East,8.0,Ready to Move,,False,Synthetic
SYN_04500,16390000,1964,3.0,3,1,"Narayanapura, Bengaluru",3,4,Unfurnished,West,1.0,Ready to Move,,False,Synthetic
SYN_04501,5460000,478,1.0,1,1,"Gummanahalli, Bengaluru",4,4,Unfurnished,East,4.0,Ready to Move,,True,Synthetic
SYN_04502,16580000,994,2.0,2,1,"Sarjapur, Bengaluru",4,7,Unfurnished,East,24.7,Ready to Move,,False,Synthetic
SYN_04503,7060000,1184,2.0,2,0,"Horamavu, Bengaluru",10,13,Unfurnished,East,8.1,Ready to Move,,False,Synthetic
SYN_04504,13960000,1252,2.0,2,1,"Manayata Tech Park, Thanisandra",33,35,Semi Furnished,West,1.6,Ready to Move,,False,Synthetic
SYN_04505,14220000,1154,2.0,2,1,"Devasthanagalu, Varthur",3,9,Semi Furnished,South,1.4,Ready to Move,,False,Synthetic
SYN_04506,21560000,1760,3.0,3,1,"V S Reddy Colony, Kadugodi",1,17,Semi Furnished,North,13.0,Ready to Move,,True,Synthetic
SYN_04507,10210000,1175,2.0,2,1,"Sri Balaji Layout, K R Puram",18,26,Semi Furnished,West,4.2,Ready to Move,,False,Synthetic
SYN_04508,25810000,1656,3.0,3,1,"Tigalarpalya, Brookefield",4,8,Semi Furnished,Unknown,10.0,Ready to Move,,False,Synthetic
SYN_04509,14570000,1235,2.0,2,1,"Blue Waters, Parappana Agrahara",2,4,Semi Furnished,East,0.6,Ready to Move,,False,Synthetic
SYN_04510,18310000,1713,3.0,3,2,"Vignana Kendra, Bengaluru",1,25,Unfurnished,East,9.9,Upcoming,2028-10-27,True,Synthetic
SYN_04511,16220000,1669,3.0,3,1,"Manjunatha Nagar, Bagalakunte",13,22,Semi Furnished,South,10.3,Ready to Move,,False,Synthetic
SYN_04512,18040000,1700,3.0,3,2,"Chambenahalli, Bengaluru",25,25,Unfurnished,West,5.0,Ready to Move,,False,Synthetic
SYN_04513,9650000,1104,2.0,2,1,"Gollahalli, Electronic City",13,15,Unfurnished,Unknown,3.6,Ready to Move,,False,Synthetic
SYN_04514,19420000,1538,3.0,3,1,"1st Phase, JP Nagar",16,18,Semi Furnished,East,9.4,Ready to Move,,True,Synthetic
SYN_04515,22330000,1470,3.0,3,1,"Janatha Colony, Carmelaram",15,22,Unfurnished,East,7.9,Ready to Move,,False,Synthetic
SYN_04516,24130000,1788,3.0,3,2,"Raghuvanahalli, Subramanyapura",8,23,Semi Furnished,East,16.8,Ready to Move,,False,Synthetic
SYN_04517,18020000,1346,3.0,3,0,"Balagere, Bengaluru",12,12,Semi Furnished,East,6.0,Ready to Move,,True,Synthetic
SYN_04518,15350000,1189,3.0,3,1,"Maruthi Nagar, Yelahanka",14,24,Unfurnished,East,7.0,Ready to Move,,False,Synthetic
SYN_04519,11940000,1162,2.0,2,1,"Devasthanagalu, Varthur",5,7,Semi Furnished,East,7.0,Ready to Move,,False,Synthetic
SYN_04520,39640000,2062,3.0,2,1,"Pattandur Agrahara, Whitefield",8,8,Unfurnished,East,4.0,Upcoming,2026-08-14,True,Synthetic
SYN_04521,14080000,1095,2.0,2,1,"Balagere, Bengaluru",0,13,Unfurnished,East,5.5,Ready to Move,,False,Synthetic
SYN_04522,5760000,1014,2.0,2,1,"Dodsworth Layout, Whitefield",3,4,Fully Furnished,West,2.9,Ready to Move,,True,Synthetic
SYN_04523,32330000,1930,3.5,3,2,"Sri Balaji Krupa Layout, R.K. Hegde Nagar",7,26,Unfurnished,North,3.6,Ready to Move,,True,Synthetic
SYN_04524,18150000,1267,2.0,2,1,"Seegehalli, K R Puram",5,21,Semi Furnished,North,3.2,Ready to Move,,False,Synthetic
SYN_04525,14600000,1641,3.0,3,1,"Hongasandra, Bengaluru",11,20,Unfurnished,South,13.2,Upcoming,2026-06-07,True,Synthetic
SYN_04526,16440000,1471,2.0,2,1,"Phase I, Electronic City",1,24,Unfurnished,East,4.0,Ready to Move,,True,Synthetic
SYN_04527,23800000,1897,3.5,3,1,"Cheemasandra, Bengaluru",4,6,Unfurnished,East,8.1,Ready to Move,,False,Synthetic
SYN_04528,22590000,1613,3.0,2,1,"Konappana Agrahara, Rayasandra",0,4,Unfurnished,North,1.0,Upcoming,2028-07-12,True,Synthetic
SYN_04529,7030000,688,1.0,1,0,"Bengaluru Hardware Park, Bengaluru",9,12,Semi Furnished,West,3.3,Ready to Move,,False,Synthetic
SYN_04530,19630000,1617,3.0,3,2,"Bengaluru Hardware Park, Bengaluru",15,41,Semi Furnished,West,3.1,Ready to Move,,False,Synthetic
SYN_04531,14770000,1198,2.5,2,1,"Phase I, Electronic City",18,34,Semi Furnished,East,1.0,Ready to Move,,False,Synthetic
SYN_04532,10440000,992,2.0,2,1,"Gummanahalli, Bengaluru",2,4,Semi Furnished,Unknown,3.0,Ready to Move,,False,Synthetic
SYN_04533,21300000,1430,3.0,3,1,"Phase 2, Tejaswini Nagar",12,24,Unfurnished,North,8.3,Ready to Move,,False,Synthetic
SYN_04534,17220000,1217,2.0,2,1,"Kannuru, Bengaluru",4,4,Semi Furnished,North,8.0,Ready to Move,,False,Synthetic
SYN_04535,8670000,1072,3.0,3,1,"Devin Paradise Enclave, Chokkanahalli",11,14,Semi Furnished,Unknown,2.1,Ready to Move,,False,Synthetic
SYN_04536,10410000,957,2.0,2,1,"Prakruthi Nagar, Kogilu",10,10,Semi Furnished,East,15.4,Ready to Move,,False,Synthetic
SYN_04537,18370000,1683,3.0,3,2,"Hosahalli, Bengaluru",11,12,Semi Furnished,East,7.0,Ready to Move,,False,Synthetic
SYN_04538,7710000,749,2.0,2,1,"Bhoganhalli, Bengaluru",20,32,Unfurnished,South,6.0,Ready to Move,,False,Synthetic
SYN_04539,19410000,1593,3.0,3,2,"Lakedew Residency- Phase 2, Harlur",17,18,Semi Furnished,West,1.3,Upcoming,2026-10-21,True,Synthetic
SYN_04540,9600000,1199,2.0,2,1,"Yelahanka New Town, Bengaluru",4,4,Unfurnished,East,1.3,Ready to Move,,False,Synthetic
SYN_04541,16560000,1278,2.0,2,1,"Buena Vista, Bommenahalli",0,3,Unfurnished,East,8.0,Ready to Move,,False,Synthetic
SYN_04542,20730000,1120,3.0,3,2,"Akshaya Vana, Begur",6,21,Semi Furnished,East,1.0,Ready to Move,,False,Synthetic
SYN_04543,17050000,1101,2.0,2,1,"Rajanukunte, Bengaluru",8,30,Semi Furnished,Unknown,1.6,Ready to Move,,False,Synthetic
SYN_04544,26180000,1959,3.5,3,1,"Vijay Nagar, Whitefield",9,18,Unfurnished,North,3.0,Upcoming,2027-03-17,True,Synthetic
SYN_04545,17880000,1475,3.0,2,1,"Manayata Tech Park, Thanisandra",2,5,Unfurnished,East,1.7,Ready to Move,,False,Synthetic
SYN_04546,30520000,2733,4.0,4,3,"4th Phase, JP Nagar",26,28,Semi Furnished,East,12.4,Ready to Move,,False,Synthetic
SYN_04547,37900000,5108,4.0,3,2,"Horamavu Agara, Horamavu",2,4,Unfurnished,Unknown,11.0,Ready to Move,,False,Synthetic
SYN_04548,27370000,1864,3.0,3,1,"Vakil Garden City, Bengaluru",1,4,Semi Furnished,East,8.9,Upcoming,2026-12-10,True,Synthetic
SYN_04549,13340000,921,2.0,2,2,"Chikkakannalli, Bengaluru",3,12,Semi Furnished,North,1.4,Ready to Move,,False,Synthetic
SYN_04550,20570000,1756,3.0,2,1,"Chikkavaderapura, Kachamaranahalli",11,21,Unfurnished,West,1.4,Ready to Move,,False,Synthetic
SYN_04551,23730000,1160,2.0,2,1,"Raj Mahal Vilas 2nd Stage, RMV Extension Stage 2",2,4,Unfurnished,Unknown,9.7,Ready to Move,,False,Synthetic
SYN_04552,14890000,1056,2.0,2,1,"Kattanallur, Sannatammanahalli",14,14,Fully Furnished,East,8.5,Ready to Move,,False,Synthetic
SYN_04553,49030000,2407,4.0,4,2,"Gopalapura, Binnipete",23,30,Fully Furnished,Unknown,1.0,Ready to Move,,False,Synthetic
SYN_04554,13950000,1228,2.0,2,1,"Hadosiddapura, Chikkakannalli",3,14,Unfurnished,West,1.9,Ready to Move,,False,Synthetic
SYN_04555,17240000,1561,3.0,3,1,"Vallabha Nagar, Uttarahalli Hobli",8,16,Semi Furnished,East,1.7,Ready to Move,,False,Synthetic
SYN_04556,43370000,3256,4.0,4,2,"Kuvempu Layout, Visthar",2,3,Unfurnished,East,1.0,Upcoming,2026-12-10,True,Synthetic
SYN_04557,8060000,604,1.0,1,1,"Manayata Tech Park, Thanisandra",0,4,Unfurnished,East,8.0,Ready to Move,,False,Synthetic
SYN_04558,10740000,1086,2.0,2,1,"Belur Nagasandra, Bellandur",0,4,Semi Furnished,Unknown,8.2,Ready to Move,,False,Synthetic
SYN_04559,23860000,1520,3.0,3,1,"Sri Balaji Krupa Layout, R.K. Hegde Nagar",11,24,Semi Furnished,Unknown,6.2,Ready to Move,,True,Synthetic
SYN_04560,46250000,2685,4.0,4,1,"NN Farm Layout, Sanjaynagar",9,19,Fully Furnished,East,9.0,Ready to Move,,False,Synthetic
SYN_04561,12420000,930,2.0,2,1,"Kyalasanahalli, Bengaluru",1,9,Semi Furnished,Unknown,1.4,Ready to Move,,False,Synthetic
SYN_04562,56480000,3715,4.0,4,1,"Basavanapura, K R Puram",3,18,Unfurnished,East,7.0,Ready to Move,,False,Synthetic
SYN_04563,15480000,1406,3.0,3,1,"Bidare Agraha, Bengaluru",4,16,Semi Furnished,Unknown,0.1,Ready to Move,,True,Synthetic
SYN_04564,15370000,1297,2.5,2,1,"Suryanagar, Bommasandra",0,4,Semi Furnished,East,0.8,Ready to Move,,False,Synthetic
SYN_04565,19170000,1394,3.0,3,2,"Glen Classic, Devinagar",5,18,Semi Furnished,Unknown,1.1,Upcoming,2026-10-04,True,Synthetic
SYN_04566,9470000,939,2.0,2,1,"Bendiganahalli, Bengaluru",28,31,Semi Furnished,West,10.0,Ready to Move,,False,Synthetic
SYN_04567,12520000,1201,2.0,2,1,"Mallasandra, Bengaluru",7,27,Semi Furnished,East,4.2,Ready to Move,,False,Synthetic
SYN_04568,18930000,1417,3.0,2,1,"Dommasandra, Bengaluru",1,4,Semi Furnished,East,1.5,Ready to Move,,False,Synthetic
SYN_04569,19140000,1531,3.0,3,1,"Nallurhalli, Whitefield",3,11,Unfurnished,East,5.8,Ready to Move,,False,Synthetic
SYN_04570,13850000,1333,3.0,2,1,"Nagondanahalli, Bengaluru",2,20,Unfurnished,North,6.4,Ready to Move,,False,Synthetic
SYN_04571,7990000,965,2.0,2,1,"Seegehalli, K R Puram",20,27,Semi Furnished,North,1.0,Ready to Move,,False,Synthetic
SYN_04572,13750000,1130,2.0,2,1,"Gunjur Palya, Bengaluru",7,14,Unfurnished,West,0.9,Ready to Move,,False,Synthetic
SYN_04573,7600000,1162,2.0,2,1,"Sree Narayana Nagar, Kadagrahara",0,12,Unfurnished,East,8.7,Ready to Move,,True,Synthetic
SYN_04574,5740000,924,2.0,2,1,"Varthur, Bengaluru",5,5,Semi Furnished,Unknown,9.4,Ready to Move,,False,Synthetic
SYN_04575,14140000,1988,3.0,3,1,"Devanahalli, Bengaluru",7,14,Semi Furnished,Unknown,9.0,Ready to Move,,False,Synthetic
SYN_04576,20630000,1536,3.0,2,1,"Lords Steps Layout, Panathur",5,12,Unfurnished,West,5.0,Ready to Move,,False,Synthetic
SYN_04577,17800000,1346,3.0,3,1,"Gunjur Village, Bengaluru",8,10,Unfurnished,Unknown,1.0,Ready to Move,,False,Synthetic
SYN_04578,14060000,1180,3.0,3,1,"Ali Estate, Yelahanka",8,13,Unfurnished,East,6.0,Upcoming,2026-08-20,True,Synthetic
SYN_04579,9760000,1156,2.0,2,1,"Lakshmi Layout, Begur",22,23,Unfurnished,North,5.0,Ready to Move,,False,Synthetic
SYN_04580,16380000,1379,3.0,3,2,"Chikkagubbi Village, Bengaluru",8,21,Semi Furnished,East,1.6,Ready to Move,,True,Synthetic
SYN_04581,25420000,1642,3.0,3,0,"Kothnur, JP Nagar",11,35,Semi Furnished,East,20.0,Ready to Move,,False,Synthetic
SYN_04582,20480000,1614,3.0,3,1,"Navarathna Agrahara, Bengaluru",4,4,Semi Furnished,East,1.6,Ready to Move,,False,Synthetic
SYN_04583,12120000,999,2.0,2,1,"SNN Raj Serenity, Akshayanagar",5,13,Semi Furnished,North,2.2,Ready to Move,,False,Synthetic
SYN_04584,30260000,2302,3.0,2,1,"Devasthanagalu, Varthur",2,10,Semi Furnished,East,13.9,Ready to Move,,False,Synthetic
SYN_04585,27850000,2565,3.0,3,1,"Dommasandra, Bengaluru",11,34,Semi Furnished,West,2.0,Ready to Move,,False,Synthetic
SYN_04586,30180000,2195,3.0,3,1,"Chikkakannalli, Bengaluru",10,21,Semi Furnished,Unknown,3.9,Ready to Move,,False,Synthetic
SYN_04587,13180000,1263,2.0,2,2,"Kadugodi, Bengaluru",15,18,Unfurnished,North,6.5,Ready to Move,,False,Synthetic
SYN_04588,20950000,1884,3.0,3,1,"Kannuru, Bengaluru",14,14,Unfurnished,East,20.7,Ready to Move,,False,Synthetic
SYN_04589,38080000,2298,4.0,4,0,"Akshaya Vana, Akshayanagar",6,15,Unfurnished,West,3.7,Upcoming,2026-03-24,True,Synthetic
SYN_04590,8380000,1031,2.0,2,1,"Belathur, K R Puram",4,28,Semi Furnished,North,9.5,Ready to Move,,True,Synthetic
SYN_04591,9840000,760,2.0,2,0,"Balagere, Bengaluru",9,23,Unfurnished,West,1.1,Ready to Move,,False,Synthetic
SYN_04592,16130000,1451,3.0,3,1,"Rachenahalli, Thanisandra",0,4,Unfurnished,East,3.3,Ready to Move,,False,Synthetic
SYN_04593,12450000,1343,2.0,2,0,"Chaithanya Samarth, Bommenahalli",3,4,Unfurnished,East,4.0,Ready to Move,,False,Synthetic
SYN_04594,21480000,1972,3.0,2,1,"Gummanahalli, Bengaluru",12,24,Semi Furnished,East,0.4,Ready to Move,,False,Synthetic
SYN_04595,14770000,1149,2.0,2,1,"Anjanapura Township, Bengaluru",19,23,Unfurnished,Unknown,0.9,Ready to Move,,False,Synthetic
SYN_04596,22290000,1534,3.0,3,1,"Uttarahalli -Manavarthekaval, Bengaluru",7,22,Semi Furnished,Unknown,1.2,Ready to Move,,False,Synthetic
SYN_04597,9260000,1503,3.0,3,1,"7th Phase, JP Nagar",24,41,Unfurnished,Unknown,12.6,Ready to Move,,False,Synthetic
SYN_04598,31080000,1748,3.0,2,1,"Akshaya Gardens, Akshayanagar",8,19,Semi Furnished,East,8.0,Ready to Move,,False,Synthetic
SYN_04599,30120000,1722,3.5,3,2,"Ambedkar Colony, Yelahanka",2,5,Unfurnished,East,1.8,Ready to Move,,False,Synthetic
SYN_04600,29380000,2034,3.0,3,1,"Stage 1, Kumaraswamy Layout",0,5,Semi Furnished,East,7.4,Upcoming,2030-04-29,True,Synthetic
SYN_04601,14820000,1320,3.0,3,1,"Someshwara Layout, Doddakannelli",4,7,Semi Furnished,East,3.0,Ready to Move,,False,Synthetic
SYN_04602,19650000,1184,2.0,2,1,"Phase I, Electronic City",21,28,Unfurnished,Unknown,6.0,Ready to Move,,False,Synthetic
SYN_04603,18070000,1507,3.0,3,2,"Gummanahalli, Bengaluru",12,14,Fully Furnished,West,16.2,Ready to Move,,False,Synthetic
SYN_04604,10110000,1057,2.0,2,1,"Esther Enclave Layout, Kalkere",27,30,Unfurnished,Unknown,3.6,Ready to Move,,False,Synthetic
SYN_04605,13480000,1211,2.0,2,1,"Anekal, Bengaluru",2,5,Unfurnished,West,2.0,Ready to Move,,False,Synthetic
SYN_04606,65760000,4044,4.0,4,2,"Hebbal Kempapura, Bengaluru",10,14,Unfurnished,North,1.0,Ready to Move,,False,Synthetic
SYN_04607,8010000,978,2.0,2,1,"Belathur, K R Puram",6,9,Unfurnished,East,6.6,Ready to Move,,True,Synthetic
SYN_04608,10710000,987,2.0,2,1,"Parkway Homes, Rayasandra",9,13,Semi Furnished,East,2.0,Ready to Move,,False,Synthetic
SYN_04609,11130000,924,2.0,2,1,"Phase 2, Doddakammanahalli",2,21,Unfurnished,North,13.0,Ready to Move,,False,Synthetic
SYN_04610,10800000,1040,3.0,3,1,"Thanisandra, Bengaluru",13,16,Semi Furnished,East,5.5,Ready to Move,,False,Synthetic
SYN_04611,28640000,2129,4.0,4,1,"Krishnaiyyanapalya, Bennigana Halli",18,30,Unfurnished,East,2.4,Ready to Move,,True,Synthetic
SYN_04612,15080000,990,2.0,2,1,"Varthur, Bengaluru",9,29,Semi Furnished,Unknown,10.6,Ready to Move,,False,Synthetic
SYN_04613,12540000,1848,3.0,3,2,"Dodsworth Layout, Whitefield",15,15,Unfurnished,West,2.9,Ready to Move,,True,Synthetic
SYN_04614,24090000,1581,3.0,3,1,"Muniswara Nagar, Yeswanthpur",4,23,Semi Furnished,North,8.6,Upcoming,2027-03-10,True,Synthetic
SYN_04615,15790000,1102,1.0,1,1,"Gummanahalli, Bengaluru",3,4,Unfurnished,West,2.1,Ready to Move,,False,Synthetic
SYN_04616,13890000,831,2.0,2,0,"Industrial Suburb, Yeswanthpur",2,4,Semi Furnished,Unknown,8.0,Ready to Move,,False,Synthetic
SYN_04617,14860000,1012,2.0,2,1,"Yadavanahalli, Bengaluru",3,5,Semi Furnished,East,1.6,Ready to Move,,False,Synthetic
SYN_04618,7310000,1066,2.0,2,1,"Belathur, K R Puram",9,12,Semi Furnished,East,4.3,Ready to Move,,False,Synthetic
SYN_04619,53790000,2590,4.0,4,1,"Shabhari Nagar, Sahakara Nagar",10,17,Semi Furnished,East,6.9,Ready to Move,,False,Synthetic
SYN_04620,23020000,1679,3.0,3,1,"Balagere, Bengaluru",7,17,Unfurnished,Unknown,6.0,Upcoming,2026-06-15,True,Synthetic
SYN_04621,27720000,1960,3.0,1,1,"Gunjur Village, Bengaluru",21,27,Unfurnished,West,0.6,Ready to Move,,False,Synthetic
SYN_04622,8730000,826,2.0,2,1,"Park View Layout, Amrutahalli",1,4,Semi Furnished,West,8.9,Ready to Move,,False,Synthetic
SYN_04623,20790000,1717,3.0,3,1,"DLF Newtown, Akshayanagar",1,6,Unfurnished,East,1.0,Ready to Move,,False,Synthetic
SYN_04624,16440000,1701,3.5,3,1,"Budigere Cross, Bengaluru",22,32,Unfurnished,Unknown,1.5,Ready to Move,,True,Synthetic
SYN_04625,20200000,1808,3.0,3,1,"Happy Valley Layout, Subramanyapura",8,14,Unfurnished,West,5.9,Ready to Move,,True,Synthetic
SYN_04626,20370000,1782,3.0,3,1,"Bommasandra Industrial Area, Bommasandra",16,20,Unfurnished,Unknown,7.0,Ready to Move,,False,Synthetic
SYN_04627,15850000,1437,3.0,3,1,"Hosahalli, Bengaluru",18,19,Unfurnished,North,2.0,Upcoming,2027-06-02,True,Synthetic
SYN_04628,15540000,1286,2.0,2,1,"Prakruthi Nagar, Kogilu",2,5,Semi Furnished,Unknown,13.5,Ready to Move,,False,Synthetic
SYN_04629,23860000,1731,3.0,3,1,"Annaiah Reddy Layout, Dodda Banaswadi",10,13,Fully Furnished,East,6.5,Ready to Move,,False,Synthetic
SYN_04630,10110000,987,2.0,2,1,"Hosahalli, Bengaluru",3,12,Semi Furnished,East,1.8,Ready to Move,,False,Synthetic
SYN_04631,23780000,1389,2.0,2,1,"Stage 3, Indira Nagar",15,18,Semi Furnished,South,1.0,Ready to Move,,False,Synthetic
SYN_04632,11710000,969,2.0,1,2,"Sadarmangal, K R Puram",9,27,Semi Furnished,East,13.0,Ready to Move,,False,Synthetic
SYN_04633,14020000,1149,2.0,2,1,"EPIP Zone, Brookefield",5,5,Semi Furnished,East,0.4,Ready to Move,,False,Synthetic
SYN_04634,33860000,2113,3.0,3,1,"Jayasurya Nagar Phase 2, Agrahara Layout",1,5,Unfurnished,Unknown,1.7,Ready to Move,,False,Synthetic
SYN_04635,17600000,1184,3.0,3,1,"Kasavanahalli, Bengaluru",7,8,Unfurnished,West,7.4,Ready to Move,,False,Synthetic
SYN_04636,31220000,1760,3.0,3,1,"Adarsh Palm Retreat, Bellandur",3,5,Semi Furnished,East,0.9,Ready to Move,,True,Synthetic
SYN_04637,11640000,958,2.0,2,1,"Kattanallur, Sannatammanahalli",15,19,Semi Furnished,East,9.0,Ready to Move,,False,Synthetic
SYN_04638,17700000,1353,3.0,3,5,"Anchepalya, Bengaluru",15,21,Semi Furnished,East,5.0,Upcoming,2027-03-05,True,Synthetic
SYN_04639,12160000,1813,3.0,3,1,"Phase I, Electronic City",22,22,Semi Furnished,East,4.3,Upcoming,2029-02-22,True,Synthetic
SYN_04640,9680000,1196,3.0,3,1,"K R Puram, Bengaluru",7,18,Fully Furnished,Unknown,16.0,Ready to Move,,False,Synthetic
SYN_04641,18100000,1153,3.0,3,1,"Dodsworth Layout, Whitefield",1,12,Unfurnished,Unknown,0.9,Ready to Move,,False,Synthetic
SYN_04642,13780000,1065,2.0,2,1,"Phase I, Electronic City",2,38,Semi Furnished,West,1.8,Ready to Move,,False,Synthetic
SYN_04643,20900000,1721,3.0,2,1,"Channasandra Layout, Srinivaspura",11,14,Unfurnished,East,13.6,Upcoming,2026-10-21,True,Synthetic
SYN_04644,24440000,2397,3.0,3,1,"Chikkagubbi Village, Bengaluru",7,27,Unfurnished,Unknown,5.3,Ready to Move,,False,Synthetic
SYN_04645,8440000,1327,2.0,2,1,"Block 2, Rajajinagar",2,14,Unfurnished,North,5.0,Ready to Move,,False,Synthetic
SYN_04646,15110000,1166,2.0,2,1,"Medahalli, Bengaluru",0,4,Unfurnished,North,15.2,Ready to Move,,False,Synthetic
SYN_04647,13770000,1103,3.0,3,1,"BEML Cooperative Society Layout, Bidaraguppe",3,14,Semi Furnished,East,1.0,Ready to Move,,False,Synthetic
SYN_04648,21790000,1309,2.0,2,1,"Varthur, Bengaluru",13,18,Semi Furnished,East,6.0,Ready to Move,,False,Synthetic
SYN_04649,16160000,1658,3.0,3,2,"Pragathi Nagar, Basapura",18,31,Semi Furnished,North,10.6,Ready to Move,,True,Synthetic
SYN_04650,25920000,1747,3.0,2,0,"Devasthanagalu, Varthur",5,26,Semi Furnished,Unknown,1.5,Ready to Move,,False,Synthetic
SYN_04651,26520000,2263,3.0,3,2,"Belathur, K R Puram",9,17,Unfurnished,West,5.8,Ready to Move,,False,Synthetic
SYN_04652,16620000,1324,2.5,2,1,"Chikkagubbi Village, Bengaluru",5,14,Semi Furnished,West,2.3,Upcoming,2030-10-28,True,Synthetic
SYN_04653,16720000,1424,2.0,2,1,"BEML Cooperative Society Layout, Bidaraguppe",2,4,Unfurnished,North,6.8,Ready to Move,,False,Synthetic
SYN_04654,22710000,1814,3.0,3,1,"Jagajyothi Layout, Gnana Bharathi",4,4,Unfurnished,East,6.3,Ready to Move,,True,Synthetic
SYN_04655,19140000,1377,3.0,3,1,"Kothnur, Gottigere",6,8,Semi Furnished,West,0.8,Ready to Move,,False,Synthetic
SYN_04656,9940000,1007,2.0,2,1,"Suncity Gloria, Carmelaram",14,18,Semi Furnished,Unknown,9.3,Ready to Move,,False,Synthetic
SYN_04657,18820000,1382,2.0,2,1,"Gunjur Village, Bengaluru",7,14,Semi Furnished,West,1.5,Ready to Move,,False,Synthetic
SYN_04658,18090000,1549,3.0,3,1,"Kothnur, JP Nagar",2,4,Unfurnished,Unknown,1.0,Ready to Move,,False,Synthetic
SYN_04659,9910000,1602,3.0,2,1,"Ali Estate, Yelahanka",0,4,Semi Furnished,East,18.4,Ready to Move,,False,Synthetic
SYN_04660,9990000,1031,3.0,3,1,"RMZ Galleria Residences, Yelahanka Satellite Town",16,19,Unfurnished,East,1.0,Ready to Move,,False,Synthetic
SYN_04661,14870000,1477,3.0,3,1,"Plumeria, Kaggalipura",16,23,Fully Furnished,East,17.0,Upcoming,2026-11-01,True,Synthetic
SYN_04662,21200000,1827,3.0,3,1,"Devasthanagalu, Varthur",11,18,Unfurnished,North,5.8,Ready to Move,,True,Synthetic
SYN_04663,29990000,1945,3.0,2,1,"Stage 2, BTM Layout 2nd Stage",1,6,Unfurnished,East,1.3,Ready to Move,,False,Synthetic
SYN_04664,29360000,1486,2.5,2,1,"Ilyas Nagar, Kumaraswamy Layout",0,9,Unfurnished,South,4.2,Ready to Move,,False,Synthetic
SYN_04665,18040000,1152,2.0,2,1,"Balagere, Bengaluru",18,19,Semi Furnished,West,1.0,Ready to Move,,False,Synthetic
SYN_04666,20570000,2188,4.0,4,1,"7th Phase, JP Nagar",2,3,Unfurnished,North,6.7,Ready to Move,,False,Synthetic
SYN_04667,11170000,1274,2.0,2,1,"Kengeri Village, Kengeri",10,16,Unfurnished,Unknown,5.0,Ready to Move,,False,Synthetic
SYN_04668,15720000,1782,3.0,3,1,"Gummanahalli, Bengaluru",12,12,Semi Furnished,East,2.3,Ready to Move,,False,Synthetic
SYN_04669,7360000,621,1.0,1,0,"Devin Paradise Enclave, Tirumanahalli",12,27,Unfurnished,North,5.3,Ready to Move,,False,Synthetic
SYN_04670,19330000,1231,3.0,3,1,"Rachenahalli, Jakkur",15,20,Unfurnished,North,1.0,Upcoming,2027-02-26,True,Synthetic
SYN_04671,16780000,1841,3.0,3,1,"Electronic City, Bengaluru",14,17,Unfurnished,North,12.7,Upcoming,2029-11-26,True,Synthetic
SYN_04672,14050000,1118,3.0,3,1,"Nagavarapalya, C V Raman Nagar",6,10,Unfurnished,East,14.3,Upcoming,2025-11-06,True,Synthetic
SYN_04673,16880000,2163,4.0,4,4,"Nallurhalli, Whitefield",2,13,Unfurnished,West,1.0,Ready to Move,,False,Synthetic
SYN_04674,23260000,1646,3.0,3,1,"Gummanahalli, Bengaluru",9,19,Unfurnished,West,5.7,Ready to Move,,False,Synthetic
SYN_04675,8350000,609,1.0,1,1,"Uttarahalli -Manavarthekaval, Bengaluru",0,9,Semi Furnished,South,1.0,Ready to Move,,False,Synthetic
SYN_04676,20120000,982,2.0,2,1,"Anjanadri Layout, Konanakunte",9,13,Unfurnished,South,10.0,Ready to Move,,False,Synthetic
SYN_04677,12840000,1247,2.0,2,1,"Madhura Nagar, Bengaluru",2,5,Unfurnished,West,10.0,Ready to Move,,False,Synthetic
SYN_04678,14420000,1242,2.0,2,1,"Prakruthi Nagar, Kogilu",3,13,Unfurnished,East,12.0,Ready to Move,,False,Synthetic
SYN_04679,13430000,1432,3.0,3,1,"Hunasamaranahalli, Bengaluru",8,10,Semi Furnished,West,3.9,Ready to Move,,False,Synthetic
SYN_04680,10630000,1015,2.0,2,1,"Devin Paradise Enclave, Chokkanahalli",0,12,Semi Furnished,East,8.8,Ready to Move,,False,Synthetic
SYN_04681,12030000,1492,3.0,3,1,"Gummanahalli, Bengaluru",30,33,Unfurnished,Unknown,0.5,Ready to Move,,True,Synthetic
SYN_04682,16120000,1236,3.0,3,1,"Jigala, Bengaluru",1,12,Unfurnished,East,1.0,Ready to Move,,False,Synthetic
SYN_04683,13090000,1621,3.0,3,1,"Belathur, K R Puram",3,17,Unfurnished,East,1.1,Ready to Move,,False,Synthetic
SYN_04684,6320000,997,2.0,2,4,"Janatha Colony, Chikkanagamangala",1,7,Unfurnished,East,9.0,Ready to Move,,False,Synthetic
SYN_04685,6000000,730,2.0,2,1,"Mohammed Sab Palya, Vidyaranyapura",9,15,Unfurnished,North,3.0,Ready to Move,,False,Synthetic
SYN_04686,15570000,1047,2.0,2,1,"Manayata Tech Park, Thanisandra",19,22,Semi Furnished,East,0.3,Ready to Move,,False,Synthetic
SYN_04687,20570000,1485,3.0,3,1,"Budigere Cross, Bengaluru",10,14,Unfurnished,West,3.1,Ready to Move,,False,Synthetic
SYN_04688,17440000,983,2.0,2,1,"Belur Nagasandra, Bellandur",0,23,Fully Furnished,West,8.0,Upcoming,2026-10-18,True,Synthetic
SYN_04689,10950000,841,2.0,2,1,"Devasthanagalu, Varthur",9,13,Unfurnished,East,9.0,Ready to Move,,False,Synthetic
SYN_04690,16770000,1798,3.0,3,1,"Gummanahalli, Bengaluru",8,26,Semi Furnished,West,5.2,Ready to Move,,True,Synthetic
SYN_04691,12710000,1113,2.0,2,1,"Belathur, K R Puram",15,15,Unfurnished,East,2.1,Ready to Move,,False,Synthetic
SYN_04692,20980000,1770,3.0,3,1,"Durgappa Layout, Agrahara Layout",7,9,Semi Furnished,North,13.0,Ready to Move,,False,Synthetic
SYN_04693,29110000,1633,3.0,3,1,"Phase 2, Whitefield",16,19,Unfurnished,East,5.0,Ready to Move,,False,Synthetic
SYN_04694,12330000,1231,2.0,2,1,"1A Block, Koramangala",2,14,Semi Furnished,East,1.5,Ready to Move,,False,Synthetic
SYN_04695,21880000,1603,3.0,2,1,"Eastwood Township, Kasavanahalli",2,3,Unfurnished,East,3.0,Ready to Move,,True,Synthetic
SYN_04696,9000000,610,1.0,1,1,"MIG Flats, Kengeri Satellite Town",4,18,Unfurnished,West,3.5,Ready to Move,,False,Synthetic
SYN_04697,21490000,1573,3.0,3,1,"Kanakapura, Bengaluru",14,14,Unfurnished,West,1.4,Ready to Move,,True,Synthetic
SYN_04698,5750000,441,1.0,1,1,"Konappana Agrahara, Rayasandra",17,22,Unfurnished,East,1.5,Ready to Move,,True,Synthetic
SYN_04699,5930000,735,1.0,1,2,"Shriram Sameeksha, Singapura",1,4,Unfurnished,East,1.9,Upcoming,2029-01-17,True,Synthetic
SYN_04700,27790000,2074,3.0,3,1,"Seetharampalya, Hoodi",13,20,Semi Furnished,East,2.0,Ready to Move,,True,Synthetic
SYN_04701,15170000,1052,3.0,3,1,"Nallurhalli, Whitefield",13,13,Unfurnished,Unknown,15.9,Ready to Move,,False,Synthetic
SYN_04702,5470000,969,2.0,2,1,"Munnekollal, Bengaluru",4,14,Semi Furnished,East,7.0,Upcoming,2027-03-08,True,Synthetic
SYN_04703,18370000,1311,2.0,2,1,"Yadavanahalli, Bengaluru",8,12,Semi Furnished,East,3.0,Ready to Move,,True,Synthetic
SYN_04704,11250000,1016,2.0,2,1,"Chikkagubbi Village, Bengaluru",4,14,Unfurnished,North,8.0,Ready to Move,,False,Synthetic
SYN_04705,17660000,1246,2.0,2,1,"Venugopal Reddy Layout, Arakere",0,10,Unfurnished,East,2.4,Ready to Move,,False,Synthetic
SYN_04706,11380000,1832,3.0,3,1,"Sarjapur, Bengaluru",11,14,Semi Furnished,North,1.0,Ready to Move,,True,Synthetic
SYN_04707,18420000,1122,2.0,2,1,"Sri Balaji Krupa Layout, R.K. Hegde Nagar",5,9,Unfurnished,East,1.0,Ready to Move,,False,Synthetic
SYN_04708,14100000,1341,2.0,2,1,"2nd Stage, Uttarahalli Hobli",3,24,Unfurnished,West,1.0,Ready to Move,,False,Synthetic
SYN_04709,12870000,1254,2.5,2,1,"Thirumalashettyhally, Bengaluru",13,28,Semi Furnished,West,4.0,Ready to Move,,False,Synthetic
SYN_04710,21030000,1803,3.0,3,1,"Samethanahalli, Bengaluru",17,21,Unfurnished,Unknown,2.0,Ready to Move,,False,Synthetic
SYN_04711,15840000,1205,2.5,2,1,"Budigere Cross, Bengaluru",17,26,Unfurnished,North,1.0,Ready to Move,,False,Synthetic
SYN_04712,23930000,1228,2.0,2,1,"Manayata Tech Park, Thanisandra",15,26,Semi Furnished,East,10.4,Ready to Move,,False,Synthetic
SYN_04713,23080000,1499,3.0,3,1,"Varthur, Bengaluru",1,4,Unfurnished,East,7.3,Ready to Move,,False,Synthetic
SYN_04714,13860000,1269,3.0,3,1,"Prithvi Layout, Whitefield",13,14,Unfurnished,East,7.1,Ready to Move,,False,Synthetic
SYN_04715,15850000,1041,2.0,2,1,"Jyotipuram, Bengaluru",3,4,Semi Furnished,Unknown,0.7,Ready to Move,,False,Synthetic
SYN_04716,11030000,892,2.0,2,1,"Jyotipuram, Bengaluru",1,5,Semi Furnished,Unknown,7.5,Ready to Move,,False,Synthetic
SYN_04717,19910000,1130,2.0,2,1,"Devasthanagalu, Varthur",19,39,Semi Furnished,East,0.6,Ready to Move,,False,Synthetic
SYN_04718,19180000,1857,3.0,3,2,"Gummanahalli, Bengaluru",6,18,Fully Furnished,East,1.2,Ready to Move,,False,Synthetic
SYN_04719,24630000,1894,3.0,3,1,"Phase I, Electronic City",0,5,Semi Furnished,Unknown,7.0,Upcoming,2026-06-29,True,Synthetic
SYN_04720,20250000,1581,3.0,3,1,"Dommasandra, Bengaluru",17,18,Semi Furnished,West,6.3,Upcoming,2027-03-20,True,Synthetic
SYN_04721,15110000,1970,3.5,3,1,"Varthur, Bengaluru",2,33,Semi Furnished,North,25.4,Ready to Move,,False,Synthetic
SYN_04722,29380000,1935,3.0,3,1,"Aishwarya Crystal Layout, Begur",1,7,Unfurnished,West,5.3,Ready to Move,,False,Synthetic
SYN_04723,12230000,984,2.0,2,1,"Vijay Nagar, Whitefield",11,28,Unfurnished,Unknown,6.4,Ready to Move,,False,Synthetic
SYN_04724,9120000,607,1.0,1,2,"Raghuvanahalli, Subramanyapura",11,19,Unfurnished,North,3.3,Ready to Move,,True,Synthetic
SYN_04725,29160000,2503,4.5,5,5,"Devasthanagalu, Varthur",2,24,Unfurnished,Unknown,0.6,Ready to Move,,False,Synthetic
SYN_04726,24340000,1620,3.0,3,1,"Stage 1, Kumaraswamy Layout",11,18,Semi Furnished,West,2.1,Upcoming,2029-03-06,True,Synthetic
SYN_04727,13150000,1077,2.0,2,1,"P&T Layout, Kannuru",4,5,Unfurnished,East,8.5,Ready to Move,,False,Synthetic
SYN_04728,11420000,1117,2.0,2,1,"Orchid Piccadilly, Chokkanahalli",3,4,Unfurnished,Unknown,3.9,Ready to Move,,False,Synthetic
SYN_04729,27540000,1315,3.0,3,1,"Seetharampalya, Hoodi",17,28,Semi Furnished,West,7.6,Ready to Move,,False,Synthetic
SYN_04730,16070000,1437,2.0,2,2,"Choodasandra, Bengaluru",3,4,Semi Furnished,Unknown,7.1,Ready to Move,,False,Synthetic
SYN_04731,12250000,1191,2.0,2,1,"Hanumanthappa Layout, Kyalasanahalli",6,16,Unfurnished,Unknown,3.9,Ready to Move,,False,Synthetic
SYN_04732,29530000,1843,3.5,3,2,"Pattabhirama Nagar, Jayanagar",6,17,Semi Furnished,North,0.7,Upcoming,2027-01-24,True,Synthetic
SYN_04733,27370000,1471,2.0,2,1,"Balagere, Bengaluru",2,27,Semi Furnished,West,3.0,Ready to Move,,True,Synthetic
SYN_04734,17370000,1506,3.0,3,1,"K R Puram, Bengaluru",3,12,Unfurnished,West,1.2,Upcoming,2026-11-15,True,Synthetic
SYN_04735,16710000,1234,2.0,2,1,"Manayata Tech Park, Thanisandra",13,14,Semi Furnished,East,4.0,Ready to Move,,False,Synthetic
SYN_04736,10900000,909,2.0,2,0,"Chikkagubbi Village, Bengaluru",7,14,Semi Furnished,North,9.5,Ready to Move,,True,Synthetic
SYN_04737,13250000,1231,2.0,2,1,"Yelachanayakanapura, Bengaluru",5,10,Fully Furnished,North,1.1,Ready to Move,,False,Synthetic
SYN_04738,16490000,1026,2.0,2,1,"Aishwarya Crystal Layout, Begur",8,8,Semi Furnished,Unknown,3.1,Ready to Move,,False,Synthetic
SYN_04739,12890000,1123,2.0,1,2,"Abbaiah Reddy Layout, Kaggadasapura",9,17,Semi Furnished,East,9.1,Ready to Move,,False,Synthetic
SYN_04740,10830000,1188,2.0,2,1,"Gollahalli, Electronic City",11,15,Semi Furnished,North,1.4,Ready to Move,,False,Synthetic
SYN_04741,15740000,1070,2.0,2,1,"KIADB Export Promotion Industrial Area, Whitefield",9,12,Semi Furnished,North,15.0,Ready to Move,,False,Synthetic
SYN_04742,18530000,1389,3.0,3,1,"Chikkakannalli, Bengaluru",15,22,Unfurnished,East,0.3,Ready to Move,,False,Synthetic
SYN_04743,15540000,857,1.5,1,1,"Varthur, Bengaluru",2,15,Unfurnished,East,2.1,Ready to Move,,False,Synthetic
SYN_04744,14720000,1203,2.5,2,1,"Kannuru, Bengaluru",4,22,Unfurnished,East,4.8,Ready to Move,,False,Synthetic
SYN_04745,21010000,2168,3.0,3,1,"Chikkagubbi Village, Bengaluru",2,12,Semi Furnished,East,1.1,Ready to Move,,False,Synthetic
SYN_04746,18750000,1543,3.0,3,2,"Boovanahalli, Bengaluru",2,4,Unfurnished,East,21.7,Ready to Move,,False,Synthetic
SYN_04747,31510000,1962,3.0,2,1,"Adarsh Palm Retreat, Bellandur",25,42,Unfurnished,East,9.0,Upcoming,2026-08-12,True,Synthetic
SYN_04748,17060000,1322,2.0,2,1,"Govinda Reddy Layout, Panduranga Nagar",2,4,Fully Furnished,East,9.0,Ready to Move,,False,Synthetic
SYN_04749,11830000,1489,3.0,3,1,"Kodigehalli, K R Puram",18,32,Unfurnished,East,9.8,Ready to Move,,False,Synthetic
SYN_04750,51110000,2951,4.0,4,2,"Ramagondanahalli, Whitefield",17,42,Unfurnished,West,15.6,Ready to Move,,False,Synthetic
SYN_04751,22000000,1525,3.0,3,1,"Yadavanahalli, Bengaluru",15,16,Unfurnished,East,9.5,Ready to Move,,False,Synthetic
SYN_04752,14540000,1990,3.0,3,1,"Hennagara, Bommasandra",11,16,Semi Furnished,East,9.9,Ready to Move,,False,Synthetic
SYN_04753,9180000,1538,3.0,3,2,"Rayasandra, Bengaluru",14,18,Unfurnished,North,0.4,Ready to Move,,False,Synthetic
SYN_04754,5330000,481,1.0,1,1,"Boovanahalli, Bengaluru",1,4,Unfurnished,North,0.7,Ready to Move,,False,Synthetic
SYN_04755,24700000,1932,3.0,3,1,"Sri Balaji Krupa Layout, R.K. Hegde Nagar",11,13,Semi Furnished,East,7.6,Ready to Move,,False,Synthetic
SYN_04756,15490000,1629,3.0,3,1,"K R Puram, Bengaluru",2,3,Unfurnished,West,0.5,Ready to Move,,False,Synthetic
SYN_04757,16630000,1647,3.0,3,1,"Jal Vayu Vihar, Kammanahalli",2,4,Semi Furnished,Unknown,10.0,Ready to Move,,False,Synthetic
SYN_04758,25160000,1671,3.0,3,1,"Thomas Town, Cooke Town",2,7,Semi Furnished,West,1.0,Ready to Move,,False,Synthetic
SYN_04759,21010000,1616,3.0,3,2,"Bengaluru Hardware Park, Bengaluru",24,33,Semi Furnished,North,10.0,Upcoming,2028-05-19,True,Synthetic
SYN_04760,28630000,2439,4.0,4,3,"Buena Vista, Bommenahalli",10,14,Semi Furnished,North,11.4,Upcoming,2028-06-23,True,Synthetic
SYN_04761,42820000,2787,4.0,4,4,"Aditya Layout, RR Nagar",29,32,Fully Furnished,North,14.3,Upcoming,2028-04-29,True,Synthetic
SYN_04762,8390000,1621,3.0,2,1,"Kodigehalli, K R Puram",1,11,Unfurnished,North,17.0,Ready to Move,,False,Synthetic
SYN_04763,22800000,1455,3.0,3,2,"Jyotipuram, Bengaluru",17,22,Unfurnished,Unknown,8.7,Ready to Move,,True,Synthetic
SYN_04764,19060000,1568,3.0,3,1,"Anekal, Bengaluru",13,13,Unfurnished,North,3.2,Ready to Move,,False,Synthetic
SYN_04765,9350000,1268,2.0,2,1,"Dodsworth Layout, Whitefield",19,27,Semi Furnished,East,9.0,Ready to Move,,False,Synthetic
SYN_04766,11430000,1082,3.0,2,2,"Gummanahalli, Bengaluru",17,17,Semi Furnished,East,2.0,Ready to Move,,False,Synthetic
SYN_04767,12710000,921,2.0,2,1,"Gummanahalli, Bengaluru",4,14,Semi Furnished,Unknown,4.4,Ready to Move,,False,Synthetic
SYN_04768,16300000,1283,2.0,2,1,"Devasthanagalu, Varthur",5,7,Unfurnished,Unknown,4.7,Ready to Move,,False,Synthetic
SYN_04769,6570000,1045,2.0,2,1,"Kambipura, Bengaluru",0,4,Fully Furnished,South,7.0,Upcoming,2028-08-04,True,Synthetic
SYN_04770,22250000,1521,3.0,3,1,"Channasandra Layout, Srinivaspura",0,19,Semi Furnished,East,0.6,Ready to Move,,False,Synthetic
SYN_04771,11520000,1925,3.0,3,1,"Gopalareddy Layout, Choodasandra",1,4,Unfurnished,East,18.0,Ready to Move,,False,Synthetic
SYN_04772,28630000,1901,3.0,3,1,"Sai Sree Layout, Parappana Agrahara",35,39,Unfurnished,North,2.0,Ready to Move,,False,Synthetic
SYN_04773,24690000,2006,3.0,3,1,"Srinivasa Nagar, Banashankari",6,9,Semi Furnished,North,5.0,Ready to Move,,False,Synthetic
SYN_04774,14580000,851,2.0,2,1,"Akshaya Vana, Begur",4,18,Semi Furnished,Unknown,7.2,Ready to Move,,False,Synthetic
SYN_04775,16780000,1015,2.0,2,1,"Whitefield, Bengaluru",3,3,Unfurnished,West,8.4,Ready to Move,,False,Synthetic
SYN_04776,23260000,1946,3.0,3,1,"Devasthanagalu, Varthur",5,14,Semi Furnished,East,3.2,Ready to Move,,False,Synthetic
SYN_04777,25020000,2671,4.0,4,4,"Dodsworth Layout, Whitefield",14,14,Unfurnished,North,16.4,Upcoming,2026-08-11,True,Synthetic
SYN_04778,19860000,1752,3.0,3,1,"Dodsworth Layout, Whitefield",3,4,Fully Furnished,South,8.1,Ready to Move,,False,Synthetic
SYN_04779,13880000,1228,2.0,2,1,"Boovanahalli, Bengaluru",22,28,Fully Furnished,North,9.0,Ready to Move,,False,Synthetic
SYN_04780,20420000,1368,3.0,3,1,"3G Homes Crimson Layout, Kadugodi",1,4,Semi Furnished,East,13.0,Ready to Move,,False,Synthetic
SYN_04781,6430000,957,2.0,2,1,"Veer Sandra, Electronic City",0,20,Unfurnished,East,5.0,Ready to Move,,False,Synthetic
SYN_04782,18440000,1268,2.0,2,1,"Devasthanagalu, Varthur",2,9,Fully Furnished,West,1.0,Ready to Move,,False,Synthetic
SYN_04783,20970000,1538,3.0,3,1,"Nallurhalli, Whitefield",30,40,Semi Furnished,West,5.9,Upcoming,2029-01-01,True,Synthetic
SYN_04784,10610000,974,2.0,2,1,"Narayanapura, Bengaluru",1,4,Semi Furnished,West,2.0,Ready to Move,,False,Synthetic
SYN_04785,8480000,590,1.0,1,1,"Sarjapur, Bengaluru",7,11,Unfurnished,East,1.0,Ready to Move,,False,Synthetic
SYN_04786,15140000,1367,3.0,3,1,"Kempalingapura, Bengaluru",12,14,Unfurnished,Unknown,4.6,Upcoming,2026-09-19,True,Synthetic
SYN_04787,22000000,1437,3.0,3,1,"Silver Springs Layout, Munnekollal",11,15,Unfurnished,West,9.9,Upcoming,2026-11-20,True,Synthetic
SYN_04788,10890000,1021,2.0,2,1,"Chikkanayakanahalli, Choodasandra, Bengaluru",23,32,Unfurnished,East,4.3,Ready to Move,,False,Synthetic
SYN_04789,27020000,1877,3.0,3,1,"6th Phase, JP Nagar",9,12,Semi Furnished,East,2.0,Ready to Move,,False,Synthetic
SYN_04790,16950000,1431,2.0,2,1,"Dodsworth Layout, Whitefield",0,7,Unfurnished,Unknown,8.6,Ready to Move,,False,Synthetic
SYN_04791,13600000,1542,3.0,2,2,"Veer Sandra, Electronic City",4,5,Unfurnished,East,5.3,Ready to Move,,False,Synthetic
SYN_04792,13040000,954,2.0,2,1,"Sathya Sai Layout, Whitefield",6,23,Semi Furnished,West,6.1,Ready to Move,,False,Synthetic
SYN_04793,9990000,1090,2.0,2,1,"Sompura, Bengaluru",10,21,Unfurnished,East,7.7,Ready to Move,,False,Synthetic
SYN_04794,10610000,974,2.0,2,0,"Gummanahalli, Bengaluru",1,20,Semi Furnished,West,7.0,Ready to Move,,False,Synthetic
SYN_04795,12760000,1122,2.0,2,1,"Terracon Doctors Enclave, Chandapura",11,17,Semi Furnished,West,4.0,Ready to Move,,False,Synthetic
SYN_04796,21600000,1120,2.0,2,1,"KIADB Export Promotion Industrial Area, K R Puram",10,28,Unfurnished,East,12.0,Ready to Move,,False,Synthetic
SYN_04797,15870000,1034,3.0,2,2,"Sri Balaji Krupa Layout, R.K. Hegde Nagar",1,4,Unfurnished,North,1.3,Ready to Move,,True,Synthetic
SYN_04798,20000000,1516,3.0,3,1,"Dwarka Nagar, Kattigenahalli",17,31,Semi Furnished,South,8.0,Ready to Move,,False,Synthetic
SYN_04799,17390000,1636,3.0,2,1,"Dodsworth Layout, Whitefield",4,24,Semi Furnished,East,2.0,Ready to Move,,True,Synthetic
SYN_04800,14400000,895,2.0,2,1,"Gangaparameshwari Nagar, Bommanahalli",9,20,Semi Furnished,East,6.0,Ready to Move,,False,Synthetic
SYN_04801,17100000,1386,2.0,2,1,"Nagnolia Park, Nagondanahalli",8,14,Unfurnished,West,0.4,Ready to Move,,False,Synthetic
SYN_04802,23800000,1535,3.0,2,1,"Seetharampalya, Hoodi",24,32,Semi Furnished,East,1.0,Upcoming,2027-02-07,True,Synthetic
SYN_04803,11600000,906,2.0,2,0,"Jyotipuram, Bengaluru",14,23,Semi Furnished,South,0.7,Ready to Move,,False,Synthetic
SYN_04804,20360000,1458,3.0,3,2,"Gunjur Palya, Bengaluru",14,19,Semi Furnished,East,5.6,Ready to Move,,True,Synthetic
SYN_04805,12340000,993,2.0,2,1,"Sarjapur, Bengaluru",6,19,Semi Furnished,East,7.8,Ready to Move,,False,Synthetic
SYN_04806,5810000,888,2.0,2,1,"Belathur, K R Puram",5,5,Unfurnished,South,1.9,Ready to Move,,False,Synthetic
SYN_04807,13740000,1388,3.0,3,1,"Kattanallur, Sannatammanahalli",8,12,Semi Furnished,East,10.5,Ready to Move,,False,Synthetic
SYN_04808,25800000,1820,3.5,4,1,"Aishwarya Crystal Layout, Singasandra",17,18,Semi Furnished,West,3.0,Ready to Move,,False,Synthetic
SYN_04809,15290000,1534,3.0,3,1,"Sulthangunta, Shivaji Nagar",0,4,Semi Furnished,East,3.0,Ready to Move,,False,Synthetic
SYN_04810,18340000,1246,2.0,2,1,"Vastu Bhoomi, K R Puram",9,19,Semi Furnished,North,1.6,Ready to Move,,False,Synthetic
SYN_04811,13360000,1554,3.0,3,1,"Ecolife Elements Of Nature, Balagere",6,14,Unfurnished,North,4.9,Ready to Move,,False,Synthetic
SYN_04812,14390000,1708,3.0,2,1,"Dodsworth Layout, Whitefield",18,18,Semi Furnished,East,1.0,Ready to Move,,False,Synthetic
SYN_04813,13840000,1077,2.0,2,1,"Markandhaiha Nagar, Agrahara Layout",3,12,Unfurnished,Unknown,1.0,Ready to Move,,False,Synthetic
SYN_04814,16180000,1054,2.0,2,2,"Jyotipuram, Bengaluru",0,3,Fully Furnished,South,6.0,Ready to Move,,False,Synthetic
SYN_04815,14960000,1694,3.0,2,1,"Sree Narayana Nagar, Kadagrahara",8,21,Unfurnished,Unknown,4.0,Ready to Move,,False,Synthetic
SYN_04816,17020000,1015,2.0,2,1,"Industrial Suburb, Yeswanthpur",16,22,Semi Furnished,Unknown,10.8,Ready to Move,,False,Synthetic
SYN_04817,12450000,1850,3.0,2,1,"Phase 2, Whitefield",2,4,Unfurnished,North,1.7,Upcoming,2029-02-15,True,Synthetic
SYN_04818,29260000,1853,3.0,3,1,"Balagere, Bengaluru",6,13,Semi Furnished,West,2.0,Upcoming,2026-08-08,True,Synthetic
SYN_04819,39990000,2308,4.0,4,4,"Jaya Nagar East, Jayanagar",0,3,Semi Furnished,West,0.8,Ready to Move,,False,Synthetic
SYN_04820,16470000,1375,3.0,3,1,"Aishwarya Crystal Layout, Begur",2,5,Unfurnished,North-East,8.4,Upcoming,2026-05-11,True,Synthetic
SYN_04821,10080000,961,2.0,2,1,"Huvinayakanahalli, Bengaluru",4,23,Unfurnished,North,6.0,Ready to Move,,False,Synthetic
SYN_04822,18190000,1285,2.0,2,0,"Gummanahalli, Bengaluru",12,12,Unfurnished,East,5.1,Ready to Move,,False,Synthetic
SYN_04823,26650000,1634,3.0,3,1,"Hosapalya, Kudlu Gate",0,5,Unfurnished,Unknown,7.5,Ready to Move,,False,Synthetic
SYN_04824,65940000,5882,4.5,4,4,"Pattandur Agrahara, Whitefield",11,31,Unfurnished,East,5.7,Ready to Move,,False,Synthetic
SYN_04825,16610000,1155,2.0,2,1,"Hadosiddapura, Carmelaram",12,18,Unfurnished,East,1.8,Ready to Move,,False,Synthetic
SYN_04826,16690000,1479,3.0,2,1,"Devasthanagalu, Varthur",6,7,Semi Furnished,Unknown,0.9,Ready to Move,,False,Synthetic
SYN_04827,9190000,1379,2.0,2,0,"Janatha Colony, Chikkanagamangala",8,19,Unfurnished,East,1.6,Ready to Move,,False,Synthetic
SYN_04828,19130000,2282,3.0,2,1,"Gummanahalli, Bengaluru",11,12,Semi Furnished,North,3.4,Ready to Move,,False,Synthetic
SYN_04829,12450000,1035,2.0,2,1,"Vijay Nagar, Whitefield",3,4,Semi Furnished,West,4.2,Ready to Move,,False,Synthetic
SYN_04830,5610000,904,2.0,2,1,"Glass Factory Layout, Electronic City",8,12,Semi Furnished,West,6.4,Ready to Move,,False,Synthetic
SYN_04831,17480000,1182,2.0,2,0,"Garudachar Palya, Mahadevapura",3,16,Semi Furnished,East,0.7,Ready to Move,,False,Synthetic
SYN_04832,6630000,681,1.0,1,1,"Huvinayakanahalli, Bengaluru",10,18,Unfurnished,East,3.5,Ready to Move,,False,Synthetic
SYN_04833,27280000,1815,3.0,2,1,"Belur Nagasandra, Bellandur",0,13,Semi Furnished,North,8.0,Ready to Move,,False,Synthetic
SYN_04834,11590000,871,2.0,2,2,"Budigere Cross, Bengaluru",2,5,Semi Furnished,North,14.0,Ready to Move,,False,Synthetic
SYN_04835,19600000,1685,3.0,3,1,"Devasthanagalu, Varthur",4,4,Unfurnished,East,6.5,Ready to Move,,False,Synthetic
SYN_04836,7480000,652,1.0,1,1,"Dodsworth Layout, Whitefield",2,19,Semi Furnished,West,2.7,Ready to Move,,False,Synthetic
SYN_04837,25340000,1538,3.0,3,1,"Rajiv Gandhi Nagar, Kodigehalli",21,23,Semi Furnished,North,5.0,Ready to Move,,True,Synthetic
SYN_04838,10620000,1200,2.0,2,1,"Kaverappa Layout, Kadubeesanahalli",8,14,Semi Furnished,West,4.9,Ready to Move,,False,Synthetic
SYN_04839,17530000,1246,2.0,2,1,"Prakruthi Nagar, Kogilu",6,12,Semi Furnished,North,1.0,Ready to Move,,False,Synthetic
SYN_04840,7270000,971,2.0,2,1,"Madagondanahalli, Electronic City",13,14,Unfurnished,East,7.5,Ready to Move,,False,Synthetic
SYN_04841,7460000,595,1.0,1,2,"Boovanahalli, Bengaluru",6,28,Semi Furnished,West,1.0,Ready to Move,,False,Synthetic
SYN_04842,11740000,1102,2.0,2,1,"Ambedkar Nagar, Whitefield",1,7,Semi Furnished,Unknown,15.1,Ready to Move,,False,Synthetic
SYN_04843,26240000,1675,3.0,3,2,"Nallurhalli, Whitefield",4,15,Unfurnished,West,10.0,Ready to Move,,False,Synthetic
SYN_04844,24420000,1474,3.0,3,0,"Nallurhalli, Whitefield",6,33,Semi Furnished,North,4.9,Ready to Move,,True,Synthetic
SYN_04845,22320000,1054,2.0,2,1,"Kodigehalli, K R Puram",13,13,Semi Furnished,East,9.5,Ready to Move,,False,Synthetic
SYN_04846,7220000,904,2.0,2,1,"Krishna Reddy Layout, Domlur Layout",12,23,Unfurnished,East,1.0,Ready to Move,,False,Synthetic
SYN_04847,27920000,2101,3.5,4,1,"Kuvempu Layout, Visthar",16,37,Semi Furnished,East,6.4,Ready to Move,,False,Synthetic
SYN_04848,23650000,1465,3.0,3,1,"Ardendale, Kannamangala - Whitefield Hoskote Road",6,6,Unfurnished,North,4.8,Ready to Move,,False,Synthetic
SYN_04849,27010000,1760,3.0,3,1,"Ardendale, Kannamangala - Whitefield Hoskote Road",1,5,Unfurnished,East,4.7,Ready to Move,,False,Synthetic
SYN_04850,13710000,1678,3.0,2,2,"Green Glen Layout, Bellandur",0,14,Semi Furnished,North,1.0,Ready to Move,,False,Synthetic
SYN_04851,10920000,889,2.0,2,1,"Manayata Tech Park, Thanisandra",2,14,Semi Furnished,Unknown,3.9,Ready to Move,,False,Synthetic
SYN_04852,13390000,957,2.0,2,1,"Hoskote, Bengaluru",3,10,Semi Furnished,North,3.2,Ready to Move,,False,Synthetic
SYN_04853,20760000,1358,2.0,2,1,"Devasthanagalu, Varthur",5,15,Unfurnished,West,5.1,Ready to Move,,False,Synthetic
SYN_04854,19640000,1239,3.0,3,1,"Ardendale, Kannamangala - Whitefield Hoskote Road",13,14,Unfurnished,East,1.0,Upcoming,2026-06-21,True,Synthetic
SYN_04855,16270000,1422,3.0,3,1,"Phase I, Electronic City",26,30,Fully Furnished,East,3.7,Ready to Move,,False,Synthetic
SYN_04856,23820000,1263,2.0,2,1,"Seetharampalya, Hoodi",2,4,Unfurnished,Unknown,3.8,Ready to Move,,False,Synthetic
SYN_04857,8830000,761,2.0,2,0,"Hunasamaranahalli, Bengaluru",5,14,Unfurnished,North,11.0,Ready to Move,,False,Synthetic
SYN_04858,15230000,1169,3.0,3,1,"Manayata Tech Park, Thanisandra",17,21,Unfurnished,East,7.1,Ready to Move,,False,Synthetic
SYN_04859,20660000,1477,3.0,3,1,"Jigala, Bengaluru",15,34,Unfurnished,Unknown,0.7,Ready to Move,,False,Synthetic
SYN_04860,19620000,1344,3.0,3,1,"Jigala, Bengaluru",10,27,Fully Furnished,West,6.1,Ready to Move,,False,Synthetic
SYN_04861,5270000,498,1.0,1,1,"Sathya Sai Layout, Whitefield",28,33,Semi Furnished,Unknown,2.8,Ready to Move,,False,Synthetic
SYN_04862,20330000,1322,3.0,3,1,"Gunjur Palya, Bengaluru",3,17,Unfurnished,West,0.9,Ready to Move,,False,Synthetic
SYN_04863,18440000,1288,2.5,2,1,"Seetharampalya, Hoodi",17,19,Semi Furnished,East,8.0,Ready to Move,,False,Synthetic
SYN_04864,8010000,995,2.0,2,1,"AECS C Block, Begur",7,9,Unfurnished,East,2.7,Ready to Move,,False,Synthetic
SYN_04865,43370000,2004,3.0,3,1,"Panathur, Bengaluru",0,12,Semi Furnished,East,7.0,Ready to Move,,False,Synthetic
SYN_04866,18340000,1070,3.0,2,1,"Lords Steps Layout, Panathur",12,19,Semi Furnished,East,8.0,Ready to Move,,False,Synthetic
SYN_04867,9170000,1146,2.5,2,1,"Phase I, Electronic City",7,14,Unfurnished,West,6.0,Ready to Move,,False,Synthetic
SYN_04868,14650000,1036,2.0,2,2,"Dommasandra, Bengaluru",4,11,Semi Furnished,East,7.0,Ready to Move,,False,Synthetic
SYN_04869,22930000,2200,3.0,3,1,"Bollineni Silas, K R Puram",9,14,Unfurnished,East,1.5,Ready to Move,,False,Synthetic
SYN_04870,27450000,2003,3.0,2,2,"Ardendale, Kannamangala - Whitefield Hoskote Road",16,18,Semi Furnished,West,0.9,Ready to Move,,False,Synthetic
SYN_04871,16360000,1062,2.0,2,1,"Lakedew Residency- Phase 2, Harlur",19,21,Semi Furnished,East,9.2,Ready to Move,,False,Synthetic
SYN_04872,20800000,1861,3.0,3,1,"Varthur Hobli, Panathur",17,22,Semi Furnished,East,0.7,Upcoming,2026-04-20,True,Synthetic
SYN_04873,11350000,1054,2.0,2,1,"Prakruthi Nagar, Kogilu",3,4,Semi Furnished,Unknown,5.0,Ready to Move,,False,Synthetic
SYN_04874,17960000,1968,3.0,3,1,"Prakruthi Nagar, Kogilu",8,10,Semi Furnished,Unknown,0.9,Ready to Move,,False,Synthetic
SYN_04875,11960000,1212,3.0,3,1,"Kogilu Layout, Srinivaspur",33,36,Unfurnished,East,22.0,Ready to Move,,True,Synthetic
SYN_04876,21750000,1318,2.0,2,1,"Phase 2, Whitefield",6,7,Unfurnished,West,9.0,Ready to Move,,False,Synthetic
SYN_04877,31730000,2011,3.0,3,1,"Phase 1, Whitefield",18,18,Unfurnished,East,1.7,Ready to Move,,False,Synthetic
SYN_04878,20110000,1556,3.0,3,1,"Chikkabasavanapura, K R Puram",2,15,Semi Furnished,East,9.0,Ready to Move,,False,Synthetic
SYN_04879,11380000,2035,3.0,3,1,"Sai Gardens, K R Puram",13,13,Unfurnished,East,1.4,Ready to Move,,False,Synthetic
SYN_04880,34110000,1438,3.0,3,1,"Postal Colony, Sanjaynagar",18,24,Unfurnished,East,5.0,Ready to Move,,False,Synthetic
SYN_04881,25310000,2360,3.0,3,4,"Choodasandra, Bengaluru",1,18,Unfurnished,West,9.6,Ready to Move,,False,Synthetic
SYN_04882,15380000,945,2.0,2,1,"Uttarahalli -Manavarthekaval, Bengaluru",10,18,Semi Furnished,East,6.0,Ready to Move,,False,Synthetic
SYN_04883,20680000,1790,3.0,3,1,"Hosahalli, Bengaluru",2,5,Unfurnished,East,5.0,Ready to Move,,False,Synthetic
SYN_04884,29320000,1481,3.0,2,1,"Goravigere, Bengaluru",7,11,Semi Furnished,East,9.2,Ready to Move,,True,Synthetic
SYN_04885,16720000,1141,2.0,2,1,"Kannuru, Bengaluru",3,4,Unfurnished,East,1.0,Ready to Move,,False,Synthetic
SYN_04886,34440000,1923,3.0,2,1,"Sri Balaji Krupa Layout, R.K. Hegde Nagar",11,14,Unfurnished,West,4.0,Ready to Move,,False,Synthetic
SYN_04887,20450000,1768,3.0,3,1,"Navarathna Agrahara, Bengaluru",9,17,Unfurnished,West,4.8,Ready to Move,,False,Synthetic
SYN_04888,17120000,1723,3.5,3,1,"Budigere Cross, Bengaluru",0,17,Unfurnished,East,0.6,Ready to Move,,False,Synthetic
SYN_04889,40960000,2144,3.0,3,2,"Panathur, Bengaluru",8,14,Semi Furnished,North,19.0,Ready to Move,,False,Synthetic
SYN_04890,27980000,1885,4.0,4,4,"4th Phase, JP Nagar",14,18,Semi Furnished,East,7.3,Ready to Move,,False,Synthetic
SYN_04891,23070000,3434,5.0,5,1,"Phase I, Electronic City",7,30,Fully Furnished,East,3.4,Ready to Move,,False,Synthetic
SYN_04892,13420000,1429,3.0,2,1,"Gummanahalli, Bengaluru",3,10,Semi Furnished,East,3.4,Ready to Move,,False,Synthetic
SYN_04893,9430000,821,2.0,2,1,"Sri Balaji Krupa Layout, Thanisandra",5,5,Unfurnished,East,1.8,Ready to Move,,False,Synthetic
SYN_04894,25830000,1836,3.0,3,1,"Bellandur, Bengaluru",1,13,Unfurnished,East,8.0,Upcoming,2026-12-03,True,Synthetic
SYN_04895,16410000,1279,2.0,2,1,"Shanthi Pura, Electronic City Phase 2",13,14,Semi Furnished,East,4.2,Ready to Move,,False,Synthetic
SYN_04896,20410000,1593,3.0,3,1,"Dommasandra, Bengaluru",4,10,Semi Furnished,East,0.5,Ready to Move,,False,Synthetic
SYN_04897,21210000,1546,3.0,3,1,"Kashi Nagar, Byatarayanapura",15,15,Fully Furnished,East,4.0,Upcoming,2027-11-13,True,Synthetic
SYN_04898,14290000,1146,2.0,2,1,"Manayata Tech Park, Thanisandra",9,21,Semi Furnished,East,10.1,Ready to Move,,False,Synthetic
SYN_04899,13800000,1243,2.0,2,1,"Dodsworth Layout, Whitefield",2,5,Semi Furnished,East,7.3,Ready to Move,,False,Synthetic
SYN_04900,13260000,1651,3.0,3,1,"Gaundanapalya, Uttarahalli Hobli",9,14,Semi Furnished,East,8.1,Ready to Move,,False,Synthetic
SYN_04901,12680000,1471,2.0,2,2,"Sompura, Bengaluru",20,28,Semi Furnished,Unknown,1.3,Ready to Move,,False,Synthetic
SYN_04902,39760000,2902,4.0,4,3,"Basavanna Nagar, K R Puram",13,19,Semi Furnished,West,0.4,Ready to Move,,False,Synthetic
SYN_04903,13930000,1357,2.0,2,1,"Suncity Gloria, Carmelaram",0,4,Unfurnished,Unknown,2.2,Ready to Move,,False,Synthetic
SYN_04904,10870000,876,2.0,2,1,"Gunjur Palya, Bengaluru",14,16,Semi Furnished,East,5.3,Ready to Move,,False,Synthetic
SYN_04905,22820000,1769,3.0,3,1,"Samethanahalli, Bengaluru",13,14,Semi Furnished,Unknown,9.0,Ready to Move,,False,Synthetic
SYN_04906,38850000,2498,3.0,3,1,"Isha Misty Green, Chansandra",2,10,Semi Furnished,East,7.5,Ready to Move,,False,Synthetic
SYN_04907,19640000,1518,3.0,3,1,"Dommasandra, Bengaluru",11,14,Unfurnished,East,5.0,Ready to Move,,False,Synthetic
SYN_04908,20600000,1101,2.0,2,1,"Thomas Town, Cooke Town",5,5,Unfurnished,Unknown,7.0,Ready to Move,,False,Synthetic
SYN_04909,10540000,985,2.0,2,1,"ITI Employees Housing Colony, Dooravani Nagar",9,13,Unfurnished,South,4.0,Ready to Move,,False,Synthetic
SYN_04910,36450000,2493,3.0,3,1,"Sri Balaji Krupa Layout, R.K. Hegde Nagar",4,9,Unfurnished,North,7.0,Upcoming,2026-06-15,True,Synthetic
SYN_04911,19270000,1153,2.0,2,1,"Anchepalya, Bengaluru",8,14,Unfurnished,East,10.6,Ready to Move,,False,Synthetic
SYN_04912,6000000,1777,3.0,3,2,"Terracon Doctors Enclave, Chandapura",2,14,Semi Furnished,West,8.3,Ready to Move,,False,Synthetic
SYN_04913,18600000,1891,3.0,3,1,"Gunjur, Bengaluru",5,9,Semi Furnished,East,1.5,Ready to Move,,False,Synthetic
SYN_04914,11470000,1015,2.0,2,1,"Bendiganahalli, Bengaluru",2,5,Semi Furnished,East,6.7,Ready to Move,,False,Synthetic
SYN_04915,17100000,1385,2.0,2,1,"Manayata Tech Park, Thanisandra",22,26,Semi Furnished,North,2.0,Ready to Move,,False,Synthetic
SYN_04916,6930000,1055,2.0,2,1,"Hennur, Bengaluru",4,5,Unfurnished,Unknown,1.4,Ready to Move,,False,Synthetic
SYN_04917,30360000,1933,3.0,2,1,"Gunjur Village, Bengaluru",0,4,Unfurnished,Unknown,6.7,Ready to Move,,False,Synthetic
SYN_04918,26040000,1667,3.0,3,1,"Nallurhalli, Whitefield",5,5,Semi Furnished,North,0.7,Ready to Move,,False,Synthetic
SYN_04919,8640000,730,2.0,2,1,"G Muniyappa Garden, Cox Town",0,14,Semi Furnished,East,2.0,Ready to Move,,False,Synthetic
SYN_04920,21120000,1661,3.0,3,0,"Kuvempu Layout, Visthar",6,13,Semi Furnished,East,3.9,Ready to Move,,False,Synthetic
SYN_04921,14580000,1246,2.0,2,1,"Devanahalli, Bengaluru",0,3,Semi Furnished,West,0.9,Ready to Move,,True,Synthetic
SYN_04922,16000000,1162,2.0,2,2,"Manayata Tech Park, Thanisandra",6,13,Semi Furnished,East,8.0,Ready to Move,,False,Synthetic
SYN_04923,24470000,2043,3.0,3,1,"Gummanahalli, Bengaluru",23,28,Unfurnished,East,5.0,Upcoming,2027-01-26,True,Synthetic
SYN_04924,55840000,4399,4.0,4,1,"Chikkabana Halli, Bengaluru",2,3,Semi Furnished,East,10.0,Ready to Move,,True,Synthetic
SYN_04925,9420000,989,2.0,2,1,"Nehru Nagar, Bengaluru",0,4,Semi Furnished,Unknown,5.0,Ready to Move,,False,Synthetic
SYN_04926,16040000,1456,3.0,2,2,"Happy Valley Layout, Subramanyapura",14,21,Semi Furnished,East,10.7,Ready to Move,,False,Synthetic
SYN_04927,13560000,1367,3.0,2,1,"Yelahanka, Bengaluru",23,23,Semi Furnished,East,11.9,Ready to Move,,False,Synthetic
SYN_04928,41310000,2790,4.0,4,2,"Langford Gardens, Bengaluru",8,14,Fully Furnished,East,4.7,Ready to Move,,True,Synthetic
SYN_04929,11680000,1050,2.0,2,1,"V S Reddy Colony, Kadugodi",9,32,Semi Furnished,East,1.3,Ready to Move,,False,Synthetic
SYN_04930,18480000,1564,3.0,3,1,"Uttarahalli -Manavarthekaval, Bengaluru",6,6,Unfurnished,North,11.0,Ready to Move,,False,Synthetic
SYN_04931,19690000,1569,3.0,3,2,"Sadahalli, Chikballapur District",5,17,Semi Furnished,East,1.5,Ready to Move,,False,Synthetic
SYN_04932,10810000,1251,2.0,2,1,"Cauvery Colony, Koramangala",4,14,Semi Furnished,Unknown,9.5,Ready to Move,,False,Synthetic
SYN_04933,10270000,969,2.0,2,1,"Mallasandra, Bengaluru",11,21,Semi Furnished,East,6.0,Ready to Move,,False,Synthetic
SYN_04934,33620000,1685,3.0,2,1,"Seetharampalya, Hoodi",1,4,Fully Furnished,West,2.7,Ready to Move,,True,Synthetic
SYN_04935,24810000,1506,3.0,2,1,"Kothnur, JP Nagar",10,18,Semi Furnished,Unknown,7.6,Ready to Move,,False,Synthetic
SYN_04936,48390000,4511,5.0,5,4,"Phase I, Electronic City",1,1,Semi Furnished,North,11.0,Ready to Move,,False,Synthetic
SYN_04937,22210000,1584,3.0,3,1,"Maruthi Nagar, Yelahanka",6,6,Semi Furnished,East,9.4,Ready to Move,,False,Synthetic
SYN_04938,19920000,1369,3.0,3,1,"Rachenahalli, Jakkur",19,22,Unfurnished,East,12.9,Ready to Move,,False,Synthetic
SYN_04939,14230000,1077,3.0,3,1,"Sri Balaji Krupa Layout, R.K. Hegde Nagar",28,30,Semi Furnished,Unknown,5.7,Ready to Move,,False,Synthetic
SYN_04940,13430000,631,1.0,1,1,"Lords Steps Layout, Panathur",6,18,Semi Furnished,East,2.0,Ready to Move,,True,Synthetic
SYN_04941,24060000,1437,3.0,3,1,"Gupta Layout, Halasuru",16,17,Semi Furnished,East,1.0,Ready to Move,,False,Synthetic
SYN_04942,6470000,641,1.0,1,1,"Bengaluru Hardware Park, Bengaluru",10,11,Fully Furnished,Unknown,3.0,Ready to Move,,False,Synthetic
SYN_04943,18830000,1608,3.0,3,1,"Rayasandra, Bengaluru",8,23,Semi Furnished,East,10.4,Ready to Move,,False,Synthetic
SYN_04944,23580000,1782,3.0,2,1,"Dommasandra, Bengaluru",13,14,Fully Furnished,Unknown,3.0,Ready to Move,,False,Synthetic
SYN_04945,24860000,1569,3.0,3,1,"Devasthanagalu, Varthur",4,4,Semi Furnished,West,0.7,Ready to Move,,True,Synthetic
SYN_04946,60490000,3648,4.0,4,1,"Hulimavu, Bengaluru",6,15,Unfurnished,Unknown,9.0,Ready to Move,,False,Synthetic
SYN_04947,11520000,1195,3.0,3,1,"Devanahalli, Bengaluru",0,4,Semi Furnished,West,7.2,Ready to Move,,False,Synthetic
SYN_04948,16530000,2020,3.0,3,1,"Shikaripalya, Electronic City",5,26,Semi Furnished,East,6.0,Upcoming,2027-11-14,True,Synthetic
SYN_04949,10430000,872,2.0,2,1,"Gummanahalli, Bengaluru",8,24,Semi Furnished,East,6.0,Ready to Move,,False,Synthetic
SYN_04950,22670000,1613,3.0,3,1,"Raghuvanahalli, Subramanyapura",3,18,Unfurnished,East,12.4,Upcoming,2026-05-06,True,Synthetic
SYN_04951,17570000,1529,3.0,2,1,"Maithri Layout, Kadugodi",1,6,Semi Furnished,West,0.8,Upcoming,2026-07-30,True,Synthetic
SYN_04952,49980000,2261,4.0,4,4,"4th Phase, JP Nagar",5,14,Unfurnished,Unknown,2.9,Upcoming,2026-06-04,True,Synthetic
SYN_04953,14230000,1581,3.0,3,2,"Hunasamaranahalli, Bengaluru",6,18,Unfurnished,East,10.8,Ready to Move,,False,Synthetic
SYN_04954,30050000,2307,3.0,3,2,"Munivenkatppa Layout, Bilekahalli",23,23,Unfurnished,West,19.3,Ready to Move,,False,Synthetic
SYN_04955,23720000,1901,3.0,3,1,"Devin Paradise Enclave, Chokkanahalli",13,17,Unfurnished,East,5.2,Ready to Move,,True,Synthetic
SYN_04956,7300000,631,1.0,1,0,"Suryanagar, Bommasandra",14,14,Unfurnished,Unknown,4.7,Ready to Move,,True,Synthetic
SYN_04957,27620000,2180,3.0,3,1,"Chikkakannalli, Bengaluru",2,5,Unfurnished,East,9.0,Ready to Move,,False,Synthetic
SYN_04958,11680000,1774,3.0,2,1,"Sarjapur, Bengaluru",0,7,Unfurnished,East,9.9,Upcoming,2028-08-30,True,Synthetic
SYN_04959,29450000,1036,2.0,2,0,"Sri Krishnadevaraya Layout, Agrahara Layout",1,8,Semi Furnished,West,1.5,Ready to Move,,False,Synthetic
SYN_04960,10470000,824,2.0,2,1,"Ali Estate, Yelahanka",1,4,Semi Furnished,Unknown,1.0,Ready to Move,,False,Synthetic
SYN_04961,6260000,641,1.0,1,1,"Gummanahalli, Bengaluru",2,29,Unfurnished,East,2.0,Ready to Move,,False,Synthetic
SYN_04962,13110000,1622,3.0,3,0,"Pragathi Nagar, Basapura",3,11,Semi Furnished,Unknown,14.3,Ready to Move,,False,Synthetic
SYN_04963,14550000,1620,3.0,2,1,"Gummanahalli, Bengaluru",12,18,Unfurnished,West,2.9,Ready to Move,,False,Synthetic
SYN_04964,23480000,1576,3.0,3,1,"Akshaya Vana, Begur",7,14,Semi Furnished,East,4.0,Ready to Move,,False,Synthetic
SYN_04965,18120000,1553,3.0,3,1,"Anchepalya, Bengaluru",3,4,Fully Furnished,Unknown,8.9,Ready to Move,,False,Synthetic
SYN_04966,15060000,1168,2.0,2,1,"Kumbena Agrahara, Kadugodi",12,19,Semi Furnished,East,1.4,Ready to Move,,False,Synthetic
SYN_04967,57350000,4017,4.0,3,2,"Anandapura, Battarahalli",0,4,Unfurnished,East,7.0,Ready to Move,,False,Synthetic
SYN_04968,12390000,1352,3.0,3,1,"Devin Paradise Enclave, Chokkanahalli",28,33,Semi Furnished,South,8.0,Ready to Move,,False,Synthetic
SYN_04969,21060000,1528,3.0,3,1,"Sri Balaji Krupa Layout, R.K. Hegde Nagar",2,10,Semi Furnished,North,9.7,Ready to Move,,False,Synthetic
SYN_04970,15210000,1016,2.0,2,1,"Devasthanagalu, Varthur",20,26,Unfurnished,Unknown,6.9,Ready to Move,,False,Synthetic
SYN_04971,17660000,1345,3.0,3,2,"Dommasandra, Bengaluru",4,4,Semi Furnished,North,10.9,Ready to Move,,False,Synthetic
SYN_04972,7070000,1349,2.0,2,1,"BEML Cooperative Society Layout, Bengaluru",5,5,Unfurnished,North,1.0,Ready to Move,,False,Synthetic
SYN_04973,21470000,1796,3.0,2,0,"Boovanahalli, Bengaluru",11,18,Unfurnished,North,10.0,Upcoming,2027-01-30,True,Synthetic
SYN_04974,16080000,1092,2.0,2,1,"Gunjur Village, Bengaluru",13,19,Semi Furnished,North,3.9,Ready to Move,,True,Synthetic
SYN_04975,9070000,730,2.0,2,1,"Samethanahalli, Bengaluru",5,5,Unfurnished,East,14.9,Ready to Move,,False,Synthetic
SYN_04976,19580000,2135,3.0,2,1,"Battarahalli, K R Puram",18,18,Unfurnished,Unknown,6.8,Ready to Move,,True,Synthetic
SYN_04977,41930000,2413,3.5,4,2,"Phase 1, Whitefield",8,14,Semi Furnished,East,2.2,Ready to Move,,False,Synthetic
SYN_04978,18950000,1215,2.0,2,1,"Mango Garden Layout, Bikasipura",19,27,Semi Furnished,Unknown,6.9,Ready to Move,,True,Synthetic
SYN_04979,26000000,1788,3.0,3,1,"Sri Balaji Layout, K R Puram",33,38,Semi Furnished,Unknown,0.4,Ready to Move,,False,Synthetic
SYN_04980,26310000,1314,3.0,3,1,"Thomas Town, Cooke Town",0,5,Semi Furnished,East,3.7,Ready to Move,,False,Synthetic
SYN_04981,30000000,1874,3.0,3,1,"Munnireddy Layout, Panathur",0,14,Semi Furnished,East,3.5,Ready to Move,,True,Synthetic
SYN_04982,49360000,2492,4.0,4,2,"Sathya Sai Layout, Whitefield",0,31,Semi Furnished,East,10.0,Ready to Move,,False,Synthetic
SYN_04983,39330000,1905,3.0,3,1,"Chansandra, Bengaluru",2,3,Semi Furnished,Unknown,13.4,Ready to Move,,False,Synthetic
SYN_04984,23220000,1759,3.0,3,1,"Stage 2, BTM Layout",19,24,Semi Furnished,West,5.0,Ready to Move,,False,Synthetic
SYN_04985,16540000,1260,2.0,2,1,"Manayata Tech Park, Thanisandra",15,20,Semi Furnished,West,3.0,Ready to Move,,False,Synthetic
SYN_04986,8160000,1079,3.0,3,1,"Hoodi, Bengaluru",1,5,Unfurnished,East,8.0,Ready to Move,,False,Synthetic
SYN_04987,6680000,958,2.0,2,1,"Residential Quarters, Yelahanka",10,15,Semi Furnished,West,1.9,Ready to Move,,False,Synthetic
SYN_04988,30200000,2282,3.0,3,2,"Kodathi, Bengaluru",16,27,Semi Furnished,Unknown,1.4,Ready to Move,,False,Synthetic
SYN_04989,19270000,1239,2.0,2,1,"Lottegollahalli, Devinagar",22,27,Unfurnished,East,4.4,Ready to Move,,False,Synthetic
SYN_04990,16540000,1950,3.0,2,2,"Belathur, K R Puram",25,25,Semi Furnished,North,12.4,Upcoming,2024-03-09,True,Synthetic
SYN_04991,7480000,927,2.0,2,3,"Orchid Piccadilly, Chokkanahalli",2,3,Semi Furnished,West,2.9,Ready to Move,,False,Synthetic
SYN_04992,10150000,852,2.0,2,1,"Kannuru, Bengaluru",2,9,Unfurnished,Unknown,0.7,Ready to Move,,False,Synthetic
SYN_04993,11640000,1375,2.0,2,1,"Saptagiri Layout, Hosakerehalli",12,14,Semi Furnished,North,1.6,Ready to Move,,False,Synthetic
SYN_04994,16650000,1566,3.0,3,1,"Kannuru, Bengaluru",6,17,Semi Furnished,East,10.1,Ready to Move,,False,Synthetic
SYN_04995,11670000,1183,2.0,2,1,"Chaithanya Samarth, Bommenahalli",9,15,Semi Furnished,West,2.0,Ready to Move,,False,Synthetic
SYN_04996,7320000,492,1.0,1,1,"Thigala Chowdadenahalli, Bengaluru",0,4,Semi Furnished,Unknown,1.8,Ready to Move,,False,Synthetic
SYN_04997,13610000,2111,3.0,3,0,"Yelenahalli, Akshayanagar",12,22,Semi Furnished,West,7.0,Ready to Move,,False,Synthetic
SYN_04998,25620000,1716,3.0,3,1,"Dommasandra, Bengaluru",3,4,Unfurnished,Unknown,1.7,Ready to Move,,True,Synthetic
SYN_04999,10330000,1063,2.0,2,1,"Gummanahalli, Bengaluru",4,12,Semi Furnished,North,1.1,Ready to Move,,False,Synthetic
SYN_05000,7730000,894,2.0,2,1,"Choodasandra, Bengaluru",3,3,Semi Furnished,Unknown,2.0,Ready to Move,,False,Synthetic
SYN_05001,39310000,2225,4.0,4,2,"3rd Block, Koramangala",2,14,Unfurnished,West,1.5,Ready to Move,,False,Synthetic
